geography_level,geography_id,geography_name,statistical_population_available,statistical_household_available,resident_total_raw,resident_total,resident_total_quality_flag,private_households_total_raw,private_households_total,private_households_total_quality_flag,hh1_raw,hh1,hh1_quality_flag,hh2_raw,hh2,hh2_quality_flag,hh3_raw,hh3,hh3_quality_flag,hh4_raw,hh4,hh4_quality_flag,hh5_raw,hh5,hh5_quality_flag,hh6plus_raw,hh6plus,hh6plus_quality_flag,private_person_lower_bound_from_hhsize,resident_minus_private_lower_bound,residual_sign,residual_valid_as_exact_nonprivate_count,residual_interpretation,n_disclosure_adjusted_zero_cells_relevant
PLR,01100101,Stülerstraße,True,True,2.875,2875,NORMAL_DISCLOSURE_CONTROLLED_COUNT,1.947,1947,NORMAL_DISCLOSURE_CONTROLLED_COUNT,1.409,1409,NORMAL_DISCLOSURE_CONTROLLED_COUNT,328,328,NORMAL_DISCLOSURE_CONTROLLED_COUNT,111,111,NORMAL_DISCLOSURE_CONTROLLED_COUNT,53,53,NORMAL_DISCLOSURE_CONTROLLED_COUNT,23,23,NORMAL_DISCLOSURE_CONTROLLED_COUNT,18,18,NORMAL_DISCLOSURE_CONTROLLED_COUNT,2833,42,POSITIVE,False,"NOT_EXACT: mixes >6 members, non-private residents, and independently disclosure-controlled marginals",0
PLR,01100102,Großer Tiergarten,True,True,1.688,1688,NORMAL_DISCLOSURE_CONTROLLED_COUNT,1.045,1045,NORMAL_DISCLOSURE_CONTROLLED_COUNT,713,713,NORMAL_DISCLOSURE_CONTROLLED_COUNT,190,190,NORMAL_DISCLOSURE_CONTROLLED_COUNT,73,73,NORMAL_DISCLOSURE_CONTROLLED_COUNT,49,49,NORMAL_DISCLOSURE_CONTROLLED_COUNT,13,13,NORMAL_DISCLOSURE_CONTROLLED_COUNT,9,9,NORMAL_DISCLOSURE_CONTROLLED_COUNT,1627,61,POSITIVE,False,"NOT_EXACT: mixes >6 members, non-private residents, and independently disclosure-controlled marginals",0
PLR,01100103,Lützowstraße,True,True,4.825,4825,NORMAL_DISCLOSURE_CONTROLLED_COUNT,2.814,2814,NORMAL_DISCLOSURE_CONTROLLED_COUNT,1.855,1855,NORMAL_DISCLOSURE_CONTROLLED_COUNT,531,531,NORMAL_DISCLOSURE_CONTROLLED_COUNT,210,210,NORMAL_DISCLOSURE_CONTROLLED_COUNT,131,131,NORMAL_DISCLOSURE_CONTROLLED_COUNT,39,39,NORMAL_DISCLOSURE_CONTROLLED_COUNT,51,51,NORMAL_DISCLOSURE_CONTROLLED_COUNT,4572,253,POSITIVE,False,"NOT_EXACT: mixes >6 members, non-private residents, and independently disclosure-controlled marginals",0
PLR,01100104,Körnerstraße,True,True,4.365,4365,NORMAL_DISCLOSURE_CONTROLLED_COUNT,2.399,2399,NORMAL_DISCLOSURE_CONTROLLED_COUNT,1.519,1519,NORMAL_DISCLOSURE_CONTROLLED_COUNT,403,403,NORMAL_DISCLOSURE_CONTROLLED_COUNT,187,187,NORMAL_DISCLOSURE_CONTROLLED_COUNT,156,156,NORMAL_DISCLOSURE_CONTROLLED_COUNT,63,63,NORMAL_DISCLOSURE_CONTROLLED_COUNT,74,74,NORMAL_DISCLOSURE_CONTROLLED_COUNT,4269,96,POSITIVE,False,"NOT_EXACT: mixes >6 members, non-private residents, and independently disclosure-controlled marginals",0
PLR,01100205,Wilhelmstraße,True,True,2.367,2367,NORMAL_DISCLOSURE_CONTROLLED_COUNT,1.294,1294,NORMAL_DISCLOSURE_CONTROLLED_COUNT,814,814,NORMAL_DISCLOSURE_CONTROLLED_COUNT,253,253,NORMAL_DISCLOSURE_CONTROLLED_COUNT,117,117,NORMAL_DISCLOSURE_CONTROLLED_COUNT,58,58,NORMAL_DISCLOSURE_CONTROLLED_COUNT,21,21,NORMAL_DISCLOSURE_CONTROLLED_COUNT,29,29,NORMAL_DISCLOSURE_CONTROLLED_COUNT,2182,185,POSITIVE,False,"NOT_EXACT: mixes >6 members, non-private residents, and independently disclosure-controlled marginals",0
PLR,01100206,Unter den Linden,True,True,1.882,1882,NORMAL_DISCLOSURE_CONTROLLED_COUNT,1.212,1212,NORMAL_DISCLOSURE_CONTROLLED_COUNT,840,840,NORMAL_DISCLOSURE_CONTROLLED_COUNT,210,210,NORMAL_DISCLOSURE_CONTROLLED_COUNT,79,79,NORMAL_DISCLOSURE_CONTROLLED_COUNT,44,44,NORMAL_DISCLOSURE_CONTROLLED_COUNT,22,22,NORMAL_DISCLOSURE_CONTROLLED_COUNT,18,18,NORMAL_DISCLOSURE_CONTROLLED_COUNT,1891,-9,NEGATIVE,False,"NOT_EXACT: mixes >6 members, non-private residents, and independently disclosure-controlled marginals",0
PLR,01100207,Leipziger Straße,True,True,7.706,7706,NORMAL_DISCLOSURE_CONTROLLED_COUNT,4.405,4405,NORMAL_DISCLOSURE_CONTROLLED_COUNT,2.713,2713,NORMAL_DISCLOSURE_CONTROLLED_COUNT,1.009,1009,NORMAL_DISCLOSURE_CONTROLLED_COUNT,370,370,NORMAL_DISCLOSURE_CONTROLLED_COUNT,186,186,NORMAL_DISCLOSURE_CONTROLLED_COUNT,51,51,NORMAL_DISCLOSURE_CONTROLLED_COUNT,75,75,NORMAL_DISCLOSURE_CONTROLLED_COUNT,7290,416,POSITIVE,False,"NOT_EXACT: mixes >6 members, non-private residents, and independently disclosure-controlled marginals",0
PLR,01100308,Charitéviertel,True,True,7.146,7146,NORMAL_DISCLOSURE_CONTROLLED_COUNT,4.681,4681,NORMAL_DISCLOSURE_CONTROLLED_COUNT,3.258,3258,NORMAL_DISCLOSURE_CONTROLLED_COUNT,744,744,NORMAL_DISCLOSURE_CONTROLLED_COUNT,394,394,NORMAL_DISCLOSURE_CONTROLLED_COUNT,200,200,NORMAL_DISCLOSURE_CONTROLLED_COUNT,42,42,NORMAL_DISCLOSURE_CONTROLLED_COUNT,41,41,NORMAL_DISCLOSURE_CONTROLLED_COUNT,7184,-38,NEGATIVE,False,"NOT_EXACT: mixes >6 members, non-private residents, and independently disclosure-controlled marginals",0
PLR,01100309,Oranienburger Straße,True,True,11.963,11963,NORMAL_DISCLOSURE_CONTROLLED_COUNT,7.178,7178,NORMAL_DISCLOSURE_CONTROLLED_COUNT,4.679,4679,NORMAL_DISCLOSURE_CONTROLLED_COUNT,1.218,1218,NORMAL_DISCLOSURE_CONTROLLED_COUNT,668,668,NORMAL_DISCLOSURE_CONTROLLED_COUNT,370,370,NORMAL_DISCLOSURE_CONTROLLED_COUNT,127,127,NORMAL_DISCLOSURE_CONTROLLED_COUNT,118,118,NORMAL_DISCLOSURE_CONTROLLED_COUNT,11942,21,POSITIVE,False,"NOT_EXACT: mixes >6 members, non-private residents, and independently disclosure-controlled marginals",0
PLR,01100310,Alexanderplatz-viertel,True,True,9.098,9098,NORMAL_DISCLOSURE_CONTROLLED_COUNT,5.958,5958,NORMAL_DISCLOSURE_CONTROLLED_COUNT,4.215,4215,NORMAL_DISCLOSURE_CONTROLLED_COUNT,974,974,NORMAL_DISCLOSURE_CONTROLLED_COUNT,416,416,NORMAL_DISCLOSURE_CONTROLLED_COUNT,221,221,NORMAL_DISCLOSURE_CONTROLLED_COUNT,65,65,NORMAL_DISCLOSURE_CONTROLLED_COUNT,63,63,NORMAL_DISCLOSURE_CONTROLLED_COUNT,8998,100,POSITIVE,False,"NOT_EXACT: mixes >6 members, non-private residents, and independently disclosure-controlled marginals",0
PLR,01100311,Karl-Marx-Allee,True,True,8.220,8220,NORMAL_DISCLOSURE_CONTROLLED_COUNT,4.774,4774,NORMAL_DISCLOSURE_CONTROLLED_COUNT,2.915,2915,NORMAL_DISCLOSURE_CONTROLLED_COUNT,1.102,1102,NORMAL_DISCLOSURE_CONTROLLED_COUNT,366,366,NORMAL_DISCLOSURE_CONTROLLED_COUNT,230,230,NORMAL_DISCLOSURE_CONTROLLED_COUNT,107,107,NORMAL_DISCLOSURE_CONTROLLED_COUNT,55,55,NORMAL_DISCLOSURE_CONTROLLED_COUNT,8002,218,POSITIVE,False,"NOT_EXACT: mixes >6 members, non-private residents, and independently disclosure-controlled marginals",0
PLR,01100312,Heine-Viertel West,True,True,9.215,9215,NORMAL_DISCLOSURE_CONTROLLED_COUNT,5.805,5805,NORMAL_DISCLOSURE_CONTROLLED_COUNT,3.794,3794,NORMAL_DISCLOSURE_CONTROLLED_COUNT,1.281,1281,NORMAL_DISCLOSURE_CONTROLLED_COUNT,403,403,NORMAL_DISCLOSURE_CONTROLLED_COUNT,232,232,NORMAL_DISCLOSURE_CONTROLLED_COUNT,53,53,NORMAL_DISCLOSURE_CONTROLLED_COUNT,46,46,NORMAL_DISCLOSURE_CONTROLLED_COUNT,9034,181,POSITIVE,False,"NOT_EXACT: mixes >6 members, non-private residents, and independently disclosure-controlled marginals",0
PLR,01100313,Heine-Viertel Ost,True,True,9.710,9710,NORMAL_DISCLOSURE_CONTROLLED_COUNT,5.881,5881,NORMAL_DISCLOSURE_CONTROLLED_COUNT,3.760,3760,NORMAL_DISCLOSURE_CONTROLLED_COUNT,1.215,1215,NORMAL_DISCLOSURE_CONTROLLED_COUNT,511,511,NORMAL_DISCLOSURE_CONTROLLED_COUNT,282,282,NORMAL_DISCLOSURE_CONTROLLED_COUNT,56,56,NORMAL_DISCLOSURE_CONTROLLED_COUNT,55,55,NORMAL_DISCLOSURE_CONTROLLED_COUNT,9461,249,POSITIVE,False,"NOT_EXACT: mixes >6 members, non-private residents, and independently disclosure-controlled marginals",0
PLR,01100414,Nordbahnhof,True,True,5.254,5254,NORMAL_DISCLOSURE_CONTROLLED_COUNT,2.804,2804,NORMAL_DISCLOSURE_CONTROLLED_COUNT,1.657,1657,NORMAL_DISCLOSURE_CONTROLLED_COUNT,572,572,NORMAL_DISCLOSURE_CONTROLLED_COUNT,316,316,NORMAL_DISCLOSURE_CONTROLLED_COUNT,193,193,NORMAL_DISCLOSURE_CONTROLLED_COUNT,45,45,NORMAL_DISCLOSURE_CONTROLLED_COUNT,23,23,NORMAL_DISCLOSURE_CONTROLLED_COUNT,4884,370,POSITIVE,False,"NOT_EXACT: mixes >6 members, non-private residents, and independently disclosure-controlled marginals",0
PLR,01100415,Invalidenstraße,True,True,12.330,12330,NORMAL_DISCLOSURE_CONTROLLED_COUNT,7.688,7688,NORMAL_DISCLOSURE_CONTROLLED_COUNT,5.201,5201,NORMAL_DISCLOSURE_CONTROLLED_COUNT,1.258,1258,NORMAL_DISCLOSURE_CONTROLLED_COUNT,631,631,NORMAL_DISCLOSURE_CONTROLLED_COUNT,415,415,NORMAL_DISCLOSURE_CONTROLLED_COUNT,108,108,NORMAL_DISCLOSURE_CONTROLLED_COUNT,79,79,NORMAL_DISCLOSURE_CONTROLLED_COUNT,12284,46,POSITIVE,False,"NOT_EXACT: mixes >6 members, non-private residents, and independently disclosure-controlled marginals",0
PLR,01100416,Arkonaplatz,True,True,12.541,12541,NORMAL_DISCLOSURE_CONTROLLED_COUNT,7.672,7672,NORMAL_DISCLOSURE_CONTROLLED_COUNT,5.171,5171,NORMAL_DISCLOSURE_CONTROLLED_COUNT,1.187,1187,NORMAL_DISCLOSURE_CONTROLLED_COUNT,705,705,NORMAL_DISCLOSURE_CONTROLLED_COUNT,419,419,NORMAL_DISCLOSURE_CONTROLLED_COUNT,113,113,NORMAL_DISCLOSURE_CONTROLLED_COUNT,76,76,NORMAL_DISCLOSURE_CONTROLLED_COUNT,12357,184,POSITIVE,False,"NOT_EXACT: mixes >6 members, non-private residents, and independently disclosure-controlled marginals",0
PLR,01200517,Huttenkiez,True,True,3.248,3248,NORMAL_DISCLOSURE_CONTROLLED_COUNT,2.002,2002,NORMAL_DISCLOSURE_CONTROLLED_COUNT,1.407,1407,NORMAL_DISCLOSURE_CONTROLLED_COUNT,321,321,NORMAL_DISCLOSURE_CONTROLLED_COUNT,112,112,NORMAL_DISCLOSURE_CONTROLLED_COUNT,78,78,NORMAL_DISCLOSURE_CONTROLLED_COUNT,39,39,NORMAL_DISCLOSURE_CONTROLLED_COUNT,44,44,NORMAL_DISCLOSURE_CONTROLLED_COUNT,3156,92,POSITIVE,False,"NOT_EXACT: mixes >6 members, non-private residents, and independently disclosure-controlled marginals",0
PLR,01200518,Beusselkiez,True,True,6.039,6039,NORMAL_DISCLOSURE_CONTROLLED_COUNT,3.674,3674,NORMAL_DISCLOSURE_CONTROLLED_COUNT,2.591,2591,NORMAL_DISCLOSURE_CONTROLLED_COUNT,525,525,NORMAL_DISCLOSURE_CONTROLLED_COUNT,261,261,NORMAL_DISCLOSURE_CONTROLLED_COUNT,155,155,NORMAL_DISCLOSURE_CONTROLLED_COUNT,67,67,NORMAL_DISCLOSURE_CONTROLLED_COUNT,77,77,NORMAL_DISCLOSURE_CONTROLLED_COUNT,5841,198,POSITIVE,False,"NOT_EXACT: mixes >6 members, non-private residents, and independently disclosure-controlled marginals",0
PLR,01200519,Emdener Straße,True,True,8.141,8141,NORMAL_DISCLOSURE_CONTROLLED_COUNT,5.181,5181,NORMAL_DISCLOSURE_CONTROLLED_COUNT,3.710,3710,NORMAL_DISCLOSURE_CONTROLLED_COUNT,748,748,NORMAL_DISCLOSURE_CONTROLLED_COUNT,340,340,NORMAL_DISCLOSURE_CONTROLLED_COUNT,221,221,NORMAL_DISCLOSURE_CONTROLLED_COUNT,75,75,NORMAL_DISCLOSURE_CONTROLLED_COUNT,83,83,NORMAL_DISCLOSURE_CONTROLLED_COUNT,7983,158,POSITIVE,False,"NOT_EXACT: mixes >6 members, non-private residents, and independently disclosure-controlled marginals",0
PLR,01200520,Bremer Straße,True,True,8.625,8625,NORMAL_DISCLOSURE_CONTROLLED_COUNT,5.491,5491,NORMAL_DISCLOSURE_CONTROLLED_COUNT,3.840,3840,NORMAL_DISCLOSURE_CONTROLLED_COUNT,874,874,NORMAL_DISCLOSURE_CONTROLLED_COUNT,378,378,NORMAL_DISCLOSURE_CONTROLLED_COUNT,239,239,NORMAL_DISCLOSURE_CONTROLLED_COUNT,82,82,NORMAL_DISCLOSURE_CONTROLLED_COUNT,82,82,NORMAL_DISCLOSURE_CONTROLLED_COUNT,8580,45,POSITIVE,False,"NOT_EXACT: mixes >6 members, non-private residents, and independently disclosure-controlled marginals",0
PLR,01200521,Zwinglistraße,True,True,4.684,4684,NORMAL_DISCLOSURE_CONTROLLED_COUNT,2.743,2743,NORMAL_DISCLOSURE_CONTROLLED_COUNT,1.779,1779,NORMAL_DISCLOSURE_CONTROLLED_COUNT,486,486,NORMAL_DISCLOSURE_CONTROLLED_COUNT,225,225,NORMAL_DISCLOSURE_CONTROLLED_COUNT,118,118,NORMAL_DISCLOSURE_CONTROLLED_COUNT,62,62,NORMAL_DISCLOSURE_CONTROLLED_COUNT,65,65,NORMAL_DISCLOSURE_CONTROLLED_COUNT,4598,86,POSITIVE,False,"NOT_EXACT: mixes >6 members, non-private residents, and independently disclosure-controlled marginals",0
PLR,01200522,Elberfelder Straße,True,True,10.867,10867,NORMAL_DISCLOSURE_CONTROLLED_COUNT,6.636,6636,NORMAL_DISCLOSURE_CONTROLLED_COUNT,4.368,4368,NORMAL_DISCLOSURE_CONTROLLED_COUNT,1.259,1259,NORMAL_DISCLOSURE_CONTROLLED_COUNT,525,525,NORMAL_DISCLOSURE_CONTROLLED_COUNT,332,332,NORMAL_DISCLOSURE_CONTROLLED_COUNT,81,81,NORMAL_DISCLOSURE_CONTROLLED_COUNT,75,75,NORMAL_DISCLOSURE_CONTROLLED_COUNT,10644,223,POSITIVE,False,"NOT_EXACT: mixes >6 members, non-private residents, and independently disclosure-controlled marginals",0
PLR,01200623,Stephankiez,True,True,9.947,9947,NORMAL_DISCLOSURE_CONTROLLED_COUNT,5.895,5895,NORMAL_DISCLOSURE_CONTROLLED_COUNT,3.899,3899,NORMAL_DISCLOSURE_CONTROLLED_COUNT,1.009,1009,NORMAL_DISCLOSURE_CONTROLLED_COUNT,497,497,NORMAL_DISCLOSURE_CONTROLLED_COUNT,293,293,NORMAL_DISCLOSURE_CONTROLLED_COUNT,103,103,NORMAL_DISCLOSURE_CONTROLLED_COUNT,98,98,NORMAL_DISCLOSURE_CONTROLLED_COUNT,9683,264,POSITIVE,False,"NOT_EXACT: mixes >6 members, non-private residents, and independently disclosure-controlled marginals",0
PLR,01200624,Heidestraße,True,True,5.963,5963,NORMAL_DISCLOSURE_CONTROLLED_COUNT,3.159,3159,NORMAL_DISCLOSURE_CONTROLLED_COUNT,1.693,1693,NORMAL_DISCLOSURE_CONTROLLED_COUNT,785,785,NORMAL_DISCLOSURE_CONTROLLED_COUNT,358,358,NORMAL_DISCLOSURE_CONTROLLED_COUNT,204,204,NORMAL_DISCLOSURE_CONTROLLED_COUNT,64,64,NORMAL_DISCLOSURE_CONTROLLED_COUNT,57,57,NORMAL_DISCLOSURE_CONTROLLED_COUNT,5815,148,POSITIVE,False,"NOT_EXACT: mixes >6 members, non-private residents, and independently disclosure-controlled marginals",0
PLR,01200625,Lübecker Straße,True,True,6.244,6244,NORMAL_DISCLOSURE_CONTROLLED_COUNT,3.305,3305,NORMAL_DISCLOSURE_CONTROLLED_COUNT,2.022,2022,NORMAL_DISCLOSURE_CONTROLLED_COUNT,554,554,NORMAL_DISCLOSURE_CONTROLLED_COUNT,307,307,NORMAL_DISCLOSURE_CONTROLLED_COUNT,225,225,NORMAL_DISCLOSURE_CONTROLLED_COUNT,103,103,NORMAL_DISCLOSURE_CONTROLLED_COUNT,96,96,NORMAL_DISCLOSURE_CONTROLLED_COUNT,6042,202,POSITIVE,False,"NOT_EXACT: mixes >6 members, non-private residents, and independently disclosure-controlled marginals",0
PLR,01200626,Thomasiusstraße,True,True,5.941,5941,NORMAL_DISCLOSURE_CONTROLLED_COUNT,3.362,3362,NORMAL_DISCLOSURE_CONTROLLED_COUNT,2.299,2299,NORMAL_DISCLOSURE_CONTROLLED_COUNT,551,551,NORMAL_DISCLOSURE_CONTROLLED_COUNT,230,230,NORMAL_DISCLOSURE_CONTROLLED_COUNT,190,190,NORMAL_DISCLOSURE_CONTROLLED_COUNT,53,53,NORMAL_DISCLOSURE_CONTROLLED_COUNT,41,41,NORMAL_DISCLOSURE_CONTROLLED_COUNT,5362,579,POSITIVE,False,"NOT_EXACT: mixes >6 members, non-private residents, and independently disclosure-controlled marginals",0
PLR,01200627,Zillesiedlung,True,True,2.943,2943,NORMAL_DISCLOSURE_CONTROLLED_COUNT,1.286,1286,NORMAL_DISCLOSURE_CONTROLLED_COUNT,593,593,NORMAL_DISCLOSURE_CONTROLLED_COUNT,304,304,NORMAL_DISCLOSURE_CONTROLLED_COUNT,143,143,NORMAL_DISCLOSURE_CONTROLLED_COUNT,125,125,NORMAL_DISCLOSURE_CONTROLLED_COUNT,80,80,NORMAL_DISCLOSURE_CONTROLLED_COUNT,42,42,NORMAL_DISCLOSURE_CONTROLLED_COUNT,2782,161,POSITIVE,False,"NOT_EXACT: mixes >6 members, non-private residents, and independently disclosure-controlled marginals",0
PLR,01200628,Lüneburger Straße,True,True,3.124,3124,NORMAL_DISCLOSURE_CONTROLLED_COUNT,2.121,2121,NORMAL_DISCLOSURE_CONTROLLED_COUNT,1.493,1493,NORMAL_DISCLOSURE_CONTROLLED_COUNT,313,313,NORMAL_DISCLOSURE_CONTROLLED_COUNT,160,160,NORMAL_DISCLOSURE_CONTROLLED_COUNT,105,105,NORMAL_DISCLOSURE_CONTROLLED_COUNT,28,28,NORMAL_DISCLOSURE_CONTROLLED_COUNT,18,18,NORMAL_DISCLOSURE_CONTROLLED_COUNT,3267,-143,NEGATIVE,False,"NOT_EXACT: mixes >6 members, non-private residents, and independently disclosure-controlled marginals",0
PLR,01200629,Hansaviertel,True,True,5.575,5575,NORMAL_DISCLOSURE_CONTROLLED_COUNT,3.759,3759,NORMAL_DISCLOSURE_CONTROLLED_COUNT,2.769,2769,NORMAL_DISCLOSURE_CONTROLLED_COUNT,619,619,NORMAL_DISCLOSURE_CONTROLLED_COUNT,199,199,NORMAL_DISCLOSURE_CONTROLLED_COUNT,114,114,NORMAL_DISCLOSURE_CONTROLLED_COUNT,32,32,NORMAL_DISCLOSURE_CONTROLLED_COUNT,24,24,NORMAL_DISCLOSURE_CONTROLLED_COUNT,5364,211,POSITIVE,False,"NOT_EXACT: mixes >6 members, non-private residents, and independently disclosure-controlled marginals",0
PLR,01300730,Drontheimer Straße,True,True,6.908,6908,NORMAL_DISCLOSURE_CONTROLLED_COUNT,3.136,3136,NORMAL_DISCLOSURE_CONTROLLED_COUNT,1.794,1794,NORMAL_DISCLOSURE_CONTROLLED_COUNT,578,578,NORMAL_DISCLOSURE_CONTROLLED_COUNT,306,306,NORMAL_DISCLOSURE_CONTROLLED_COUNT,220,220,NORMAL_DISCLOSURE_CONTROLLED_COUNT,104,104,NORMAL_DISCLOSURE_CONTROLLED_COUNT,134,134,NORMAL_DISCLOSURE_CONTROLLED_COUNT,6072,836,POSITIVE,False,"NOT_EXACT: mixes >6 members, non-private residents, and independently disclosure-controlled marginals",0
PLR,01300731,Koloniestraße,True,True,8.026,8026,NORMAL_DISCLOSURE_CONTROLLED_COUNT,4.222,4222,NORMAL_DISCLOSURE_CONTROLLED_COUNT,2.477,2477,NORMAL_DISCLOSURE_CONTROLLED_COUNT,829,829,NORMAL_DISCLOSURE_CONTROLLED_COUNT,401,401,NORMAL_DISCLOSURE_CONTROLLED_COUNT,258,258,NORMAL_DISCLOSURE_CONTROLLED_COUNT,140,140,NORMAL_DISCLOSURE_CONTROLLED_COUNT,127,127,NORMAL_DISCLOSURE_CONTROLLED_COUNT,7832,194,POSITIVE,False,"NOT_EXACT: mixes >6 members, non-private residents, and independently disclosure-controlled marginals",0
PLR,01300732,Soldiner Straße,True,True,8.931,8931,NORMAL_DISCLOSURE_CONTROLLED_COUNT,4.426,4426,NORMAL_DISCLOSURE_CONTROLLED_COUNT,2.504,2504,NORMAL_DISCLOSURE_CONTROLLED_COUNT,860,860,NORMAL_DISCLOSURE_CONTROLLED_COUNT,447,447,NORMAL_DISCLOSURE_CONTROLLED_COUNT,319,319,NORMAL_DISCLOSURE_CONTROLLED_COUNT,154,154,NORMAL_DISCLOSURE_CONTROLLED_COUNT,143,143,NORMAL_DISCLOSURE_CONTROLLED_COUNT,8469,462,POSITIVE,False,"NOT_EXACT: mixes >6 members, non-private residents, and independently disclosure-controlled marginals",0
PLR,01300733,Gesundbrunnen,True,True,10.532,10532,NORMAL_DISCLOSURE_CONTROLLED_COUNT,5.534,5534,NORMAL_DISCLOSURE_CONTROLLED_COUNT,3.344,3344,NORMAL_DISCLOSURE_CONTROLLED_COUNT,912,912,NORMAL_DISCLOSURE_CONTROLLED_COUNT,517,517,NORMAL_DISCLOSURE_CONTROLLED_COUNT,388,388,NORMAL_DISCLOSURE_CONTROLLED_COUNT,193,193,NORMAL_DISCLOSURE_CONTROLLED_COUNT,183,183,NORMAL_DISCLOSURE_CONTROLLED_COUNT,10334,198,POSITIVE,False,"NOT_EXACT: mixes >6 members, non-private residents, and independently disclosure-controlled marginals",0
PLR,01300834,Brunnenstraße,True,True,13.805,13805,NORMAL_DISCLOSURE_CONTROLLED_COUNT,6.206,6206,NORMAL_DISCLOSURE_CONTROLLED_COUNT,2.968,2968,NORMAL_DISCLOSURE_CONTROLLED_COUNT,1.226,1226,NORMAL_DISCLOSURE_CONTROLLED_COUNT,741,741,NORMAL_DISCLOSURE_CONTROLLED_COUNT,636,636,NORMAL_DISCLOSURE_CONTROLLED_COUNT,348,348,NORMAL_DISCLOSURE_CONTROLLED_COUNT,292,292,NORMAL_DISCLOSURE_CONTROLLED_COUNT,13679,126,POSITIVE,False,"NOT_EXACT: mixes >6 members, non-private residents, and independently disclosure-controlled marginals",0
PLR,01300835,Humboldthain Süd,True,True,10.125,10125,NORMAL_DISCLOSURE_CONTROLLED_COUNT,5.179,5179,NORMAL_DISCLOSURE_CONTROLLED_COUNT,2.875,2875,NORMAL_DISCLOSURE_CONTROLLED_COUNT,1.147,1147,NORMAL_DISCLOSURE_CONTROLLED_COUNT,480,480,NORMAL_DISCLOSURE_CONTROLLED_COUNT,379,379,NORMAL_DISCLOSURE_CONTROLLED_COUNT,175,175,NORMAL_DISCLOSURE_CONTROLLED_COUNT,137,137,NORMAL_DISCLOSURE_CONTROLLED_COUNT,9822,303,POSITIVE,False,"NOT_EXACT: mixes >6 members, non-private residents, and independently disclosure-controlled marginals",0
PLR,01300836,Humboldthain Nordwest,True,True,13.491,13491,NORMAL_DISCLOSURE_CONTROLLED_COUNT,7.251,7251,NORMAL_DISCLOSURE_CONTROLLED_COUNT,4.637,4637,NORMAL_DISCLOSURE_CONTROLLED_COUNT,1.120,1120,NORMAL_DISCLOSURE_CONTROLLED_COUNT,604,604,NORMAL_DISCLOSURE_CONTROLLED_COUNT,436,436,NORMAL_DISCLOSURE_CONTROLLED_COUNT,230,230,NORMAL_DISCLOSURE_CONTROLLED_COUNT,226,226,NORMAL_DISCLOSURE_CONTROLLED_COUNT,12939,552,POSITIVE,False,"NOT_EXACT: mixes >6 members, non-private residents, and independently disclosure-controlled marginals",0
PLR,01400937,Afrikanische Straße,True,True,10.360,10360,NORMAL_DISCLOSURE_CONTROLLED_COUNT,6.054,6054,NORMAL_DISCLOSURE_CONTROLLED_COUNT,3.807,3807,NORMAL_DISCLOSURE_CONTROLLED_COUNT,1.326,1326,NORMAL_DISCLOSURE_CONTROLLED_COUNT,434,434,NORMAL_DISCLOSURE_CONTROLLED_COUNT,286,286,NORMAL_DISCLOSURE_CONTROLLED_COUNT,98,98,NORMAL_DISCLOSURE_CONTROLLED_COUNT,100,100,NORMAL_DISCLOSURE_CONTROLLED_COUNT,9995,365,POSITIVE,False,"NOT_EXACT: mixes >6 members, non-private residents, and independently disclosure-controlled marginals",0
PLR,01400938,Kameruner Straße,True,True,8.662,8662,NORMAL_DISCLOSURE_CONTROLLED_COUNT,5.037,5037,NORMAL_DISCLOSURE_CONTROLLED_COUNT,3.190,3190,NORMAL_DISCLOSURE_CONTROLLED_COUNT,1.003,1003,NORMAL_DISCLOSURE_CONTROLLED_COUNT,387,387,NORMAL_DISCLOSURE_CONTROLLED_COUNT,264,264,NORMAL_DISCLOSURE_CONTROLLED_COUNT,109,109,NORMAL_DISCLOSURE_CONTROLLED_COUNT,84,84,NORMAL_DISCLOSURE_CONTROLLED_COUNT,8462,200,POSITIVE,False,"NOT_EXACT: mixes >6 members, non-private residents, and independently disclosure-controlled marginals",0
PLR,01400939,Glasgower Straße,True,True,5.490,5490,NORMAL_DISCLOSURE_CONTROLLED_COUNT,3.008,3008,NORMAL_DISCLOSURE_CONTROLLED_COUNT,1.963,1963,NORMAL_DISCLOSURE_CONTROLLED_COUNT,548,548,NORMAL_DISCLOSURE_CONTROLLED_COUNT,229,229,NORMAL_DISCLOSURE_CONTROLLED_COUNT,147,147,NORMAL_DISCLOSURE_CONTROLLED_COUNT,54,54,NORMAL_DISCLOSURE_CONTROLLED_COUNT,63,63,NORMAL_DISCLOSURE_CONTROLLED_COUNT,4982,508,POSITIVE,False,"NOT_EXACT: mixes >6 members, non-private residents, and independently disclosure-controlled marginals",0
PLR,01400940,Schillerpark,True,True,6.655,6655,NORMAL_DISCLOSURE_CONTROLLED_COUNT,3.721,3721,NORMAL_DISCLOSURE_CONTROLLED_COUNT,2.006,2006,NORMAL_DISCLOSURE_CONTROLLED_COUNT,1.017,1017,NORMAL_DISCLOSURE_CONTROLLED_COUNT,361,361,NORMAL_DISCLOSURE_CONTROLLED_COUNT,216,216,NORMAL_DISCLOSURE_CONTROLLED_COUNT,84,84,NORMAL_DISCLOSURE_CONTROLLED_COUNT,36,36,NORMAL_DISCLOSURE_CONTROLLED_COUNT,6623,32,POSITIVE,False,"NOT_EXACT: mixes >6 members, non-private residents, and independently disclosure-controlled marginals",0
PLR,01400941,Londoner Straße,True,True,3.624,3624,NORMAL_DISCLOSURE_CONTROLLED_COUNT,2.075,2075,NORMAL_DISCLOSURE_CONTROLLED_COUNT,1.281,1281,NORMAL_DISCLOSURE_CONTROLLED_COUNT,449,449,NORMAL_DISCLOSURE_CONTROLLED_COUNT,174,174,NORMAL_DISCLOSURE_CONTROLLED_COUNT,102,102,NORMAL_DISCLOSURE_CONTROLLED_COUNT,41,41,NORMAL_DISCLOSURE_CONTROLLED_COUNT,25,25,NORMAL_DISCLOSURE_CONTROLLED_COUNT,3464,160,POSITIVE,False,"NOT_EXACT: mixes >6 members, non-private residents, and independently disclosure-controlled marginals",0
PLR,01400942,Westliche Müllerstraße,True,True,7.786,7786,NORMAL_DISCLOSURE_CONTROLLED_COUNT,4.623,4623,NORMAL_DISCLOSURE_CONTROLLED_COUNT,3.086,3086,NORMAL_DISCLOSURE_CONTROLLED_COUNT,855,855,NORMAL_DISCLOSURE_CONTROLLED_COUNT,305,305,NORMAL_DISCLOSURE_CONTROLLED_COUNT,199,199,NORMAL_DISCLOSURE_CONTROLLED_COUNT,73,73,NORMAL_DISCLOSURE_CONTROLLED_COUNT,102,102,NORMAL_DISCLOSURE_CONTROLLED_COUNT,7484,302,POSITIVE,False,"NOT_EXACT: mixes >6 members, non-private residents, and independently disclosure-controlled marginals",0
PLR,01401043,Antonstraße,True,True,6.992,6992,NORMAL_DISCLOSURE_CONTROLLED_COUNT,3.463,3463,NORMAL_DISCLOSURE_CONTROLLED_COUNT,2.036,2036,NORMAL_DISCLOSURE_CONTROLLED_COUNT,588,588,NORMAL_DISCLOSURE_CONTROLLED_COUNT,348,348,NORMAL_DISCLOSURE_CONTROLLED_COUNT,257,257,NORMAL_DISCLOSURE_CONTROLLED_COUNT,128,128,NORMAL_DISCLOSURE_CONTROLLED_COUNT,110,110,NORMAL_DISCLOSURE_CONTROLLED_COUNT,6584,408,POSITIVE,False,"NOT_EXACT: mixes >6 members, non-private residents, and independently disclosure-controlled marginals",0
PLR,01401044,Uferstraße,True,True,9.091,9091,NORMAL_DISCLOSURE_CONTROLLED_COUNT,4.762,4762,NORMAL_DISCLOSURE_CONTROLLED_COUNT,2.832,2832,NORMAL_DISCLOSURE_CONTROLLED_COUNT,869,869,NORMAL_DISCLOSURE_CONTROLLED_COUNT,454,454,NORMAL_DISCLOSURE_CONTROLLED_COUNT,296,296,NORMAL_DISCLOSURE_CONTROLLED_COUNT,158,158,NORMAL_DISCLOSURE_CONTROLLED_COUNT,155,155,NORMAL_DISCLOSURE_CONTROLLED_COUNT,8836,255,POSITIVE,False,"NOT_EXACT: mixes >6 members, non-private residents, and independently disclosure-controlled marginals",0
PLR,01401045,Schweden-straße,True,True,5.194,5194,NORMAL_DISCLOSURE_CONTROLLED_COUNT,2.592,2592,NORMAL_DISCLOSURE_CONTROLLED_COUNT,1.483,1483,NORMAL_DISCLOSURE_CONTROLLED_COUNT,451,451,NORMAL_DISCLOSURE_CONTROLLED_COUNT,227,227,NORMAL_DISCLOSURE_CONTROLLED_COUNT,232,232,NORMAL_DISCLOSURE_CONTROLLED_COUNT,111,111,NORMAL_DISCLOSURE_CONTROLLED_COUNT,100,100,NORMAL_DISCLOSURE_CONTROLLED_COUNT,5149,45,POSITIVE,False,"NOT_EXACT: mixes >6 members, non-private residents, and independently disclosure-controlled marginals",0
PLR,01401046,Nordufer,True,True,7.950,7950,NORMAL_DISCLOSURE_CONTROLLED_COUNT,5.009,5009,NORMAL_DISCLOSURE_CONTROLLED_COUNT,3.560,3560,NORMAL_DISCLOSURE_CONTROLLED_COUNT,792,792,NORMAL_DISCLOSURE_CONTROLLED_COUNT,325,325,NORMAL_DISCLOSURE_CONTROLLED_COUNT,181,181,NORMAL_DISCLOSURE_CONTROLLED_COUNT,75,75,NORMAL_DISCLOSURE_CONTROLLED_COUNT,77,77,NORMAL_DISCLOSURE_CONTROLLED_COUNT,7680,270,POSITIVE,False,"NOT_EXACT: mixes >6 members, non-private residents, and independently disclosure-controlled marginals",0
PLR,01401047,Sparrplatz,True,True,6.816,6816,NORMAL_DISCLOSURE_CONTROLLED_COUNT,4.109,4109,NORMAL_DISCLOSURE_CONTROLLED_COUNT,2.816,2816,NORMAL_DISCLOSURE_CONTROLLED_COUNT,619,619,NORMAL_DISCLOSURE_CONTROLLED_COUNT,286,286,NORMAL_DISCLOSURE_CONTROLLED_COUNT,210,210,NORMAL_DISCLOSURE_CONTROLLED_COUNT,87,87,NORMAL_DISCLOSURE_CONTROLLED_COUNT,89,89,NORMAL_DISCLOSURE_CONTROLLED_COUNT,6721,95,POSITIVE,False,"NOT_EXACT: mixes >6 members, non-private residents, and independently disclosure-controlled marginals",0
PLR,01401048,Leopoldplatz,True,True,8.458,8458,NORMAL_DISCLOSURE_CONTROLLED_COUNT,4.870,4870,NORMAL_DISCLOSURE_CONTROLLED_COUNT,3.175,3175,NORMAL_DISCLOSURE_CONTROLLED_COUNT,853,853,NORMAL_DISCLOSURE_CONTROLLED_COUNT,377,377,NORMAL_DISCLOSURE_CONTROLLED_COUNT,238,238,NORMAL_DISCLOSURE_CONTROLLED_COUNT,114,114,NORMAL_DISCLOSURE_CONTROLLED_COUNT,111,111,NORMAL_DISCLOSURE_CONTROLLED_COUNT,8200,258,POSITIVE,False,"NOT_EXACT: mixes >6 members, non-private residents, and independently disclosure-controlled marginals",0
PLR,01401049,Schulstraße,True,True,5.898,5898,NORMAL_DISCLOSURE_CONTROLLED_COUNT,3.565,3565,NORMAL_DISCLOSURE_CONTROLLED_COUNT,2.503,2503,NORMAL_DISCLOSURE_CONTROLLED_COUNT,514,514,NORMAL_DISCLOSURE_CONTROLLED_COUNT,243,243,NORMAL_DISCLOSURE_CONTROLLED_COUNT,167,167,NORMAL_DISCLOSURE_CONTROLLED_COUNT,71,71,NORMAL_DISCLOSURE_CONTROLLED_COUNT,69,69,NORMAL_DISCLOSURE_CONTROLLED_COUNT,5697,201,POSITIVE,False,"NOT_EXACT: mixes >6 members, non-private residents, and independently disclosure-controlled marginals",0
PLR,02100101,Askanischer Platz,True,True,5.321,5321,NORMAL_DISCLOSURE_CONTROLLED_COUNT,2.843,2843,NORMAL_DISCLOSURE_CONTROLLED_COUNT,1.835,1835,NORMAL_DISCLOSURE_CONTROLLED_COUNT,428,428,NORMAL_DISCLOSURE_CONTROLLED_COUNT,219,219,NORMAL_DISCLOSURE_CONTROLLED_COUNT,206,206,NORMAL_DISCLOSURE_CONTROLLED_COUNT,72,72,NORMAL_DISCLOSURE_CONTROLLED_COUNT,81,81,NORMAL_DISCLOSURE_CONTROLLED_COUNT,5018,303,POSITIVE,False,"NOT_EXACT: mixes >6 members, non-private residents, and independently disclosure-controlled marginals",0
PLR,02100102,Mehringplatz,True,True,7.539,7539,NORMAL_DISCLOSURE_CONTROLLED_COUNT,3.846,3846,NORMAL_DISCLOSURE_CONTROLLED_COUNT,2.206,2206,NORMAL_DISCLOSURE_CONTROLLED_COUNT,669,669,NORMAL_DISCLOSURE_CONTROLLED_COUNT,394,394,NORMAL_DISCLOSURE_CONTROLLED_COUNT,287,287,NORMAL_DISCLOSURE_CONTROLLED_COUNT,166,166,NORMAL_DISCLOSURE_CONTROLLED_COUNT,122,122,NORMAL_DISCLOSURE_CONTROLLED_COUNT,7436,103,POSITIVE,False,"NOT_EXACT: mixes >6 members, non-private residents, and independently disclosure-controlled marginals",0
PLR,02100103,Am Berlin Museum,True,True,4.979,4979,NORMAL_DISCLOSURE_CONTROLLED_COUNT,2.510,2510,NORMAL_DISCLOSURE_CONTROLLED_COUNT,1.455,1455,NORMAL_DISCLOSURE_CONTROLLED_COUNT,472,472,NORMAL_DISCLOSURE_CONTROLLED_COUNT,227,227,NORMAL_DISCLOSURE_CONTROLLED_COUNT,185,185,NORMAL_DISCLOSURE_CONTROLLED_COUNT,91,91,NORMAL_DISCLOSURE_CONTROLLED_COUNT,81,81,NORMAL_DISCLOSURE_CONTROLLED_COUNT,4761,218,POSITIVE,False,"NOT_EXACT: mixes >6 members, non-private residents, and independently disclosure-controlled marginals",0
PLR,02100104,Moritzplatz ,True,True,5.314,5314,NORMAL_DISCLOSURE_CONTROLLED_COUNT,2.453,2453,NORMAL_DISCLOSURE_CONTROLLED_COUNT,1.393,1393,NORMAL_DISCLOSURE_CONTROLLED_COUNT,425,425,NORMAL_DISCLOSURE_CONTROLLED_COUNT,246,246,NORMAL_DISCLOSURE_CONTROLLED_COUNT,197,197,NORMAL_DISCLOSURE_CONTROLLED_COUNT,124,124,NORMAL_DISCLOSURE_CONTROLLED_COUNT,70,70,NORMAL_DISCLOSURE_CONTROLLED_COUNT,4809,505,POSITIVE,False,"NOT_EXACT: mixes >6 members, non-private residents, and independently disclosure-controlled marginals",0
PLR,02100105,Prinzenstraße,True,True,8.546,8546,NORMAL_DISCLOSURE_CONTROLLED_COUNT,4.381,4381,NORMAL_DISCLOSURE_CONTROLLED_COUNT,2.426,2426,NORMAL_DISCLOSURE_CONTROLLED_COUNT,877,877,NORMAL_DISCLOSURE_CONTROLLED_COUNT,449,449,NORMAL_DISCLOSURE_CONTROLLED_COUNT,334,334,NORMAL_DISCLOSURE_CONTROLLED_COUNT,181,181,NORMAL_DISCLOSURE_CONTROLLED_COUNT,115,115,NORMAL_DISCLOSURE_CONTROLLED_COUNT,8458,88,POSITIVE,False,"NOT_EXACT: mixes >6 members, non-private residents, and independently disclosure-controlled marginals",0
PLR,02100106,Wassertorplatz,True,True,4.492,4492,NORMAL_DISCLOSURE_CONTROLLED_COUNT,2.091,2091,NORMAL_DISCLOSURE_CONTROLLED_COUNT,1.090,1090,NORMAL_DISCLOSURE_CONTROLLED_COUNT,392,392,NORMAL_DISCLOSURE_CONTROLLED_COUNT,200,200,NORMAL_DISCLOSURE_CONTROLLED_COUNT,172,172,NORMAL_DISCLOSURE_CONTROLLED_COUNT,136,136,NORMAL_DISCLOSURE_CONTROLLED_COUNT,97,97,NORMAL_DISCLOSURE_CONTROLLED_COUNT,4424,68,POSITIVE,False,"NOT_EXACT: mixes >6 members, non-private residents, and independently disclosure-controlled marginals",0
PLR,02200207,Gleisdreieck,True,True,2.072,2072,NORMAL_DISCLOSURE_CONTROLLED_COUNT,1.070,1070,NORMAL_DISCLOSURE_CONTROLLED_COUNT,605,605,NORMAL_DISCLOSURE_CONTROLLED_COUNT,256,256,NORMAL_DISCLOSURE_CONTROLLED_COUNT,97,97,NORMAL_DISCLOSURE_CONTROLLED_COUNT,79,79,NORMAL_DISCLOSURE_CONTROLLED_COUNT,20,20,NORMAL_DISCLOSURE_CONTROLLED_COUNT,20,20,NORMAL_DISCLOSURE_CONTROLLED_COUNT,1944,128,POSITIVE,False,"NOT_EXACT: mixes >6 members, non-private residents, and independently disclosure-controlled marginals",0
PLR,02200208,Rathaus Yorckstraße,True,True,5.213,5213,NORMAL_DISCLOSURE_CONTROLLED_COUNT,2.985,2985,NORMAL_DISCLOSURE_CONTROLLED_COUNT,1.915,1915,NORMAL_DISCLOSURE_CONTROLLED_COUNT,516,516,NORMAL_DISCLOSURE_CONTROLLED_COUNT,275,275,NORMAL_DISCLOSURE_CONTROLLED_COUNT,179,179,NORMAL_DISCLOSURE_CONTROLLED_COUNT,61,61,NORMAL_DISCLOSURE_CONTROLLED_COUNT,40,40,NORMAL_DISCLOSURE_CONTROLLED_COUNT,5033,180,POSITIVE,False,"NOT_EXACT: mixes >6 members, non-private residents, and independently disclosure-controlled marginals",0
PLR,02200209,Viktoriapark,True,True,9.838,9838,NORMAL_DISCLOSURE_CONTROLLED_COUNT,5.852,5852,NORMAL_DISCLOSURE_CONTROLLED_COUNT,3.810,3810,NORMAL_DISCLOSURE_CONTROLLED_COUNT,1.040,1040,NORMAL_DISCLOSURE_CONTROLLED_COUNT,499,499,NORMAL_DISCLOSURE_CONTROLLED_COUNT,323,323,NORMAL_DISCLOSURE_CONTROLLED_COUNT,92,92,NORMAL_DISCLOSURE_CONTROLLED_COUNT,87,87,NORMAL_DISCLOSURE_CONTROLLED_COUNT,9661,177,POSITIVE,False,"NOT_EXACT: mixes >6 members, non-private residents, and independently disclosure-controlled marginals",0
PLR,02200210,Urbanstraße,True,True,10.979,10979,NORMAL_DISCLOSURE_CONTROLLED_COUNT,6.641,6641,NORMAL_DISCLOSURE_CONTROLLED_COUNT,4.486,4486,NORMAL_DISCLOSURE_CONTROLLED_COUNT,1.147,1147,NORMAL_DISCLOSURE_CONTROLLED_COUNT,536,536,NORMAL_DISCLOSURE_CONTROLLED_COUNT,289,289,NORMAL_DISCLOSURE_CONTROLLED_COUNT,75,75,NORMAL_DISCLOSURE_CONTROLLED_COUNT,98,98,NORMAL_DISCLOSURE_CONTROLLED_COUNT,10507,472,POSITIVE,False,"NOT_EXACT: mixes >6 members, non-private residents, and independently disclosure-controlled marginals",0
PLR,02200211,Chamissokiez,True,True,13.847,13847,NORMAL_DISCLOSURE_CONTROLLED_COUNT,8.236,8236,NORMAL_DISCLOSURE_CONTROLLED_COUNT,5.276,5276,NORMAL_DISCLOSURE_CONTROLLED_COUNT,1.526,1526,NORMAL_DISCLOSURE_CONTROLLED_COUNT,716,716,NORMAL_DISCLOSURE_CONTROLLED_COUNT,471,471,NORMAL_DISCLOSURE_CONTROLLED_COUNT,134,134,NORMAL_DISCLOSURE_CONTROLLED_COUNT,122,122,NORMAL_DISCLOSURE_CONTROLLED_COUNT,13762,85,POSITIVE,False,"NOT_EXACT: mixes >6 members, non-private residents, and independently disclosure-controlled marginals",0
PLR,02200212,Graefekiez Süd,True,True,7.828,7828,NORMAL_DISCLOSURE_CONTROLLED_COUNT,4.489,4489,NORMAL_DISCLOSURE_CONTROLLED_COUNT,2.852,2852,NORMAL_DISCLOSURE_CONTROLLED_COUNT,771,771,NORMAL_DISCLOSURE_CONTROLLED_COUNT,369,369,NORMAL_DISCLOSURE_CONTROLLED_COUNT,300,300,NORMAL_DISCLOSURE_CONTROLLED_COUNT,106,106,NORMAL_DISCLOSURE_CONTROLLED_COUNT,92,92,NORMAL_DISCLOSURE_CONTROLLED_COUNT,7783,45,POSITIVE,False,"NOT_EXACT: mixes >6 members, non-private residents, and independently disclosure-controlled marginals",0
PLR,02200213,Graefekiez Nord,True,True,9.327,9327,NORMAL_DISCLOSURE_CONTROLLED_COUNT,5.619,5619,NORMAL_DISCLOSURE_CONTROLLED_COUNT,3.792,3792,NORMAL_DISCLOSURE_CONTROLLED_COUNT,910,910,NORMAL_DISCLOSURE_CONTROLLED_COUNT,450,450,NORMAL_DISCLOSURE_CONTROLLED_COUNT,297,297,NORMAL_DISCLOSURE_CONTROLLED_COUNT,88,88,NORMAL_DISCLOSURE_CONTROLLED_COUNT,82,82,NORMAL_DISCLOSURE_CONTROLLED_COUNT,9082,245,POSITIVE,False,"NOT_EXACT: mixes >6 members, non-private residents, and independently disclosure-controlled marginals",0
PLR,02300314,Oranienplatz,True,True,6.843,6843,NORMAL_DISCLOSURE_CONTROLLED_COUNT,3.511,3511,NORMAL_DISCLOSURE_CONTROLLED_COUNT,2.104,2104,NORMAL_DISCLOSURE_CONTROLLED_COUNT,614,614,NORMAL_DISCLOSURE_CONTROLLED_COUNT,332,332,NORMAL_DISCLOSURE_CONTROLLED_COUNT,222,222,NORMAL_DISCLOSURE_CONTROLLED_COUNT,127,127,NORMAL_DISCLOSURE_CONTROLLED_COUNT,111,111,NORMAL_DISCLOSURE_CONTROLLED_COUNT,6517,326,POSITIVE,False,"NOT_EXACT: mixes >6 members, non-private residents, and independently disclosure-controlled marginals",0
PLR,02300315,Lausitzer Platz,True,True,7.811,7811,NORMAL_DISCLOSURE_CONTROLLED_COUNT,4.053,4053,NORMAL_DISCLOSURE_CONTROLLED_COUNT,2.427,2427,NORMAL_DISCLOSURE_CONTROLLED_COUNT,724,724,NORMAL_DISCLOSURE_CONTROLLED_COUNT,375,375,NORMAL_DISCLOSURE_CONTROLLED_COUNT,289,289,NORMAL_DISCLOSURE_CONTROLLED_COUNT,131,131,NORMAL_DISCLOSURE_CONTROLLED_COUNT,103,103,NORMAL_DISCLOSURE_CONTROLLED_COUNT,7429,382,POSITIVE,False,"NOT_EXACT: mixes >6 members, non-private residents, and independently disclosure-controlled marginals",0
PLR,02300316,Köpenicker Straße,True,True,3.866,3866,NORMAL_DISCLOSURE_CONTROLLED_COUNT,2.373,2373,NORMAL_DISCLOSURE_CONTROLLED_COUNT,1.601,1601,NORMAL_DISCLOSURE_CONTROLLED_COUNT,397,397,NORMAL_DISCLOSURE_CONTROLLED_COUNT,173,173,NORMAL_DISCLOSURE_CONTROLLED_COUNT,119,119,NORMAL_DISCLOSURE_CONTROLLED_COUNT,42,42,NORMAL_DISCLOSURE_CONTROLLED_COUNT,39,39,NORMAL_DISCLOSURE_CONTROLLED_COUNT,3834,32,POSITIVE,False,"NOT_EXACT: mixes >6 members, non-private residents, and independently disclosure-controlled marginals",0
PLR,02300417,Reichenberger Straße West,True,True,7.504,7504,NORMAL_DISCLOSURE_CONTROLLED_COUNT,4.154,4154,NORMAL_DISCLOSURE_CONTROLLED_COUNT,2.620,2620,NORMAL_DISCLOSURE_CONTROLLED_COUNT,766,766,NORMAL_DISCLOSURE_CONTROLLED_COUNT,322,322,NORMAL_DISCLOSURE_CONTROLLED_COUNT,247,247,NORMAL_DISCLOSURE_CONTROLLED_COUNT,106,106,NORMAL_DISCLOSURE_CONTROLLED_COUNT,98,98,NORMAL_DISCLOSURE_CONTROLLED_COUNT,7224,280,POSITIVE,False,"NOT_EXACT: mixes >6 members, non-private residents, and independently disclosure-controlled marginals",0
PLR,02300418,Reichenberger Straße Ost,True,True,6.938,6938,NORMAL_DISCLOSURE_CONTROLLED_COUNT,4.270,4270,NORMAL_DISCLOSURE_CONTROLLED_COUNT,2.924,2924,NORMAL_DISCLOSURE_CONTROLLED_COUNT,668,668,NORMAL_DISCLOSURE_CONTROLLED_COUNT,325,325,NORMAL_DISCLOSURE_CONTROLLED_COUNT,206,206,NORMAL_DISCLOSURE_CONTROLLED_COUNT,74,74,NORMAL_DISCLOSURE_CONTROLLED_COUNT,70,70,NORMAL_DISCLOSURE_CONTROLLED_COUNT,6849,89,POSITIVE,False,"NOT_EXACT: mixes >6 members, non-private residents, and independently disclosure-controlled marginals",0
PLR,02300419,Wrangelkiez,True,True,9.481,9481,NORMAL_DISCLOSURE_CONTROLLED_COUNT,5.535,5535,NORMAL_DISCLOSURE_CONTROLLED_COUNT,3.613,3613,NORMAL_DISCLOSURE_CONTROLLED_COUNT,997,997,NORMAL_DISCLOSURE_CONTROLLED_COUNT,444,444,NORMAL_DISCLOSURE_CONTROLLED_COUNT,255,255,NORMAL_DISCLOSURE_CONTROLLED_COUNT,114,114,NORMAL_DISCLOSURE_CONTROLLED_COUNT,109,109,NORMAL_DISCLOSURE_CONTROLLED_COUNT,9183,298,POSITIVE,False,"NOT_EXACT: mixes >6 members, non-private residents, and independently disclosure-controlled marginals",0
PLR,02400520,Barnimkiez,True,True,5.313,5313,NORMAL_DISCLOSURE_CONTROLLED_COUNT,2.838,2838,NORMAL_DISCLOSURE_CONTROLLED_COUNT,1.572,1572,NORMAL_DISCLOSURE_CONTROLLED_COUNT,782,782,NORMAL_DISCLOSURE_CONTROLLED_COUNT,266,266,NORMAL_DISCLOSURE_CONTROLLED_COUNT,147,147,NORMAL_DISCLOSURE_CONTROLLED_COUNT,45,45,NORMAL_DISCLOSURE_CONTROLLED_COUNT,25,25,NORMAL_DISCLOSURE_CONTROLLED_COUNT,4897,416,POSITIVE,False,"NOT_EXACT: mixes >6 members, non-private residents, and independently disclosure-controlled marginals",0
PLR,02400521,Friedenstraße,True,True,7.433,7433,NORMAL_DISCLOSURE_CONTROLLED_COUNT,4.470,4470,NORMAL_DISCLOSURE_CONTROLLED_COUNT,2.811,2811,NORMAL_DISCLOSURE_CONTROLLED_COUNT,973,973,NORMAL_DISCLOSURE_CONTROLLED_COUNT,366,366,NORMAL_DISCLOSURE_CONTROLLED_COUNT,222,222,NORMAL_DISCLOSURE_CONTROLLED_COUNT,50,50,NORMAL_DISCLOSURE_CONTROLLED_COUNT,47,47,NORMAL_DISCLOSURE_CONTROLLED_COUNT,7275,158,POSITIVE,False,"NOT_EXACT: mixes >6 members, non-private residents, and independently disclosure-controlled marginals",0
PLR,02400522,Richard-Sorge-Viertel,True,True,10.920,10920,NORMAL_DISCLOSURE_CONTROLLED_COUNT,6.459,6459,NORMAL_DISCLOSURE_CONTROLLED_COUNT,4.011,4011,NORMAL_DISCLOSURE_CONTROLLED_COUNT,1.373,1373,NORMAL_DISCLOSURE_CONTROLLED_COUNT,593,593,NORMAL_DISCLOSURE_CONTROLLED_COUNT,345,345,NORMAL_DISCLOSURE_CONTROLLED_COUNT,89,89,NORMAL_DISCLOSURE_CONTROLLED_COUNT,51,51,NORMAL_DISCLOSURE_CONTROLLED_COUNT,10667,253,POSITIVE,False,"NOT_EXACT: mixes >6 members, non-private residents, and independently disclosure-controlled marginals",0
PLR,02400623,Andreasviertel,True,True,12.195,12195,NORMAL_DISCLOSURE_CONTROLLED_COUNT,7.086,7086,NORMAL_DISCLOSURE_CONTROLLED_COUNT,4.235,4235,NORMAL_DISCLOSURE_CONTROLLED_COUNT,1.740,1740,NORMAL_DISCLOSURE_CONTROLLED_COUNT,546,546,NORMAL_DISCLOSURE_CONTROLLED_COUNT,382,382,NORMAL_DISCLOSURE_CONTROLLED_COUNT,104,104,NORMAL_DISCLOSURE_CONTROLLED_COUNT,74,74,NORMAL_DISCLOSURE_CONTROLLED_COUNT,11845,350,POSITIVE,False,"NOT_EXACT: mixes >6 members, non-private residents, and independently disclosure-controlled marginals",0
PLR,02400624,Weberwiese,True,True,11.120,11120,NORMAL_DISCLOSURE_CONTROLLED_COUNT,6.803,6803,NORMAL_DISCLOSURE_CONTROLLED_COUNT,4.584,4584,NORMAL_DISCLOSURE_CONTROLLED_COUNT,1.326,1326,NORMAL_DISCLOSURE_CONTROLLED_COUNT,508,508,NORMAL_DISCLOSURE_CONTROLLED_COUNT,259,259,NORMAL_DISCLOSURE_CONTROLLED_COUNT,65,65,NORMAL_DISCLOSURE_CONTROLLED_COUNT,65,65,NORMAL_DISCLOSURE_CONTROLLED_COUNT,10511,609,POSITIVE,False,"NOT_EXACT: mixes >6 members, non-private residents, and independently disclosure-controlled marginals",0
PLR,02400625,Wriezener Bahnhof,True,True,805,805,NORMAL_DISCLOSURE_CONTROLLED_COUNT,514,514,NORMAL_DISCLOSURE_CONTROLLED_COUNT,343,343,NORMAL_DISCLOSURE_CONTROLLED_COUNT,113,113,NORMAL_DISCLOSURE_CONTROLLED_COUNT,39,39,NORMAL_DISCLOSURE_CONTROLLED_COUNT,12,12,NORMAL_DISCLOSURE_CONTROLLED_COUNT,3,3,NORMAL_DISCLOSURE_CONTROLLED_COUNT,5,5,NORMAL_DISCLOSURE_CONTROLLED_COUNT,779,26,POSITIVE,False,"NOT_EXACT: mixes >6 members, non-private residents, and independently disclosure-controlled marginals",0
PLR,02500726,Hausburgviertel,True,True,8.344,8344,NORMAL_DISCLOSURE_CONTROLLED_COUNT,5.474,5474,NORMAL_DISCLOSURE_CONTROLLED_COUNT,3.864,3864,NORMAL_DISCLOSURE_CONTROLLED_COUNT,941,941,NORMAL_DISCLOSURE_CONTROLLED_COUNT,389,389,NORMAL_DISCLOSURE_CONTROLLED_COUNT,177,177,NORMAL_DISCLOSURE_CONTROLLED_COUNT,47,47,NORMAL_DISCLOSURE_CONTROLLED_COUNT,47,47,NORMAL_DISCLOSURE_CONTROLLED_COUNT,8138,206,POSITIVE,False,"NOT_EXACT: mixes >6 members, non-private residents, and independently disclosure-controlled marginals",0
PLR,02500727,Forckenbeckplatz,True,True,6.137,6137,NORMAL_DISCLOSURE_CONTROLLED_COUNT,3.438,3438,NORMAL_DISCLOSURE_CONTROLLED_COUNT,2.097,2097,NORMAL_DISCLOSURE_CONTROLLED_COUNT,734,734,NORMAL_DISCLOSURE_CONTROLLED_COUNT,332,332,NORMAL_DISCLOSURE_CONTROLLED_COUNT,191,191,NORMAL_DISCLOSURE_CONTROLLED_COUNT,47,47,NORMAL_DISCLOSURE_CONTROLLED_COUNT,42,42,NORMAL_DISCLOSURE_CONTROLLED_COUNT,5812,325,POSITIVE,False,"NOT_EXACT: mixes >6 members, non-private residents, and independently disclosure-controlled marginals",0
PLR,02500728,Samariterviertel,True,True,9.097,9097,NORMAL_DISCLOSURE_CONTROLLED_COUNT,5.538,5538,NORMAL_DISCLOSURE_CONTROLLED_COUNT,3.638,3638,NORMAL_DISCLOSURE_CONTROLLED_COUNT,986,986,NORMAL_DISCLOSURE_CONTROLLED_COUNT,518,518,NORMAL_DISCLOSURE_CONTROLLED_COUNT,282,282,NORMAL_DISCLOSURE_CONTROLLED_COUNT,54,54,NORMAL_DISCLOSURE_CONTROLLED_COUNT,57,57,NORMAL_DISCLOSURE_CONTROLLED_COUNT,8904,193,POSITIVE,False,"NOT_EXACT: mixes >6 members, non-private residents, and independently disclosure-controlled marginals",0
PLR,02500729,Pettenkofer Straße,True,True,4.828,4828,NORMAL_DISCLOSURE_CONTROLLED_COUNT,2.948,2948,NORMAL_DISCLOSURE_CONTROLLED_COUNT,1.909,1909,NORMAL_DISCLOSURE_CONTROLLED_COUNT,566,566,NORMAL_DISCLOSURE_CONTROLLED_COUNT,243,243,NORMAL_DISCLOSURE_CONTROLLED_COUNT,182,182,NORMAL_DISCLOSURE_CONTROLLED_COUNT,27,27,NORMAL_DISCLOSURE_CONTROLLED_COUNT,20,20,NORMAL_DISCLOSURE_CONTROLLED_COUNT,4753,75,POSITIVE,False,"NOT_EXACT: mixes >6 members, non-private residents, and independently disclosure-controlled marginals",0
PLR,02500830,Niederbarnim-straße,True,True,3.680,3680,NORMAL_DISCLOSURE_CONTROLLED_COUNT,2.267,2267,NORMAL_DISCLOSURE_CONTROLLED_COUNT,1.540,1540,NORMAL_DISCLOSURE_CONTROLLED_COUNT,443,443,NORMAL_DISCLOSURE_CONTROLLED_COUNT,157,157,NORMAL_DISCLOSURE_CONTROLLED_COUNT,75,75,NORMAL_DISCLOSURE_CONTROLLED_COUNT,31,31,NORMAL_DISCLOSURE_CONTROLLED_COUNT,24,24,NORMAL_DISCLOSURE_CONTROLLED_COUNT,3496,184,POSITIVE,False,"NOT_EXACT: mixes >6 members, non-private residents, and independently disclosure-controlled marginals",0
PLR,02500831,Wismarplatz,True,True,7.145,7145,NORMAL_DISCLOSURE_CONTROLLED_COUNT,4.498,4498,NORMAL_DISCLOSURE_CONTROLLED_COUNT,3.054,3054,NORMAL_DISCLOSURE_CONTROLLED_COUNT,790,790,NORMAL_DISCLOSURE_CONTROLLED_COUNT,368,368,NORMAL_DISCLOSURE_CONTROLLED_COUNT,181,181,NORMAL_DISCLOSURE_CONTROLLED_COUNT,47,47,NORMAL_DISCLOSURE_CONTROLLED_COUNT,61,61,NORMAL_DISCLOSURE_CONTROLLED_COUNT,7063,82,POSITIVE,False,"NOT_EXACT: mixes >6 members, non-private residents, and independently disclosure-controlled marginals",0
PLR,02500832,Traveplatz,True,True,8.489,8489,NORMAL_DISCLOSURE_CONTROLLED_COUNT,5.286,5286,NORMAL_DISCLOSURE_CONTROLLED_COUNT,3.570,3570,NORMAL_DISCLOSURE_CONTROLLED_COUNT,947,947,NORMAL_DISCLOSURE_CONTROLLED_COUNT,445,445,NORMAL_DISCLOSURE_CONTROLLED_COUNT,195,195,NORMAL_DISCLOSURE_CONTROLLED_COUNT,59,59,NORMAL_DISCLOSURE_CONTROLLED_COUNT,63,63,NORMAL_DISCLOSURE_CONTROLLED_COUNT,8252,237,POSITIVE,False,"NOT_EXACT: mixes >6 members, non-private residents, and independently disclosure-controlled marginals",0
PLR,02500833,Boxhagener Platz ,True,True,8.985,8985,NORMAL_DISCLOSURE_CONTROLLED_COUNT,5.889,5889,NORMAL_DISCLOSURE_CONTROLLED_COUNT,4.230,4230,NORMAL_DISCLOSURE_CONTROLLED_COUNT,1.035,1035,NORMAL_DISCLOSURE_CONTROLLED_COUNT,347,347,NORMAL_DISCLOSURE_CONTROLLED_COUNT,161,161,NORMAL_DISCLOSURE_CONTROLLED_COUNT,41,41,NORMAL_DISCLOSURE_CONTROLLED_COUNT,74,74,NORMAL_DISCLOSURE_CONTROLLED_COUNT,8634,351,POSITIVE,False,"NOT_EXACT: mixes >6 members, non-private residents, and independently disclosure-controlled marginals",0
PLR,02500834,Revaler Straße,True,True,10.213,10213,NORMAL_DISCLOSURE_CONTROLLED_COUNT,6.347,6347,NORMAL_DISCLOSURE_CONTROLLED_COUNT,4.169,4169,NORMAL_DISCLOSURE_CONTROLLED_COUNT,1.186,1186,NORMAL_DISCLOSURE_CONTROLLED_COUNT,567,567,NORMAL_DISCLOSURE_CONTROLLED_COUNT,304,304,NORMAL_DISCLOSURE_CONTROLLED_COUNT,71,71,NORMAL_DISCLOSURE_CONTROLLED_COUNT,47,47,NORMAL_DISCLOSURE_CONTROLLED_COUNT,10095,118,POSITIVE,False,"NOT_EXACT: mixes >6 members, non-private residents, and independently disclosure-controlled marginals",0
PLR,02500835,Stralauer Kiez,True,True,7.054,7054,NORMAL_DISCLOSURE_CONTROLLED_COUNT,4.378,4378,NORMAL_DISCLOSURE_CONTROLLED_COUNT,2.810,2810,NORMAL_DISCLOSURE_CONTROLLED_COUNT,969,969,NORMAL_DISCLOSURE_CONTROLLED_COUNT,334,334,NORMAL_DISCLOSURE_CONTROLLED_COUNT,177,177,NORMAL_DISCLOSURE_CONTROLLED_COUNT,50,50,NORMAL_DISCLOSURE_CONTROLLED_COUNT,42,42,NORMAL_DISCLOSURE_CONTROLLED_COUNT,6960,94,POSITIVE,False,"NOT_EXACT: mixes >6 members, non-private residents, and independently disclosure-controlled marginals",0
PLR,02500836,Stralauer Halbinsel,True,True,4.540,4540,NORMAL_DISCLOSURE_CONTROLLED_COUNT,2.128,2128,NORMAL_DISCLOSURE_CONTROLLED_COUNT,1.011,1011,NORMAL_DISCLOSURE_CONTROLLED_COUNT,488,488,NORMAL_DISCLOSURE_CONTROLLED_COUNT,315,315,NORMAL_DISCLOSURE_CONTROLLED_COUNT,237,237,NORMAL_DISCLOSURE_CONTROLLED_COUNT,56,56,NORMAL_DISCLOSURE_CONTROLLED_COUNT,21,21,NORMAL_DISCLOSURE_CONTROLLED_COUNT,4286,254,POSITIVE,False,"NOT_EXACT: mixes >6 members, non-private residents, and independently disclosure-controlled marginals",0
PLR,03100101,Bucher Forst ,True,True,4.251,4251,NORMAL_DISCLOSURE_CONTROLLED_COUNT,2.302,2302,NORMAL_DISCLOSURE_CONTROLLED_COUNT,1.185,1185,NORMAL_DISCLOSURE_CONTROLLED_COUNT,585,585,NORMAL_DISCLOSURE_CONTROLLED_COUNT,296,296,NORMAL_DISCLOSURE_CONTROLLED_COUNT,174,174,NORMAL_DISCLOSURE_CONTROLLED_COUNT,46,46,NORMAL_DISCLOSURE_CONTROLLED_COUNT,13,13,NORMAL_DISCLOSURE_CONTROLLED_COUNT,4247,4,POSITIVE,False,"NOT_EXACT: mixes >6 members, non-private residents, and independently disclosure-controlled marginals",0
PLR,03100102,Klinikum Buch,True,True,3.097,3097,NORMAL_DISCLOSURE_CONTROLLED_COUNT,1.372,1372,NORMAL_DISCLOSURE_CONTROLLED_COUNT,753,753,NORMAL_DISCLOSURE_CONTROLLED_COUNT,358,358,NORMAL_DISCLOSURE_CONTROLLED_COUNT,137,137,NORMAL_DISCLOSURE_CONTROLLED_COUNT,84,84,NORMAL_DISCLOSURE_CONTROLLED_COUNT,29,29,NORMAL_DISCLOSURE_CONTROLLED_COUNT,6,6,NORMAL_DISCLOSURE_CONTROLLED_COUNT,2397,700,POSITIVE,False,"NOT_EXACT: mixes >6 members, non-private residents, and independently disclosure-controlled marginals",0
PLR,03100103,Karower Chaussee,True,True,9.108,9108,NORMAL_DISCLOSURE_CONTROLLED_COUNT,4.593,4593,NORMAL_DISCLOSURE_CONTROLLED_COUNT,2.482,2482,NORMAL_DISCLOSURE_CONTROLLED_COUNT,1.236,1236,NORMAL_DISCLOSURE_CONTROLLED_COUNT,456,456,NORMAL_DISCLOSURE_CONTROLLED_COUNT,285,285,NORMAL_DISCLOSURE_CONTROLLED_COUNT,86,86,NORMAL_DISCLOSURE_CONTROLLED_COUNT,47,47,NORMAL_DISCLOSURE_CONTROLLED_COUNT,8174,934,POSITIVE,False,"NOT_EXACT: mixes >6 members, non-private residents, and independently disclosure-controlled marginals",0
PLR,03200204,Blankenfelde ,True,True,2.013,2013,NORMAL_DISCLOSURE_CONTROLLED_COUNT,1.012,1012,NORMAL_DISCLOSURE_CONTROLLED_COUNT,398,398,NORMAL_DISCLOSURE_CONTROLLED_COUNT,366,366,NORMAL_DISCLOSURE_CONTROLLED_COUNT,133,133,NORMAL_DISCLOSURE_CONTROLLED_COUNT,81,81,NORMAL_DISCLOSURE_CONTROLLED_COUNT,23,23,NORMAL_DISCLOSURE_CONTROLLED_COUNT,12,12,NORMAL_DISCLOSURE_CONTROLLED_COUNT,2040,-27,NEGATIVE,False,"NOT_EXACT: mixes >6 members, non-private residents, and independently disclosure-controlled marginals",0
PLR,03200205,Uhlandstraße,True,True,8.444,8444,NORMAL_DISCLOSURE_CONTROLLED_COUNT,4.175,4175,NORMAL_DISCLOSURE_CONTROLLED_COUNT,1.932,1932,NORMAL_DISCLOSURE_CONTROLLED_COUNT,1.170,1170,NORMAL_DISCLOSURE_CONTROLLED_COUNT,551,551,NORMAL_DISCLOSURE_CONTROLLED_COUNT,366,366,NORMAL_DISCLOSURE_CONTROLLED_COUNT,95,95,NORMAL_DISCLOSURE_CONTROLLED_COUNT,60,60,NORMAL_DISCLOSURE_CONTROLLED_COUNT,8224,220,POSITIVE,False,"NOT_EXACT: mixes >6 members, non-private residents, and independently disclosure-controlled marginals",0
PLR,03200206,Pastor-Niemöller-Platz ,True,True,6.209,6209,NORMAL_DISCLOSURE_CONTROLLED_COUNT,3.097,3097,NORMAL_DISCLOSURE_CONTROLLED_COUNT,1.519,1519,NORMAL_DISCLOSURE_CONTROLLED_COUNT,767,767,NORMAL_DISCLOSURE_CONTROLLED_COUNT,391,391,NORMAL_DISCLOSURE_CONTROLLED_COUNT,305,305,NORMAL_DISCLOSURE_CONTROLLED_COUNT,77,77,NORMAL_DISCLOSURE_CONTROLLED_COUNT,42,42,NORMAL_DISCLOSURE_CONTROLLED_COUNT,6083,126,POSITIVE,False,"NOT_EXACT: mixes >6 members, non-private residents, and independently disclosure-controlled marginals",0
PLR,03200207,Herthaplatz ,True,True,11.149,11149,NORMAL_DISCLOSURE_CONTROLLED_COUNT,5.560,5560,NORMAL_DISCLOSURE_CONTROLLED_COUNT,2.586,2586,NORMAL_DISCLOSURE_CONTROLLED_COUNT,1.484,1484,NORMAL_DISCLOSURE_CONTROLLED_COUNT,780,780,NORMAL_DISCLOSURE_CONTROLLED_COUNT,540,540,NORMAL_DISCLOSURE_CONTROLLED_COUNT,115,115,NORMAL_DISCLOSURE_CONTROLLED_COUNT,57,57,NORMAL_DISCLOSURE_CONTROLLED_COUNT,10971,178,POSITIVE,False,"NOT_EXACT: mixes >6 members, non-private residents, and independently disclosure-controlled marginals",0
PLR,03200308,Nisbléstraße,True,True,5.110,5110,NORMAL_DISCLOSURE_CONTROLLED_COUNT,2.351,2351,NORMAL_DISCLOSURE_CONTROLLED_COUNT,795,795,NORMAL_DISCLOSURE_CONTROLLED_COUNT,812,812,NORMAL_DISCLOSURE_CONTROLLED_COUNT,397,397,NORMAL_DISCLOSURE_CONTROLLED_COUNT,279,279,NORMAL_DISCLOSURE_CONTROLLED_COUNT,50,50,NORMAL_DISCLOSURE_CONTROLLED_COUNT,23,23,NORMAL_DISCLOSURE_CONTROLLED_COUNT,5114,-4,NEGATIVE,False,"NOT_EXACT: mixes >6 members, non-private residents, and independently disclosure-controlled marginals",0
PLR,03200309,Eddastraße,True,True,5.217,5217,NORMAL_DISCLOSURE_CONTROLLED_COUNT,2.358,2358,NORMAL_DISCLOSURE_CONTROLLED_COUNT,839,839,NORMAL_DISCLOSURE_CONTROLLED_COUNT,764,764,NORMAL_DISCLOSURE_CONTROLLED_COUNT,366,366,NORMAL_DISCLOSURE_CONTROLLED_COUNT,277,277,NORMAL_DISCLOSURE_CONTROLLED_COUNT,70,70,NORMAL_DISCLOSURE_CONTROLLED_COUNT,37,37,NORMAL_DISCLOSURE_CONTROLLED_COUNT,5145,72,POSITIVE,False,"NOT_EXACT: mixes >6 members, non-private residents, and independently disclosure-controlled marginals",0
PLR,03200310,Krugpfuhl,True,True,7.811,7811,NORMAL_DISCLOSURE_CONTROLLED_COUNT,3.601,3601,NORMAL_DISCLOSURE_CONTROLLED_COUNT,1.299,1299,NORMAL_DISCLOSURE_CONTROLLED_COUNT,1.173,1173,NORMAL_DISCLOSURE_CONTROLLED_COUNT,596,596,NORMAL_DISCLOSURE_CONTROLLED_COUNT,399,399,NORMAL_DISCLOSURE_CONTROLLED_COUNT,87,87,NORMAL_DISCLOSURE_CONTROLLED_COUNT,45,45,NORMAL_DISCLOSURE_CONTROLLED_COUNT,7734,77,POSITIVE,False,"NOT_EXACT: mixes >6 members, non-private residents, and independently disclosure-controlled marginals",0
PLR,03300411,Karow Nord,True,True,10.738,10738,NORMAL_DISCLOSURE_CONTROLLED_COUNT,5.311,5311,NORMAL_DISCLOSURE_CONTROLLED_COUNT,2.373,2373,NORMAL_DISCLOSURE_CONTROLLED_COUNT,1.447,1447,NORMAL_DISCLOSURE_CONTROLLED_COUNT,766,766,NORMAL_DISCLOSURE_CONTROLLED_COUNT,524,524,NORMAL_DISCLOSURE_CONTROLLED_COUNT,143,143,NORMAL_DISCLOSURE_CONTROLLED_COUNT,58,58,NORMAL_DISCLOSURE_CONTROLLED_COUNT,10724,14,POSITIVE,False,"NOT_EXACT: mixes >6 members, non-private residents, and independently disclosure-controlled marginals",0
PLR,03300412, Karow Bahnhof ,True,True,5.115,5115,NORMAL_DISCLOSURE_CONTROLLED_COUNT,2.263,2263,NORMAL_DISCLOSURE_CONTROLLED_COUNT,676,676,NORMAL_DISCLOSURE_CONTROLLED_COUNT,886,886,NORMAL_DISCLOSURE_CONTROLLED_COUNT,337,337,NORMAL_DISCLOSURE_CONTROLLED_COUNT,250,250,NORMAL_DISCLOSURE_CONTROLLED_COUNT,78,78,NORMAL_DISCLOSURE_CONTROLLED_COUNT,32,32,NORMAL_DISCLOSURE_CONTROLLED_COUNT,5041,74,POSITIVE,False,"NOT_EXACT: mixes >6 members, non-private residents, and independently disclosure-controlled marginals",0
PLR,03300413, Karow Ost ,True,True,3.074,3074,NORMAL_DISCLOSURE_CONTROLLED_COUNT,1.319,1319,NORMAL_DISCLOSURE_CONTROLLED_COUNT,338,338,NORMAL_DISCLOSURE_CONTROLLED_COUNT,527,527,NORMAL_DISCLOSURE_CONTROLLED_COUNT,220,220,NORMAL_DISCLOSURE_CONTROLLED_COUNT,174,174,NORMAL_DISCLOSURE_CONTROLLED_COUNT,42,42,NORMAL_DISCLOSURE_CONTROLLED_COUNT,20,20,NORMAL_DISCLOSURE_CONTROLLED_COUNT,3078,-4,NEGATIVE,False,"NOT_EXACT: mixes >6 members, non-private residents, and independently disclosure-controlled marginals",0
PLR,03300514, Blankenburg ,True,True,6.656,6656,NORMAL_DISCLOSURE_CONTROLLED_COUNT,2.806,2806,NORMAL_DISCLOSURE_CONTROLLED_COUNT,782,782,NORMAL_DISCLOSURE_CONTROLLED_COUNT,1.095,1095,NORMAL_DISCLOSURE_CONTROLLED_COUNT,482,482,NORMAL_DISCLOSURE_CONTROLLED_COUNT,324,324,NORMAL_DISCLOSURE_CONTROLLED_COUNT,89,89,NORMAL_DISCLOSURE_CONTROLLED_COUNT,38,38,NORMAL_DISCLOSURE_CONTROLLED_COUNT,6387,269,POSITIVE,False,"NOT_EXACT: mixes >6 members, non-private residents, and independently disclosure-controlled marginals",0
PLR,03300515, Blankenburger Süden ,True,True,48,48,NORMAL_DISCLOSURE_CONTROLLED_COUNT,24,24,NORMAL_DISCLOSURE_CONTROLLED_COUNT,10,10,NORMAL_DISCLOSURE_CONTROLLED_COUNT,7,7,NORMAL_DISCLOSURE_CONTROLLED_COUNT,3,3,NORMAL_DISCLOSURE_CONTROLLED_COUNT,–,0,ZERO_OR_DISCLOSURE_ADJUSTED_ZERO,–,0,ZERO_OR_DISCLOSURE_ADJUSTED_ZERO,3,3,NORMAL_DISCLOSURE_CONTROLLED_COUNT,51,-3,NEGATIVE,False,"NOT_EXACT: mixes >6 members, non-private residents, and independently disclosure-controlled marginals",2
PLR,03300516, Heinersdorf ,True,True,7.626,7626,NORMAL_DISCLOSURE_CONTROLLED_COUNT,3.384,3384,NORMAL_DISCLOSURE_CONTROLLED_COUNT,1.351,1351,NORMAL_DISCLOSURE_CONTROLLED_COUNT,1.122,1122,NORMAL_DISCLOSURE_CONTROLLED_COUNT,479,479,NORMAL_DISCLOSURE_CONTROLLED_COUNT,320,320,NORMAL_DISCLOSURE_CONTROLLED_COUNT,72,72,NORMAL_DISCLOSURE_CONTROLLED_COUNT,40,40,NORMAL_DISCLOSURE_CONTROLLED_COUNT,6912,714,POSITIVE,False,"NOT_EXACT: mixes >6 members, non-private residents, and independently disclosure-controlled marginals",0
PLR,03300517, Märchenland ,True,True,1.078,1078,NORMAL_DISCLOSURE_CONTROLLED_COUNT,493,493,NORMAL_DISCLOSURE_CONTROLLED_COUNT,126,126,NORMAL_DISCLOSURE_CONTROLLED_COUNT,228,228,NORMAL_DISCLOSURE_CONTROLLED_COUNT,75,75,NORMAL_DISCLOSURE_CONTROLLED_COUNT,47,47,NORMAL_DISCLOSURE_CONTROLLED_COUNT,11,11,NORMAL_DISCLOSURE_CONTROLLED_COUNT,5,5,NORMAL_DISCLOSURE_CONTROLLED_COUNT,1080,-2,NEGATIVE,False,"NOT_EXACT: mixes >6 members, non-private residents, and independently disclosure-controlled marginals",0
PLR,03400618, Rosenthal ,True,True,4.653,4653,NORMAL_DISCLOSURE_CONTROLLED_COUNT,1.981,1981,NORMAL_DISCLOSURE_CONTROLLED_COUNT,599,599,NORMAL_DISCLOSURE_CONTROLLED_COUNT,645,645,NORMAL_DISCLOSURE_CONTROLLED_COUNT,379,379,NORMAL_DISCLOSURE_CONTROLLED_COUNT,234,234,NORMAL_DISCLOSURE_CONTROLLED_COUNT,89,89,NORMAL_DISCLOSURE_CONTROLLED_COUNT,35,35,NORMAL_DISCLOSURE_CONTROLLED_COUNT,4617,36,POSITIVE,False,"NOT_EXACT: mixes >6 members, non-private residents, and independently disclosure-controlled marginals",0
PLR,03400619, Wilhelmsruh ,True,True,9.907,9907,NORMAL_DISCLOSURE_CONTROLLED_COUNT,5.077,5077,NORMAL_DISCLOSURE_CONTROLLED_COUNT,2.397,2397,NORMAL_DISCLOSURE_CONTROLLED_COUNT,1.505,1505,NORMAL_DISCLOSURE_CONTROLLED_COUNT,610,610,NORMAL_DISCLOSURE_CONTROLLED_COUNT,406,406,NORMAL_DISCLOSURE_CONTROLLED_COUNT,102,102,NORMAL_DISCLOSURE_CONTROLLED_COUNT,59,59,NORMAL_DISCLOSURE_CONTROLLED_COUNT,9725,182,POSITIVE,False,"NOT_EXACT: mixes >6 members, non-private residents, and independently disclosure-controlled marginals",0
PLR,03400620, Schönholz ,True,True,3.425,3425,NORMAL_DISCLOSURE_CONTROLLED_COUNT,1.490,1490,NORMAL_DISCLOSURE_CONTROLLED_COUNT,585,585,NORMAL_DISCLOSURE_CONTROLLED_COUNT,447,447,NORMAL_DISCLOSURE_CONTROLLED_COUNT,218,218,NORMAL_DISCLOSURE_CONTROLLED_COUNT,173,173,NORMAL_DISCLOSURE_CONTROLLED_COUNT,41,41,NORMAL_DISCLOSURE_CONTROLLED_COUNT,26,26,NORMAL_DISCLOSURE_CONTROLLED_COUNT,3186,239,POSITIVE,False,"NOT_EXACT: mixes >6 members, non-private residents, and independently disclosure-controlled marginals",0
PLR,03400721,Florakiez,True,True,11.308,11308,NORMAL_DISCLOSURE_CONTROLLED_COUNT,5.708,5708,NORMAL_DISCLOSURE_CONTROLLED_COUNT,3.074,3074,NORMAL_DISCLOSURE_CONTROLLED_COUNT,1.121,1121,NORMAL_DISCLOSURE_CONTROLLED_COUNT,737,737,NORMAL_DISCLOSURE_CONTROLLED_COUNT,572,572,NORMAL_DISCLOSURE_CONTROLLED_COUNT,138,138,NORMAL_DISCLOSURE_CONTROLLED_COUNT,68,68,NORMAL_DISCLOSURE_CONTROLLED_COUNT,10913,395,POSITIVE,False,"NOT_EXACT: mixes >6 members, non-private residents, and independently disclosure-controlled marginals",0
PLR,03400722,Parkstraße,True,True,3.504,3504,NORMAL_DISCLOSURE_CONTROLLED_COUNT,1.691,1691,NORMAL_DISCLOSURE_CONTROLLED_COUNT,855,855,NORMAL_DISCLOSURE_CONTROLLED_COUNT,399,399,NORMAL_DISCLOSURE_CONTROLLED_COUNT,211,211,NORMAL_DISCLOSURE_CONTROLLED_COUNT,153,153,NORMAL_DISCLOSURE_CONTROLLED_COUNT,48,48,NORMAL_DISCLOSURE_CONTROLLED_COUNT,32,32,NORMAL_DISCLOSURE_CONTROLLED_COUNT,3330,174,POSITIVE,False,"NOT_EXACT: mixes >6 members, non-private residents, and independently disclosure-controlled marginals",0
PLR,03400723,Garbátyplatz,True,True,6.894,6894,NORMAL_DISCLOSURE_CONTROLLED_COUNT,3.941,3941,NORMAL_DISCLOSURE_CONTROLLED_COUNT,2.359,2359,NORMAL_DISCLOSURE_CONTROLLED_COUNT,756,756,NORMAL_DISCLOSURE_CONTROLLED_COUNT,413,413,NORMAL_DISCLOSURE_CONTROLLED_COUNT,325,325,NORMAL_DISCLOSURE_CONTROLLED_COUNT,63,63,NORMAL_DISCLOSURE_CONTROLLED_COUNT,27,27,NORMAL_DISCLOSURE_CONTROLLED_COUNT,6887,7,POSITIVE,False,"NOT_EXACT: mixes >6 members, non-private residents, and independently disclosure-controlled marginals",0
PLR,03400724,Wolfshagener Straße,True,True,7.513,7513,NORMAL_DISCLOSURE_CONTROLLED_COUNT,4.293,4293,NORMAL_DISCLOSURE_CONTROLLED_COUNT,2.309,2309,NORMAL_DISCLOSURE_CONTROLLED_COUNT,1.135,1135,NORMAL_DISCLOSURE_CONTROLLED_COUNT,483,483,NORMAL_DISCLOSURE_CONTROLLED_COUNT,282,282,NORMAL_DISCLOSURE_CONTROLLED_COUNT,64,64,NORMAL_DISCLOSURE_CONTROLLED_COUNT,18,18,NORMAL_DISCLOSURE_CONTROLLED_COUNT,7584,-71,NEGATIVE,False,"NOT_EXACT: mixes >6 members, non-private residents, and independently disclosure-controlled marginals",0
PLR,03400725,Schlosspark,True,True,7.229,7229,NORMAL_DISCLOSURE_CONTROLLED_COUNT,4.022,4022,NORMAL_DISCLOSURE_CONTROLLED_COUNT,2.162,2162,NORMAL_DISCLOSURE_CONTROLLED_COUNT,1.072,1072,NORMAL_DISCLOSURE_CONTROLLED_COUNT,437,437,NORMAL_DISCLOSURE_CONTROLLED_COUNT,268,268,NORMAL_DISCLOSURE_CONTROLLED_COUNT,58,58,NORMAL_DISCLOSURE_CONTROLLED_COUNT,25,25,NORMAL_DISCLOSURE_CONTROLLED_COUNT,7129,100,POSITIVE,False,"NOT_EXACT: mixes >6 members, non-private residents, and independently disclosure-controlled marginals",0
PLR,03400826,Tiroler Viertel,True,True,6.713,6713,NORMAL_DISCLOSURE_CONTROLLED_COUNT,3.707,3707,NORMAL_DISCLOSURE_CONTROLLED_COUNT,2.079,2079,NORMAL_DISCLOSURE_CONTROLLED_COUNT,941,941,NORMAL_DISCLOSURE_CONTROLLED_COUNT,379,379,NORMAL_DISCLOSURE_CONTROLLED_COUNT,235,235,NORMAL_DISCLOSURE_CONTROLLED_COUNT,50,50,NORMAL_DISCLOSURE_CONTROLLED_COUNT,22,22,NORMAL_DISCLOSURE_CONTROLLED_COUNT,6420,293,POSITIVE,False,"NOT_EXACT: mixes >6 members, non-private residents, and independently disclosure-controlled marginals",0
PLR,03400827,Trelleborger Viertel,True,True,9.256,9256,NORMAL_DISCLOSURE_CONTROLLED_COUNT,5.288,5288,NORMAL_DISCLOSURE_CONTROLLED_COUNT,3.173,3173,NORMAL_DISCLOSURE_CONTROLLED_COUNT,1.117,1117,NORMAL_DISCLOSURE_CONTROLLED_COUNT,550,550,NORMAL_DISCLOSURE_CONTROLLED_COUNT,343,343,NORMAL_DISCLOSURE_CONTROLLED_COUNT,60,60,NORMAL_DISCLOSURE_CONTROLLED_COUNT,41,41,NORMAL_DISCLOSURE_CONTROLLED_COUNT,8975,281,POSITIVE,False,"NOT_EXACT: mixes >6 members, non-private residents, and independently disclosure-controlled marginals",0
PLR,03400828,Spiekermann Straße,True,True,4.731,4731,NORMAL_DISCLOSURE_CONTROLLED_COUNT,2.882,2882,NORMAL_DISCLOSURE_CONTROLLED_COUNT,1.729,1729,NORMAL_DISCLOSURE_CONTROLLED_COUNT,700,700,NORMAL_DISCLOSURE_CONTROLLED_COUNT,261,261,NORMAL_DISCLOSURE_CONTROLLED_COUNT,162,162,NORMAL_DISCLOSURE_CONTROLLED_COUNT,21,21,NORMAL_DISCLOSURE_CONTROLLED_COUNT,13,13,NORMAL_DISCLOSURE_CONTROLLED_COUNT,4743,-12,NEGATIVE,False,"NOT_EXACT: mixes >6 members, non-private residents, and independently disclosure-controlled marginals",0
PLR,03400829,Arnold-Zweig-Straße ,True,True,5.571,5571,NORMAL_DISCLOSURE_CONTROLLED_COUNT,3.178,3178,NORMAL_DISCLOSURE_CONTROLLED_COUNT,1.830,1830,NORMAL_DISCLOSURE_CONTROLLED_COUNT,709,709,NORMAL_DISCLOSURE_CONTROLLED_COUNT,367,367,NORMAL_DISCLOSURE_CONTROLLED_COUNT,192,192,NORMAL_DISCLOSURE_CONTROLLED_COUNT,52,52,NORMAL_DISCLOSURE_CONTROLLED_COUNT,27,27,NORMAL_DISCLOSURE_CONTROLLED_COUNT,5539,32,POSITIVE,False,"NOT_EXACT: mixes >6 members, non-private residents, and independently disclosure-controlled marginals",0
PLR,03400830,Kissingenviertel ,True,True,9.195,9195,NORMAL_DISCLOSURE_CONTROLLED_COUNT,5.680,5680,NORMAL_DISCLOSURE_CONTROLLED_COUNT,3.517,3517,NORMAL_DISCLOSURE_CONTROLLED_COUNT,1.253,1253,NORMAL_DISCLOSURE_CONTROLLED_COUNT,551,551,NORMAL_DISCLOSURE_CONTROLLED_COUNT,277,277,NORMAL_DISCLOSURE_CONTROLLED_COUNT,66,66,NORMAL_DISCLOSURE_CONTROLLED_COUNT,19,19,NORMAL_DISCLOSURE_CONTROLLED_COUNT,9228,-33,NEGATIVE,False,"NOT_EXACT: mixes >6 members, non-private residents, and independently disclosure-controlled marginals",0
PLR,03400831,Pankower Tor,False,False,,,NOT_OBSERVED,,,NOT_OBSERVED,,,NOT_OBSERVED,,,NOT_OBSERVED,,,NOT_OBSERVED,,,NOT_OBSERVED,,,NOT_OBSERVED,,,NOT_OBSERVED,,,NOT_COMPUTABLE,False,NOT_COMPUTABLE,0
PLR,03500932,Bühringstraße,True,True,5.989,5989,NORMAL_DISCLOSURE_CONTROLLED_COUNT,3.334,3334,NORMAL_DISCLOSURE_CONTROLLED_COUNT,1.926,1926,NORMAL_DISCLOSURE_CONTROLLED_COUNT,894,894,NORMAL_DISCLOSURE_CONTROLLED_COUNT,324,324,NORMAL_DISCLOSURE_CONTROLLED_COUNT,148,148,NORMAL_DISCLOSURE_CONTROLLED_COUNT,27,27,NORMAL_DISCLOSURE_CONTROLLED_COUNT,10,10,NORMAL_DISCLOSURE_CONTROLLED_COUNT,5473,516,POSITIVE,False,"NOT_EXACT: mixes >6 members, non-private residents, and independently disclosure-controlled marginals",0
PLR,03500933,Weißer See,True,True,7.314,7314,NORMAL_DISCLOSURE_CONTROLLED_COUNT,3.973,3973,NORMAL_DISCLOSURE_CONTROLLED_COUNT,2.302,2302,NORMAL_DISCLOSURE_CONTROLLED_COUNT,877,877,NORMAL_DISCLOSURE_CONTROLLED_COUNT,393,393,NORMAL_DISCLOSURE_CONTROLLED_COUNT,286,286,NORMAL_DISCLOSURE_CONTROLLED_COUNT,82,82,NORMAL_DISCLOSURE_CONTROLLED_COUNT,32,32,NORMAL_DISCLOSURE_CONTROLLED_COUNT,6981,333,POSITIVE,False,"NOT_EXACT: mixes >6 members, non-private residents, and independently disclosure-controlled marginals",0
PLR,03500934,Weißenseer Spitze,True,True,9.895,9895,NORMAL_DISCLOSURE_CONTROLLED_COUNT,5.891,5891,NORMAL_DISCLOSURE_CONTROLLED_COUNT,3.605,3605,NORMAL_DISCLOSURE_CONTROLLED_COUNT,1.185,1185,NORMAL_DISCLOSURE_CONTROLLED_COUNT,634,634,NORMAL_DISCLOSURE_CONTROLLED_COUNT,367,367,NORMAL_DISCLOSURE_CONTROLLED_COUNT,61,61,NORMAL_DISCLOSURE_CONTROLLED_COUNT,36,36,NORMAL_DISCLOSURE_CONTROLLED_COUNT,9866,29,POSITIVE,False,"NOT_EXACT: mixes >6 members, non-private residents, and independently disclosure-controlled marginals",0
PLR,03500935,Behaimstraße,True,True,6.400,6400,NORMAL_DISCLOSURE_CONTROLLED_COUNT,3.570,3570,NORMAL_DISCLOSURE_CONTROLLED_COUNT,2.094,2094,NORMAL_DISCLOSURE_CONTROLLED_COUNT,701,701,NORMAL_DISCLOSURE_CONTROLLED_COUNT,404,404,NORMAL_DISCLOSURE_CONTROLLED_COUNT,280,280,NORMAL_DISCLOSURE_CONTROLLED_COUNT,58,58,NORMAL_DISCLOSURE_CONTROLLED_COUNT,31,31,NORMAL_DISCLOSURE_CONTROLLED_COUNT,6304,96,POSITIVE,False,"NOT_EXACT: mixes >6 members, non-private residents, and independently disclosure-controlled marginals",0
PLR,03500936,Komponistenviertel Weißensee,True,True,9.255,9255,NORMAL_DISCLOSURE_CONTROLLED_COUNT,5.152,5152,NORMAL_DISCLOSURE_CONTROLLED_COUNT,2.951,2951,NORMAL_DISCLOSURE_CONTROLLED_COUNT,1.102,1102,NORMAL_DISCLOSURE_CONTROLLED_COUNT,594,594,NORMAL_DISCLOSURE_CONTROLLED_COUNT,370,370,NORMAL_DISCLOSURE_CONTROLLED_COUNT,89,89,NORMAL_DISCLOSURE_CONTROLLED_COUNT,46,46,NORMAL_DISCLOSURE_CONTROLLED_COUNT,9138,117,POSITIVE,False,"NOT_EXACT: mixes >6 members, non-private residents, and independently disclosure-controlled marginals",0
PLR,03501037,Rathaus Weißensee ,True,True,8.142,8142,NORMAL_DISCLOSURE_CONTROLLED_COUNT,4.943,4943,NORMAL_DISCLOSURE_CONTROLLED_COUNT,3.010,3010,NORMAL_DISCLOSURE_CONTROLLED_COUNT,1.199,1199,NORMAL_DISCLOSURE_CONTROLLED_COUNT,428,428,NORMAL_DISCLOSURE_CONTROLLED_COUNT,229,229,NORMAL_DISCLOSURE_CONTROLLED_COUNT,50,50,NORMAL_DISCLOSURE_CONTROLLED_COUNT,28,28,NORMAL_DISCLOSURE_CONTROLLED_COUNT,8026,116,POSITIVE,False,"NOT_EXACT: mixes >6 members, non-private residents, and independently disclosure-controlled marginals",0
PLR,03501038,Hansastraße ,True,True,7.394,7394,NORMAL_DISCLOSURE_CONTROLLED_COUNT,3.879,3879,NORMAL_DISCLOSURE_CONTROLLED_COUNT,1.971,1971,NORMAL_DISCLOSURE_CONTROLLED_COUNT,1.167,1167,NORMAL_DISCLOSURE_CONTROLLED_COUNT,394,394,NORMAL_DISCLOSURE_CONTROLLED_COUNT,250,250,NORMAL_DISCLOSURE_CONTROLLED_COUNT,73,73,NORMAL_DISCLOSURE_CONTROLLED_COUNT,31,31,NORMAL_DISCLOSURE_CONTROLLED_COUNT,7038,356,POSITIVE,False,"NOT_EXACT: mixes >6 members, non-private residents, and independently disclosure-controlled marginals",0
PLR,03601139,Norweger Viertel,True,True,3.657,3657,NORMAL_DISCLOSURE_CONTROLLED_COUNT,2.106,2106,NORMAL_DISCLOSURE_CONTROLLED_COUNT,1.339,1339,NORMAL_DISCLOSURE_CONTROLLED_COUNT,416,416,NORMAL_DISCLOSURE_CONTROLLED_COUNT,206,206,NORMAL_DISCLOSURE_CONTROLLED_COUNT,91,91,NORMAL_DISCLOSURE_CONTROLLED_COUNT,33,33,NORMAL_DISCLOSURE_CONTROLLED_COUNT,19,19,NORMAL_DISCLOSURE_CONTROLLED_COUNT,3432,225,POSITIVE,False,"NOT_EXACT: mixes >6 members, non-private residents, and independently disclosure-controlled marginals",0
PLR,03601140,Malmöer Straße ,True,True,5.614,5614,NORMAL_DISCLOSURE_CONTROLLED_COUNT,3.205,3205,NORMAL_DISCLOSURE_CONTROLLED_COUNT,1.997,1997,NORMAL_DISCLOSURE_CONTROLLED_COUNT,636,636,NORMAL_DISCLOSURE_CONTROLLED_COUNT,316,316,NORMAL_DISCLOSURE_CONTROLLED_COUNT,186,186,NORMAL_DISCLOSURE_CONTROLLED_COUNT,34,34,NORMAL_DISCLOSURE_CONTROLLED_COUNT,36,36,NORMAL_DISCLOSURE_CONTROLLED_COUNT,5347,267,POSITIVE,False,"NOT_EXACT: mixes >6 members, non-private residents, and independently disclosure-controlled marginals",0
PLR,03601141,Arnimplatz ,True,True,6.375,6375,NORMAL_DISCLOSURE_CONTROLLED_COUNT,3.930,3930,NORMAL_DISCLOSURE_CONTROLLED_COUNT,2.590,2590,NORMAL_DISCLOSURE_CONTROLLED_COUNT,695,695,NORMAL_DISCLOSURE_CONTROLLED_COUNT,366,366,NORMAL_DISCLOSURE_CONTROLLED_COUNT,194,194,NORMAL_DISCLOSURE_CONTROLLED_COUNT,48,48,NORMAL_DISCLOSURE_CONTROLLED_COUNT,37,37,NORMAL_DISCLOSURE_CONTROLLED_COUNT,6316,59,POSITIVE,False,"NOT_EXACT: mixes >6 members, non-private residents, and independently disclosure-controlled marginals",0
PLR,03601142,Falkplatz ,True,True,10.292,10292,NORMAL_DISCLOSURE_CONTROLLED_COUNT,6.226,6226,NORMAL_DISCLOSURE_CONTROLLED_COUNT,4.122,4122,NORMAL_DISCLOSURE_CONTROLLED_COUNT,1.069,1069,NORMAL_DISCLOSURE_CONTROLLED_COUNT,534,534,NORMAL_DISCLOSURE_CONTROLLED_COUNT,339,339,NORMAL_DISCLOSURE_CONTROLLED_COUNT,88,88,NORMAL_DISCLOSURE_CONTROLLED_COUNT,75,75,NORMAL_DISCLOSURE_CONTROLLED_COUNT,10108,184,POSITIVE,False,"NOT_EXACT: mixes >6 members, non-private residents, and independently disclosure-controlled marginals",0
PLR,03601243,Rodenbergstraße ,True,True,6.933,6933,NORMAL_DISCLOSURE_CONTROLLED_COUNT,4.257,4257,NORMAL_DISCLOSURE_CONTROLLED_COUNT,2.845,2845,NORMAL_DISCLOSURE_CONTROLLED_COUNT,762,762,NORMAL_DISCLOSURE_CONTROLLED_COUNT,365,365,NORMAL_DISCLOSURE_CONTROLLED_COUNT,191,191,NORMAL_DISCLOSURE_CONTROLLED_COUNT,49,49,NORMAL_DISCLOSURE_CONTROLLED_COUNT,47,47,NORMAL_DISCLOSURE_CONTROLLED_COUNT,6755,178,POSITIVE,False,"NOT_EXACT: mixes >6 members, non-private residents, and independently disclosure-controlled marginals",0
PLR,03601244,Humannplatz ,True,True,7.410,7410,NORMAL_DISCLOSURE_CONTROLLED_COUNT,4.549,4549,NORMAL_DISCLOSURE_CONTROLLED_COUNT,2.909,2909,NORMAL_DISCLOSURE_CONTROLLED_COUNT,945,945,NORMAL_DISCLOSURE_CONTROLLED_COUNT,403,403,NORMAL_DISCLOSURE_CONTROLLED_COUNT,196,196,NORMAL_DISCLOSURE_CONTROLLED_COUNT,43,43,NORMAL_DISCLOSURE_CONTROLLED_COUNT,48,48,NORMAL_DISCLOSURE_CONTROLLED_COUNT,7295,115,POSITIVE,False,"NOT_EXACT: mixes >6 members, non-private residents, and independently disclosure-controlled marginals",0
PLR,03601245,Ostseestraße,True,True,12.406,12406,NORMAL_DISCLOSURE_CONTROLLED_COUNT,7.957,7957,NORMAL_DISCLOSURE_CONTROLLED_COUNT,5.311,5311,NORMAL_DISCLOSURE_CONTROLLED_COUNT,1.634,1634,NORMAL_DISCLOSURE_CONTROLLED_COUNT,586,586,NORMAL_DISCLOSURE_CONTROLLED_COUNT,321,321,NORMAL_DISCLOSURE_CONTROLLED_COUNT,65,65,NORMAL_DISCLOSURE_CONTROLLED_COUNT,36,36,NORMAL_DISCLOSURE_CONTROLLED_COUNT,12162,244,POSITIVE,False,"NOT_EXACT: mixes >6 members, non-private residents, and independently disclosure-controlled marginals",0
PLR,03601346,Gethsemanekirche ,True,True,5.727,5727,NORMAL_DISCLOSURE_CONTROLLED_COUNT,3.375,3375,NORMAL_DISCLOSURE_CONTROLLED_COUNT,2.149,2149,NORMAL_DISCLOSURE_CONTROLLED_COUNT,598,598,NORMAL_DISCLOSURE_CONTROLLED_COUNT,342,342,NORMAL_DISCLOSURE_CONTROLLED_COUNT,196,196,NORMAL_DISCLOSURE_CONTROLLED_COUNT,45,45,NORMAL_DISCLOSURE_CONTROLLED_COUNT,43,43,NORMAL_DISCLOSURE_CONTROLLED_COUNT,5638,89,POSITIVE,False,"NOT_EXACT: mixes >6 members, non-private residents, and independently disclosure-controlled marginals",0
PLR,03601347,Helmholtzplatz ,True,True,8.847,8847,NORMAL_DISCLOSURE_CONTROLLED_COUNT,5.196,5196,NORMAL_DISCLOSURE_CONTROLLED_COUNT,3.368,3368,NORMAL_DISCLOSURE_CONTROLLED_COUNT,910,910,NORMAL_DISCLOSURE_CONTROLLED_COUNT,479,479,NORMAL_DISCLOSURE_CONTROLLED_COUNT,310,310,NORMAL_DISCLOSURE_CONTROLLED_COUNT,75,75,NORMAL_DISCLOSURE_CONTROLLED_COUNT,55,55,NORMAL_DISCLOSURE_CONTROLLED_COUNT,8570,277,POSITIVE,False,"NOT_EXACT: mixes >6 members, non-private residents, and independently disclosure-controlled marginals",0
PLR,03601348,Senefelderstraße ,True,True,7.195,7195,NORMAL_DISCLOSURE_CONTROLLED_COUNT,4.379,4379,NORMAL_DISCLOSURE_CONTROLLED_COUNT,2.938,2938,NORMAL_DISCLOSURE_CONTROLLED_COUNT,717,717,NORMAL_DISCLOSURE_CONTROLLED_COUNT,373,373,NORMAL_DISCLOSURE_CONTROLLED_COUNT,244,244,NORMAL_DISCLOSURE_CONTROLLED_COUNT,64,64,NORMAL_DISCLOSURE_CONTROLLED_COUNT,49,49,NORMAL_DISCLOSURE_CONTROLLED_COUNT,7081,114,POSITIVE,False,"NOT_EXACT: mixes >6 members, non-private residents, and independently disclosure-controlled marginals",0
PLR,03601449,Michelangelostraße  ,True,True,9.672,9672,NORMAL_DISCLOSURE_CONTROLLED_COUNT,5.884,5884,NORMAL_DISCLOSURE_CONTROLLED_COUNT,3.627,3627,NORMAL_DISCLOSURE_CONTROLLED_COUNT,1.569,1569,NORMAL_DISCLOSURE_CONTROLLED_COUNT,393,393,NORMAL_DISCLOSURE_CONTROLLED_COUNT,197,197,NORMAL_DISCLOSURE_CONTROLLED_COUNT,66,66,NORMAL_DISCLOSURE_CONTROLLED_COUNT,38,38,NORMAL_DISCLOSURE_CONTROLLED_COUNT,9290,382,POSITIVE,False,"NOT_EXACT: mixes >6 members, non-private residents, and independently disclosure-controlled marginals",0
PLR,03601450,Volkspark Prenzlauer Berg ,True,True,3.608,3608,NORMAL_DISCLOSURE_CONTROLLED_COUNT,1.607,1607,NORMAL_DISCLOSURE_CONTROLLED_COUNT,908,908,NORMAL_DISCLOSURE_CONTROLLED_COUNT,437,437,NORMAL_DISCLOSURE_CONTROLLED_COUNT,133,133,NORMAL_DISCLOSURE_CONTROLLED_COUNT,93,93,NORMAL_DISCLOSURE_CONTROLLED_COUNT,29,29,NORMAL_DISCLOSURE_CONTROLLED_COUNT,17,17,NORMAL_DISCLOSURE_CONTROLLED_COUNT,2800,808,POSITIVE,False,"NOT_EXACT: mixes >6 members, non-private residents, and independently disclosure-controlled marginals",0
PLR,03601451,Anton-Saefkow-Park ,True,True,5.943,5943,NORMAL_DISCLOSURE_CONTROLLED_COUNT,3.666,3666,NORMAL_DISCLOSURE_CONTROLLED_COUNT,2.495,2495,NORMAL_DISCLOSURE_CONTROLLED_COUNT,607,607,NORMAL_DISCLOSURE_CONTROLLED_COUNT,319,319,NORMAL_DISCLOSURE_CONTROLLED_COUNT,159,159,NORMAL_DISCLOSURE_CONTROLLED_COUNT,32,32,NORMAL_DISCLOSURE_CONTROLLED_COUNT,50,50,NORMAL_DISCLOSURE_CONTROLLED_COUNT,5762,181,POSITIVE,False,"NOT_EXACT: mixes >6 members, non-private residents, and independently disclosure-controlled marginals",0
PLR,03601452,Velodrom ,True,True,4.138,4138,NORMAL_DISCLOSURE_CONTROLLED_COUNT,2.499,2499,NORMAL_DISCLOSURE_CONTROLLED_COUNT,1.671,1671,NORMAL_DISCLOSURE_CONTROLLED_COUNT,447,447,NORMAL_DISCLOSURE_CONTROLLED_COUNT,206,206,NORMAL_DISCLOSURE_CONTROLLED_COUNT,108,108,NORMAL_DISCLOSURE_CONTROLLED_COUNT,33,33,NORMAL_DISCLOSURE_CONTROLLED_COUNT,24,24,NORMAL_DISCLOSURE_CONTROLLED_COUNT,3924,214,POSITIVE,False,"NOT_EXACT: mixes >6 members, non-private residents, and independently disclosure-controlled marginals",0
PLR,03601453,Alter Schlachthof ,True,True,2.925,2925,NORMAL_DISCLOSURE_CONTROLLED_COUNT,1.113,1113,NORMAL_DISCLOSURE_CONTROLLED_COUNT,375,375,NORMAL_DISCLOSURE_CONTROLLED_COUNT,218,218,NORMAL_DISCLOSURE_CONTROLLED_COUNT,214,214,NORMAL_DISCLOSURE_CONTROLLED_COUNT,223,223,NORMAL_DISCLOSURE_CONTROLLED_COUNT,64,64,NORMAL_DISCLOSURE_CONTROLLED_COUNT,22,22,NORMAL_DISCLOSURE_CONTROLLED_COUNT,2797,128,POSITIVE,False,"NOT_EXACT: mixes >6 members, non-private residents, and independently disclosure-controlled marginals",0
PLR,03701554,Teutoburger Platz ,True,True,10.808,10808,NORMAL_DISCLOSURE_CONTROLLED_COUNT,6.173,6173,NORMAL_DISCLOSURE_CONTROLLED_COUNT,3.944,3944,NORMAL_DISCLOSURE_CONTROLLED_COUNT,1.029,1029,NORMAL_DISCLOSURE_CONTROLLED_COUNT,616,616,NORMAL_DISCLOSURE_CONTROLLED_COUNT,392,392,NORMAL_DISCLOSURE_CONTROLLED_COUNT,98,98,NORMAL_DISCLOSURE_CONTROLLED_COUNT,89,89,NORMAL_DISCLOSURE_CONTROLLED_COUNT,10442,366,POSITIVE,False,"NOT_EXACT: mixes >6 members, non-private residents, and independently disclosure-controlled marginals",0
PLR,03701555,Sredzkistraße ,True,True,7.035,7035,NORMAL_DISCLOSURE_CONTROLLED_COUNT,4.084,4084,NORMAL_DISCLOSURE_CONTROLLED_COUNT,2.496,2496,NORMAL_DISCLOSURE_CONTROLLED_COUNT,796,796,NORMAL_DISCLOSURE_CONTROLLED_COUNT,430,430,NORMAL_DISCLOSURE_CONTROLLED_COUNT,256,256,NORMAL_DISCLOSURE_CONTROLLED_COUNT,55,55,NORMAL_DISCLOSURE_CONTROLLED_COUNT,56,56,NORMAL_DISCLOSURE_CONTROLLED_COUNT,7013,22,POSITIVE,False,"NOT_EXACT: mixes >6 members, non-private residents, and independently disclosure-controlled marginals",0
PLR,03701556,Kollwitzplatz,True,True,8.375,8375,NORMAL_DISCLOSURE_CONTROLLED_COUNT,4.574,4574,NORMAL_DISCLOSURE_CONTROLLED_COUNT,2.710,2710,NORMAL_DISCLOSURE_CONTROLLED_COUNT,864,864,NORMAL_DISCLOSURE_CONTROLLED_COUNT,506,506,NORMAL_DISCLOSURE_CONTROLLED_COUNT,370,370,NORMAL_DISCLOSURE_CONTROLLED_COUNT,69,69,NORMAL_DISCLOSURE_CONTROLLED_COUNT,53,53,NORMAL_DISCLOSURE_CONTROLLED_COUNT,8099,276,POSITIVE,False,"NOT_EXACT: mixes >6 members, non-private residents, and independently disclosure-controlled marginals",0
PLR,03701657, Thälmannpark ,True,True,3.034,3034,NORMAL_DISCLOSURE_CONTROLLED_COUNT,1.733,1733,NORMAL_DISCLOSURE_CONTROLLED_COUNT,1.056,1056,NORMAL_DISCLOSURE_CONTROLLED_COUNT,390,390,NORMAL_DISCLOSURE_CONTROLLED_COUNT,137,137,NORMAL_DISCLOSURE_CONTROLLED_COUNT,103,103,NORMAL_DISCLOSURE_CONTROLLED_COUNT,27,27,NORMAL_DISCLOSURE_CONTROLLED_COUNT,18,18,NORMAL_DISCLOSURE_CONTROLLED_COUNT,2902,132,POSITIVE,False,"NOT_EXACT: mixes >6 members, non-private residents, and independently disclosure-controlled marginals",0
PLR,03701658,Christburger Straße ,True,True,8.189,8189,NORMAL_DISCLOSURE_CONTROLLED_COUNT,4.753,4753,NORMAL_DISCLOSURE_CONTROLLED_COUNT,2.988,2988,NORMAL_DISCLOSURE_CONTROLLED_COUNT,862,862,NORMAL_DISCLOSURE_CONTROLLED_COUNT,451,451,NORMAL_DISCLOSURE_CONTROLLED_COUNT,311,311,NORMAL_DISCLOSURE_CONTROLLED_COUNT,87,87,NORMAL_DISCLOSURE_CONTROLLED_COUNT,46,46,NORMAL_DISCLOSURE_CONTROLLED_COUNT,8020,169,POSITIVE,False,"NOT_EXACT: mixes >6 members, non-private residents, and independently disclosure-controlled marginals",0
PLR,03701659,Immanuelkirchstraße ,True,True,8.654,8654,NORMAL_DISCLOSURE_CONTROLLED_COUNT,4.954,4954,NORMAL_DISCLOSURE_CONTROLLED_COUNT,3.037,3037,NORMAL_DISCLOSURE_CONTROLLED_COUNT,969,969,NORMAL_DISCLOSURE_CONTROLLED_COUNT,458,458,NORMAL_DISCLOSURE_CONTROLLED_COUNT,354,354,NORMAL_DISCLOSURE_CONTROLLED_COUNT,91,91,NORMAL_DISCLOSURE_CONTROLLED_COUNT,46,46,NORMAL_DISCLOSURE_CONTROLLED_COUNT,8496,158,POSITIVE,False,"NOT_EXACT: mixes >6 members, non-private residents, and independently disclosure-controlled marginals",0
PLR,03701660,Bötzowstraße,True,True,12.531,12531,NORMAL_DISCLOSURE_CONTROLLED_COUNT,6.923,6923,NORMAL_DISCLOSURE_CONTROLLED_COUNT,4.110,4110,NORMAL_DISCLOSURE_CONTROLLED_COUNT,1.298,1298,NORMAL_DISCLOSURE_CONTROLLED_COUNT,775,775,NORMAL_DISCLOSURE_CONTROLLED_COUNT,547,547,NORMAL_DISCLOSURE_CONTROLLED_COUNT,112,112,NORMAL_DISCLOSURE_CONTROLLED_COUNT,80,80,NORMAL_DISCLOSURE_CONTROLLED_COUNT,12259,272,POSITIVE,False,"NOT_EXACT: mixes >6 members, non-private residents, and independently disclosure-controlled marginals",0
PLR,04100101,Jungfernheide/ Plötzensee,True,True,10.845,10845,NORMAL_DISCLOSURE_CONTROLLED_COUNT,6.005,6005,NORMAL_DISCLOSURE_CONTROLLED_COUNT,3.648,3648,NORMAL_DISCLOSURE_CONTROLLED_COUNT,1.269,1269,NORMAL_DISCLOSURE_CONTROLLED_COUNT,543,543,NORMAL_DISCLOSURE_CONTROLLED_COUNT,350,350,NORMAL_DISCLOSURE_CONTROLLED_COUNT,118,118,NORMAL_DISCLOSURE_CONTROLLED_COUNT,76,76,NORMAL_DISCLOSURE_CONTROLLED_COUNT,10261,584,POSITIVE,False,"NOT_EXACT: mixes >6 members, non-private residents, and independently disclosure-controlled marginals",0
PLR,04100102,Paul-Hertz-Siedlung,True,True,6.895,6895,NORMAL_DISCLOSURE_CONTROLLED_COUNT,2.471,2471,NORMAL_DISCLOSURE_CONTROLLED_COUNT,1.244,1244,NORMAL_DISCLOSURE_CONTROLLED_COUNT,646,646,NORMAL_DISCLOSURE_CONTROLLED_COUNT,223,223,NORMAL_DISCLOSURE_CONTROLLED_COUNT,173,173,NORMAL_DISCLOSURE_CONTROLLED_COUNT,52,52,NORMAL_DISCLOSURE_CONTROLLED_COUNT,131,131,NORMAL_DISCLOSURE_CONTROLLED_COUNT,4943,1952,POSITIVE,False,"NOT_EXACT: mixes >6 members, non-private residents, and independently disclosure-controlled marginals",0
PLR,04200203,Olympiagelände,True,True,1.422,1422,NORMAL_DISCLOSURE_CONTROLLED_COUNT,673,673,NORMAL_DISCLOSURE_CONTROLLED_COUNT,281,281,NORMAL_DISCLOSURE_CONTROLLED_COUNT,215,215,NORMAL_DISCLOSURE_CONTROLLED_COUNT,68,68,NORMAL_DISCLOSURE_CONTROLLED_COUNT,67,67,NORMAL_DISCLOSURE_CONTROLLED_COUNT,23,23,NORMAL_DISCLOSURE_CONTROLLED_COUNT,20,20,NORMAL_DISCLOSURE_CONTROLLED_COUNT,1418,4,POSITIVE,False,"NOT_EXACT: mixes >6 members, non-private residents, and independently disclosure-controlled marginals",0
PLR,04200204,Angerburger Allee,True,True,2.618,2618,NORMAL_DISCLOSURE_CONTROLLED_COUNT,1.597,1597,NORMAL_DISCLOSURE_CONTROLLED_COUNT,1.080,1080,NORMAL_DISCLOSURE_CONTROLLED_COUNT,313,313,NORMAL_DISCLOSURE_CONTROLLED_COUNT,113,113,NORMAL_DISCLOSURE_CONTROLLED_COUNT,68,68,NORMAL_DISCLOSURE_CONTROLLED_COUNT,7,7,NORMAL_DISCLOSURE_CONTROLLED_COUNT,13,13,NORMAL_DISCLOSURE_CONTROLLED_COUNT,2430,188,POSITIVE,False,"NOT_EXACT: mixes >6 members, non-private residents, and independently disclosure-controlled marginals",0
PLR,04200205,Flatowallee,True,True,2.400,2400,NORMAL_DISCLOSURE_CONTROLLED_COUNT,1.400,1400,NORMAL_DISCLOSURE_CONTROLLED_COUNT,824,824,NORMAL_DISCLOSURE_CONTROLLED_COUNT,329,329,NORMAL_DISCLOSURE_CONTROLLED_COUNT,115,115,NORMAL_DISCLOSURE_CONTROLLED_COUNT,86,86,NORMAL_DISCLOSURE_CONTROLLED_COUNT,26,26,NORMAL_DISCLOSURE_CONTROLLED_COUNT,16,16,NORMAL_DISCLOSURE_CONTROLLED_COUNT,2397,3,POSITIVE,False,"NOT_EXACT: mixes >6 members, non-private residents, and independently disclosure-controlled marginals",0
PLR,04200206,Kranzallee,True,True,2.776,2776,NORMAL_DISCLOSURE_CONTROLLED_COUNT,1.310,1310,NORMAL_DISCLOSURE_CONTROLLED_COUNT,562,562,NORMAL_DISCLOSURE_CONTROLLED_COUNT,356,356,NORMAL_DISCLOSURE_CONTROLLED_COUNT,177,177,NORMAL_DISCLOSURE_CONTROLLED_COUNT,140,140,NORMAL_DISCLOSURE_CONTROLLED_COUNT,49,49,NORMAL_DISCLOSURE_CONTROLLED_COUNT,24,24,NORMAL_DISCLOSURE_CONTROLLED_COUNT,2754,22,POSITIVE,False,"NOT_EXACT: mixes >6 members, non-private residents, and independently disclosure-controlled marginals",0
PLR,04200207,Eichkamp,True,True,2.907,2907,NORMAL_DISCLOSURE_CONTROLLED_COUNT,1.472,1472,NORMAL_DISCLOSURE_CONTROLLED_COUNT,772,772,NORMAL_DISCLOSURE_CONTROLLED_COUNT,340,340,NORMAL_DISCLOSURE_CONTROLLED_COUNT,135,135,NORMAL_DISCLOSURE_CONTROLLED_COUNT,130,130,NORMAL_DISCLOSURE_CONTROLLED_COUNT,56,56,NORMAL_DISCLOSURE_CONTROLLED_COUNT,41,41,NORMAL_DISCLOSURE_CONTROLLED_COUNT,2903,4,POSITIVE,False,"NOT_EXACT: mixes >6 members, non-private residents, and independently disclosure-controlled marginals",0
PLR,04200308,Branitzer Platz,True,True,5.624,5624,NORMAL_DISCLOSURE_CONTROLLED_COUNT,3.333,3333,NORMAL_DISCLOSURE_CONTROLLED_COUNT,2.181,2181,NORMAL_DISCLOSURE_CONTROLLED_COUNT,617,617,NORMAL_DISCLOSURE_CONTROLLED_COUNT,254,254,NORMAL_DISCLOSURE_CONTROLLED_COUNT,201,201,NORMAL_DISCLOSURE_CONTROLLED_COUNT,46,46,NORMAL_DISCLOSURE_CONTROLLED_COUNT,34,34,NORMAL_DISCLOSURE_CONTROLLED_COUNT,5415,209,POSITIVE,False,"NOT_EXACT: mixes >6 members, non-private residents, and independently disclosure-controlled marginals",0
PLR,04200309,Neu Westend,True,True,6.512,6512,NORMAL_DISCLOSURE_CONTROLLED_COUNT,3.857,3857,NORMAL_DISCLOSURE_CONTROLLED_COUNT,2.281,2281,NORMAL_DISCLOSURE_CONTROLLED_COUNT,962,962,NORMAL_DISCLOSURE_CONTROLLED_COUNT,320,320,NORMAL_DISCLOSURE_CONTROLLED_COUNT,206,206,NORMAL_DISCLOSURE_CONTROLLED_COUNT,56,56,NORMAL_DISCLOSURE_CONTROLLED_COUNT,30,30,NORMAL_DISCLOSURE_CONTROLLED_COUNT,6449,63,POSITIVE,False,"NOT_EXACT: mixes >6 members, non-private residents, and independently disclosure-controlled marginals",0
PLR,04200310,Fürstenplatz,True,True,7.215,7215,NORMAL_DISCLOSURE_CONTROLLED_COUNT,4.164,4164,NORMAL_DISCLOSURE_CONTROLLED_COUNT,2.591,2591,NORMAL_DISCLOSURE_CONTROLLED_COUNT,875,875,NORMAL_DISCLOSURE_CONTROLLED_COUNT,347,347,NORMAL_DISCLOSURE_CONTROLLED_COUNT,228,228,NORMAL_DISCLOSURE_CONTROLLED_COUNT,71,71,NORMAL_DISCLOSURE_CONTROLLED_COUNT,53,53,NORMAL_DISCLOSURE_CONTROLLED_COUNT,6967,248,POSITIVE,False,"NOT_EXACT: mixes >6 members, non-private residents, and independently disclosure-controlled marginals",0
PLR,04200311,Königin-Elisabeth-Straße,True,True,6.856,6856,NORMAL_DISCLOSURE_CONTROLLED_COUNT,4.130,4130,NORMAL_DISCLOSURE_CONTROLLED_COUNT,2.748,2748,NORMAL_DISCLOSURE_CONTROLLED_COUNT,831,831,NORMAL_DISCLOSURE_CONTROLLED_COUNT,276,276,NORMAL_DISCLOSURE_CONTROLLED_COUNT,173,173,NORMAL_DISCLOSURE_CONTROLLED_COUNT,55,55,NORMAL_DISCLOSURE_CONTROLLED_COUNT,46,46,NORMAL_DISCLOSURE_CONTROLLED_COUNT,6481,375,POSITIVE,False,"NOT_EXACT: mixes >6 members, non-private residents, and independently disclosure-controlled marginals",0
PLR,04300412,Schlossgarten,True,True,3.669,3669,NORMAL_DISCLOSURE_CONTROLLED_COUNT,2.362,2362,NORMAL_DISCLOSURE_CONTROLLED_COUNT,1.761,1761,NORMAL_DISCLOSURE_CONTROLLED_COUNT,337,337,NORMAL_DISCLOSURE_CONTROLLED_COUNT,146,146,NORMAL_DISCLOSURE_CONTROLLED_COUNT,86,86,NORMAL_DISCLOSURE_CONTROLLED_COUNT,16,16,NORMAL_DISCLOSURE_CONTROLLED_COUNT,21,21,NORMAL_DISCLOSURE_CONTROLLED_COUNT,3423,246,POSITIVE,False,"NOT_EXACT: mixes >6 members, non-private residents, and independently disclosure-controlled marginals",0
PLR,04300413,Klausenerplatz,True,True,9.461,9461,NORMAL_DISCLOSURE_CONTROLLED_COUNT,5.141,5141,NORMAL_DISCLOSURE_CONTROLLED_COUNT,3.044,3044,NORMAL_DISCLOSURE_CONTROLLED_COUNT,1.006,1006,NORMAL_DISCLOSURE_CONTROLLED_COUNT,472,472,NORMAL_DISCLOSURE_CONTROLLED_COUNT,396,396,NORMAL_DISCLOSURE_CONTROLLED_COUNT,132,132,NORMAL_DISCLOSURE_CONTROLLED_COUNT,96,96,NORMAL_DISCLOSURE_CONTROLLED_COUNT,9292,169,POSITIVE,False,"NOT_EXACT: mixes >6 members, non-private residents, and independently disclosure-controlled marginals",0
PLR,04300414,Schloßstraße,True,True,10.090,10090,NORMAL_DISCLOSURE_CONTROLLED_COUNT,5.962,5962,NORMAL_DISCLOSURE_CONTROLLED_COUNT,3.705,3705,NORMAL_DISCLOSURE_CONTROLLED_COUNT,1.237,1237,NORMAL_DISCLOSURE_CONTROLLED_COUNT,549,549,NORMAL_DISCLOSURE_CONTROLLED_COUNT,316,316,NORMAL_DISCLOSURE_CONTROLLED_COUNT,89,89,NORMAL_DISCLOSURE_CONTROLLED_COUNT,64,64,NORMAL_DISCLOSURE_CONTROLLED_COUNT,9919,171,POSITIVE,False,"NOT_EXACT: mixes >6 members, non-private residents, and independently disclosure-controlled marginals",0
PLR,04300415,Lietzensee,True,True,6.082,6082,NORMAL_DISCLOSURE_CONTROLLED_COUNT,3.787,3787,NORMAL_DISCLOSURE_CONTROLLED_COUNT,2.508,2508,NORMAL_DISCLOSURE_CONTROLLED_COUNT,742,742,NORMAL_DISCLOSURE_CONTROLLED_COUNT,279,279,NORMAL_DISCLOSURE_CONTROLLED_COUNT,189,189,NORMAL_DISCLOSURE_CONTROLLED_COUNT,37,37,NORMAL_DISCLOSURE_CONTROLLED_COUNT,36,36,NORMAL_DISCLOSURE_CONTROLLED_COUNT,5986,96,POSITIVE,False,"NOT_EXACT: mixes >6 members, non-private residents, and independently disclosure-controlled marginals",0
PLR,04300416,Amtsgerichtsplatz,True,True,11.098,11098,NORMAL_DISCLOSURE_CONTROLLED_COUNT,6.692,6692,NORMAL_DISCLOSURE_CONTROLLED_COUNT,4.375,4375,NORMAL_DISCLOSURE_CONTROLLED_COUNT,1.298,1298,NORMAL_DISCLOSURE_CONTROLLED_COUNT,527,527,NORMAL_DISCLOSURE_CONTROLLED_COUNT,316,316,NORMAL_DISCLOSURE_CONTROLLED_COUNT,83,83,NORMAL_DISCLOSURE_CONTROLLED_COUNT,95,95,NORMAL_DISCLOSURE_CONTROLLED_COUNT,10801,297,POSITIVE,False,"NOT_EXACT: mixes >6 members, non-private residents, and independently disclosure-controlled marginals",0
PLR,04300517,Tegeler Weg,True,True,9.027,9027,NORMAL_DISCLOSURE_CONTROLLED_COUNT,5.619,5619,NORMAL_DISCLOSURE_CONTROLLED_COUNT,3.792,3792,NORMAL_DISCLOSURE_CONTROLLED_COUNT,1.029,1029,NORMAL_DISCLOSURE_CONTROLLED_COUNT,442,442,NORMAL_DISCLOSURE_CONTROLLED_COUNT,201,201,NORMAL_DISCLOSURE_CONTROLLED_COUNT,73,73,NORMAL_DISCLOSURE_CONTROLLED_COUNT,72,72,NORMAL_DISCLOSURE_CONTROLLED_COUNT,8777,250,POSITIVE,False,"NOT_EXACT: mixes >6 members, non-private residents, and independently disclosure-controlled marginals",0
PLR,04300518,Kaiserin-Augusta-Allee,True,True,5.425,5425,NORMAL_DISCLOSURE_CONTROLLED_COUNT,3.207,3207,NORMAL_DISCLOSURE_CONTROLLED_COUNT,2.001,2001,NORMAL_DISCLOSURE_CONTROLLED_COUNT,676,676,NORMAL_DISCLOSURE_CONTROLLED_COUNT,269,269,NORMAL_DISCLOSURE_CONTROLLED_COUNT,163,163,NORMAL_DISCLOSURE_CONTROLLED_COUNT,61,61,NORMAL_DISCLOSURE_CONTROLLED_COUNT,36,36,NORMAL_DISCLOSURE_CONTROLLED_COUNT,5333,92,POSITIVE,False,"NOT_EXACT: mixes >6 members, non-private residents, and independently disclosure-controlled marginals",0
PLR,04300619,Alt-Lietzow,True,True,8.080,8080,NORMAL_DISCLOSURE_CONTROLLED_COUNT,4.891,4891,NORMAL_DISCLOSURE_CONTROLLED_COUNT,3.236,3236,NORMAL_DISCLOSURE_CONTROLLED_COUNT,936,936,NORMAL_DISCLOSURE_CONTROLLED_COUNT,392,392,NORMAL_DISCLOSURE_CONTROLLED_COUNT,209,209,NORMAL_DISCLOSURE_CONTROLLED_COUNT,52,52,NORMAL_DISCLOSURE_CONTROLLED_COUNT,68,68,NORMAL_DISCLOSURE_CONTROLLED_COUNT,7788,292,POSITIVE,False,"NOT_EXACT: mixes >6 members, non-private residents, and independently disclosure-controlled marginals",0
PLR,04300620,Spreestadt,True,True,3.208,3208,NORMAL_DISCLOSURE_CONTROLLED_COUNT,2.007,2007,NORMAL_DISCLOSURE_CONTROLLED_COUNT,1.365,1365,NORMAL_DISCLOSURE_CONTROLLED_COUNT,340,340,NORMAL_DISCLOSURE_CONTROLLED_COUNT,152,152,NORMAL_DISCLOSURE_CONTROLLED_COUNT,98,98,NORMAL_DISCLOSURE_CONTROLLED_COUNT,33,33,NORMAL_DISCLOSURE_CONTROLLED_COUNT,17,17,NORMAL_DISCLOSURE_CONTROLLED_COUNT,3160,48,POSITIVE,False,"NOT_EXACT: mixes >6 members, non-private residents, and independently disclosure-controlled marginals",0
PLR,04300621,Richard-Wagner-Straße,True,True,9.668,9668,NORMAL_DISCLOSURE_CONTROLLED_COUNT,6.031,6031,NORMAL_DISCLOSURE_CONTROLLED_COUNT,4.091,4091,NORMAL_DISCLOSURE_CONTROLLED_COUNT,1.030,1030,NORMAL_DISCLOSURE_CONTROLLED_COUNT,461,461,NORMAL_DISCLOSURE_CONTROLLED_COUNT,301,301,NORMAL_DISCLOSURE_CONTROLLED_COUNT,91,91,NORMAL_DISCLOSURE_CONTROLLED_COUNT,60,60,NORMAL_DISCLOSURE_CONTROLLED_COUNT,9553,115,POSITIVE,False,"NOT_EXACT: mixes >6 members, non-private residents, and independently disclosure-controlled marginals",0
PLR,04300622,Ernst-Reuter-Platz,True,True,4.610,4610,NORMAL_DISCLOSURE_CONTROLLED_COUNT,2.857,2857,NORMAL_DISCLOSURE_CONTROLLED_COUNT,1.845,1845,NORMAL_DISCLOSURE_CONTROLLED_COUNT,547,547,NORMAL_DISCLOSURE_CONTROLLED_COUNT,257,257,NORMAL_DISCLOSURE_CONTROLLED_COUNT,130,130,NORMAL_DISCLOSURE_CONTROLLED_COUNT,56,56,NORMAL_DISCLOSURE_CONTROLLED_COUNT,18,18,NORMAL_DISCLOSURE_CONTROLLED_COUNT,4618,-8,NEGATIVE,False,"NOT_EXACT: mixes >6 members, non-private residents, and independently disclosure-controlled marginals",0
PLR,04300623,Karl-August-Platz,True,True,11.151,11151,NORMAL_DISCLOSURE_CONTROLLED_COUNT,6.934,6934,NORMAL_DISCLOSURE_CONTROLLED_COUNT,4.749,4749,NORMAL_DISCLOSURE_CONTROLLED_COUNT,1.133,1133,NORMAL_DISCLOSURE_CONTROLLED_COUNT,536,536,NORMAL_DISCLOSURE_CONTROLLED_COUNT,326,326,NORMAL_DISCLOSURE_CONTROLLED_COUNT,109,109,NORMAL_DISCLOSURE_CONTROLLED_COUNT,79,79,NORMAL_DISCLOSURE_CONTROLLED_COUNT,10946,205,POSITIVE,False,"NOT_EXACT: mixes >6 members, non-private residents, and independently disclosure-controlled marginals",0
PLR,04300624,Savignyplatz,True,True,8.551,8551,NORMAL_DISCLOSURE_CONTROLLED_COUNT,5.502,5502,NORMAL_DISCLOSURE_CONTROLLED_COUNT,3.984,3984,NORMAL_DISCLOSURE_CONTROLLED_COUNT,823,823,NORMAL_DISCLOSURE_CONTROLLED_COUNT,357,357,NORMAL_DISCLOSURE_CONTROLLED_COUNT,196,196,NORMAL_DISCLOSURE_CONTROLLED_COUNT,68,68,NORMAL_DISCLOSURE_CONTROLLED_COUNT,73,73,NORMAL_DISCLOSURE_CONTROLLED_COUNT,8263,288,POSITIVE,False,"NOT_EXACT: mixes >6 members, non-private residents, and independently disclosure-controlled marginals",0
PLR,04400725,Güterbahnhof Grunewald,True,True,83,83,NORMAL_DISCLOSURE_CONTROLLED_COUNT,65,65,NORMAL_DISCLOSURE_CONTROLLED_COUNT,58,58,NORMAL_DISCLOSURE_CONTROLLED_COUNT,4,4,NORMAL_DISCLOSURE_CONTROLLED_COUNT,4,4,NORMAL_DISCLOSURE_CONTROLLED_COUNT,–,0,ZERO_OR_DISCLOSURE_ADJUSTED_ZERO,–,0,ZERO_OR_DISCLOSURE_ADJUSTED_ZERO,–,0,ZERO_OR_DISCLOSURE_ADJUSTED_ZERO,78,5,POSITIVE,False,"NOT_EXACT: mixes >6 members, non-private residents, and independently disclosure-controlled marginals",3
PLR,04400726,Bismarckallee,True,True,5.010,5010,NORMAL_DISCLOSURE_CONTROLLED_COUNT,2.710,2710,NORMAL_DISCLOSURE_CONTROLLED_COUNT,1.646,1646,NORMAL_DISCLOSURE_CONTROLLED_COUNT,536,536,NORMAL_DISCLOSURE_CONTROLLED_COUNT,220,220,NORMAL_DISCLOSURE_CONTROLLED_COUNT,183,183,NORMAL_DISCLOSURE_CONTROLLED_COUNT,73,73,NORMAL_DISCLOSURE_CONTROLLED_COUNT,55,55,NORMAL_DISCLOSURE_CONTROLLED_COUNT,4805,205,POSITIVE,False,"NOT_EXACT: mixes >6 members, non-private residents, and independently disclosure-controlled marginals",0
PLR,04400727,Flinsberger Platz,True,True,7.789,7789,NORMAL_DISCLOSURE_CONTROLLED_COUNT,4.705,4705,NORMAL_DISCLOSURE_CONTROLLED_COUNT,3.009,3009,NORMAL_DISCLOSURE_CONTROLLED_COUNT,911,911,NORMAL_DISCLOSURE_CONTROLLED_COUNT,406,406,NORMAL_DISCLOSURE_CONTROLLED_COUNT,256,256,NORMAL_DISCLOSURE_CONTROLLED_COUNT,64,64,NORMAL_DISCLOSURE_CONTROLLED_COUNT,62,62,NORMAL_DISCLOSURE_CONTROLLED_COUNT,7765,24,POSITIVE,False,"NOT_EXACT: mixes >6 members, non-private residents, and independently disclosure-controlled marginals",0
PLR,04400728,Hagenplatz,True,True,3.097,3097,NORMAL_DISCLOSURE_CONTROLLED_COUNT,1.686,1686,NORMAL_DISCLOSURE_CONTROLLED_COUNT,998,998,NORMAL_DISCLOSURE_CONTROLLED_COUNT,333,333,NORMAL_DISCLOSURE_CONTROLLED_COUNT,172,172,NORMAL_DISCLOSURE_CONTROLLED_COUNT,118,118,NORMAL_DISCLOSURE_CONTROLLED_COUNT,45,45,NORMAL_DISCLOSURE_CONTROLLED_COUNT,24,24,NORMAL_DISCLOSURE_CONTROLLED_COUNT,3021,76,POSITIVE,False,"NOT_EXACT: mixes >6 members, non-private residents, and independently disclosure-controlled marginals",0
PLR,04400729,Hundekehle,True,True,2.777,2777,NORMAL_DISCLOSURE_CONTROLLED_COUNT,1.411,1411,NORMAL_DISCLOSURE_CONTROLLED_COUNT,765,765,NORMAL_DISCLOSURE_CONTROLLED_COUNT,327,327,NORMAL_DISCLOSURE_CONTROLLED_COUNT,136,136,NORMAL_DISCLOSURE_CONTROLLED_COUNT,109,109,NORMAL_DISCLOSURE_CONTROLLED_COUNT,39,39,NORMAL_DISCLOSURE_CONTROLLED_COUNT,34,34,NORMAL_DISCLOSURE_CONTROLLED_COUNT,2662,115,POSITIVE,False,"NOT_EXACT: mixes >6 members, non-private residents, and independently disclosure-controlled marginals",0
PLR,04400830,Forckenbeckstraße,True,True,7.417,7417,NORMAL_DISCLOSURE_CONTROLLED_COUNT,3.896,3896,NORMAL_DISCLOSURE_CONTROLLED_COUNT,2.198,2198,NORMAL_DISCLOSURE_CONTROLLED_COUNT,904,904,NORMAL_DISCLOSURE_CONTROLLED_COUNT,406,406,NORMAL_DISCLOSURE_CONTROLLED_COUNT,259,259,NORMAL_DISCLOSURE_CONTROLLED_COUNT,85,85,NORMAL_DISCLOSURE_CONTROLLED_COUNT,43,43,NORMAL_DISCLOSURE_CONTROLLED_COUNT,6943,474,POSITIVE,False,"NOT_EXACT: mixes >6 members, non-private residents, and independently disclosure-controlled marginals",0
PLR,04400831,Messelpark,True,True,1.457,1457,NORMAL_DISCLOSURE_CONTROLLED_COUNT,803,803,NORMAL_DISCLOSURE_CONTROLLED_COUNT,434,434,NORMAL_DISCLOSURE_CONTROLLED_COUNT,201,201,NORMAL_DISCLOSURE_CONTROLLED_COUNT,80,80,NORMAL_DISCLOSURE_CONTROLLED_COUNT,48,48,NORMAL_DISCLOSURE_CONTROLLED_COUNT,20,20,NORMAL_DISCLOSURE_CONTROLLED_COUNT,8,8,NORMAL_DISCLOSURE_CONTROLLED_COUNT,1416,41,POSITIVE,False,"NOT_EXACT: mixes >6 members, non-private residents, and independently disclosure-controlled marginals",0
PLR,04400832,Breite Straße,True,True,6.803,6803,NORMAL_DISCLOSURE_CONTROLLED_COUNT,3.990,3990,NORMAL_DISCLOSURE_CONTROLLED_COUNT,2.331,2331,NORMAL_DISCLOSURE_CONTROLLED_COUNT,979,979,NORMAL_DISCLOSURE_CONTROLLED_COUNT,347,347,NORMAL_DISCLOSURE_CONTROLLED_COUNT,253,253,NORMAL_DISCLOSURE_CONTROLLED_COUNT,53,53,NORMAL_DISCLOSURE_CONTROLLED_COUNT,31,31,NORMAL_DISCLOSURE_CONTROLLED_COUNT,6793,10,POSITIVE,False,"NOT_EXACT: mixes >6 members, non-private residents, and independently disclosure-controlled marginals",0
PLR,04400833,Schlangenbader Straße,True,True,3.941,3941,NORMAL_DISCLOSURE_CONTROLLED_COUNT,2.443,2443,NORMAL_DISCLOSURE_CONTROLLED_COUNT,1.541,1541,NORMAL_DISCLOSURE_CONTROLLED_COUNT,560,560,NORMAL_DISCLOSURE_CONTROLLED_COUNT,193,193,NORMAL_DISCLOSURE_CONTROLLED_COUNT,104,104,NORMAL_DISCLOSURE_CONTROLLED_COUNT,25,25,NORMAL_DISCLOSURE_CONTROLLED_COUNT,21,21,NORMAL_DISCLOSURE_CONTROLLED_COUNT,3907,34,POSITIVE,False,"NOT_EXACT: mixes >6 members, non-private residents, and independently disclosure-controlled marginals",0
PLR,04400834,Binger Straße,True,True,3.551,3551,NORMAL_DISCLOSURE_CONTROLLED_COUNT,2.158,2158,NORMAL_DISCLOSURE_CONTROLLED_COUNT,1.330,1330,NORMAL_DISCLOSURE_CONTROLLED_COUNT,494,494,NORMAL_DISCLOSURE_CONTROLLED_COUNT,160,160,NORMAL_DISCLOSURE_CONTROLLED_COUNT,126,126,NORMAL_DISCLOSURE_CONTROLLED_COUNT,38,38,NORMAL_DISCLOSURE_CONTROLLED_COUNT,20,20,NORMAL_DISCLOSURE_CONTROLLED_COUNT,3612,-61,NEGATIVE,False,"NOT_EXACT: mixes >6 members, non-private residents, and independently disclosure-controlled marginals",0
PLR,04400835,Rüdesheimer Platz,True,True,9.995,9995,NORMAL_DISCLOSURE_CONTROLLED_COUNT,5.745,5745,NORMAL_DISCLOSURE_CONTROLLED_COUNT,3.251,3251,NORMAL_DISCLOSURE_CONTROLLED_COUNT,1.462,1462,NORMAL_DISCLOSURE_CONTROLLED_COUNT,543,543,NORMAL_DISCLOSURE_CONTROLLED_COUNT,351,351,NORMAL_DISCLOSURE_CONTROLLED_COUNT,86,86,NORMAL_DISCLOSURE_CONTROLLED_COUNT,53,53,NORMAL_DISCLOSURE_CONTROLLED_COUNT,9956,39,POSITIVE,False,"NOT_EXACT: mixes >6 members, non-private residents, and independently disclosure-controlled marginals",0
PLR,04500936,Droysenstraße,True,True,5.104,5104,NORMAL_DISCLOSURE_CONTROLLED_COUNT,3.034,3034,NORMAL_DISCLOSURE_CONTROLLED_COUNT,1.997,1997,NORMAL_DISCLOSURE_CONTROLLED_COUNT,595,595,NORMAL_DISCLOSURE_CONTROLLED_COUNT,235,235,NORMAL_DISCLOSURE_CONTROLLED_COUNT,132,132,NORMAL_DISCLOSURE_CONTROLLED_COUNT,41,41,NORMAL_DISCLOSURE_CONTROLLED_COUNT,38,38,NORMAL_DISCLOSURE_CONTROLLED_COUNT,4853,251,POSITIVE,False,"NOT_EXACT: mixes >6 members, non-private residents, and independently disclosure-controlled marginals",0
PLR,04500937,Halensee,True,True,7.185,7185,NORMAL_DISCLOSURE_CONTROLLED_COUNT,4.538,4538,NORMAL_DISCLOSURE_CONTROLLED_COUNT,3.096,3096,NORMAL_DISCLOSURE_CONTROLLED_COUNT,846,846,NORMAL_DISCLOSURE_CONTROLLED_COUNT,330,330,NORMAL_DISCLOSURE_CONTROLLED_COUNT,172,172,NORMAL_DISCLOSURE_CONTROLLED_COUNT,49,49,NORMAL_DISCLOSURE_CONTROLLED_COUNT,47,47,NORMAL_DISCLOSURE_CONTROLLED_COUNT,6993,192,POSITIVE,False,"NOT_EXACT: mixes >6 members, non-private residents, and independently disclosure-controlled marginals",0
PLR,04500938,Hochmeisterplatz,True,True,7.522,7522,NORMAL_DISCLOSURE_CONTROLLED_COUNT,4.570,4570,NORMAL_DISCLOSURE_CONTROLLED_COUNT,2.971,2971,NORMAL_DISCLOSURE_CONTROLLED_COUNT,883,883,NORMAL_DISCLOSURE_CONTROLLED_COUNT,390,390,NORMAL_DISCLOSURE_CONTROLLED_COUNT,219,219,NORMAL_DISCLOSURE_CONTROLLED_COUNT,60,60,NORMAL_DISCLOSURE_CONTROLLED_COUNT,52,52,NORMAL_DISCLOSURE_CONTROLLED_COUNT,7395,127,POSITIVE,False,"NOT_EXACT: mixes >6 members, non-private residents, and independently disclosure-controlled marginals",0
PLR,04500939,Eisenzahnstraße,True,True,6.102,6102,NORMAL_DISCLOSURE_CONTROLLED_COUNT,3.740,3740,NORMAL_DISCLOSURE_CONTROLLED_COUNT,2.422,2422,NORMAL_DISCLOSURE_CONTROLLED_COUNT,740,740,NORMAL_DISCLOSURE_CONTROLLED_COUNT,304,304,NORMAL_DISCLOSURE_CONTROLLED_COUNT,172,172,NORMAL_DISCLOSURE_CONTROLLED_COUNT,63,63,NORMAL_DISCLOSURE_CONTROLLED_COUNT,37,37,NORMAL_DISCLOSURE_CONTROLLED_COUNT,6039,63,POSITIVE,False,"NOT_EXACT: mixes >6 members, non-private residents, and independently disclosure-controlled marginals",0
PLR,04501040,Hindemithplatz,True,True,5.705,5705,NORMAL_DISCLOSURE_CONTROLLED_COUNT,3.472,3472,NORMAL_DISCLOSURE_CONTROLLED_COUNT,2.268,2268,NORMAL_DISCLOSURE_CONTROLLED_COUNT,710,710,NORMAL_DISCLOSURE_CONTROLLED_COUNT,247,247,NORMAL_DISCLOSURE_CONTROLLED_COUNT,157,157,NORMAL_DISCLOSURE_CONTROLLED_COUNT,39,39,NORMAL_DISCLOSURE_CONTROLLED_COUNT,47,47,NORMAL_DISCLOSURE_CONTROLLED_COUNT,5534,171,POSITIVE,False,"NOT_EXACT: mixes >6 members, non-private residents, and independently disclosure-controlled marginals",0
PLR,04501041,George-Grosz-Platz,True,True,4.989,4989,NORMAL_DISCLOSURE_CONTROLLED_COUNT,3.059,3059,NORMAL_DISCLOSURE_CONTROLLED_COUNT,2.005,2005,NORMAL_DISCLOSURE_CONTROLLED_COUNT,571,571,NORMAL_DISCLOSURE_CONTROLLED_COUNT,263,263,NORMAL_DISCLOSURE_CONTROLLED_COUNT,145,145,NORMAL_DISCLOSURE_CONTROLLED_COUNT,35,35,NORMAL_DISCLOSURE_CONTROLLED_COUNT,42,42,NORMAL_DISCLOSURE_CONTROLLED_COUNT,4943,46,POSITIVE,False,"NOT_EXACT: mixes >6 members, non-private residents, and independently disclosure-controlled marginals",0
PLR,04501042,Breitscheidplatz,True,True,3.291,3291,NORMAL_DISCLOSURE_CONTROLLED_COUNT,2.040,2040,NORMAL_DISCLOSURE_CONTROLLED_COUNT,1.435,1435,NORMAL_DISCLOSURE_CONTROLLED_COUNT,346,346,NORMAL_DISCLOSURE_CONTROLLED_COUNT,140,140,NORMAL_DISCLOSURE_CONTROLLED_COUNT,80,80,NORMAL_DISCLOSURE_CONTROLLED_COUNT,19,19,NORMAL_DISCLOSURE_CONTROLLED_COUNT,19,19,NORMAL_DISCLOSURE_CONTROLLED_COUNT,3076,215,POSITIVE,False,"NOT_EXACT: mixes >6 members, non-private residents, and independently disclosure-controlled marginals",0
PLR,04501043,Preußenpark,True,True,10.071,10071,NORMAL_DISCLOSURE_CONTROLLED_COUNT,6.159,6159,NORMAL_DISCLOSURE_CONTROLLED_COUNT,4.009,4009,NORMAL_DISCLOSURE_CONTROLLED_COUNT,1.213,1213,NORMAL_DISCLOSURE_CONTROLLED_COUNT,487,487,NORMAL_DISCLOSURE_CONTROLLED_COUNT,292,292,NORMAL_DISCLOSURE_CONTROLLED_COUNT,81,81,NORMAL_DISCLOSURE_CONTROLLED_COUNT,78,78,NORMAL_DISCLOSURE_CONTROLLED_COUNT,9937,134,POSITIVE,False,"NOT_EXACT: mixes >6 members, non-private residents, and independently disclosure-controlled marginals",0
PLR,04501044,Ludwigkirchplatz,True,True,4.987,4987,NORMAL_DISCLOSURE_CONTROLLED_COUNT,3.087,3087,NORMAL_DISCLOSURE_CONTROLLED_COUNT,2.153,2153,NORMAL_DISCLOSURE_CONTROLLED_COUNT,529,529,NORMAL_DISCLOSURE_CONTROLLED_COUNT,205,205,NORMAL_DISCLOSURE_CONTROLLED_COUNT,127,127,NORMAL_DISCLOSURE_CONTROLLED_COUNT,43,43,NORMAL_DISCLOSURE_CONTROLLED_COUNT,34,34,NORMAL_DISCLOSURE_CONTROLLED_COUNT,4753,234,POSITIVE,False,"NOT_EXACT: mixes >6 members, non-private residents, and independently disclosure-controlled marginals",0
PLR,04501045,Schaperstraße,True,True,8.281,8281,NORMAL_DISCLOSURE_CONTROLLED_COUNT,5.196,5196,NORMAL_DISCLOSURE_CONTROLLED_COUNT,3.628,3628,NORMAL_DISCLOSURE_CONTROLLED_COUNT,913,913,NORMAL_DISCLOSURE_CONTROLLED_COUNT,346,346,NORMAL_DISCLOSURE_CONTROLLED_COUNT,209,209,NORMAL_DISCLOSURE_CONTROLLED_COUNT,45,45,NORMAL_DISCLOSURE_CONTROLLED_COUNT,57,57,NORMAL_DISCLOSURE_CONTROLLED_COUNT,7895,386,POSITIVE,False,"NOT_EXACT: mixes >6 members, non-private residents, and independently disclosure-controlled marginals",0
PLR,04501146,Barstraße,True,True,4.281,4281,NORMAL_DISCLOSURE_CONTROLLED_COUNT,2.513,2513,NORMAL_DISCLOSURE_CONTROLLED_COUNT,1.570,1570,NORMAL_DISCLOSURE_CONTROLLED_COUNT,553,553,NORMAL_DISCLOSURE_CONTROLLED_COUNT,205,205,NORMAL_DISCLOSURE_CONTROLLED_COUNT,116,116,NORMAL_DISCLOSURE_CONTROLLED_COUNT,40,40,NORMAL_DISCLOSURE_CONTROLLED_COUNT,28,28,NORMAL_DISCLOSURE_CONTROLLED_COUNT,4123,158,POSITIVE,False,"NOT_EXACT: mixes >6 members, non-private residents, and independently disclosure-controlled marginals",0
PLR,04501147,Leon-Jessel-Platz,True,True,5.097,5097,NORMAL_DISCLOSURE_CONTROLLED_COUNT,3.104,3104,NORMAL_DISCLOSURE_CONTROLLED_COUNT,2.105,2105,NORMAL_DISCLOSURE_CONTROLLED_COUNT,512,512,NORMAL_DISCLOSURE_CONTROLLED_COUNT,224,224,NORMAL_DISCLOSURE_CONTROLLED_COUNT,157,157,NORMAL_DISCLOSURE_CONTROLLED_COUNT,62,62,NORMAL_DISCLOSURE_CONTROLLED_COUNT,40,40,NORMAL_DISCLOSURE_CONTROLLED_COUNT,4979,118,POSITIVE,False,"NOT_EXACT: mixes >6 members, non-private residents, and independently disclosure-controlled marginals",0
PLR,04501148,Brabanter Platz,True,True,4.217,4217,NORMAL_DISCLOSURE_CONTROLLED_COUNT,2.369,2369,NORMAL_DISCLOSURE_CONTROLLED_COUNT,1.482,1482,NORMAL_DISCLOSURE_CONTROLLED_COUNT,488,488,NORMAL_DISCLOSURE_CONTROLLED_COUNT,198,198,NORMAL_DISCLOSURE_CONTROLLED_COUNT,123,123,NORMAL_DISCLOSURE_CONTROLLED_COUNT,43,43,NORMAL_DISCLOSURE_CONTROLLED_COUNT,34,34,NORMAL_DISCLOSURE_CONTROLLED_COUNT,3963,254,POSITIVE,False,"NOT_EXACT: mixes >6 members, non-private residents, and independently disclosure-controlled marginals",0
PLR,04501149,Nikolsburger Platz,True,True,9.152,9152,NORMAL_DISCLOSURE_CONTROLLED_COUNT,5.550,5550,NORMAL_DISCLOSURE_CONTROLLED_COUNT,3.610,3610,NORMAL_DISCLOSURE_CONTROLLED_COUNT,1.094,1094,NORMAL_DISCLOSURE_CONTROLLED_COUNT,454,454,NORMAL_DISCLOSURE_CONTROLLED_COUNT,268,268,NORMAL_DISCLOSURE_CONTROLLED_COUNT,62,62,NORMAL_DISCLOSURE_CONTROLLED_COUNT,62,62,NORMAL_DISCLOSURE_CONTROLLED_COUNT,8914,238,POSITIVE,False,"NOT_EXACT: mixes >6 members, non-private residents, and independently disclosure-controlled marginals",0
PLR,04501150,Wilhelmsaue,True,True,2.852,2852,NORMAL_DISCLOSURE_CONTROLLED_COUNT,1.848,1848,NORMAL_DISCLOSURE_CONTROLLED_COUNT,1.336,1336,NORMAL_DISCLOSURE_CONTROLLED_COUNT,303,303,NORMAL_DISCLOSURE_CONTROLLED_COUNT,109,109,NORMAL_DISCLOSURE_CONTROLLED_COUNT,75,75,NORMAL_DISCLOSURE_CONTROLLED_COUNT,19,19,NORMAL_DISCLOSURE_CONTROLLED_COUNT,8,8,NORMAL_DISCLOSURE_CONTROLLED_COUNT,2712,140,POSITIVE,False,"NOT_EXACT: mixes >6 members, non-private residents, and independently disclosure-controlled marginals",0
PLR,04501151,Hildegardstraße,True,True,6.893,6893,NORMAL_DISCLOSURE_CONTROLLED_COUNT,4.017,4017,NORMAL_DISCLOSURE_CONTROLLED_COUNT,2.450,2450,NORMAL_DISCLOSURE_CONTROLLED_COUNT,852,852,NORMAL_DISCLOSURE_CONTROLLED_COUNT,364,364,NORMAL_DISCLOSURE_CONTROLLED_COUNT,252,252,NORMAL_DISCLOSURE_CONTROLLED_COUNT,55,55,NORMAL_DISCLOSURE_CONTROLLED_COUNT,42,42,NORMAL_DISCLOSURE_CONTROLLED_COUNT,6781,112,POSITIVE,False,"NOT_EXACT: mixes >6 members, non-private residents, and independently disclosure-controlled marginals",0
PLR,04501152,Prager Platz,True,True,6.327,6327,NORMAL_DISCLOSURE_CONTROLLED_COUNT,4.033,4033,NORMAL_DISCLOSURE_CONTROLLED_COUNT,2.764,2764,NORMAL_DISCLOSURE_CONTROLLED_COUNT,736,736,NORMAL_DISCLOSURE_CONTROLLED_COUNT,276,276,NORMAL_DISCLOSURE_CONTROLLED_COUNT,165,165,NORMAL_DISCLOSURE_CONTROLLED_COUNT,48,48,NORMAL_DISCLOSURE_CONTROLLED_COUNT,40,40,NORMAL_DISCLOSURE_CONTROLLED_COUNT,6204,123,POSITIVE,False,"NOT_EXACT: mixes >6 members, non-private residents, and independently disclosure-controlled marginals",0
PLR,04501153,Babelsberger Straße,True,True,6.827,6827,NORMAL_DISCLOSURE_CONTROLLED_COUNT,4.120,4120,NORMAL_DISCLOSURE_CONTROLLED_COUNT,2.715,2715,NORMAL_DISCLOSURE_CONTROLLED_COUNT,740,740,NORMAL_DISCLOSURE_CONTROLLED_COUNT,331,331,NORMAL_DISCLOSURE_CONTROLLED_COUNT,240,240,NORMAL_DISCLOSURE_CONTROLLED_COUNT,51,51,NORMAL_DISCLOSURE_CONTROLLED_COUNT,46,46,NORMAL_DISCLOSURE_CONTROLLED_COUNT,6679,148,POSITIVE,False,"NOT_EXACT: mixes >6 members, non-private residents, and independently disclosure-controlled marginals",0
PLR,05100101,Hakenfelde Nord,True,True,4.146,4146,NORMAL_DISCLOSURE_CONTROLLED_COUNT,1.795,1795,NORMAL_DISCLOSURE_CONTROLLED_COUNT,731,731,NORMAL_DISCLOSURE_CONTROLLED_COUNT,575,575,NORMAL_DISCLOSURE_CONTROLLED_COUNT,229,229,NORMAL_DISCLOSURE_CONTROLLED_COUNT,181,181,NORMAL_DISCLOSURE_CONTROLLED_COUNT,44,44,NORMAL_DISCLOSURE_CONTROLLED_COUNT,31,31,NORMAL_DISCLOSURE_CONTROLLED_COUNT,3698,448,POSITIVE,False,"NOT_EXACT: mixes >6 members, non-private residents, and independently disclosure-controlled marginals",0
PLR,05100102,Am Forstacker ,True,True,3.997,3997,NORMAL_DISCLOSURE_CONTROLLED_COUNT,2.448,2448,NORMAL_DISCLOSURE_CONTROLLED_COUNT,1.466,1466,NORMAL_DISCLOSURE_CONTROLLED_COUNT,652,652,NORMAL_DISCLOSURE_CONTROLLED_COUNT,183,183,NORMAL_DISCLOSURE_CONTROLLED_COUNT,93,93,NORMAL_DISCLOSURE_CONTROLLED_COUNT,35,35,NORMAL_DISCLOSURE_CONTROLLED_COUNT,18,18,NORMAL_DISCLOSURE_CONTROLLED_COUNT,3974,23,POSITIVE,False,"NOT_EXACT: mixes >6 members, non-private residents, and independently disclosure-controlled marginals",0
PLR,05100103,Mertensstraße,True,True,5.762,5762,NORMAL_DISCLOSURE_CONTROLLED_COUNT,2.973,2973,NORMAL_DISCLOSURE_CONTROLLED_COUNT,1.593,1593,NORMAL_DISCLOSURE_CONTROLLED_COUNT,693,693,NORMAL_DISCLOSURE_CONTROLLED_COUNT,315,315,NORMAL_DISCLOSURE_CONTROLLED_COUNT,224,224,NORMAL_DISCLOSURE_CONTROLLED_COUNT,99,99,NORMAL_DISCLOSURE_CONTROLLED_COUNT,49,49,NORMAL_DISCLOSURE_CONTROLLED_COUNT,5609,153,POSITIVE,False,"NOT_EXACT: mixes >6 members, non-private residents, and independently disclosure-controlled marginals",0
PLR,05100104,Maselake,True,True,5.152,5152,NORMAL_DISCLOSURE_CONTROLLED_COUNT,2.350,2350,NORMAL_DISCLOSURE_CONTROLLED_COUNT,1.310,1310,NORMAL_DISCLOSURE_CONTROLLED_COUNT,473,473,NORMAL_DISCLOSURE_CONTROLLED_COUNT,269,269,NORMAL_DISCLOSURE_CONTROLLED_COUNT,176,176,NORMAL_DISCLOSURE_CONTROLLED_COUNT,64,64,NORMAL_DISCLOSURE_CONTROLLED_COUNT,61,61,NORMAL_DISCLOSURE_CONTROLLED_COUNT,4453,699,POSITIVE,False,"NOT_EXACT: mixes >6 members, non-private residents, and independently disclosure-controlled marginals",0
PLR,05100105,Amorbacher Weg,True,True,7.370,7370,NORMAL_DISCLOSURE_CONTROLLED_COUNT,4.090,4090,NORMAL_DISCLOSURE_CONTROLLED_COUNT,2.188,2188,NORMAL_DISCLOSURE_CONTROLLED_COUNT,1.122,1122,NORMAL_DISCLOSURE_CONTROLLED_COUNT,426,426,NORMAL_DISCLOSURE_CONTROLLED_COUNT,212,212,NORMAL_DISCLOSURE_CONTROLLED_COUNT,81,81,NORMAL_DISCLOSURE_CONTROLLED_COUNT,54,54,NORMAL_DISCLOSURE_CONTROLLED_COUNT,7287,83,POSITIVE,False,"NOT_EXACT: mixes >6 members, non-private residents, and independently disclosure-controlled marginals",0
PLR,05100206,Griesingerstraße,True,True,3.557,3557,NORMAL_DISCLOSURE_CONTROLLED_COUNT,1.413,1413,NORMAL_DISCLOSURE_CONTROLLED_COUNT,703,703,NORMAL_DISCLOSURE_CONTROLLED_COUNT,319,319,NORMAL_DISCLOSURE_CONTROLLED_COUNT,149,149,NORMAL_DISCLOSURE_CONTROLLED_COUNT,154,154,NORMAL_DISCLOSURE_CONTROLLED_COUNT,60,60,NORMAL_DISCLOSURE_CONTROLLED_COUNT,27,27,NORMAL_DISCLOSURE_CONTROLLED_COUNT,2866,691,POSITIVE,False,"NOT_EXACT: mixes >6 members, non-private residents, and independently disclosure-controlled marginals",0
PLR,05100207,An der Tränke,True,True,2.200,2200,NORMAL_DISCLOSURE_CONTROLLED_COUNT,1.010,1010,NORMAL_DISCLOSURE_CONTROLLED_COUNT,371,371,NORMAL_DISCLOSURE_CONTROLLED_COUNT,356,356,NORMAL_DISCLOSURE_CONTROLLED_COUNT,164,164,NORMAL_DISCLOSURE_CONTROLLED_COUNT,74,74,NORMAL_DISCLOSURE_CONTROLLED_COUNT,33,33,NORMAL_DISCLOSURE_CONTROLLED_COUNT,19,19,NORMAL_DISCLOSURE_CONTROLLED_COUNT,2150,50,POSITIVE,False,"NOT_EXACT: mixes >6 members, non-private residents, and independently disclosure-controlled marginals",0
PLR,05100208,Im Spektefeld,True,True,10.185,10185,NORMAL_DISCLOSURE_CONTROLLED_COUNT,4.891,4891,NORMAL_DISCLOSURE_CONTROLLED_COUNT,2.265,2265,NORMAL_DISCLOSURE_CONTROLLED_COUNT,1.380,1380,NORMAL_DISCLOSURE_CONTROLLED_COUNT,530,530,NORMAL_DISCLOSURE_CONTROLLED_COUNT,406,406,NORMAL_DISCLOSURE_CONTROLLED_COUNT,168,168,NORMAL_DISCLOSURE_CONTROLLED_COUNT,137,137,NORMAL_DISCLOSURE_CONTROLLED_COUNT,9901,284,POSITIVE,False,"NOT_EXACT: mixes >6 members, non-private residents, and independently disclosure-controlled marginals",0
PLR,05100209,Westerwaldstraße,True,True,11.231,11231,NORMAL_DISCLOSURE_CONTROLLED_COUNT,6.013,6013,NORMAL_DISCLOSURE_CONTROLLED_COUNT,3.311,3311,NORMAL_DISCLOSURE_CONTROLLED_COUNT,1.264,1264,NORMAL_DISCLOSURE_CONTROLLED_COUNT,717,717,NORMAL_DISCLOSURE_CONTROLLED_COUNT,479,479,NORMAL_DISCLOSURE_CONTROLLED_COUNT,169,169,NORMAL_DISCLOSURE_CONTROLLED_COUNT,74,74,NORMAL_DISCLOSURE_CONTROLLED_COUNT,11195,36,POSITIVE,False,"NOT_EXACT: mixes >6 members, non-private residents, and independently disclosure-controlled marginals",0
PLR,05100210,Germersheimer Platz,True,True,7.428,7428,NORMAL_DISCLOSURE_CONTROLLED_COUNT,4.491,4491,NORMAL_DISCLOSURE_CONTROLLED_COUNT,2.813,2813,NORMAL_DISCLOSURE_CONTROLLED_COUNT,946,946,NORMAL_DISCLOSURE_CONTROLLED_COUNT,401,401,NORMAL_DISCLOSURE_CONTROLLED_COUNT,202,202,NORMAL_DISCLOSURE_CONTROLLED_COUNT,85,85,NORMAL_DISCLOSURE_CONTROLLED_COUNT,44,44,NORMAL_DISCLOSURE_CONTROLLED_COUNT,7405,23,POSITIVE,False,"NOT_EXACT: mixes >6 members, non-private residents, and independently disclosure-controlled marginals",0
PLR,05100211,An der Kappe,True,True,5.818,5818,NORMAL_DISCLOSURE_CONTROLLED_COUNT,2.888,2888,NORMAL_DISCLOSURE_CONTROLLED_COUNT,1.367,1367,NORMAL_DISCLOSURE_CONTROLLED_COUNT,808,808,NORMAL_DISCLOSURE_CONTROLLED_COUNT,337,337,NORMAL_DISCLOSURE_CONTROLLED_COUNT,213,213,NORMAL_DISCLOSURE_CONTROLLED_COUNT,89,89,NORMAL_DISCLOSURE_CONTROLLED_COUNT,73,73,NORMAL_DISCLOSURE_CONTROLLED_COUNT,5729,89,POSITIVE,False,"NOT_EXACT: mixes >6 members, non-private residents, and independently disclosure-controlled marginals",0
PLR,05100312,Eckschanze,True,True,3.933,3933,NORMAL_DISCLOSURE_CONTROLLED_COUNT,2.251,2251,NORMAL_DISCLOSURE_CONTROLLED_COUNT,1.378,1378,NORMAL_DISCLOSURE_CONTROLLED_COUNT,474,474,NORMAL_DISCLOSURE_CONTROLLED_COUNT,184,184,NORMAL_DISCLOSURE_CONTROLLED_COUNT,125,125,NORMAL_DISCLOSURE_CONTROLLED_COUNT,50,50,NORMAL_DISCLOSURE_CONTROLLED_COUNT,41,41,NORMAL_DISCLOSURE_CONTROLLED_COUNT,3874,59,POSITIVE,False,"NOT_EXACT: mixes >6 members, non-private residents, and independently disclosure-controlled marginals",0
PLR,05100313,Eiswerder,True,True,5.816,5816,NORMAL_DISCLOSURE_CONTROLLED_COUNT,2.458,2458,NORMAL_DISCLOSURE_CONTROLLED_COUNT,1.217,1217,NORMAL_DISCLOSURE_CONTROLLED_COUNT,590,590,NORMAL_DISCLOSURE_CONTROLLED_COUNT,268,268,NORMAL_DISCLOSURE_CONTROLLED_COUNT,207,207,NORMAL_DISCLOSURE_CONTROLLED_COUNT,106,106,NORMAL_DISCLOSURE_CONTROLLED_COUNT,73,73,NORMAL_DISCLOSURE_CONTROLLED_COUNT,4997,819,POSITIVE,False,"NOT_EXACT: mixes >6 members, non-private residents, and independently disclosure-controlled marginals",0
PLR,05100314,Kurstraße,True,True,6.387,6387,NORMAL_DISCLOSURE_CONTROLLED_COUNT,3.555,3555,NORMAL_DISCLOSURE_CONTROLLED_COUNT,2.212,2212,NORMAL_DISCLOSURE_CONTROLLED_COUNT,654,654,NORMAL_DISCLOSURE_CONTROLLED_COUNT,316,316,NORMAL_DISCLOSURE_CONTROLLED_COUNT,185,185,NORMAL_DISCLOSURE_CONTROLLED_COUNT,108,108,NORMAL_DISCLOSURE_CONTROLLED_COUNT,78,78,NORMAL_DISCLOSURE_CONTROLLED_COUNT,6216,171,POSITIVE,False,"NOT_EXACT: mixes >6 members, non-private residents, and independently disclosure-controlled marginals",0
PLR,05100315,Ackerstraße,True,True,6.366,6366,NORMAL_DISCLOSURE_CONTROLLED_COUNT,3.478,3478,NORMAL_DISCLOSURE_CONTROLLED_COUNT,2.040,2040,NORMAL_DISCLOSURE_CONTROLLED_COUNT,740,740,NORMAL_DISCLOSURE_CONTROLLED_COUNT,331,331,NORMAL_DISCLOSURE_CONTROLLED_COUNT,232,232,NORMAL_DISCLOSURE_CONTROLLED_COUNT,70,70,NORMAL_DISCLOSURE_CONTROLLED_COUNT,67,67,NORMAL_DISCLOSURE_CONTROLLED_COUNT,6193,173,POSITIVE,False,"NOT_EXACT: mixes >6 members, non-private residents, and independently disclosure-controlled marginals",0
PLR,05100316,Carl-Schurz-Straße,True,True,9.945,9945,NORMAL_DISCLOSURE_CONTROLLED_COUNT,5.664,5664,NORMAL_DISCLOSURE_CONTROLLED_COUNT,3.357,3357,NORMAL_DISCLOSURE_CONTROLLED_COUNT,1.267,1267,NORMAL_DISCLOSURE_CONTROLLED_COUNT,528,528,NORMAL_DISCLOSURE_CONTROLLED_COUNT,317,317,NORMAL_DISCLOSURE_CONTROLLED_COUNT,110,110,NORMAL_DISCLOSURE_CONTROLLED_COUNT,87,87,NORMAL_DISCLOSURE_CONTROLLED_COUNT,9815,130,POSITIVE,False,"NOT_EXACT: mixes >6 members, non-private residents, and independently disclosure-controlled marginals",0
PLR,05100317,Freiheit,True,True,3.346,3346,NORMAL_DISCLOSURE_CONTROLLED_COUNT,1.666,1666,NORMAL_DISCLOSURE_CONTROLLED_COUNT,1.058,1058,NORMAL_DISCLOSURE_CONTROLLED_COUNT,346,346,NORMAL_DISCLOSURE_CONTROLLED_COUNT,137,137,NORMAL_DISCLOSURE_CONTROLLED_COUNT,81,81,NORMAL_DISCLOSURE_CONTROLLED_COUNT,24,24,NORMAL_DISCLOSURE_CONTROLLED_COUNT,27,27,NORMAL_DISCLOSURE_CONTROLLED_COUNT,2767,579,POSITIVE,False,"NOT_EXACT: mixes >6 members, non-private residents, and independently disclosure-controlled marginals",0
PLR,05200418,Isenburger Weg,True,True,3.790,3790,NORMAL_DISCLOSURE_CONTROLLED_COUNT,1.527,1527,NORMAL_DISCLOSURE_CONTROLLED_COUNT,360,360,NORMAL_DISCLOSURE_CONTROLLED_COUNT,563,563,NORMAL_DISCLOSURE_CONTROLLED_COUNT,290,290,NORMAL_DISCLOSURE_CONTROLLED_COUNT,211,211,NORMAL_DISCLOSURE_CONTROLLED_COUNT,63,63,NORMAL_DISCLOSURE_CONTROLLED_COUNT,41,41,NORMAL_DISCLOSURE_CONTROLLED_COUNT,3761,29,POSITIVE,False,"NOT_EXACT: mixes >6 members, non-private residents, and independently disclosure-controlled marginals",0
PLR,05200419,Am Heideberg,True,True,1.644,1644,NORMAL_DISCLOSURE_CONTROLLED_COUNT,973,973,NORMAL_DISCLOSURE_CONTROLLED_COUNT,553,553,NORMAL_DISCLOSURE_CONTROLLED_COUNT,255,255,NORMAL_DISCLOSURE_CONTROLLED_COUNT,105,105,NORMAL_DISCLOSURE_CONTROLLED_COUNT,43,43,NORMAL_DISCLOSURE_CONTROLLED_COUNT,18,18,NORMAL_DISCLOSURE_CONTROLLED_COUNT,–,0,ZERO_OR_DISCLOSURE_ADJUSTED_ZERO,1640,4,POSITIVE,False,"NOT_EXACT: mixes >6 members, non-private residents, and independently disclosure-controlled marginals",1
PLR,05200420,Staakener Straße,True,True,5.774,5774,NORMAL_DISCLOSURE_CONTROLLED_COUNT,2.702,2702,NORMAL_DISCLOSURE_CONTROLLED_COUNT,1.127,1127,NORMAL_DISCLOSURE_CONTROLLED_COUNT,790,790,NORMAL_DISCLOSURE_CONTROLLED_COUNT,370,370,NORMAL_DISCLOSURE_CONTROLLED_COUNT,249,249,NORMAL_DISCLOSURE_CONTROLLED_COUNT,97,97,NORMAL_DISCLOSURE_CONTROLLED_COUNT,70,70,NORMAL_DISCLOSURE_CONTROLLED_COUNT,5718,56,POSITIVE,False,"NOT_EXACT: mixes >6 members, non-private residents, and independently disclosure-controlled marginals",0
PLR,05200421,Spandauer Straße,True,True,4.171,4171,NORMAL_DISCLOSURE_CONTROLLED_COUNT,1.955,1955,NORMAL_DISCLOSURE_CONTROLLED_COUNT,1.009,1009,NORMAL_DISCLOSURE_CONTROLLED_COUNT,513,513,NORMAL_DISCLOSURE_CONTROLLED_COUNT,175,175,NORMAL_DISCLOSURE_CONTROLLED_COUNT,135,135,NORMAL_DISCLOSURE_CONTROLLED_COUNT,63,63,NORMAL_DISCLOSURE_CONTROLLED_COUNT,57,57,NORMAL_DISCLOSURE_CONTROLLED_COUNT,3757,414,POSITIVE,False,"NOT_EXACT: mixes >6 members, non-private residents, and independently disclosure-controlled marginals",0
PLR,05200422,Werkstraße,True,True,968,968,NORMAL_DISCLOSURE_CONTROLLED_COUNT,478,478,NORMAL_DISCLOSURE_CONTROLLED_COUNT,214,214,NORMAL_DISCLOSURE_CONTROLLED_COUNT,124,124,NORMAL_DISCLOSURE_CONTROLLED_COUNT,71,71,NORMAL_DISCLOSURE_CONTROLLED_COUNT,53,53,NORMAL_DISCLOSURE_CONTROLLED_COUNT,16,16,NORMAL_DISCLOSURE_CONTROLLED_COUNT,3,3,NORMAL_DISCLOSURE_CONTROLLED_COUNT,985,-17,NEGATIVE,False,"NOT_EXACT: mixes >6 members, non-private residents, and independently disclosure-controlled marginals",0
PLR,05200423,Magistratsweg,True,True,6.497,6497,NORMAL_DISCLOSURE_CONTROLLED_COUNT,3.431,3431,NORMAL_DISCLOSURE_CONTROLLED_COUNT,1.840,1840,NORMAL_DISCLOSURE_CONTROLLED_COUNT,895,895,NORMAL_DISCLOSURE_CONTROLLED_COUNT,336,336,NORMAL_DISCLOSURE_CONTROLLED_COUNT,220,220,NORMAL_DISCLOSURE_CONTROLLED_COUNT,78,78,NORMAL_DISCLOSURE_CONTROLLED_COUNT,67,67,NORMAL_DISCLOSURE_CONTROLLED_COUNT,6310,187,POSITIVE,False,"NOT_EXACT: mixes >6 members, non-private residents, and independently disclosure-controlled marginals",0
PLR,05200524,Döberitzer Weg,True,True,3.124,3124,NORMAL_DISCLOSURE_CONTROLLED_COUNT,1.256,1256,NORMAL_DISCLOSURE_CONTROLLED_COUNT,374,374,NORMAL_DISCLOSURE_CONTROLLED_COUNT,371,371,NORMAL_DISCLOSURE_CONTROLLED_COUNT,220,220,NORMAL_DISCLOSURE_CONTROLLED_COUNT,183,183,NORMAL_DISCLOSURE_CONTROLLED_COUNT,72,72,NORMAL_DISCLOSURE_CONTROLLED_COUNT,38,38,NORMAL_DISCLOSURE_CONTROLLED_COUNT,3096,28,POSITIVE,False,"NOT_EXACT: mixes >6 members, non-private residents, and independently disclosure-controlled marginals",0
PLR,05200525,Pillnitzer Weg,True,True,2.387,2387,NORMAL_DISCLOSURE_CONTROLLED_COUNT,1.188,1188,NORMAL_DISCLOSURE_CONTROLLED_COUNT,488,488,NORMAL_DISCLOSURE_CONTROLLED_COUNT,387,387,NORMAL_DISCLOSURE_CONTROLLED_COUNT,173,173,NORMAL_DISCLOSURE_CONTROLLED_COUNT,105,105,NORMAL_DISCLOSURE_CONTROLLED_COUNT,26,26,NORMAL_DISCLOSURE_CONTROLLED_COUNT,7,7,NORMAL_DISCLOSURE_CONTROLLED_COUNT,2373,14,POSITIVE,False,"NOT_EXACT: mixes >6 members, non-private residents, and independently disclosure-controlled marginals",0
PLR,05200526,Rudolf-Wissell-Großsiedlung,True,True,5.336,5336,NORMAL_DISCLOSURE_CONTROLLED_COUNT,2.569,2569,NORMAL_DISCLOSURE_CONTROLLED_COUNT,1.271,1271,NORMAL_DISCLOSURE_CONTROLLED_COUNT,564,564,NORMAL_DISCLOSURE_CONTROLLED_COUNT,330,330,NORMAL_DISCLOSURE_CONTROLLED_COUNT,217,217,NORMAL_DISCLOSURE_CONTROLLED_COUNT,117,117,NORMAL_DISCLOSURE_CONTROLLED_COUNT,67,67,NORMAL_DISCLOSURE_CONTROLLED_COUNT,5244,92,POSITIVE,False,"NOT_EXACT: mixes >6 members, non-private residents, and independently disclosure-controlled marginals",0
PLR,05200527,Maulbeerallee,True,True,10.970,10970,NORMAL_DISCLOSURE_CONTROLLED_COUNT,4.572,4572,NORMAL_DISCLOSURE_CONTROLLED_COUNT,1.709,1709,NORMAL_DISCLOSURE_CONTROLLED_COUNT,1.212,1212,NORMAL_DISCLOSURE_CONTROLLED_COUNT,617,617,NORMAL_DISCLOSURE_CONTROLLED_COUNT,545,545,NORMAL_DISCLOSURE_CONTROLLED_COUNT,305,305,NORMAL_DISCLOSURE_CONTROLLED_COUNT,185,185,NORMAL_DISCLOSURE_CONTROLLED_COUNT,10799,171,POSITIVE,False,"NOT_EXACT: mixes >6 members, non-private residents, and independently disclosure-controlled marginals",0
PLR,05200528,Weinmeisterhornweg,True,True,6.870,6870,NORMAL_DISCLOSURE_CONTROLLED_COUNT,3.643,3643,NORMAL_DISCLOSURE_CONTROLLED_COUNT,1.746,1746,NORMAL_DISCLOSURE_CONTROLLED_COUNT,1.116,1116,NORMAL_DISCLOSURE_CONTROLLED_COUNT,369,369,NORMAL_DISCLOSURE_CONTROLLED_COUNT,285,285,NORMAL_DISCLOSURE_CONTROLLED_COUNT,84,84,NORMAL_DISCLOSURE_CONTROLLED_COUNT,37,37,NORMAL_DISCLOSURE_CONTROLLED_COUNT,6867,3,POSITIVE,False,"NOT_EXACT: mixes >6 members, non-private residents, and independently disclosure-controlled marginals",0
PLR,05200629,Borkumer Straße,True,True,7.722,7722,NORMAL_DISCLOSURE_CONTROLLED_COUNT,4.441,4441,NORMAL_DISCLOSURE_CONTROLLED_COUNT,2.600,2600,NORMAL_DISCLOSURE_CONTROLLED_COUNT,1.053,1053,NORMAL_DISCLOSURE_CONTROLLED_COUNT,438,438,NORMAL_DISCLOSURE_CONTROLLED_COUNT,230,230,NORMAL_DISCLOSURE_CONTROLLED_COUNT,72,72,NORMAL_DISCLOSURE_CONTROLLED_COUNT,43,43,NORMAL_DISCLOSURE_CONTROLLED_COUNT,7558,164,POSITIVE,False,"NOT_EXACT: mixes >6 members, non-private residents, and independently disclosure-controlled marginals",0
PLR,05200630,Wilhelmstadt West,True,True,9.112,9112,NORMAL_DISCLOSURE_CONTROLLED_COUNT,5.433,5433,NORMAL_DISCLOSURE_CONTROLLED_COUNT,3.480,3480,NORMAL_DISCLOSURE_CONTROLLED_COUNT,1.091,1091,NORMAL_DISCLOSURE_CONTROLLED_COUNT,446,446,NORMAL_DISCLOSURE_CONTROLLED_COUNT,248,248,NORMAL_DISCLOSURE_CONTROLLED_COUNT,108,108,NORMAL_DISCLOSURE_CONTROLLED_COUNT,64,64,NORMAL_DISCLOSURE_CONTROLLED_COUNT,8916,196,POSITIVE,False,"NOT_EXACT: mixes >6 members, non-private residents, and independently disclosure-controlled marginals",0
PLR,05200631,Wilhelmstadt Ost,True,True,8.151,8151,NORMAL_DISCLOSURE_CONTROLLED_COUNT,4.889,4889,NORMAL_DISCLOSURE_CONTROLLED_COUNT,3.040,3040,NORMAL_DISCLOSURE_CONTROLLED_COUNT,1.060,1060,NORMAL_DISCLOSURE_CONTROLLED_COUNT,415,415,NORMAL_DISCLOSURE_CONTROLLED_COUNT,226,226,NORMAL_DISCLOSURE_CONTROLLED_COUNT,96,96,NORMAL_DISCLOSURE_CONTROLLED_COUNT,54,54,NORMAL_DISCLOSURE_CONTROLLED_COUNT,8113,38,POSITIVE,False,"NOT_EXACT: mixes >6 members, non-private residents, and independently disclosure-controlled marginals",0
PLR,05200632,Tiefwerder,True,True,3.412,3412,NORMAL_DISCLOSURE_CONTROLLED_COUNT,1.769,1769,NORMAL_DISCLOSURE_CONTROLLED_COUNT,1.049,1049,NORMAL_DISCLOSURE_CONTROLLED_COUNT,358,358,NORMAL_DISCLOSURE_CONTROLLED_COUNT,164,164,NORMAL_DISCLOSURE_CONTROLLED_COUNT,104,104,NORMAL_DISCLOSURE_CONTROLLED_COUNT,54,54,NORMAL_DISCLOSURE_CONTROLLED_COUNT,33,33,NORMAL_DISCLOSURE_CONTROLLED_COUNT,3141,271,POSITIVE,False,"NOT_EXACT: mixes >6 members, non-private residents, and independently disclosure-controlled marginals",0
PLR,05200633,Graetschelsteig,True,True,1.929,1929,NORMAL_DISCLOSURE_CONTROLLED_COUNT,923,923,NORMAL_DISCLOSURE_CONTROLLED_COUNT,502,502,NORMAL_DISCLOSURE_CONTROLLED_COUNT,250,250,NORMAL_DISCLOSURE_CONTROLLED_COUNT,93,93,NORMAL_DISCLOSURE_CONTROLLED_COUNT,48,48,NORMAL_DISCLOSURE_CONTROLLED_COUNT,12,12,NORMAL_DISCLOSURE_CONTROLLED_COUNT,25,25,NORMAL_DISCLOSURE_CONTROLLED_COUNT,1683,246,POSITIVE,False,"NOT_EXACT: mixes >6 members, non-private residents, and independently disclosure-controlled marginals",0
PLR,05200634,Börnicker Straße,True,True,4.280,4280,NORMAL_DISCLOSURE_CONTROLLED_COUNT,2.309,2309,NORMAL_DISCLOSURE_CONTROLLED_COUNT,1.144,1144,NORMAL_DISCLOSURE_CONTROLLED_COUNT,728,728,NORMAL_DISCLOSURE_CONTROLLED_COUNT,236,236,NORMAL_DISCLOSURE_CONTROLLED_COUNT,131,131,NORMAL_DISCLOSURE_CONTROLLED_COUNT,38,38,NORMAL_DISCLOSURE_CONTROLLED_COUNT,31,31,NORMAL_DISCLOSURE_CONTROLLED_COUNT,4208,72,POSITIVE,False,"NOT_EXACT: mixes >6 members, non-private residents, and independently disclosure-controlled marginals",0
PLR,05300735,Haveleck,True,True,3.312,3312,NORMAL_DISCLOSURE_CONTROLLED_COUNT,1.408,1408,NORMAL_DISCLOSURE_CONTROLLED_COUNT,498,498,NORMAL_DISCLOSURE_CONTROLLED_COUNT,363,363,NORMAL_DISCLOSURE_CONTROLLED_COUNT,251,251,NORMAL_DISCLOSURE_CONTROLLED_COUNT,202,202,NORMAL_DISCLOSURE_CONTROLLED_COUNT,61,61,NORMAL_DISCLOSURE_CONTROLLED_COUNT,31,31,NORMAL_DISCLOSURE_CONTROLLED_COUNT,3276,36,POSITIVE,False,"NOT_EXACT: mixes >6 members, non-private residents, and independently disclosure-controlled marginals",0
PLR,05300736,Zitadellenweg,True,True,3.518,3518,NORMAL_DISCLOSURE_CONTROLLED_COUNT,1.400,1400,NORMAL_DISCLOSURE_CONTROLLED_COUNT,446,446,NORMAL_DISCLOSURE_CONTROLLED_COUNT,336,336,NORMAL_DISCLOSURE_CONTROLLED_COUNT,255,255,NORMAL_DISCLOSURE_CONTROLLED_COUNT,239,239,NORMAL_DISCLOSURE_CONTROLLED_COUNT,70,70,NORMAL_DISCLOSURE_CONTROLLED_COUNT,49,49,NORMAL_DISCLOSURE_CONTROLLED_COUNT,3483,35,POSITIVE,False,"NOT_EXACT: mixes >6 members, non-private residents, and independently disclosure-controlled marginals",0
PLR,05300737,Gartenfelder Straße,True,True,11.218,11218,NORMAL_DISCLOSURE_CONTROLLED_COUNT,6.452,6452,NORMAL_DISCLOSURE_CONTROLLED_COUNT,3.796,3796,NORMAL_DISCLOSURE_CONTROLLED_COUNT,1.529,1529,NORMAL_DISCLOSURE_CONTROLLED_COUNT,583,583,NORMAL_DISCLOSURE_CONTROLLED_COUNT,322,322,NORMAL_DISCLOSURE_CONTROLLED_COUNT,140,140,NORMAL_DISCLOSURE_CONTROLLED_COUNT,80,80,NORMAL_DISCLOSURE_CONTROLLED_COUNT,11071,147,POSITIVE,False,"NOT_EXACT: mixes >6 members, non-private residents, and independently disclosure-controlled marginals",0
PLR,05300838,Gartenfeld,True,True,18,18,NORMAL_DISCLOSURE_CONTROLLED_COUNT,8,8,NORMAL_DISCLOSURE_CONTROLLED_COUNT,6,6,NORMAL_DISCLOSURE_CONTROLLED_COUNT,–,0,ZERO_OR_DISCLOSURE_ADJUSTED_ZERO,–,0,ZERO_OR_DISCLOSURE_ADJUSTED_ZERO,–,0,ZERO_OR_DISCLOSURE_ADJUSTED_ZERO,–,0,ZERO_OR_DISCLOSURE_ADJUSTED_ZERO,–,0,ZERO_OR_DISCLOSURE_ADJUSTED_ZERO,6,12,POSITIVE,False,"NOT_EXACT: mixes >6 members, non-private residents, and independently disclosure-controlled marginals",5
PLR,05300839,Rohrdamm,True,True,7.092,7092,NORMAL_DISCLOSURE_CONTROLLED_COUNT,3.538,3538,NORMAL_DISCLOSURE_CONTROLLED_COUNT,1.921,1921,NORMAL_DISCLOSURE_CONTROLLED_COUNT,768,768,NORMAL_DISCLOSURE_CONTROLLED_COUNT,394,394,NORMAL_DISCLOSURE_CONTROLLED_COUNT,271,271,NORMAL_DISCLOSURE_CONTROLLED_COUNT,129,129,NORMAL_DISCLOSURE_CONTROLLED_COUNT,56,56,NORMAL_DISCLOSURE_CONTROLLED_COUNT,6704,388,POSITIVE,False,"NOT_EXACT: mixes >6 members, non-private residents, and independently disclosure-controlled marginals",0
PLR,05300840,Nonnendammallee,True,True,427,427,NORMAL_DISCLOSURE_CONTROLLED_COUNT,220,220,NORMAL_DISCLOSURE_CONTROLLED_COUNT,96,96,NORMAL_DISCLOSURE_CONTROLLED_COUNT,66,66,NORMAL_DISCLOSURE_CONTROLLED_COUNT,29,29,NORMAL_DISCLOSURE_CONTROLLED_COUNT,19,19,NORMAL_DISCLOSURE_CONTROLLED_COUNT,3,3,NORMAL_DISCLOSURE_CONTROLLED_COUNT,3,3,NORMAL_DISCLOSURE_CONTROLLED_COUNT,424,3,POSITIVE,False,"NOT_EXACT: mixes >6 members, non-private residents, and independently disclosure-controlled marginals",0
PLR,05300841,Siemensdamm,True,True,4.057,4057,NORMAL_DISCLOSURE_CONTROLLED_COUNT,2.383,2383,NORMAL_DISCLOSURE_CONTROLLED_COUNT,1.493,1493,NORMAL_DISCLOSURE_CONTROLLED_COUNT,453,453,NORMAL_DISCLOSURE_CONTROLLED_COUNT,220,220,NORMAL_DISCLOSURE_CONTROLLED_COUNT,128,128,NORMAL_DISCLOSURE_CONTROLLED_COUNT,51,51,NORMAL_DISCLOSURE_CONTROLLED_COUNT,29,29,NORMAL_DISCLOSURE_CONTROLLED_COUNT,4000,57,POSITIVE,False,"NOT_EXACT: mixes >6 members, non-private residents, and independently disclosure-controlled marginals",0
PLR,05400942,Alt-Gatow,True,True,3.596,3596,NORMAL_DISCLOSURE_CONTROLLED_COUNT,1.604,1604,NORMAL_DISCLOSURE_CONTROLLED_COUNT,577,577,NORMAL_DISCLOSURE_CONTROLLED_COUNT,567,567,NORMAL_DISCLOSURE_CONTROLLED_COUNT,217,217,NORMAL_DISCLOSURE_CONTROLLED_COUNT,156,156,NORMAL_DISCLOSURE_CONTROLLED_COUNT,50,50,NORMAL_DISCLOSURE_CONTROLLED_COUNT,37,37,NORMAL_DISCLOSURE_CONTROLLED_COUNT,3458,138,POSITIVE,False,"NOT_EXACT: mixes >6 members, non-private residents, and independently disclosure-controlled marginals",0
PLR,05400943,Jägerallee,True,True,10.063,10063,NORMAL_DISCLOSURE_CONTROLLED_COUNT,4.124,4124,NORMAL_DISCLOSURE_CONTROLLED_COUNT,1.092,1092,NORMAL_DISCLOSURE_CONTROLLED_COUNT,1.428,1428,NORMAL_DISCLOSURE_CONTROLLED_COUNT,672,672,NORMAL_DISCLOSURE_CONTROLLED_COUNT,652,652,NORMAL_DISCLOSURE_CONTROLLED_COUNT,195,195,NORMAL_DISCLOSURE_CONTROLLED_COUNT,90,90,NORMAL_DISCLOSURE_CONTROLLED_COUNT,10087,-24,NEGATIVE,False,"NOT_EXACT: mixes >6 members, non-private residents, and independently disclosure-controlled marginals",0
PLR,05400944,Kladower Damm,True,True,2.125,2125,NORMAL_DISCLOSURE_CONTROLLED_COUNT,952,952,NORMAL_DISCLOSURE_CONTROLLED_COUNT,353,353,NORMAL_DISCLOSURE_CONTROLLED_COUNT,333,333,NORMAL_DISCLOSURE_CONTROLLED_COUNT,130,130,NORMAL_DISCLOSURE_CONTROLLED_COUNT,85,85,NORMAL_DISCLOSURE_CONTROLLED_COUNT,33,33,NORMAL_DISCLOSURE_CONTROLLED_COUNT,19,19,NORMAL_DISCLOSURE_CONTROLLED_COUNT,2028,97,POSITIVE,False,"NOT_EXACT: mixes >6 members, non-private residents, and independently disclosure-controlled marginals",0
PLR,05400945,Kafkastraße,True,True,3.543,3543,NORMAL_DISCLOSURE_CONTROLLED_COUNT,1.577,1577,NORMAL_DISCLOSURE_CONTROLLED_COUNT,536,536,NORMAL_DISCLOSURE_CONTROLLED_COUNT,559,559,NORMAL_DISCLOSURE_CONTROLLED_COUNT,216,216,NORMAL_DISCLOSURE_CONTROLLED_COUNT,188,188,NORMAL_DISCLOSURE_CONTROLLED_COUNT,53,53,NORMAL_DISCLOSURE_CONTROLLED_COUNT,24,24,NORMAL_DISCLOSURE_CONTROLLED_COUNT,3463,80,POSITIVE,False,"NOT_EXACT: mixes >6 members, non-private residents, and independently disclosure-controlled marginals",0
PLR,06100101,Fichtenberg,True,True,6.525,6525,NORMAL_DISCLOSURE_CONTROLLED_COUNT,3.607,3607,NORMAL_DISCLOSURE_CONTROLLED_COUNT,1.987,1987,NORMAL_DISCLOSURE_CONTROLLED_COUNT,926,926,NORMAL_DISCLOSURE_CONTROLLED_COUNT,324,324,NORMAL_DISCLOSURE_CONTROLLED_COUNT,257,257,NORMAL_DISCLOSURE_CONTROLLED_COUNT,67,67,NORMAL_DISCLOSURE_CONTROLLED_COUNT,39,39,NORMAL_DISCLOSURE_CONTROLLED_COUNT,6408,117,POSITIVE,False,"NOT_EXACT: mixes >6 members, non-private residents, and independently disclosure-controlled marginals",0
PLR,06100102,Schloßstraße,True,True,8.004,8004,NORMAL_DISCLOSURE_CONTROLLED_COUNT,4.644,4644,NORMAL_DISCLOSURE_CONTROLLED_COUNT,2.819,2819,NORMAL_DISCLOSURE_CONTROLLED_COUNT,1.040,1040,NORMAL_DISCLOSURE_CONTROLLED_COUNT,373,373,NORMAL_DISCLOSURE_CONTROLLED_COUNT,269,269,NORMAL_DISCLOSURE_CONTROLLED_COUNT,80,80,NORMAL_DISCLOSURE_CONTROLLED_COUNT,61,61,NORMAL_DISCLOSURE_CONTROLLED_COUNT,7860,144,POSITIVE,False,"NOT_EXACT: mixes >6 members, non-private residents, and independently disclosure-controlled marginals",0
PLR,06100103,Markelstraße,True,True,5.848,5848,NORMAL_DISCLOSURE_CONTROLLED_COUNT,3.419,3419,NORMAL_DISCLOSURE_CONTROLLED_COUNT,1.991,1991,NORMAL_DISCLOSURE_CONTROLLED_COUNT,833,833,NORMAL_DISCLOSURE_CONTROLLED_COUNT,320,320,NORMAL_DISCLOSURE_CONTROLLED_COUNT,190,190,NORMAL_DISCLOSURE_CONTROLLED_COUNT,49,49,NORMAL_DISCLOSURE_CONTROLLED_COUNT,35,35,NORMAL_DISCLOSURE_CONTROLLED_COUNT,5832,16,POSITIVE,False,"NOT_EXACT: mixes >6 members, non-private residents, and independently disclosure-controlled marginals",0
PLR,06100204,Munsterdamm,True,True,6.656,6656,NORMAL_DISCLOSURE_CONTROLLED_COUNT,3.794,3794,NORMAL_DISCLOSURE_CONTROLLED_COUNT,2.157,2157,NORMAL_DISCLOSURE_CONTROLLED_COUNT,935,935,NORMAL_DISCLOSURE_CONTROLLED_COUNT,373,373,NORMAL_DISCLOSURE_CONTROLLED_COUNT,227,227,NORMAL_DISCLOSURE_CONTROLLED_COUNT,51,51,NORMAL_DISCLOSURE_CONTROLLED_COUNT,48,48,NORMAL_DISCLOSURE_CONTROLLED_COUNT,6597,59,POSITIVE,False,"NOT_EXACT: mixes >6 members, non-private residents, and independently disclosure-controlled marginals",0
PLR,06100205,Südende,True,True,9.408,9408,NORMAL_DISCLOSURE_CONTROLLED_COUNT,5.386,5386,NORMAL_DISCLOSURE_CONTROLLED_COUNT,3.100,3100,NORMAL_DISCLOSURE_CONTROLLED_COUNT,1.282,1282,NORMAL_DISCLOSURE_CONTROLLED_COUNT,528,528,NORMAL_DISCLOSURE_CONTROLLED_COUNT,324,324,NORMAL_DISCLOSURE_CONTROLLED_COUNT,85,85,NORMAL_DISCLOSURE_CONTROLLED_COUNT,64,64,NORMAL_DISCLOSURE_CONTROLLED_COUNT,9353,55,POSITIVE,False,"NOT_EXACT: mixes >6 members, non-private residents, and independently disclosure-controlled marginals",0
PLR,06100206,Stadtpark,True,True,7.534,7534,NORMAL_DISCLOSURE_CONTROLLED_COUNT,4.350,4350,NORMAL_DISCLOSURE_CONTROLLED_COUNT,2.640,2640,NORMAL_DISCLOSURE_CONTROLLED_COUNT,982,982,NORMAL_DISCLOSURE_CONTROLLED_COUNT,369,369,NORMAL_DISCLOSURE_CONTROLLED_COUNT,251,251,NORMAL_DISCLOSURE_CONTROLLED_COUNT,63,63,NORMAL_DISCLOSURE_CONTROLLED_COUNT,46,46,NORMAL_DISCLOSURE_CONTROLLED_COUNT,7306,228,POSITIVE,False,"NOT_EXACT: mixes >6 members, non-private residents, and independently disclosure-controlled marginals",0
PLR,06100207,Mittelstraße,True,True,7.753,7753,NORMAL_DISCLOSURE_CONTROLLED_COUNT,4.518,4518,NORMAL_DISCLOSURE_CONTROLLED_COUNT,2.687,2687,NORMAL_DISCLOSURE_CONTROLLED_COUNT,1.073,1073,NORMAL_DISCLOSURE_CONTROLLED_COUNT,389,389,NORMAL_DISCLOSURE_CONTROLLED_COUNT,244,244,NORMAL_DISCLOSURE_CONTROLLED_COUNT,81,81,NORMAL_DISCLOSURE_CONTROLLED_COUNT,46,46,NORMAL_DISCLOSURE_CONTROLLED_COUNT,7657,96,POSITIVE,False,"NOT_EXACT: mixes >6 members, non-private residents, and independently disclosure-controlled marginals",0
PLR,06100208,Bergstraße,True,True,6.457,6457,NORMAL_DISCLOSURE_CONTROLLED_COUNT,3.867,3867,NORMAL_DISCLOSURE_CONTROLLED_COUNT,2.431,2431,NORMAL_DISCLOSURE_CONTROLLED_COUNT,816,816,NORMAL_DISCLOSURE_CONTROLLED_COUNT,287,287,NORMAL_DISCLOSURE_CONTROLLED_COUNT,225,225,NORMAL_DISCLOSURE_CONTROLLED_COUNT,73,73,NORMAL_DISCLOSURE_CONTROLLED_COUNT,37,37,NORMAL_DISCLOSURE_CONTROLLED_COUNT,6411,46,POSITIVE,False,"NOT_EXACT: mixes >6 members, non-private residents, and independently disclosure-controlled marginals",0
PLR,06100209,Feuerbachstraße,True,True,8.680,8680,NORMAL_DISCLOSURE_CONTROLLED_COUNT,5.144,5144,NORMAL_DISCLOSURE_CONTROLLED_COUNT,3.210,3210,NORMAL_DISCLOSURE_CONTROLLED_COUNT,1.077,1077,NORMAL_DISCLOSURE_CONTROLLED_COUNT,448,448,NORMAL_DISCLOSURE_CONTROLLED_COUNT,282,282,NORMAL_DISCLOSURE_CONTROLLED_COUNT,78,78,NORMAL_DISCLOSURE_CONTROLLED_COUNT,53,53,NORMAL_DISCLOSURE_CONTROLLED_COUNT,8544,136,POSITIVE,False,"NOT_EXACT: mixes >6 members, non-private residents, and independently disclosure-controlled marginals",0
PLR,06100210,Bismarckstraße,True,True,4.714,4714,NORMAL_DISCLOSURE_CONTROLLED_COUNT,2.651,2651,NORMAL_DISCLOSURE_CONTROLLED_COUNT,1.527,1527,NORMAL_DISCLOSURE_CONTROLLED_COUNT,642,642,NORMAL_DISCLOSURE_CONTROLLED_COUNT,247,247,NORMAL_DISCLOSURE_CONTROLLED_COUNT,168,168,NORMAL_DISCLOSURE_CONTROLLED_COUNT,54,54,NORMAL_DISCLOSURE_CONTROLLED_COUNT,14,14,NORMAL_DISCLOSURE_CONTROLLED_COUNT,4578,136,POSITIVE,False,"NOT_EXACT: mixes >6 members, non-private residents, and independently disclosure-controlled marginals",0
PLR,06200311,Alt-Lankwitz,True,True,4.664,4664,NORMAL_DISCLOSURE_CONTROLLED_COUNT,2.676,2676,NORMAL_DISCLOSURE_CONTROLLED_COUNT,1.592,1592,NORMAL_DISCLOSURE_CONTROLLED_COUNT,624,624,NORMAL_DISCLOSURE_CONTROLLED_COUNT,237,237,NORMAL_DISCLOSURE_CONTROLLED_COUNT,151,151,NORMAL_DISCLOSURE_CONTROLLED_COUNT,49,49,NORMAL_DISCLOSURE_CONTROLLED_COUNT,29,29,NORMAL_DISCLOSURE_CONTROLLED_COUNT,4574,90,POSITIVE,False,"NOT_EXACT: mixes >6 members, non-private residents, and independently disclosure-controlled marginals",0
PLR,06200312,Komponistenviertel Lankwitz,True,True,5.859,5859,NORMAL_DISCLOSURE_CONTROLLED_COUNT,2.818,2818,NORMAL_DISCLOSURE_CONTROLLED_COUNT,1.518,1518,NORMAL_DISCLOSURE_CONTROLLED_COUNT,700,700,NORMAL_DISCLOSURE_CONTROLLED_COUNT,272,272,NORMAL_DISCLOSURE_CONTROLLED_COUNT,229,229,NORMAL_DISCLOSURE_CONTROLLED_COUNT,71,71,NORMAL_DISCLOSURE_CONTROLLED_COUNT,27,27,NORMAL_DISCLOSURE_CONTROLLED_COUNT,5167,692,POSITIVE,False,"NOT_EXACT: mixes >6 members, non-private residents, and independently disclosure-controlled marginals",0
PLR,06200313,Lankwitz Kirche,True,True,7.160,7160,NORMAL_DISCLOSURE_CONTROLLED_COUNT,4.278,4278,NORMAL_DISCLOSURE_CONTROLLED_COUNT,2.538,2538,NORMAL_DISCLOSURE_CONTROLLED_COUNT,1.023,1023,NORMAL_DISCLOSURE_CONTROLLED_COUNT,423,423,NORMAL_DISCLOSURE_CONTROLLED_COUNT,203,203,NORMAL_DISCLOSURE_CONTROLLED_COUNT,59,59,NORMAL_DISCLOSURE_CONTROLLED_COUNT,30,30,NORMAL_DISCLOSURE_CONTROLLED_COUNT,7140,20,POSITIVE,False,"NOT_EXACT: mixes >6 members, non-private residents, and independently disclosure-controlled marginals",0
PLR,06200314,Kaiser-Wilhelm-Straße,True,True,6.918,6918,NORMAL_DISCLOSURE_CONTROLLED_COUNT,4.187,4187,NORMAL_DISCLOSURE_CONTROLLED_COUNT,2.568,2568,NORMAL_DISCLOSURE_CONTROLLED_COUNT,961,961,NORMAL_DISCLOSURE_CONTROLLED_COUNT,336,336,NORMAL_DISCLOSURE_CONTROLLED_COUNT,213,213,NORMAL_DISCLOSURE_CONTROLLED_COUNT,64,64,NORMAL_DISCLOSURE_CONTROLLED_COUNT,42,42,NORMAL_DISCLOSURE_CONTROLLED_COUNT,6922,-4,NEGATIVE,False,"NOT_EXACT: mixes >6 members, non-private residents, and independently disclosure-controlled marginals",0
PLR,06200315,Gallwitzallee,True,True,6.372,6372,NORMAL_DISCLOSURE_CONTROLLED_COUNT,3.314,3314,NORMAL_DISCLOSURE_CONTROLLED_COUNT,1.791,1791,NORMAL_DISCLOSURE_CONTROLLED_COUNT,811,811,NORMAL_DISCLOSURE_CONTROLLED_COUNT,320,320,NORMAL_DISCLOSURE_CONTROLLED_COUNT,276,276,NORMAL_DISCLOSURE_CONTROLLED_COUNT,78,78,NORMAL_DISCLOSURE_CONTROLLED_COUNT,29,29,NORMAL_DISCLOSURE_CONTROLLED_COUNT,6041,331,POSITIVE,False,"NOT_EXACT: mixes >6 members, non-private residents, and independently disclosure-controlled marginals",0
PLR,06200316,Belßstraße,True,True,5.052,5052,NORMAL_DISCLOSURE_CONTROLLED_COUNT,2.759,2759,NORMAL_DISCLOSURE_CONTROLLED_COUNT,1.592,1592,NORMAL_DISCLOSURE_CONTROLLED_COUNT,628,628,NORMAL_DISCLOSURE_CONTROLLED_COUNT,239,239,NORMAL_DISCLOSURE_CONTROLLED_COUNT,182,182,NORMAL_DISCLOSURE_CONTROLLED_COUNT,80,80,NORMAL_DISCLOSURE_CONTROLLED_COUNT,40,40,NORMAL_DISCLOSURE_CONTROLLED_COUNT,4933,119,POSITIVE,False,"NOT_EXACT: mixes >6 members, non-private residents, and independently disclosure-controlled marginals",0
PLR,06200317,Lankwitz Süd,True,True,6.267,6267,NORMAL_DISCLOSURE_CONTROLLED_COUNT,3.176,3176,NORMAL_DISCLOSURE_CONTROLLED_COUNT,1.406,1406,NORMAL_DISCLOSURE_CONTROLLED_COUNT,998,998,NORMAL_DISCLOSURE_CONTROLLED_COUNT,393,393,NORMAL_DISCLOSURE_CONTROLLED_COUNT,257,257,NORMAL_DISCLOSURE_CONTROLLED_COUNT,86,86,NORMAL_DISCLOSURE_CONTROLLED_COUNT,41,41,NORMAL_DISCLOSURE_CONTROLLED_COUNT,6285,-18,NEGATIVE,False,"NOT_EXACT: mixes >6 members, non-private residents, and independently disclosure-controlled marginals",0
PLR,06200418,Landweg,False,True,,,NOT_OBSERVED,–,0,ZERO_OR_DISCLOSURE_ADJUSTED_ZERO,–,0,ZERO_OR_DISCLOSURE_ADJUSTED_ZERO,–,0,ZERO_OR_DISCLOSURE_ADJUSTED_ZERO,–,0,ZERO_OR_DISCLOSURE_ADJUSTED_ZERO,–,0,ZERO_OR_DISCLOSURE_ADJUSTED_ZERO,–,0,ZERO_OR_DISCLOSURE_ADJUSTED_ZERO,–,0,ZERO_OR_DISCLOSURE_ADJUSTED_ZERO,,,NOT_COMPUTABLE,False,NOT_COMPUTABLE,7
PLR,06200419,Thermometersiedlung,True,True,4.280,4280,NORMAL_DISCLOSURE_CONTROLLED_COUNT,2.237,2237,NORMAL_DISCLOSURE_CONTROLLED_COUNT,1.173,1173,NORMAL_DISCLOSURE_CONTROLLED_COUNT,585,585,NORMAL_DISCLOSURE_CONTROLLED_COUNT,208,208,NORMAL_DISCLOSURE_CONTROLLED_COUNT,161,161,NORMAL_DISCLOSURE_CONTROLLED_COUNT,76,76,NORMAL_DISCLOSURE_CONTROLLED_COUNT,36,36,NORMAL_DISCLOSURE_CONTROLLED_COUNT,4207,73,POSITIVE,False,"NOT_EXACT: mixes >6 members, non-private residents, and independently disclosure-controlled marginals",0
PLR,06200420,Lichterfelde Süd,True,True,6.946,6946,NORMAL_DISCLOSURE_CONTROLLED_COUNT,3.573,3573,NORMAL_DISCLOSURE_CONTROLLED_COUNT,1.886,1886,NORMAL_DISCLOSURE_CONTROLLED_COUNT,960,960,NORMAL_DISCLOSURE_CONTROLLED_COUNT,346,346,NORMAL_DISCLOSURE_CONTROLLED_COUNT,247,247,NORMAL_DISCLOSURE_CONTROLLED_COUNT,87,87,NORMAL_DISCLOSURE_CONTROLLED_COUNT,52,52,NORMAL_DISCLOSURE_CONTROLLED_COUNT,6579,367,POSITIVE,False,"NOT_EXACT: mixes >6 members, non-private residents, and independently disclosure-controlled marginals",0
PLR,06200421,Königsberger Straße,True,True,7.895,7895,NORMAL_DISCLOSURE_CONTROLLED_COUNT,4.382,4382,NORMAL_DISCLOSURE_CONTROLLED_COUNT,2.552,2552,NORMAL_DISCLOSURE_CONTROLLED_COUNT,1.041,1041,NORMAL_DISCLOSURE_CONTROLLED_COUNT,380,380,NORMAL_DISCLOSURE_CONTROLLED_COUNT,272,272,NORMAL_DISCLOSURE_CONTROLLED_COUNT,69,69,NORMAL_DISCLOSURE_CONTROLLED_COUNT,66,66,NORMAL_DISCLOSURE_CONTROLLED_COUNT,7603,292,POSITIVE,False,"NOT_EXACT: mixes >6 members, non-private residents, and independently disclosure-controlled marginals",0
PLR,06200422,Oberhofer Platz,True,True,6.867,6867,NORMAL_DISCLOSURE_CONTROLLED_COUNT,3.478,3478,NORMAL_DISCLOSURE_CONTROLLED_COUNT,1.646,1646,NORMAL_DISCLOSURE_CONTROLLED_COUNT,1.002,1002,NORMAL_DISCLOSURE_CONTROLLED_COUNT,368,368,NORMAL_DISCLOSURE_CONTROLLED_COUNT,314,314,NORMAL_DISCLOSURE_CONTROLLED_COUNT,100,100,NORMAL_DISCLOSURE_CONTROLLED_COUNT,50,50,NORMAL_DISCLOSURE_CONTROLLED_COUNT,6810,57,POSITIVE,False,"NOT_EXACT: mixes >6 members, non-private residents, and independently disclosure-controlled marginals",0
PLR,06200423,Schütte-Lanz-Straße,True,True,8.337,8337,NORMAL_DISCLOSURE_CONTROLLED_COUNT,3.843,3843,NORMAL_DISCLOSURE_CONTROLLED_COUNT,1.460,1460,NORMAL_DISCLOSURE_CONTROLLED_COUNT,1.262,1262,NORMAL_DISCLOSURE_CONTROLLED_COUNT,515,515,NORMAL_DISCLOSURE_CONTROLLED_COUNT,414,414,NORMAL_DISCLOSURE_CONTROLLED_COUNT,127,127,NORMAL_DISCLOSURE_CONTROLLED_COUNT,67,67,NORMAL_DISCLOSURE_CONTROLLED_COUNT,8222,115,POSITIVE,False,"NOT_EXACT: mixes >6 members, non-private residents, and independently disclosure-controlled marginals",0
PLR,06300524,Berlepschstraße,True,True,5.546,5546,NORMAL_DISCLOSURE_CONTROLLED_COUNT,2.647,2647,NORMAL_DISCLOSURE_CONTROLLED_COUNT,1.195,1195,NORMAL_DISCLOSURE_CONTROLLED_COUNT,808,808,NORMAL_DISCLOSURE_CONTROLLED_COUNT,311,311,NORMAL_DISCLOSURE_CONTROLLED_COUNT,211,211,NORMAL_DISCLOSURE_CONTROLLED_COUNT,87,87,NORMAL_DISCLOSURE_CONTROLLED_COUNT,33,33,NORMAL_DISCLOSURE_CONTROLLED_COUNT,5221,325,POSITIVE,False,"NOT_EXACT: mixes >6 members, non-private residents, and independently disclosure-controlled marginals",0
PLR,06300525,Zehlendorf Süd,True,True,5.646,5646,NORMAL_DISCLOSURE_CONTROLLED_COUNT,3.303,3303,NORMAL_DISCLOSURE_CONTROLLED_COUNT,2.016,2016,NORMAL_DISCLOSURE_CONTROLLED_COUNT,755,755,NORMAL_DISCLOSURE_CONTROLLED_COUNT,268,268,NORMAL_DISCLOSURE_CONTROLLED_COUNT,163,163,NORMAL_DISCLOSURE_CONTROLLED_COUNT,44,44,NORMAL_DISCLOSURE_CONTROLLED_COUNT,55,55,NORMAL_DISCLOSURE_CONTROLLED_COUNT,5532,114,POSITIVE,False,"NOT_EXACT: mixes >6 members, non-private residents, and independently disclosure-controlled marginals",0
PLR,06300526,Zehlendorf Mitte,True,True,3.157,3157,NORMAL_DISCLOSURE_CONTROLLED_COUNT,1.654,1654,NORMAL_DISCLOSURE_CONTROLLED_COUNT,877,877,NORMAL_DISCLOSURE_CONTROLLED_COUNT,385,385,NORMAL_DISCLOSURE_CONTROLLED_COUNT,179,179,NORMAL_DISCLOSURE_CONTROLLED_COUNT,133,133,NORMAL_DISCLOSURE_CONTROLLED_COUNT,53,53,NORMAL_DISCLOSURE_CONTROLLED_COUNT,27,27,NORMAL_DISCLOSURE_CONTROLLED_COUNT,3143,14,POSITIVE,False,"NOT_EXACT: mixes >6 members, non-private residents, and independently disclosure-controlled marginals",0
PLR,06300527,Sundgauer Straße,True,True,7.658,7658,NORMAL_DISCLOSURE_CONTROLLED_COUNT,4.161,4161,NORMAL_DISCLOSURE_CONTROLLED_COUNT,2.410,2410,NORMAL_DISCLOSURE_CONTROLLED_COUNT,979,979,NORMAL_DISCLOSURE_CONTROLLED_COUNT,389,389,NORMAL_DISCLOSURE_CONTROLLED_COUNT,219,219,NORMAL_DISCLOSURE_CONTROLLED_COUNT,75,75,NORMAL_DISCLOSURE_CONTROLLED_COUNT,91,91,NORMAL_DISCLOSURE_CONTROLLED_COUNT,7332,326,POSITIVE,False,"NOT_EXACT: mixes >6 members, non-private residents, and independently disclosure-controlled marginals",0
PLR,06300528,Teltower Damm,True,True,10.786,10786,NORMAL_DISCLOSURE_CONTROLLED_COUNT,5.120,5120,NORMAL_DISCLOSURE_CONTROLLED_COUNT,2.292,2292,NORMAL_DISCLOSURE_CONTROLLED_COUNT,1.525,1525,NORMAL_DISCLOSURE_CONTROLLED_COUNT,556,556,NORMAL_DISCLOSURE_CONTROLLED_COUNT,464,464,NORMAL_DISCLOSURE_CONTROLLED_COUNT,201,201,NORMAL_DISCLOSURE_CONTROLLED_COUNT,86,86,NORMAL_DISCLOSURE_CONTROLLED_COUNT,10387,399,POSITIVE,False,"NOT_EXACT: mixes >6 members, non-private residents, and independently disclosure-controlled marginals",0
PLR,06300629,Botanischer Garten,True,True,6.526,6526,NORMAL_DISCLOSURE_CONTROLLED_COUNT,3.682,3682,NORMAL_DISCLOSURE_CONTROLLED_COUNT,2.080,2080,NORMAL_DISCLOSURE_CONTROLLED_COUNT,907,907,NORMAL_DISCLOSURE_CONTROLLED_COUNT,346,346,NORMAL_DISCLOSURE_CONTROLLED_COUNT,241,241,NORMAL_DISCLOSURE_CONTROLLED_COUNT,68,68,NORMAL_DISCLOSURE_CONTROLLED_COUNT,40,40,NORMAL_DISCLOSURE_CONTROLLED_COUNT,6476,50,POSITIVE,False,"NOT_EXACT: mixes >6 members, non-private residents, and independently disclosure-controlled marginals",0
PLR,06300630,Hindenburgdamm,True,True,5.161,5161,NORMAL_DISCLOSURE_CONTROLLED_COUNT,2.589,2589,NORMAL_DISCLOSURE_CONTROLLED_COUNT,1.520,1520,NORMAL_DISCLOSURE_CONTROLLED_COUNT,592,592,NORMAL_DISCLOSURE_CONTROLLED_COUNT,231,231,NORMAL_DISCLOSURE_CONTROLLED_COUNT,158,158,NORMAL_DISCLOSURE_CONTROLLED_COUNT,57,57,NORMAL_DISCLOSURE_CONTROLLED_COUNT,36,36,NORMAL_DISCLOSURE_CONTROLLED_COUNT,4530,631,POSITIVE,False,"NOT_EXACT: mixes >6 members, non-private residents, and independently disclosure-controlled marginals",0
PLR,06300631,Goerzwerke,True,True,2.746,2746,NORMAL_DISCLOSURE_CONTROLLED_COUNT,1.509,1509,NORMAL_DISCLOSURE_CONTROLLED_COUNT,864,864,NORMAL_DISCLOSURE_CONTROLLED_COUNT,340,340,NORMAL_DISCLOSURE_CONTROLLED_COUNT,149,149,NORMAL_DISCLOSURE_CONTROLLED_COUNT,119,119,NORMAL_DISCLOSURE_CONTROLLED_COUNT,22,22,NORMAL_DISCLOSURE_CONTROLLED_COUNT,19,19,NORMAL_DISCLOSURE_CONTROLLED_COUNT,2691,55,POSITIVE,False,"NOT_EXACT: mixes >6 members, non-private residents, and independently disclosure-controlled marginals",0
PLR,06300632,Schweizer Viertel,True,True,13.082,13082,NORMAL_DISCLOSURE_CONTROLLED_COUNT,5.714,5714,NORMAL_DISCLOSURE_CONTROLLED_COUNT,2.310,2310,NORMAL_DISCLOSURE_CONTROLLED_COUNT,1.574,1574,NORMAL_DISCLOSURE_CONTROLLED_COUNT,788,788,NORMAL_DISCLOSURE_CONTROLLED_COUNT,714,714,NORMAL_DISCLOSURE_CONTROLLED_COUNT,226,226,NORMAL_DISCLOSURE_CONTROLLED_COUNT,102,102,NORMAL_DISCLOSURE_CONTROLLED_COUNT,12420,662,POSITIVE,False,"NOT_EXACT: mixes >6 members, non-private residents, and independently disclosure-controlled marginals",0
PLR,06300633,Augustaplatz,True,True,11.619,11619,NORMAL_DISCLOSURE_CONTROLLED_COUNT,6.452,6452,NORMAL_DISCLOSURE_CONTROLLED_COUNT,3.572,3572,NORMAL_DISCLOSURE_CONTROLLED_COUNT,1.591,1591,NORMAL_DISCLOSURE_CONTROLLED_COUNT,600,600,NORMAL_DISCLOSURE_CONTROLLED_COUNT,443,443,NORMAL_DISCLOSURE_CONTROLLED_COUNT,152,152,NORMAL_DISCLOSURE_CONTROLLED_COUNT,90,90,NORMAL_DISCLOSURE_CONTROLLED_COUNT,11626,-7,NEGATIVE,False,"NOT_EXACT: mixes >6 members, non-private residents, and independently disclosure-controlled marginals",0
PLR,06300634,Lichterfelde West,True,True,8.137,8137,NORMAL_DISCLOSURE_CONTROLLED_COUNT,3.954,3954,NORMAL_DISCLOSURE_CONTROLLED_COUNT,1.875,1875,NORMAL_DISCLOSURE_CONTROLLED_COUNT,1.031,1031,NORMAL_DISCLOSURE_CONTROLLED_COUNT,443,443,NORMAL_DISCLOSURE_CONTROLLED_COUNT,394,394,NORMAL_DISCLOSURE_CONTROLLED_COUNT,133,133,NORMAL_DISCLOSURE_CONTROLLED_COUNT,74,74,NORMAL_DISCLOSURE_CONTROLLED_COUNT,7951,186,POSITIVE,False,"NOT_EXACT: mixes >6 members, non-private residents, and independently disclosure-controlled marginals",0
PLR,06400735,Wannsee,True,True,9.760,9760,NORMAL_DISCLOSURE_CONTROLLED_COUNT,4.478,4478,NORMAL_DISCLOSURE_CONTROLLED_COUNT,1.949,1949,NORMAL_DISCLOSURE_CONTROLLED_COUNT,1.301,1301,NORMAL_DISCLOSURE_CONTROLLED_COUNT,540,540,NORMAL_DISCLOSURE_CONTROLLED_COUNT,436,436,NORMAL_DISCLOSURE_CONTROLLED_COUNT,159,159,NORMAL_DISCLOSURE_CONTROLLED_COUNT,95,95,NORMAL_DISCLOSURE_CONTROLLED_COUNT,9280,480,POSITIVE,False,"NOT_EXACT: mixes >6 members, non-private residents, and independently disclosure-controlled marginals",0
PLR,06400736,Düppel,True,True,4.731,4731,NORMAL_DISCLOSURE_CONTROLLED_COUNT,2.124,2124,NORMAL_DISCLOSURE_CONTROLLED_COUNT,731,731,NORMAL_DISCLOSURE_CONTROLLED_COUNT,753,753,NORMAL_DISCLOSURE_CONTROLLED_COUNT,274,274,NORMAL_DISCLOSURE_CONTROLLED_COUNT,243,243,NORMAL_DISCLOSURE_CONTROLLED_COUNT,84,84,NORMAL_DISCLOSURE_CONTROLLED_COUNT,39,39,NORMAL_DISCLOSURE_CONTROLLED_COUNT,4685,46,POSITIVE,False,"NOT_EXACT: mixes >6 members, non-private residents, and independently disclosure-controlled marginals",0
PLR,06400737,Nikolassee,True,True,10.838,10838,NORMAL_DISCLOSURE_CONTROLLED_COUNT,5.352,5352,NORMAL_DISCLOSURE_CONTROLLED_COUNT,2.818,2818,NORMAL_DISCLOSURE_CONTROLLED_COUNT,1.290,1290,NORMAL_DISCLOSURE_CONTROLLED_COUNT,561,561,NORMAL_DISCLOSURE_CONTROLLED_COUNT,428,428,NORMAL_DISCLOSURE_CONTROLLED_COUNT,154,154,NORMAL_DISCLOSURE_CONTROLLED_COUNT,103,103,NORMAL_DISCLOSURE_CONTROLLED_COUNT,10181,657,POSITIVE,False,"NOT_EXACT: mixes >6 members, non-private residents, and independently disclosure-controlled marginals",0
PLR,06400838,Krumme Lanke,True,True,7.322,7322,NORMAL_DISCLOSURE_CONTROLLED_COUNT,3.549,3549,NORMAL_DISCLOSURE_CONTROLLED_COUNT,1.531,1531,NORMAL_DISCLOSURE_CONTROLLED_COUNT,1.100,1100,NORMAL_DISCLOSURE_CONTROLLED_COUNT,405,405,NORMAL_DISCLOSURE_CONTROLLED_COUNT,342,342,NORMAL_DISCLOSURE_CONTROLLED_COUNT,107,107,NORMAL_DISCLOSURE_CONTROLLED_COUNT,68,68,NORMAL_DISCLOSURE_CONTROLLED_COUNT,7257,65,POSITIVE,False,"NOT_EXACT: mixes >6 members, non-private residents, and independently disclosure-controlled marginals",0
PLR,06400839,Fischerhüttenstraße,True,True,5.208,5208,NORMAL_DISCLOSURE_CONTROLLED_COUNT,2.626,2626,NORMAL_DISCLOSURE_CONTROLLED_COUNT,1.262,1262,NORMAL_DISCLOSURE_CONTROLLED_COUNT,727,727,NORMAL_DISCLOSURE_CONTROLLED_COUNT,277,277,NORMAL_DISCLOSURE_CONTROLLED_COUNT,231,231,NORMAL_DISCLOSURE_CONTROLLED_COUNT,75,75,NORMAL_DISCLOSURE_CONTROLLED_COUNT,50,50,NORMAL_DISCLOSURE_CONTROLLED_COUNT,5146,62,POSITIVE,False,"NOT_EXACT: mixes >6 members, non-private residents, and independently disclosure-controlled marginals",0
PLR,06400840,Fischtal,True,True,7.168,7168,NORMAL_DISCLOSURE_CONTROLLED_COUNT,3.754,3754,NORMAL_DISCLOSURE_CONTROLLED_COUNT,1.862,1862,NORMAL_DISCLOSURE_CONTROLLED_COUNT,1.021,1021,NORMAL_DISCLOSURE_CONTROLLED_COUNT,393,393,NORMAL_DISCLOSURE_CONTROLLED_COUNT,319,319,NORMAL_DISCLOSURE_CONTROLLED_COUNT,116,116,NORMAL_DISCLOSURE_CONTROLLED_COUNT,49,49,NORMAL_DISCLOSURE_CONTROLLED_COUNT,7233,-65,NEGATIVE,False,"NOT_EXACT: mixes >6 members, non-private residents, and independently disclosure-controlled marginals",0
PLR,06400841,Zehlendorf Eiche,True,True,5.922,5922,NORMAL_DISCLOSURE_CONTROLLED_COUNT,3.176,3176,NORMAL_DISCLOSURE_CONTROLLED_COUNT,1.789,1789,NORMAL_DISCLOSURE_CONTROLLED_COUNT,712,712,NORMAL_DISCLOSURE_CONTROLLED_COUNT,319,319,NORMAL_DISCLOSURE_CONTROLLED_COUNT,233,233,NORMAL_DISCLOSURE_CONTROLLED_COUNT,85,85,NORMAL_DISCLOSURE_CONTROLLED_COUNT,44,44,NORMAL_DISCLOSURE_CONTROLLED_COUNT,5791,131,POSITIVE,False,"NOT_EXACT: mixes >6 members, non-private residents, and independently disclosure-controlled marginals",0
PLR,06400842,Hüttenweg,True,True,4.473,4473,NORMAL_DISCLOSURE_CONTROLLED_COUNT,2.027,2027,NORMAL_DISCLOSURE_CONTROLLED_COUNT,834,834,NORMAL_DISCLOSURE_CONTROLLED_COUNT,498,498,NORMAL_DISCLOSURE_CONTROLLED_COUNT,302,302,NORMAL_DISCLOSURE_CONTROLLED_COUNT,301,301,NORMAL_DISCLOSURE_CONTROLLED_COUNT,77,77,NORMAL_DISCLOSURE_CONTROLLED_COUNT,24,24,NORMAL_DISCLOSURE_CONTROLLED_COUNT,4469,4,POSITIVE,False,"NOT_EXACT: mixes >6 members, non-private residents, and independently disclosure-controlled marginals",0
PLR,06400843,Thielallee,True,True,4.571,4571,NORMAL_DISCLOSURE_CONTROLLED_COUNT,2.076,2076,NORMAL_DISCLOSURE_CONTROLLED_COUNT,859,859,NORMAL_DISCLOSURE_CONTROLLED_COUNT,584,584,NORMAL_DISCLOSURE_CONTROLLED_COUNT,244,244,NORMAL_DISCLOSURE_CONTROLLED_COUNT,229,229,NORMAL_DISCLOSURE_CONTROLLED_COUNT,105,105,NORMAL_DISCLOSURE_CONTROLLED_COUNT,56,56,NORMAL_DISCLOSURE_CONTROLLED_COUNT,4536,35,POSITIVE,False,"NOT_EXACT: mixes >6 members, non-private residents, and independently disclosure-controlled marginals",0
PLR,06400844,Dahlem,True,True,6.876,6876,NORMAL_DISCLOSURE_CONTROLLED_COUNT,3.243,3243,NORMAL_DISCLOSURE_CONTROLLED_COUNT,1.541,1541,NORMAL_DISCLOSURE_CONTROLLED_COUNT,829,829,NORMAL_DISCLOSURE_CONTROLLED_COUNT,355,355,NORMAL_DISCLOSURE_CONTROLLED_COUNT,301,301,NORMAL_DISCLOSURE_CONTROLLED_COUNT,120,120,NORMAL_DISCLOSURE_CONTROLLED_COUNT,96,96,NORMAL_DISCLOSURE_CONTROLLED_COUNT,6644,232,POSITIVE,False,"NOT_EXACT: mixes >6 members, non-private residents, and independently disclosure-controlled marginals",0
PLR,07100101,Wittenbergplatz,True,True,9.282,9282,NORMAL_DISCLOSURE_CONTROLLED_COUNT,5.781,5781,NORMAL_DISCLOSURE_CONTROLLED_COUNT,3.836,3836,NORMAL_DISCLOSURE_CONTROLLED_COUNT,1.113,1113,NORMAL_DISCLOSURE_CONTROLLED_COUNT,426,426,NORMAL_DISCLOSURE_CONTROLLED_COUNT,280,280,NORMAL_DISCLOSURE_CONTROLLED_COUNT,71,71,NORMAL_DISCLOSURE_CONTROLLED_COUNT,53,53,NORMAL_DISCLOSURE_CONTROLLED_COUNT,9133,149,POSITIVE,False,"NOT_EXACT: mixes >6 members, non-private residents, and independently disclosure-controlled marginals",0
PLR,07100102,Kalckreuthstraße,True,True,7.768,7768,NORMAL_DISCLOSURE_CONTROLLED_COUNT,4.946,4946,NORMAL_DISCLOSURE_CONTROLLED_COUNT,3.454,3454,NORMAL_DISCLOSURE_CONTROLLED_COUNT,777,777,NORMAL_DISCLOSURE_CONTROLLED_COUNT,367,367,NORMAL_DISCLOSURE_CONTROLLED_COUNT,205,205,NORMAL_DISCLOSURE_CONTROLLED_COUNT,88,88,NORMAL_DISCLOSURE_CONTROLLED_COUNT,56,56,NORMAL_DISCLOSURE_CONTROLLED_COUNT,7705,63,POSITIVE,False,"NOT_EXACT: mixes >6 members, non-private residents, and independently disclosure-controlled marginals",0
PLR,07100103,Frobenstraße,True,True,6.999,6999,NORMAL_DISCLOSURE_CONTROLLED_COUNT,3.830,3830,NORMAL_DISCLOSURE_CONTROLLED_COUNT,2.366,2366,NORMAL_DISCLOSURE_CONTROLLED_COUNT,657,657,NORMAL_DISCLOSURE_CONTROLLED_COUNT,313,313,NORMAL_DISCLOSURE_CONTROLLED_COUNT,271,271,NORMAL_DISCLOSURE_CONTROLLED_COUNT,129,129,NORMAL_DISCLOSURE_CONTROLLED_COUNT,93,93,NORMAL_DISCLOSURE_CONTROLLED_COUNT,6906,93,POSITIVE,False,"NOT_EXACT: mixes >6 members, non-private residents, and independently disclosure-controlled marginals",0
PLR,07100204,Barbarossaplatz,True,True,9.827,9827,NORMAL_DISCLOSURE_CONTROLLED_COUNT,6.010,6010,NORMAL_DISCLOSURE_CONTROLLED_COUNT,4.031,4031,NORMAL_DISCLOSURE_CONTROLLED_COUNT,1.004,1004,NORMAL_DISCLOSURE_CONTROLLED_COUNT,500,500,NORMAL_DISCLOSURE_CONTROLLED_COUNT,324,324,NORMAL_DISCLOSURE_CONTROLLED_COUNT,84,84,NORMAL_DISCLOSURE_CONTROLLED_COUNT,70,70,NORMAL_DISCLOSURE_CONTROLLED_COUNT,9675,152,POSITIVE,False,"NOT_EXACT: mixes >6 members, non-private residents, and independently disclosure-controlled marginals",0
PLR,07100205,Alvenslebenstraße,True,True,4.711,4711,NORMAL_DISCLOSURE_CONTROLLED_COUNT,2.393,2393,NORMAL_DISCLOSURE_CONTROLLED_COUNT,1.328,1328,NORMAL_DISCLOSURE_CONTROLLED_COUNT,512,512,NORMAL_DISCLOSURE_CONTROLLED_COUNT,219,219,NORMAL_DISCLOSURE_CONTROLLED_COUNT,169,169,NORMAL_DISCLOSURE_CONTROLLED_COUNT,80,80,NORMAL_DISCLOSURE_CONTROLLED_COUNT,89,89,NORMAL_DISCLOSURE_CONTROLLED_COUNT,4619,92,POSITIVE,False,"NOT_EXACT: mixes >6 members, non-private residents, and independently disclosure-controlled marginals",0
PLR,07100206,Großgörschenstraße,True,True,7.829,7829,NORMAL_DISCLOSURE_CONTROLLED_COUNT,4.542,4542,NORMAL_DISCLOSURE_CONTROLLED_COUNT,2.910,2910,NORMAL_DISCLOSURE_CONTROLLED_COUNT,841,841,NORMAL_DISCLOSURE_CONTROLLED_COUNT,390,390,NORMAL_DISCLOSURE_CONTROLLED_COUNT,235,235,NORMAL_DISCLOSURE_CONTROLLED_COUNT,92,92,NORMAL_DISCLOSURE_CONTROLLED_COUNT,82,82,NORMAL_DISCLOSURE_CONTROLLED_COUNT,7654,175,POSITIVE,False,"NOT_EXACT: mixes >6 members, non-private residents, and independently disclosure-controlled marginals",0
PLR,07200307,Bayerischer Platz,True,True,10.297,10297,NORMAL_DISCLOSURE_CONTROLLED_COUNT,6.317,6317,NORMAL_DISCLOSURE_CONTROLLED_COUNT,4.082,4082,NORMAL_DISCLOSURE_CONTROLLED_COUNT,1.249,1249,NORMAL_DISCLOSURE_CONTROLLED_COUNT,533,533,NORMAL_DISCLOSURE_CONTROLLED_COUNT,306,306,NORMAL_DISCLOSURE_CONTROLLED_COUNT,89,89,NORMAL_DISCLOSURE_CONTROLLED_COUNT,67,67,NORMAL_DISCLOSURE_CONTROLLED_COUNT,10250,47,POSITIVE,False,"NOT_EXACT: mixes >6 members, non-private residents, and independently disclosure-controlled marginals",0
PLR,07200308,Volkspark (Rudolph-Wilde-Park),True,True,9.548,9548,NORMAL_DISCLOSURE_CONTROLLED_COUNT,5.742,5742,NORMAL_DISCLOSURE_CONTROLLED_COUNT,3.820,3820,NORMAL_DISCLOSURE_CONTROLLED_COUNT,1.031,1031,NORMAL_DISCLOSURE_CONTROLLED_COUNT,463,463,NORMAL_DISCLOSURE_CONTROLLED_COUNT,264,264,NORMAL_DISCLOSURE_CONTROLLED_COUNT,90,90,NORMAL_DISCLOSURE_CONTROLLED_COUNT,76,76,NORMAL_DISCLOSURE_CONTROLLED_COUNT,9233,315,POSITIVE,False,"NOT_EXACT: mixes >6 members, non-private residents, and independently disclosure-controlled marginals",0
PLR,07200409,Belziger Straße,True,True,8.816,8816,NORMAL_DISCLOSURE_CONTROLLED_COUNT,5.173,5173,NORMAL_DISCLOSURE_CONTROLLED_COUNT,3.389,3389,NORMAL_DISCLOSURE_CONTROLLED_COUNT,895,895,NORMAL_DISCLOSURE_CONTROLLED_COUNT,445,445,NORMAL_DISCLOSURE_CONTROLLED_COUNT,305,305,NORMAL_DISCLOSURE_CONTROLLED_COUNT,81,81,NORMAL_DISCLOSURE_CONTROLLED_COUNT,59,59,NORMAL_DISCLOSURE_CONTROLLED_COUNT,8493,323,POSITIVE,False,"NOT_EXACT: mixes >6 members, non-private residents, and independently disclosure-controlled marginals",0
PLR,07200410,Feurigstraße,True,True,5.326,5326,NORMAL_DISCLOSURE_CONTROLLED_COUNT,2.702,2702,NORMAL_DISCLOSURE_CONTROLLED_COUNT,1.523,1523,NORMAL_DISCLOSURE_CONTROLLED_COUNT,550,550,NORMAL_DISCLOSURE_CONTROLLED_COUNT,309,309,NORMAL_DISCLOSURE_CONTROLLED_COUNT,160,160,NORMAL_DISCLOSURE_CONTROLLED_COUNT,83,83,NORMAL_DISCLOSURE_CONTROLLED_COUNT,78,78,NORMAL_DISCLOSURE_CONTROLLED_COUNT,5073,253,POSITIVE,False,"NOT_EXACT: mixes >6 members, non-private residents, and independently disclosure-controlled marginals",0
PLR,07200411,Julius-Leber-Brücke,True,True,2.516,2516,NORMAL_DISCLOSURE_CONTROLLED_COUNT,1.370,1370,NORMAL_DISCLOSURE_CONTROLLED_COUNT,807,807,NORMAL_DISCLOSURE_CONTROLLED_COUNT,276,276,NORMAL_DISCLOSURE_CONTROLLED_COUNT,136,136,NORMAL_DISCLOSURE_CONTROLLED_COUNT,88,88,NORMAL_DISCLOSURE_CONTROLLED_COUNT,25,25,NORMAL_DISCLOSURE_CONTROLLED_COUNT,36,36,NORMAL_DISCLOSURE_CONTROLLED_COUNT,2460,56,POSITIVE,False,"NOT_EXACT: mixes >6 members, non-private residents, and independently disclosure-controlled marginals",0
PLR,07200412,Schöneberger Linse,True,True,1.590,1590,NORMAL_DISCLOSURE_CONTROLLED_COUNT,872,872,NORMAL_DISCLOSURE_CONTROLLED_COUNT,517,517,NORMAL_DISCLOSURE_CONTROLLED_COUNT,189,189,NORMAL_DISCLOSURE_CONTROLLED_COUNT,100,100,NORMAL_DISCLOSURE_CONTROLLED_COUNT,45,45,NORMAL_DISCLOSURE_CONTROLLED_COUNT,7,7,NORMAL_DISCLOSURE_CONTROLLED_COUNT,17,17,NORMAL_DISCLOSURE_CONTROLLED_COUNT,1512,78,POSITIVE,False,"NOT_EXACT: mixes >6 members, non-private residents, and independently disclosure-controlled marginals",0
PLR,07200413,Cheruskerstraße,True,True,7.401,7401,NORMAL_DISCLOSURE_CONTROLLED_COUNT,4.551,4551,NORMAL_DISCLOSURE_CONTROLLED_COUNT,3.050,3050,NORMAL_DISCLOSURE_CONTROLLED_COUNT,756,756,NORMAL_DISCLOSURE_CONTROLLED_COUNT,413,413,NORMAL_DISCLOSURE_CONTROLLED_COUNT,231,231,NORMAL_DISCLOSURE_CONTROLLED_COUNT,52,52,NORMAL_DISCLOSURE_CONTROLLED_COUNT,49,49,NORMAL_DISCLOSURE_CONTROLLED_COUNT,7279,122,POSITIVE,False,"NOT_EXACT: mixes >6 members, non-private residents, and independently disclosure-controlled marginals",0
PLR,07200414,Hohenfriedbergstraße,True,True,3.435,3435,NORMAL_DISCLOSURE_CONTROLLED_COUNT,2.072,2072,NORMAL_DISCLOSURE_CONTROLLED_COUNT,1.380,1380,NORMAL_DISCLOSURE_CONTROLLED_COUNT,346,346,NORMAL_DISCLOSURE_CONTROLLED_COUNT,167,167,NORMAL_DISCLOSURE_CONTROLLED_COUNT,118,118,NORMAL_DISCLOSURE_CONTROLLED_COUNT,40,40,NORMAL_DISCLOSURE_CONTROLLED_COUNT,23,23,NORMAL_DISCLOSURE_CONTROLLED_COUNT,3383,52,POSITIVE,False,"NOT_EXACT: mixes >6 members, non-private residents, and independently disclosure-controlled marginals",0
PLR,07300515,Taunusstraße,True,True,6.538,6538,NORMAL_DISCLOSURE_CONTROLLED_COUNT,3.773,3773,NORMAL_DISCLOSURE_CONTROLLED_COUNT,2.305,2305,NORMAL_DISCLOSURE_CONTROLLED_COUNT,768,768,NORMAL_DISCLOSURE_CONTROLLED_COUNT,373,373,NORMAL_DISCLOSURE_CONTROLLED_COUNT,234,234,NORMAL_DISCLOSURE_CONTROLLED_COUNT,57,57,NORMAL_DISCLOSURE_CONTROLLED_COUNT,40,40,NORMAL_DISCLOSURE_CONTROLLED_COUNT,6421,117,POSITIVE,False,"NOT_EXACT: mixes >6 members, non-private residents, and independently disclosure-controlled marginals",0
PLR,07300516,Odenwaldstraße,True,True,8.463,8463,NORMAL_DISCLOSURE_CONTROLLED_COUNT,4.889,4889,NORMAL_DISCLOSURE_CONTROLLED_COUNT,2.964,2964,NORMAL_DISCLOSURE_CONTROLLED_COUNT,1.029,1029,NORMAL_DISCLOSURE_CONTROLLED_COUNT,464,464,NORMAL_DISCLOSURE_CONTROLLED_COUNT,300,300,NORMAL_DISCLOSURE_CONTROLLED_COUNT,78,78,NORMAL_DISCLOSURE_CONTROLLED_COUNT,48,48,NORMAL_DISCLOSURE_CONTROLLED_COUNT,8292,171,POSITIVE,False,"NOT_EXACT: mixes >6 members, non-private residents, and independently disclosure-controlled marginals",0
PLR,07300517,Perelsplatz,True,True,8.820,8820,NORMAL_DISCLOSURE_CONTROLLED_COUNT,4.559,4559,NORMAL_DISCLOSURE_CONTROLLED_COUNT,2.607,2607,NORMAL_DISCLOSURE_CONTROLLED_COUNT,987,987,NORMAL_DISCLOSURE_CONTROLLED_COUNT,456,456,NORMAL_DISCLOSURE_CONTROLLED_COUNT,337,337,NORMAL_DISCLOSURE_CONTROLLED_COUNT,116,116,NORMAL_DISCLOSURE_CONTROLLED_COUNT,62,62,NORMAL_DISCLOSURE_CONTROLLED_COUNT,8249,571,POSITIVE,False,"NOT_EXACT: mixes >6 members, non-private residents, and independently disclosure-controlled marginals",0
PLR,07300618,Ceciliengärten,True,True,8.827,8827,NORMAL_DISCLOSURE_CONTROLLED_COUNT,4.885,4885,NORMAL_DISCLOSURE_CONTROLLED_COUNT,2.842,2842,NORMAL_DISCLOSURE_CONTROLLED_COUNT,1.059,1059,NORMAL_DISCLOSURE_CONTROLLED_COUNT,474,474,NORMAL_DISCLOSURE_CONTROLLED_COUNT,352,352,NORMAL_DISCLOSURE_CONTROLLED_COUNT,85,85,NORMAL_DISCLOSURE_CONTROLLED_COUNT,73,73,NORMAL_DISCLOSURE_CONTROLLED_COUNT,8653,174,POSITIVE,False,"NOT_EXACT: mixes >6 members, non-private residents, and independently disclosure-controlled marginals",0
PLR,07300619,Grazer Platz,True,True,11.627,11627,NORMAL_DISCLOSURE_CONTROLLED_COUNT,6.157,6157,NORMAL_DISCLOSURE_CONTROLLED_COUNT,3.368,3368,NORMAL_DISCLOSURE_CONTROLLED_COUNT,1.386,1386,NORMAL_DISCLOSURE_CONTROLLED_COUNT,726,726,NORMAL_DISCLOSURE_CONTROLLED_COUNT,417,417,NORMAL_DISCLOSURE_CONTROLLED_COUNT,154,154,NORMAL_DISCLOSURE_CONTROLLED_COUNT,107,107,NORMAL_DISCLOSURE_CONTROLLED_COUNT,11398,229,POSITIVE,False,"NOT_EXACT: mixes >6 members, non-private residents, and independently disclosure-controlled marginals",0
PLR,07400720,Gontermannstraße,True,True,11.025,11025,NORMAL_DISCLOSURE_CONTROLLED_COUNT,5.708,5708,NORMAL_DISCLOSURE_CONTROLLED_COUNT,3.409,3409,NORMAL_DISCLOSURE_CONTROLLED_COUNT,1.151,1151,NORMAL_DISCLOSURE_CONTROLLED_COUNT,538,538,NORMAL_DISCLOSURE_CONTROLLED_COUNT,314,314,NORMAL_DISCLOSURE_CONTROLLED_COUNT,111,111,NORMAL_DISCLOSURE_CONTROLLED_COUNT,186,186,NORMAL_DISCLOSURE_CONTROLLED_COUNT,10252,773,POSITIVE,False,"NOT_EXACT: mixes >6 members, non-private residents, and independently disclosure-controlled marginals",0
PLR,07400721,Paradestraße,True,True,5.191,5191,NORMAL_DISCLOSURE_CONTROLLED_COUNT,2.216,2216,NORMAL_DISCLOSURE_CONTROLLED_COUNT,897,897,NORMAL_DISCLOSURE_CONTROLLED_COUNT,536,536,NORMAL_DISCLOSURE_CONTROLLED_COUNT,311,311,NORMAL_DISCLOSURE_CONTROLLED_COUNT,299,299,NORMAL_DISCLOSURE_CONTROLLED_COUNT,91,91,NORMAL_DISCLOSURE_CONTROLLED_COUNT,84,84,NORMAL_DISCLOSURE_CONTROLLED_COUNT,5057,134,POSITIVE,False,"NOT_EXACT: mixes >6 members, non-private residents, and independently disclosure-controlled marginals",0
PLR,07400822,Lindenhofsiedlung,True,True,2.614,2614,NORMAL_DISCLOSURE_CONTROLLED_COUNT,1.574,1574,NORMAL_DISCLOSURE_CONTROLLED_COUNT,998,998,NORMAL_DISCLOSURE_CONTROLLED_COUNT,295,295,NORMAL_DISCLOSURE_CONTROLLED_COUNT,163,163,NORMAL_DISCLOSURE_CONTROLLED_COUNT,83,83,NORMAL_DISCLOSURE_CONTROLLED_COUNT,25,25,NORMAL_DISCLOSURE_CONTROLLED_COUNT,13,13,NORMAL_DISCLOSURE_CONTROLLED_COUNT,2612,2,POSITIVE,False,"NOT_EXACT: mixes >6 members, non-private residents, and independently disclosure-controlled marginals",0
PLR,07400823,Wittekindstraße,True,True,9.100,9100,NORMAL_DISCLOSURE_CONTROLLED_COUNT,5.563,5563,NORMAL_DISCLOSURE_CONTROLLED_COUNT,3.495,3495,NORMAL_DISCLOSURE_CONTROLLED_COUNT,1.259,1259,NORMAL_DISCLOSURE_CONTROLLED_COUNT,423,423,NORMAL_DISCLOSURE_CONTROLLED_COUNT,253,253,NORMAL_DISCLOSURE_CONTROLLED_COUNT,88,88,NORMAL_DISCLOSURE_CONTROLLED_COUNT,46,46,NORMAL_DISCLOSURE_CONTROLLED_COUNT,9010,90,POSITIVE,False,"NOT_EXACT: mixes >6 members, non-private residents, and independently disclosure-controlled marginals",0
PLR,07400824,Bosepark,True,True,6.813,6813,NORMAL_DISCLOSURE_CONTROLLED_COUNT,3.760,3760,NORMAL_DISCLOSURE_CONTROLLED_COUNT,2.274,2274,NORMAL_DISCLOSURE_CONTROLLED_COUNT,754,754,NORMAL_DISCLOSURE_CONTROLLED_COUNT,352,352,NORMAL_DISCLOSURE_CONTROLLED_COUNT,241,241,NORMAL_DISCLOSURE_CONTROLLED_COUNT,73,73,NORMAL_DISCLOSURE_CONTROLLED_COUNT,68,68,NORMAL_DISCLOSURE_CONTROLLED_COUNT,6575,238,POSITIVE,False,"NOT_EXACT: mixes >6 members, non-private residents, and independently disclosure-controlled marginals",0
PLR,07400825,Friedrich-Karl-Straße,True,True,6.841,6841,NORMAL_DISCLOSURE_CONTROLLED_COUNT,4.091,4091,NORMAL_DISCLOSURE_CONTROLLED_COUNT,2.608,2608,NORMAL_DISCLOSURE_CONTROLLED_COUNT,767,767,NORMAL_DISCLOSURE_CONTROLLED_COUNT,370,370,NORMAL_DISCLOSURE_CONTROLLED_COUNT,247,247,NORMAL_DISCLOSURE_CONTROLLED_COUNT,63,63,NORMAL_DISCLOSURE_CONTROLLED_COUNT,38,38,NORMAL_DISCLOSURE_CONTROLLED_COUNT,6783,58,POSITIVE,False,"NOT_EXACT: mixes >6 members, non-private residents, and independently disclosure-controlled marginals",0
PLR,07400826,Marienhöhe,True,True,4.952,4952,NORMAL_DISCLOSURE_CONTROLLED_COUNT,2.926,2926,NORMAL_DISCLOSURE_CONTROLLED_COUNT,1.719,1719,NORMAL_DISCLOSURE_CONTROLLED_COUNT,729,729,NORMAL_DISCLOSURE_CONTROLLED_COUNT,246,246,NORMAL_DISCLOSURE_CONTROLLED_COUNT,151,151,NORMAL_DISCLOSURE_CONTROLLED_COUNT,51,51,NORMAL_DISCLOSURE_CONTROLLED_COUNT,33,33,NORMAL_DISCLOSURE_CONTROLLED_COUNT,4972,-20,NEGATIVE,False,"NOT_EXACT: mixes >6 members, non-private residents, and independently disclosure-controlled marginals",0
PLR,07400927,Rathaus Tempelhof,True,True,10.525,10525,NORMAL_DISCLOSURE_CONTROLLED_COUNT,5.703,5703,NORMAL_DISCLOSURE_CONTROLLED_COUNT,3.527,3527,NORMAL_DISCLOSURE_CONTROLLED_COUNT,1.151,1151,NORMAL_DISCLOSURE_CONTROLLED_COUNT,512,512,NORMAL_DISCLOSURE_CONTROLLED_COUNT,311,311,NORMAL_DISCLOSURE_CONTROLLED_COUNT,129,129,NORMAL_DISCLOSURE_CONTROLLED_COUNT,82,82,NORMAL_DISCLOSURE_CONTROLLED_COUNT,9746,779,POSITIVE,False,"NOT_EXACT: mixes >6 members, non-private residents, and independently disclosure-controlled marginals",0
PLR,07400928,Germaniagarten,True,True,3.444,3444,NORMAL_DISCLOSURE_CONTROLLED_COUNT,2.252,2252,NORMAL_DISCLOSURE_CONTROLLED_COUNT,1.640,1640,NORMAL_DISCLOSURE_CONTROLLED_COUNT,318,318,NORMAL_DISCLOSURE_CONTROLLED_COUNT,140,140,NORMAL_DISCLOSURE_CONTROLLED_COUNT,81,81,NORMAL_DISCLOSURE_CONTROLLED_COUNT,49,49,NORMAL_DISCLOSURE_CONTROLLED_COUNT,23,23,NORMAL_DISCLOSURE_CONTROLLED_COUNT,3403,41,POSITIVE,False,"NOT_EXACT: mixes >6 members, non-private residents, and independently disclosure-controlled marginals",0
PLR,07501029,Ringstraße,True,True,7.622,7622,NORMAL_DISCLOSURE_CONTROLLED_COUNT,4.307,4307,NORMAL_DISCLOSURE_CONTROLLED_COUNT,2.539,2539,NORMAL_DISCLOSURE_CONTROLLED_COUNT,974,974,NORMAL_DISCLOSURE_CONTROLLED_COUNT,428,428,NORMAL_DISCLOSURE_CONTROLLED_COUNT,248,248,NORMAL_DISCLOSURE_CONTROLLED_COUNT,70,70,NORMAL_DISCLOSURE_CONTROLLED_COUNT,46,46,NORMAL_DISCLOSURE_CONTROLLED_COUNT,7389,233,POSITIVE,False,"NOT_EXACT: mixes >6 members, non-private residents, and independently disclosure-controlled marginals",0
PLR,07501030,Machonstraße,True,True,8.244,8244,NORMAL_DISCLOSURE_CONTROLLED_COUNT,4.658,4658,NORMAL_DISCLOSURE_CONTROLLED_COUNT,2.903,2903,NORMAL_DISCLOSURE_CONTROLLED_COUNT,948,948,NORMAL_DISCLOSURE_CONTROLLED_COUNT,394,394,NORMAL_DISCLOSURE_CONTROLLED_COUNT,241,241,NORMAL_DISCLOSURE_CONTROLLED_COUNT,101,101,NORMAL_DISCLOSURE_CONTROLLED_COUNT,70,70,NORMAL_DISCLOSURE_CONTROLLED_COUNT,7870,374,POSITIVE,False,"NOT_EXACT: mixes >6 members, non-private residents, and independently disclosure-controlled marginals",0
PLR,07501031,Eisenacher Straße,True,True,8.746,8746,NORMAL_DISCLOSURE_CONTROLLED_COUNT,5.213,5213,NORMAL_DISCLOSURE_CONTROLLED_COUNT,3.169,3169,NORMAL_DISCLOSURE_CONTROLLED_COUNT,1.225,1225,NORMAL_DISCLOSURE_CONTROLLED_COUNT,432,432,NORMAL_DISCLOSURE_CONTROLLED_COUNT,262,262,NORMAL_DISCLOSURE_CONTROLLED_COUNT,73,73,NORMAL_DISCLOSURE_CONTROLLED_COUNT,52,52,NORMAL_DISCLOSURE_CONTROLLED_COUNT,8640,106,POSITIVE,False,"NOT_EXACT: mixes >6 members, non-private residents, and independently disclosure-controlled marginals",0
PLR,07501032,Imbrosweg,True,True,5.575,5575,NORMAL_DISCLOSURE_CONTROLLED_COUNT,2.997,2997,NORMAL_DISCLOSURE_CONTROLLED_COUNT,1.576,1576,NORMAL_DISCLOSURE_CONTROLLED_COUNT,753,753,NORMAL_DISCLOSURE_CONTROLLED_COUNT,357,357,NORMAL_DISCLOSURE_CONTROLLED_COUNT,210,210,NORMAL_DISCLOSURE_CONTROLLED_COUNT,64,64,NORMAL_DISCLOSURE_CONTROLLED_COUNT,35,35,NORMAL_DISCLOSURE_CONTROLLED_COUNT,5523,52,POSITIVE,False,"NOT_EXACT: mixes >6 members, non-private residents, and independently disclosure-controlled marginals",0
PLR,07501133,Fritz-Werner-Straße,True,True,7.427,7427,NORMAL_DISCLOSURE_CONTROLLED_COUNT,4.215,4215,NORMAL_DISCLOSURE_CONTROLLED_COUNT,2.683,2683,NORMAL_DISCLOSURE_CONTROLLED_COUNT,884,884,NORMAL_DISCLOSURE_CONTROLLED_COUNT,298,298,NORMAL_DISCLOSURE_CONTROLLED_COUNT,226,226,NORMAL_DISCLOSURE_CONTROLLED_COUNT,73,73,NORMAL_DISCLOSURE_CONTROLLED_COUNT,52,52,NORMAL_DISCLOSURE_CONTROLLED_COUNT,6926,501,POSITIVE,False,"NOT_EXACT: mixes >6 members, non-private residents, and independently disclosure-controlled marginals",0
PLR,07501134,Hundsteinweg,True,True,10.194,10194,NORMAL_DISCLOSURE_CONTROLLED_COUNT,5.138,5138,NORMAL_DISCLOSURE_CONTROLLED_COUNT,2.461,2461,NORMAL_DISCLOSURE_CONTROLLED_COUNT,1.483,1483,NORMAL_DISCLOSURE_CONTROLLED_COUNT,553,553,NORMAL_DISCLOSURE_CONTROLLED_COUNT,432,432,NORMAL_DISCLOSURE_CONTROLLED_COUNT,130,130,NORMAL_DISCLOSURE_CONTROLLED_COUNT,78,78,NORMAL_DISCLOSURE_CONTROLLED_COUNT,9932,262,POSITIVE,False,"NOT_EXACT: mixes >6 members, non-private residents, and independently disclosure-controlled marginals",0
PLR,07501135,Birnhornweg,True,True,2.201,2201,NORMAL_DISCLOSURE_CONTROLLED_COUNT,1.049,1049,NORMAL_DISCLOSURE_CONTROLLED_COUNT,422,422,NORMAL_DISCLOSURE_CONTROLLED_COUNT,337,337,NORMAL_DISCLOSURE_CONTROLLED_COUNT,136,136,NORMAL_DISCLOSURE_CONTROLLED_COUNT,91,91,NORMAL_DISCLOSURE_CONTROLLED_COUNT,40,40,NORMAL_DISCLOSURE_CONTROLLED_COUNT,19,19,NORMAL_DISCLOSURE_CONTROLLED_COUNT,2182,19,POSITIVE,False,"NOT_EXACT: mixes >6 members, non-private residents, and independently disclosure-controlled marginals",0
PLR,07601236,Marienfelder Allee Nordwest,True,True,9.851,9851,NORMAL_DISCLOSURE_CONTROLLED_COUNT,4.562,4562,NORMAL_DISCLOSURE_CONTROLLED_COUNT,2.255,2255,NORMAL_DISCLOSURE_CONTROLLED_COUNT,1.227,1227,NORMAL_DISCLOSURE_CONTROLLED_COUNT,505,505,NORMAL_DISCLOSURE_CONTROLLED_COUNT,351,351,NORMAL_DISCLOSURE_CONTROLLED_COUNT,139,139,NORMAL_DISCLOSURE_CONTROLLED_COUNT,83,83,NORMAL_DISCLOSURE_CONTROLLED_COUNT,8821,1030,POSITIVE,False,"NOT_EXACT: mixes >6 members, non-private residents, and independently disclosure-controlled marginals",0
PLR,07601237,Kirchstraße,True,True,4.547,4547,NORMAL_DISCLOSURE_CONTROLLED_COUNT,2.246,2246,NORMAL_DISCLOSURE_CONTROLLED_COUNT,998,998,NORMAL_DISCLOSURE_CONTROLLED_COUNT,655,655,NORMAL_DISCLOSURE_CONTROLLED_COUNT,293,293,NORMAL_DISCLOSURE_CONTROLLED_COUNT,202,202,NORMAL_DISCLOSURE_CONTROLLED_COUNT,56,56,NORMAL_DISCLOSURE_CONTROLLED_COUNT,46,46,NORMAL_DISCLOSURE_CONTROLLED_COUNT,4551,-4,NEGATIVE,False,"NOT_EXACT: mixes >6 members, non-private residents, and independently disclosure-controlled marginals",0
PLR,07601238,Marienfelde Nordost,True,True,2.591,2591,NORMAL_DISCLOSURE_CONTROLLED_COUNT,1.342,1342,NORMAL_DISCLOSURE_CONTROLLED_COUNT,680,680,NORMAL_DISCLOSURE_CONTROLLED_COUNT,359,359,NORMAL_DISCLOSURE_CONTROLLED_COUNT,128,128,NORMAL_DISCLOSURE_CONTROLLED_COUNT,110,110,NORMAL_DISCLOSURE_CONTROLLED_COUNT,46,46,NORMAL_DISCLOSURE_CONTROLLED_COUNT,20,20,NORMAL_DISCLOSURE_CONTROLLED_COUNT,2572,19,POSITIVE,False,"NOT_EXACT: mixes >6 members, non-private residents, and independently disclosure-controlled marginals",0
PLR,07601339,Tirschenreuther Ring West,True,True,5.454,5454,NORMAL_DISCLOSURE_CONTROLLED_COUNT,2.940,2940,NORMAL_DISCLOSURE_CONTROLLED_COUNT,1.444,1444,NORMAL_DISCLOSURE_CONTROLLED_COUNT,883,883,NORMAL_DISCLOSURE_CONTROLLED_COUNT,317,317,NORMAL_DISCLOSURE_CONTROLLED_COUNT,207,207,NORMAL_DISCLOSURE_CONTROLLED_COUNT,58,58,NORMAL_DISCLOSURE_CONTROLLED_COUNT,23,23,NORMAL_DISCLOSURE_CONTROLLED_COUNT,5417,37,POSITIVE,False,"NOT_EXACT: mixes >6 members, non-private residents, and independently disclosure-controlled marginals",0
PLR,07601340,Tirschenreuther Ring Ost,True,True,6.054,6054,NORMAL_DISCLOSURE_CONTROLLED_COUNT,3.184,3184,NORMAL_DISCLOSURE_CONTROLLED_COUNT,1.589,1589,NORMAL_DISCLOSURE_CONTROLLED_COUNT,915,915,NORMAL_DISCLOSURE_CONTROLLED_COUNT,338,338,NORMAL_DISCLOSURE_CONTROLLED_COUNT,215,215,NORMAL_DISCLOSURE_CONTROLLED_COUNT,89,89,NORMAL_DISCLOSURE_CONTROLLED_COUNT,40,40,NORMAL_DISCLOSURE_CONTROLLED_COUNT,5978,76,POSITIVE,False,"NOT_EXACT: mixes >6 members, non-private residents, and independently disclosure-controlled marginals",0
PLR,07601341,Diedersdorfer Weg,True,True,2.070,2070,NORMAL_DISCLOSURE_CONTROLLED_COUNT,1.047,1047,NORMAL_DISCLOSURE_CONTROLLED_COUNT,447,447,NORMAL_DISCLOSURE_CONTROLLED_COUNT,354,354,NORMAL_DISCLOSURE_CONTROLLED_COUNT,109,109,NORMAL_DISCLOSURE_CONTROLLED_COUNT,101,101,NORMAL_DISCLOSURE_CONTROLLED_COUNT,30,30,NORMAL_DISCLOSURE_CONTROLLED_COUNT,9,9,NORMAL_DISCLOSURE_CONTROLLED_COUNT,2090,-20,NEGATIVE,False,"NOT_EXACT: mixes >6 members, non-private residents, and independently disclosure-controlled marginals",0
PLR,07601442,Kettinger Straße,True,True,10.220,10220,NORMAL_DISCLOSURE_CONTROLLED_COUNT,5.154,5154,NORMAL_DISCLOSURE_CONTROLLED_COUNT,2.337,2337,NORMAL_DISCLOSURE_CONTROLLED_COUNT,1.574,1574,NORMAL_DISCLOSURE_CONTROLLED_COUNT,614,614,NORMAL_DISCLOSURE_CONTROLLED_COUNT,421,421,NORMAL_DISCLOSURE_CONTROLLED_COUNT,140,140,NORMAL_DISCLOSURE_CONTROLLED_COUNT,69,69,NORMAL_DISCLOSURE_CONTROLLED_COUNT,10125,95,POSITIVE,False,"NOT_EXACT: mixes >6 members, non-private residents, and independently disclosure-controlled marginals",0
PLR,07601443,Töpchiner Weg,True,True,10.506,10506,NORMAL_DISCLOSURE_CONTROLLED_COUNT,5.245,5245,NORMAL_DISCLOSURE_CONTROLLED_COUNT,2.339,2339,NORMAL_DISCLOSURE_CONTROLLED_COUNT,1.567,1567,NORMAL_DISCLOSURE_CONTROLLED_COUNT,641,641,NORMAL_DISCLOSURE_CONTROLLED_COUNT,478,478,NORMAL_DISCLOSURE_CONTROLLED_COUNT,147,147,NORMAL_DISCLOSURE_CONTROLLED_COUNT,67,67,NORMAL_DISCLOSURE_CONTROLLED_COUNT,10445,61,POSITIVE,False,"NOT_EXACT: mixes >6 members, non-private residents, and independently disclosure-controlled marginals",0
PLR,07601544,John-Locke-Straße,True,True,8.656,8656,NORMAL_DISCLOSURE_CONTROLLED_COUNT,4.497,4497,NORMAL_DISCLOSURE_CONTROLLED_COUNT,2.293,2293,NORMAL_DISCLOSURE_CONTROLLED_COUNT,1.172,1172,NORMAL_DISCLOSURE_CONTROLLED_COUNT,461,461,NORMAL_DISCLOSURE_CONTROLLED_COUNT,374,374,NORMAL_DISCLOSURE_CONTROLLED_COUNT,142,142,NORMAL_DISCLOSURE_CONTROLLED_COUNT,50,50,NORMAL_DISCLOSURE_CONTROLLED_COUNT,8526,130,POSITIVE,False,"NOT_EXACT: mixes >6 members, non-private residents, and independently disclosure-controlled marginals",0
PLR,07601545,Nahariyastraße,True,True,7.701,7701,NORMAL_DISCLOSURE_CONTROLLED_COUNT,3.962,3962,NORMAL_DISCLOSURE_CONTROLLED_COUNT,1.996,1996,NORMAL_DISCLOSURE_CONTROLLED_COUNT,1.048,1048,NORMAL_DISCLOSURE_CONTROLLED_COUNT,426,426,NORMAL_DISCLOSURE_CONTROLLED_COUNT,270,270,NORMAL_DISCLOSURE_CONTROLLED_COUNT,135,135,NORMAL_DISCLOSURE_CONTROLLED_COUNT,86,86,NORMAL_DISCLOSURE_CONTROLLED_COUNT,7641,60,POSITIVE,False,"NOT_EXACT: mixes >6 members, non-private residents, and independently disclosure-controlled marginals",0
PLR,07601546,Franziusweg,True,True,6.817,6817,NORMAL_DISCLOSURE_CONTROLLED_COUNT,3.217,3217,NORMAL_DISCLOSURE_CONTROLLED_COUNT,1.248,1248,NORMAL_DISCLOSURE_CONTROLLED_COUNT,1.084,1084,NORMAL_DISCLOSURE_CONTROLLED_COUNT,409,409,NORMAL_DISCLOSURE_CONTROLLED_COUNT,329,329,NORMAL_DISCLOSURE_CONTROLLED_COUNT,89,89,NORMAL_DISCLOSURE_CONTROLLED_COUNT,60,60,NORMAL_DISCLOSURE_CONTROLLED_COUNT,6764,53,POSITIVE,False,"NOT_EXACT: mixes >6 members, non-private residents, and independently disclosure-controlled marginals",0
PLR,07601547,Horstwalder Straße,True,True,3.842,3842,NORMAL_DISCLOSURE_CONTROLLED_COUNT,1.735,1735,NORMAL_DISCLOSURE_CONTROLLED_COUNT,752,752,NORMAL_DISCLOSURE_CONTROLLED_COUNT,509,509,NORMAL_DISCLOSURE_CONTROLLED_COUNT,217,217,NORMAL_DISCLOSURE_CONTROLLED_COUNT,189,189,NORMAL_DISCLOSURE_CONTROLLED_COUNT,45,45,NORMAL_DISCLOSURE_CONTROLLED_COUNT,23,23,NORMAL_DISCLOSURE_CONTROLLED_COUNT,3540,302,POSITIVE,False,"NOT_EXACT: mixes >6 members, non-private residents, and independently disclosure-controlled marginals",0
PLR,07601548,Wittelsbacherstraße,True,True,2.846,2846,NORMAL_DISCLOSURE_CONTROLLED_COUNT,1.353,1353,NORMAL_DISCLOSURE_CONTROLLED_COUNT,513,513,NORMAL_DISCLOSURE_CONTROLLED_COUNT,445,445,NORMAL_DISCLOSURE_CONTROLLED_COUNT,195,195,NORMAL_DISCLOSURE_CONTROLLED_COUNT,149,149,NORMAL_DISCLOSURE_CONTROLLED_COUNT,40,40,NORMAL_DISCLOSURE_CONTROLLED_COUNT,10,10,NORMAL_DISCLOSURE_CONTROLLED_COUNT,2844,2,POSITIVE,False,"NOT_EXACT: mixes >6 members, non-private residents, and independently disclosure-controlled marginals",0
PLR,08100101,Hasenheide,True,True,4.079,4079,NORMAL_DISCLOSURE_CONTROLLED_COUNT,2.427,2427,NORMAL_DISCLOSURE_CONTROLLED_COUNT,1.624,1624,NORMAL_DISCLOSURE_CONTROLLED_COUNT,416,416,NORMAL_DISCLOSURE_CONTROLLED_COUNT,184,184,NORMAL_DISCLOSURE_CONTROLLED_COUNT,104,104,NORMAL_DISCLOSURE_CONTROLLED_COUNT,51,51,NORMAL_DISCLOSURE_CONTROLLED_COUNT,47,47,NORMAL_DISCLOSURE_CONTROLLED_COUNT,3961,118,POSITIVE,False,"NOT_EXACT: mixes >6 members, non-private residents, and independently disclosure-controlled marginals",0
PLR,08100102,Schillerpromenade Nord,True,True,7.623,7623,NORMAL_DISCLOSURE_CONTROLLED_COUNT,4.575,4575,NORMAL_DISCLOSURE_CONTROLLED_COUNT,3.140,3140,NORMAL_DISCLOSURE_CONTROLLED_COUNT,747,747,NORMAL_DISCLOSURE_CONTROLLED_COUNT,338,338,NORMAL_DISCLOSURE_CONTROLLED_COUNT,185,185,NORMAL_DISCLOSURE_CONTROLLED_COUNT,69,69,NORMAL_DISCLOSURE_CONTROLLED_COUNT,97,97,NORMAL_DISCLOSURE_CONTROLLED_COUNT,7315,308,POSITIVE,False,"NOT_EXACT: mixes >6 members, non-private residents, and independently disclosure-controlled marginals",0
PLR,08100103,Schillerpromenade Süd,True,True,6.896,6896,NORMAL_DISCLOSURE_CONTROLLED_COUNT,4.367,4367,NORMAL_DISCLOSURE_CONTROLLED_COUNT,3.079,3079,NORMAL_DISCLOSURE_CONTROLLED_COUNT,696,696,NORMAL_DISCLOSURE_CONTROLLED_COUNT,305,305,NORMAL_DISCLOSURE_CONTROLLED_COUNT,150,150,NORMAL_DISCLOSURE_CONTROLLED_COUNT,59,59,NORMAL_DISCLOSURE_CONTROLLED_COUNT,75,75,NORMAL_DISCLOSURE_CONTROLLED_COUNT,6731,165,POSITIVE,False,"NOT_EXACT: mixes >6 members, non-private residents, and independently disclosure-controlled marginals",0
PLR,08100104,Wartheplatz,True,True,6.042,6042,NORMAL_DISCLOSURE_CONTROLLED_COUNT,3.447,3447,NORMAL_DISCLOSURE_CONTROLLED_COUNT,2.253,2253,NORMAL_DISCLOSURE_CONTROLLED_COUNT,597,597,NORMAL_DISCLOSURE_CONTROLLED_COUNT,238,238,NORMAL_DISCLOSURE_CONTROLLED_COUNT,173,173,NORMAL_DISCLOSURE_CONTROLLED_COUNT,97,97,NORMAL_DISCLOSURE_CONTROLLED_COUNT,92,92,NORMAL_DISCLOSURE_CONTROLLED_COUNT,5890,152,POSITIVE,False,"NOT_EXACT: mixes >6 members, non-private residents, and independently disclosure-controlled marginals",0
PLR,08100105,Silbersteinstraße,True,True,5.036,5036,NORMAL_DISCLOSURE_CONTROLLED_COUNT,2.558,2558,NORMAL_DISCLOSURE_CONTROLLED_COUNT,1.508,1508,NORMAL_DISCLOSURE_CONTROLLED_COUNT,484,484,NORMAL_DISCLOSURE_CONTROLLED_COUNT,240,240,NORMAL_DISCLOSURE_CONTROLLED_COUNT,151,151,NORMAL_DISCLOSURE_CONTROLLED_COUNT,89,89,NORMAL_DISCLOSURE_CONTROLLED_COUNT,82,82,NORMAL_DISCLOSURE_CONTROLLED_COUNT,4737,299,POSITIVE,False,"NOT_EXACT: mixes >6 members, non-private residents, and independently disclosure-controlled marginals",0
PLR,08100206,Flughafenstraße,True,True,8.647,8647,NORMAL_DISCLOSURE_CONTROLLED_COUNT,5.037,5037,NORMAL_DISCLOSURE_CONTROLLED_COUNT,3.287,3287,NORMAL_DISCLOSURE_CONTROLLED_COUNT,951,951,NORMAL_DISCLOSURE_CONTROLLED_COUNT,351,351,NORMAL_DISCLOSURE_CONTROLLED_COUNT,228,228,NORMAL_DISCLOSURE_CONTROLLED_COUNT,110,110,NORMAL_DISCLOSURE_CONTROLLED_COUNT,115,115,NORMAL_DISCLOSURE_CONTROLLED_COUNT,8394,253,POSITIVE,False,"NOT_EXACT: mixes >6 members, non-private residents, and independently disclosure-controlled marginals",0
PLR,08100207,Rollberg,True,True,6.795,6795,NORMAL_DISCLOSURE_CONTROLLED_COUNT,3.246,3246,NORMAL_DISCLOSURE_CONTROLLED_COUNT,1.707,1707,NORMAL_DISCLOSURE_CONTROLLED_COUNT,680,680,NORMAL_DISCLOSURE_CONTROLLED_COUNT,314,314,NORMAL_DISCLOSURE_CONTROLLED_COUNT,292,292,NORMAL_DISCLOSURE_CONTROLLED_COUNT,146,146,NORMAL_DISCLOSURE_CONTROLLED_COUNT,107,107,NORMAL_DISCLOSURE_CONTROLLED_COUNT,6549,246,POSITIVE,False,"NOT_EXACT: mixes >6 members, non-private residents, and independently disclosure-controlled marginals",0
PLR,08100208,Körnerpark,True,True,11.501,11501,NORMAL_DISCLOSURE_CONTROLLED_COUNT,6.657,6657,NORMAL_DISCLOSURE_CONTROLLED_COUNT,4.439,4439,NORMAL_DISCLOSURE_CONTROLLED_COUNT,1.138,1138,NORMAL_DISCLOSURE_CONTROLLED_COUNT,478,478,NORMAL_DISCLOSURE_CONTROLLED_COUNT,295,295,NORMAL_DISCLOSURE_CONTROLLED_COUNT,136,136,NORMAL_DISCLOSURE_CONTROLLED_COUNT,168,168,NORMAL_DISCLOSURE_CONTROLLED_COUNT,11017,484,POSITIVE,False,"NOT_EXACT: mixes >6 members, non-private residents, and independently disclosure-controlled marginals",0
PLR,08100209,Glasower Straße,True,True,8.024,8024,NORMAL_DISCLOSURE_CONTROLLED_COUNT,4.091,4091,NORMAL_DISCLOSURE_CONTROLLED_COUNT,2.659,2659,NORMAL_DISCLOSURE_CONTROLLED_COUNT,690,690,NORMAL_DISCLOSURE_CONTROLLED_COUNT,310,310,NORMAL_DISCLOSURE_CONTROLLED_COUNT,212,212,NORMAL_DISCLOSURE_CONTROLLED_COUNT,105,105,NORMAL_DISCLOSURE_CONTROLLED_COUNT,110,110,NORMAL_DISCLOSURE_CONTROLLED_COUNT,7002,1022,POSITIVE,False,"NOT_EXACT: mixes >6 members, non-private residents, and independently disclosure-controlled marginals",0
PLR,08100310,Maybachufer,True,True,7.259,7259,NORMAL_DISCLOSURE_CONTROLLED_COUNT,4.266,4266,NORMAL_DISCLOSURE_CONTROLLED_COUNT,2.772,2772,NORMAL_DISCLOSURE_CONTROLLED_COUNT,754,754,NORMAL_DISCLOSURE_CONTROLLED_COUNT,401,401,NORMAL_DISCLOSURE_CONTROLLED_COUNT,199,199,NORMAL_DISCLOSURE_CONTROLLED_COUNT,74,74,NORMAL_DISCLOSURE_CONTROLLED_COUNT,73,73,NORMAL_DISCLOSURE_CONTROLLED_COUNT,7087,172,POSITIVE,False,"NOT_EXACT: mixes >6 members, non-private residents, and independently disclosure-controlled marginals",0
PLR,08100311,Reuterplatz,True,True,6.705,6705,NORMAL_DISCLOSURE_CONTROLLED_COUNT,4.204,4204,NORMAL_DISCLOSURE_CONTROLLED_COUNT,2.904,2904,NORMAL_DISCLOSURE_CONTROLLED_COUNT,764,764,NORMAL_DISCLOSURE_CONTROLLED_COUNT,260,260,NORMAL_DISCLOSURE_CONTROLLED_COUNT,148,148,NORMAL_DISCLOSURE_CONTROLLED_COUNT,63,63,NORMAL_DISCLOSURE_CONTROLLED_COUNT,59,59,NORMAL_DISCLOSURE_CONTROLLED_COUNT,6473,232,POSITIVE,False,"NOT_EXACT: mixes >6 members, non-private residents, and independently disclosure-controlled marginals",0
PLR,08100312,Weichselplatz,True,True,11.314,11314,NORMAL_DISCLOSURE_CONTROLLED_COUNT,6.603,6603,NORMAL_DISCLOSURE_CONTROLLED_COUNT,4.387,4387,NORMAL_DISCLOSURE_CONTROLLED_COUNT,1.155,1155,NORMAL_DISCLOSURE_CONTROLLED_COUNT,488,488,NORMAL_DISCLOSURE_CONTROLLED_COUNT,312,312,NORMAL_DISCLOSURE_CONTROLLED_COUNT,123,123,NORMAL_DISCLOSURE_CONTROLLED_COUNT,135,135,NORMAL_DISCLOSURE_CONTROLLED_COUNT,10834,480,POSITIVE,False,"NOT_EXACT: mixes >6 members, non-private residents, and independently disclosure-controlled marginals",0
PLR,08100313,Bouchéstraße,True,True,3.683,3683,NORMAL_DISCLOSURE_CONTROLLED_COUNT,2.276,2276,NORMAL_DISCLOSURE_CONTROLLED_COUNT,1.470,1470,NORMAL_DISCLOSURE_CONTROLLED_COUNT,468,468,NORMAL_DISCLOSURE_CONTROLLED_COUNT,172,172,NORMAL_DISCLOSURE_CONTROLLED_COUNT,96,96,NORMAL_DISCLOSURE_CONTROLLED_COUNT,38,38,NORMAL_DISCLOSURE_CONTROLLED_COUNT,27,27,NORMAL_DISCLOSURE_CONTROLLED_COUNT,3658,25,POSITIVE,False,"NOT_EXACT: mixes >6 members, non-private residents, and independently disclosure-controlled marginals",0
PLR,08100314,Donaustraße,True,True,7.305,7305,NORMAL_DISCLOSURE_CONTROLLED_COUNT,4.105,4105,NORMAL_DISCLOSURE_CONTROLLED_COUNT,2.593,2593,NORMAL_DISCLOSURE_CONTROLLED_COUNT,789,789,NORMAL_DISCLOSURE_CONTROLLED_COUNT,333,333,NORMAL_DISCLOSURE_CONTROLLED_COUNT,177,177,NORMAL_DISCLOSURE_CONTROLLED_COUNT,100,100,NORMAL_DISCLOSURE_CONTROLLED_COUNT,110,110,NORMAL_DISCLOSURE_CONTROLLED_COUNT,7038,267,POSITIVE,False,"NOT_EXACT: mixes >6 members, non-private residents, and independently disclosure-controlled marginals",0
PLR,08100415,Ganghoferstraße,True,True,5.836,5836,NORMAL_DISCLOSURE_CONTROLLED_COUNT,3.261,3261,NORMAL_DISCLOSURE_CONTROLLED_COUNT,2.028,2028,NORMAL_DISCLOSURE_CONTROLLED_COUNT,693,693,NORMAL_DISCLOSURE_CONTROLLED_COUNT,266,266,NORMAL_DISCLOSURE_CONTROLLED_COUNT,137,137,NORMAL_DISCLOSURE_CONTROLLED_COUNT,73,73,NORMAL_DISCLOSURE_CONTROLLED_COUNT,65,65,NORMAL_DISCLOSURE_CONTROLLED_COUNT,5515,321,POSITIVE,False,"NOT_EXACT: mixes >6 members, non-private residents, and independently disclosure-controlled marginals",0
PLR,08100416,Alt-Rixdorf,True,True,5.952,5952,NORMAL_DISCLOSURE_CONTROLLED_COUNT,3.211,3211,NORMAL_DISCLOSURE_CONTROLLED_COUNT,1.897,1897,NORMAL_DISCLOSURE_CONTROLLED_COUNT,688,688,NORMAL_DISCLOSURE_CONTROLLED_COUNT,277,277,NORMAL_DISCLOSURE_CONTROLLED_COUNT,205,205,NORMAL_DISCLOSURE_CONTROLLED_COUNT,69,69,NORMAL_DISCLOSURE_CONTROLLED_COUNT,81,81,NORMAL_DISCLOSURE_CONTROLLED_COUNT,5755,197,POSITIVE,False,"NOT_EXACT: mixes >6 members, non-private residents, and independently disclosure-controlled marginals",0
PLR,08100417,Braunschweiger Straße,True,True,8.832,8832,NORMAL_DISCLOSURE_CONTROLLED_COUNT,4.904,4904,NORMAL_DISCLOSURE_CONTROLLED_COUNT,3.103,3103,NORMAL_DISCLOSURE_CONTROLLED_COUNT,914,914,NORMAL_DISCLOSURE_CONTROLLED_COUNT,392,392,NORMAL_DISCLOSURE_CONTROLLED_COUNT,231,231,NORMAL_DISCLOSURE_CONTROLLED_COUNT,127,127,NORMAL_DISCLOSURE_CONTROLLED_COUNT,135,135,NORMAL_DISCLOSURE_CONTROLLED_COUNT,8476,356,POSITIVE,False,"NOT_EXACT: mixes >6 members, non-private residents, and independently disclosure-controlled marginals",0
PLR,08100418,Hertzbergplatz,True,True,8.834,8834,NORMAL_DISCLOSURE_CONTROLLED_COUNT,5.171,5171,NORMAL_DISCLOSURE_CONTROLLED_COUNT,3.329,3329,NORMAL_DISCLOSURE_CONTROLLED_COUNT,988,988,NORMAL_DISCLOSURE_CONTROLLED_COUNT,449,449,NORMAL_DISCLOSURE_CONTROLLED_COUNT,230,230,NORMAL_DISCLOSURE_CONTROLLED_COUNT,81,81,NORMAL_DISCLOSURE_CONTROLLED_COUNT,91,91,NORMAL_DISCLOSURE_CONTROLLED_COUNT,8523,311,POSITIVE,False,"NOT_EXACT: mixes >6 members, non-private residents, and independently disclosure-controlled marginals",0
PLR,08100419,Treptower Straße Nord,True,True,6.525,6525,NORMAL_DISCLOSURE_CONTROLLED_COUNT,3.491,3491,NORMAL_DISCLOSURE_CONTROLLED_COUNT,2.255,2255,NORMAL_DISCLOSURE_CONTROLLED_COUNT,588,588,NORMAL_DISCLOSURE_CONTROLLED_COUNT,246,246,NORMAL_DISCLOSURE_CONTROLLED_COUNT,178,178,NORMAL_DISCLOSURE_CONTROLLED_COUNT,109,109,NORMAL_DISCLOSURE_CONTROLLED_COUNT,110,110,NORMAL_DISCLOSURE_CONTROLLED_COUNT,6086,439,POSITIVE,False,"NOT_EXACT: mixes >6 members, non-private residents, and independently disclosure-controlled marginals",0
PLR,08100520,Weiße Siedlung,True,True,4.992,4992,NORMAL_DISCLOSURE_CONTROLLED_COUNT,1.983,1983,NORMAL_DISCLOSURE_CONTROLLED_COUNT,936,936,NORMAL_DISCLOSURE_CONTROLLED_COUNT,302,302,NORMAL_DISCLOSURE_CONTROLLED_COUNT,268,268,NORMAL_DISCLOSURE_CONTROLLED_COUNT,242,242,NORMAL_DISCLOSURE_CONTROLLED_COUNT,140,140,NORMAL_DISCLOSURE_CONTROLLED_COUNT,92,92,NORMAL_DISCLOSURE_CONTROLLED_COUNT,4564,428,POSITIVE,False,"NOT_EXACT: mixes >6 members, non-private residents, and independently disclosure-controlled marginals",0
PLR,08100521,Schulenburgpark,True,True,8.862,8862,NORMAL_DISCLOSURE_CONTROLLED_COUNT,4.083,4083,NORMAL_DISCLOSURE_CONTROLLED_COUNT,2.169,2169,NORMAL_DISCLOSURE_CONTROLLED_COUNT,726,726,NORMAL_DISCLOSURE_CONTROLLED_COUNT,381,381,NORMAL_DISCLOSURE_CONTROLLED_COUNT,351,351,NORMAL_DISCLOSURE_CONTROLLED_COUNT,251,251,NORMAL_DISCLOSURE_CONTROLLED_COUNT,212,212,NORMAL_DISCLOSURE_CONTROLLED_COUNT,8695,167,POSITIVE,False,"NOT_EXACT: mixes >6 members, non-private residents, and independently disclosure-controlled marginals",0
PLR,08200622,Jahnstraße,True,True,4.790,4790,NORMAL_DISCLOSURE_CONTROLLED_COUNT,2.552,2552,NORMAL_DISCLOSURE_CONTROLLED_COUNT,1.538,1538,NORMAL_DISCLOSURE_CONTROLLED_COUNT,453,453,NORMAL_DISCLOSURE_CONTROLLED_COUNT,234,234,NORMAL_DISCLOSURE_CONTROLLED_COUNT,172,172,NORMAL_DISCLOSURE_CONTROLLED_COUNT,86,86,NORMAL_DISCLOSURE_CONTROLLED_COUNT,67,67,NORMAL_DISCLOSURE_CONTROLLED_COUNT,4666,124,POSITIVE,False,"NOT_EXACT: mixes >6 members, non-private residents, and independently disclosure-controlled marginals",0
PLR,08200623,Park am Buschkrug ,True,True,5.627,5627,NORMAL_DISCLOSURE_CONTROLLED_COUNT,2.786,2786,NORMAL_DISCLOSURE_CONTROLLED_COUNT,1.544,1544,NORMAL_DISCLOSURE_CONTROLLED_COUNT,639,639,NORMAL_DISCLOSURE_CONTROLLED_COUNT,281,281,NORMAL_DISCLOSURE_CONTROLLED_COUNT,173,173,NORMAL_DISCLOSURE_CONTROLLED_COUNT,83,83,NORMAL_DISCLOSURE_CONTROLLED_COUNT,68,68,NORMAL_DISCLOSURE_CONTROLLED_COUNT,5180,447,POSITIVE,False,"NOT_EXACT: mixes >6 members, non-private residents, and independently disclosure-controlled marginals",0
PLR,08200624,Tempelhofer Weg,True,True,8.262,8262,NORMAL_DISCLOSURE_CONTROLLED_COUNT,4.824,4824,NORMAL_DISCLOSURE_CONTROLLED_COUNT,3.063,3063,NORMAL_DISCLOSURE_CONTROLLED_COUNT,909,909,NORMAL_DISCLOSURE_CONTROLLED_COUNT,449,449,NORMAL_DISCLOSURE_CONTROLLED_COUNT,226,226,NORMAL_DISCLOSURE_CONTROLLED_COUNT,116,116,NORMAL_DISCLOSURE_CONTROLLED_COUNT,57,57,NORMAL_DISCLOSURE_CONTROLLED_COUNT,8054,208,POSITIVE,False,"NOT_EXACT: mixes >6 members, non-private residents, and independently disclosure-controlled marginals",0
PLR,08200725,Mohriner Allee Nord,True,True,2.391,2391,NORMAL_DISCLOSURE_CONTROLLED_COUNT,941,941,NORMAL_DISCLOSURE_CONTROLLED_COUNT,287,287,NORMAL_DISCLOSURE_CONTROLLED_COUNT,318,318,NORMAL_DISCLOSURE_CONTROLLED_COUNT,157,157,NORMAL_DISCLOSURE_CONTROLLED_COUNT,96,96,NORMAL_DISCLOSURE_CONTROLLED_COUNT,53,53,NORMAL_DISCLOSURE_CONTROLLED_COUNT,34,34,NORMAL_DISCLOSURE_CONTROLLED_COUNT,2247,144,POSITIVE,False,"NOT_EXACT: mixes >6 members, non-private residents, and independently disclosure-controlled marginals",0
PLR,08200726,Hufeisensiedlung,True,True,5.968,5968,NORMAL_DISCLOSURE_CONTROLLED_COUNT,3.154,3154,NORMAL_DISCLOSURE_CONTROLLED_COUNT,1.593,1593,NORMAL_DISCLOSURE_CONTROLLED_COUNT,844,844,NORMAL_DISCLOSURE_CONTROLLED_COUNT,364,364,NORMAL_DISCLOSURE_CONTROLLED_COUNT,223,223,NORMAL_DISCLOSURE_CONTROLLED_COUNT,87,87,NORMAL_DISCLOSURE_CONTROLLED_COUNT,38,38,NORMAL_DISCLOSURE_CONTROLLED_COUNT,5928,40,POSITIVE,False,"NOT_EXACT: mixes >6 members, non-private residents, and independently disclosure-controlled marginals",0
PLR,08200727,Parchimer Allee Süd,True,True,7.920,7920,NORMAL_DISCLOSURE_CONTROLLED_COUNT,4.600,4600,NORMAL_DISCLOSURE_CONTROLLED_COUNT,2.626,2626,NORMAL_DISCLOSURE_CONTROLLED_COUNT,1.226,1226,NORMAL_DISCLOSURE_CONTROLLED_COUNT,440,440,NORMAL_DISCLOSURE_CONTROLLED_COUNT,227,227,NORMAL_DISCLOSURE_CONTROLLED_COUNT,59,59,NORMAL_DISCLOSURE_CONTROLLED_COUNT,29,29,NORMAL_DISCLOSURE_CONTROLLED_COUNT,7775,145,POSITIVE,False,"NOT_EXACT: mixes >6 members, non-private residents, and independently disclosure-controlled marginals",0
PLR,08200728,Ortolanweg,True,True,1.054,1054,NORMAL_DISCLOSURE_CONTROLLED_COUNT,435,435,NORMAL_DISCLOSURE_CONTROLLED_COUNT,226,226,NORMAL_DISCLOSURE_CONTROLLED_COUNT,117,117,NORMAL_DISCLOSURE_CONTROLLED_COUNT,46,46,NORMAL_DISCLOSURE_CONTROLLED_COUNT,24,24,NORMAL_DISCLOSURE_CONTROLLED_COUNT,14,14,NORMAL_DISCLOSURE_CONTROLLED_COUNT,12,12,NORMAL_DISCLOSURE_CONTROLLED_COUNT,836,218,POSITIVE,False,"NOT_EXACT: mixes >6 members, non-private residents, and independently disclosure-controlled marginals",0
PLR,08200729,Britzer Garten,True,True,1.752,1752,NORMAL_DISCLOSURE_CONTROLLED_COUNT,806,806,NORMAL_DISCLOSURE_CONTROLLED_COUNT,337,337,NORMAL_DISCLOSURE_CONTROLLED_COUNT,218,218,NORMAL_DISCLOSURE_CONTROLLED_COUNT,101,101,NORMAL_DISCLOSURE_CONTROLLED_COUNT,98,98,NORMAL_DISCLOSURE_CONTROLLED_COUNT,30,30,NORMAL_DISCLOSURE_CONTROLLED_COUNT,23,23,NORMAL_DISCLOSURE_CONTROLLED_COUNT,1756,-4,NEGATIVE,False,"NOT_EXACT: mixes >6 members, non-private residents, and independently disclosure-controlled marginals",0
PLR,08200730,Handwerker-Siedlung,True,True,3.134,3134,NORMAL_DISCLOSURE_CONTROLLED_COUNT,1.631,1631,NORMAL_DISCLOSURE_CONTROLLED_COUNT,884,884,NORMAL_DISCLOSURE_CONTROLLED_COUNT,389,389,NORMAL_DISCLOSURE_CONTROLLED_COUNT,153,153,NORMAL_DISCLOSURE_CONTROLLED_COUNT,125,125,NORMAL_DISCLOSURE_CONTROLLED_COUNT,49,49,NORMAL_DISCLOSURE_CONTROLLED_COUNT,31,31,NORMAL_DISCLOSURE_CONTROLLED_COUNT,3052,82,POSITIVE,False,"NOT_EXACT: mixes >6 members, non-private residents, and independently disclosure-controlled marginals",0
PLR,08200831,Buckow West,True,True,7.963,7963,NORMAL_DISCLOSURE_CONTROLLED_COUNT,4.243,4243,NORMAL_DISCLOSURE_CONTROLLED_COUNT,2.150,2150,NORMAL_DISCLOSURE_CONTROLLED_COUNT,1.162,1162,NORMAL_DISCLOSURE_CONTROLLED_COUNT,484,484,NORMAL_DISCLOSURE_CONTROLLED_COUNT,297,297,NORMAL_DISCLOSURE_CONTROLLED_COUNT,91,91,NORMAL_DISCLOSURE_CONTROLLED_COUNT,56,56,NORMAL_DISCLOSURE_CONTROLLED_COUNT,7905,58,POSITIVE,False,"NOT_EXACT: mixes >6 members, non-private residents, and independently disclosure-controlled marginals",0
PLR,08200832,Buckow Mitte,True,True,10.859,10859,NORMAL_DISCLOSURE_CONTROLLED_COUNT,5.687,5687,NORMAL_DISCLOSURE_CONTROLLED_COUNT,2.874,2874,NORMAL_DISCLOSURE_CONTROLLED_COUNT,1.574,1574,NORMAL_DISCLOSURE_CONTROLLED_COUNT,580,580,NORMAL_DISCLOSURE_CONTROLLED_COUNT,400,400,NORMAL_DISCLOSURE_CONTROLLED_COUNT,162,162,NORMAL_DISCLOSURE_CONTROLLED_COUNT,93,93,NORMAL_DISCLOSURE_CONTROLLED_COUNT,10730,129,POSITIVE,False,"NOT_EXACT: mixes >6 members, non-private residents, and independently disclosure-controlled marginals",0
PLR,08200833,Buckow Ost,True,True,8.010,8010,NORMAL_DISCLOSURE_CONTROLLED_COUNT,4.080,4080,NORMAL_DISCLOSURE_CONTROLLED_COUNT,2.158,2158,NORMAL_DISCLOSURE_CONTROLLED_COUNT,926,926,NORMAL_DISCLOSURE_CONTROLLED_COUNT,416,416,NORMAL_DISCLOSURE_CONTROLLED_COUNT,330,330,NORMAL_DISCLOSURE_CONTROLLED_COUNT,151,151,NORMAL_DISCLOSURE_CONTROLLED_COUNT,94,94,NORMAL_DISCLOSURE_CONTROLLED_COUNT,7897,113,POSITIVE,False,"NOT_EXACT: mixes >6 members, non-private residents, and independently disclosure-controlled marginals",0
PLR,08300934,Gropiusstadt Nord-West,True,True,11.823,11823,NORMAL_DISCLOSURE_CONTROLLED_COUNT,6.294,6294,NORMAL_DISCLOSURE_CONTROLLED_COUNT,3.442,3442,NORMAL_DISCLOSURE_CONTROLLED_COUNT,1.468,1468,NORMAL_DISCLOSURE_CONTROLLED_COUNT,620,620,NORMAL_DISCLOSURE_CONTROLLED_COUNT,454,454,NORMAL_DISCLOSURE_CONTROLLED_COUNT,200,200,NORMAL_DISCLOSURE_CONTROLLED_COUNT,109,109,NORMAL_DISCLOSURE_CONTROLLED_COUNT,11708,115,POSITIVE,False,"NOT_EXACT: mixes >6 members, non-private residents, and independently disclosure-controlled marginals",0
PLR,08300935,Gropiusstadt Süd-West,True,True,6.841,6841,NORMAL_DISCLOSURE_CONTROLLED_COUNT,4.125,4125,NORMAL_DISCLOSURE_CONTROLLED_COUNT,2.525,2525,NORMAL_DISCLOSURE_CONTROLLED_COUNT,994,994,NORMAL_DISCLOSURE_CONTROLLED_COUNT,279,279,NORMAL_DISCLOSURE_CONTROLLED_COUNT,219,219,NORMAL_DISCLOSURE_CONTROLLED_COUNT,65,65,NORMAL_DISCLOSURE_CONTROLLED_COUNT,45,45,NORMAL_DISCLOSURE_CONTROLLED_COUNT,6821,20,POSITIVE,False,"NOT_EXACT: mixes >6 members, non-private residents, and independently disclosure-controlled marginals",0
PLR,08301036,Gropiusstadt Mitte,True,True,6.537,6537,NORMAL_DISCLOSURE_CONTROLLED_COUNT,3.414,3414,NORMAL_DISCLOSURE_CONTROLLED_COUNT,1.853,1853,NORMAL_DISCLOSURE_CONTROLLED_COUNT,794,794,NORMAL_DISCLOSURE_CONTROLLED_COUNT,332,332,NORMAL_DISCLOSURE_CONTROLLED_COUNT,255,255,NORMAL_DISCLOSURE_CONTROLLED_COUNT,111,111,NORMAL_DISCLOSURE_CONTROLLED_COUNT,70,70,NORMAL_DISCLOSURE_CONTROLLED_COUNT,6432,105,POSITIVE,False,"NOT_EXACT: mixes >6 members, non-private residents, and independently disclosure-controlled marginals",0
PLR,08301037,Gropiusstadt Süd-Ost,True,True,10.312,10312,NORMAL_DISCLOSURE_CONTROLLED_COUNT,5.116,5116,NORMAL_DISCLOSURE_CONTROLLED_COUNT,2.605,2605,NORMAL_DISCLOSURE_CONTROLLED_COUNT,1.176,1176,NORMAL_DISCLOSURE_CONTROLLED_COUNT,547,547,NORMAL_DISCLOSURE_CONTROLLED_COUNT,467,467,NORMAL_DISCLOSURE_CONTROLLED_COUNT,233,233,NORMAL_DISCLOSURE_CONTROLLED_COUNT,89,89,NORMAL_DISCLOSURE_CONTROLLED_COUNT,10165,147,POSITIVE,False,"NOT_EXACT: mixes >6 members, non-private residents, and independently disclosure-controlled marginals",0
PLR,08401138,Goldhähnchenweg,True,True,2.690,2690,NORMAL_DISCLOSURE_CONTROLLED_COUNT,1.499,1499,NORMAL_DISCLOSURE_CONTROLLED_COUNT,887,887,NORMAL_DISCLOSURE_CONTROLLED_COUNT,297,297,NORMAL_DISCLOSURE_CONTROLLED_COUNT,146,146,NORMAL_DISCLOSURE_CONTROLLED_COUNT,101,101,NORMAL_DISCLOSURE_CONTROLLED_COUNT,47,47,NORMAL_DISCLOSURE_CONTROLLED_COUNT,18,18,NORMAL_DISCLOSURE_CONTROLLED_COUNT,2666,24,POSITIVE,False,"NOT_EXACT: mixes >6 members, non-private residents, and independently disclosure-controlled marginals",0
PLR,08401139,Vogelviertel Süd,True,True,3.880,3880,NORMAL_DISCLOSURE_CONTROLLED_COUNT,2.011,2011,NORMAL_DISCLOSURE_CONTROLLED_COUNT,1.038,1038,NORMAL_DISCLOSURE_CONTROLLED_COUNT,569,569,NORMAL_DISCLOSURE_CONTROLLED_COUNT,195,195,NORMAL_DISCLOSURE_CONTROLLED_COUNT,123,123,NORMAL_DISCLOSURE_CONTROLLED_COUNT,49,49,NORMAL_DISCLOSURE_CONTROLLED_COUNT,44,44,NORMAL_DISCLOSURE_CONTROLLED_COUNT,3762,118,POSITIVE,False,"NOT_EXACT: mixes >6 members, non-private residents, and independently disclosure-controlled marginals",0
PLR,08401140,Vogelviertel Nord,True,True,2.531,2531,NORMAL_DISCLOSURE_CONTROLLED_COUNT,1.191,1191,NORMAL_DISCLOSURE_CONTROLLED_COUNT,523,523,NORMAL_DISCLOSURE_CONTROLLED_COUNT,355,355,NORMAL_DISCLOSURE_CONTROLLED_COUNT,138,138,NORMAL_DISCLOSURE_CONTROLLED_COUNT,99,99,NORMAL_DISCLOSURE_CONTROLLED_COUNT,38,38,NORMAL_DISCLOSURE_CONTROLLED_COUNT,35,35,NORMAL_DISCLOSURE_CONTROLLED_COUNT,2443,88,POSITIVE,False,"NOT_EXACT: mixes >6 members, non-private residents, and independently disclosure-controlled marginals",0
PLR,08401241,Blumenviertel,True,True,7.940,7940,NORMAL_DISCLOSURE_CONTROLLED_COUNT,3.419,3419,NORMAL_DISCLOSURE_CONTROLLED_COUNT,1.204,1204,NORMAL_DISCLOSURE_CONTROLLED_COUNT,1.133,1133,NORMAL_DISCLOSURE_CONTROLLED_COUNT,468,468,NORMAL_DISCLOSURE_CONTROLLED_COUNT,342,342,NORMAL_DISCLOSURE_CONTROLLED_COUNT,139,139,NORMAL_DISCLOSURE_CONTROLLED_COUNT,135,135,NORMAL_DISCLOSURE_CONTROLLED_COUNT,7747,193,POSITIVE,False,"NOT_EXACT: mixes >6 members, non-private residents, and independently disclosure-controlled marginals",0
PLR,08401242,Zittauer Straße,True,True,6.542,6542,NORMAL_DISCLOSURE_CONTROLLED_COUNT,2.925,2925,NORMAL_DISCLOSURE_CONTROLLED_COUNT,977,977,NORMAL_DISCLOSURE_CONTROLLED_COUNT,1.044,1044,NORMAL_DISCLOSURE_CONTROLLED_COUNT,432,432,NORMAL_DISCLOSURE_CONTROLLED_COUNT,290,290,NORMAL_DISCLOSURE_CONTROLLED_COUNT,125,125,NORMAL_DISCLOSURE_CONTROLLED_COUNT,60,60,NORMAL_DISCLOSURE_CONTROLLED_COUNT,6506,36,POSITIVE,False,"NOT_EXACT: mixes >6 members, non-private residents, and independently disclosure-controlled marginals",0
PLR,08401243,Alt-Rudow,True,True,9.590,9590,NORMAL_DISCLOSURE_CONTROLLED_COUNT,4.909,4909,NORMAL_DISCLOSURE_CONTROLLED_COUNT,2.382,2382,NORMAL_DISCLOSURE_CONTROLLED_COUNT,1.388,1388,NORMAL_DISCLOSURE_CONTROLLED_COUNT,543,543,NORMAL_DISCLOSURE_CONTROLLED_COUNT,351,351,NORMAL_DISCLOSURE_CONTROLLED_COUNT,147,147,NORMAL_DISCLOSURE_CONTROLLED_COUNT,99,99,NORMAL_DISCLOSURE_CONTROLLED_COUNT,9520,70,POSITIVE,False,"NOT_EXACT: mixes >6 members, non-private residents, and independently disclosure-controlled marginals",0
PLR,08401244,Waßmannsdorfer Chaussee,True,True,6.844,6844,NORMAL_DISCLOSURE_CONTROLLED_COUNT,3.095,3095,NORMAL_DISCLOSURE_CONTROLLED_COUNT,1.207,1207,NORMAL_DISCLOSURE_CONTROLLED_COUNT,936,936,NORMAL_DISCLOSURE_CONTROLLED_COUNT,431,431,NORMAL_DISCLOSURE_CONTROLLED_COUNT,314,314,NORMAL_DISCLOSURE_CONTROLLED_COUNT,105,105,NORMAL_DISCLOSURE_CONTROLLED_COUNT,103,103,NORMAL_DISCLOSURE_CONTROLLED_COUNT,6771,73,POSITIVE,False,"NOT_EXACT: mixes >6 members, non-private residents, and independently disclosure-controlled marginals",0
PLR,08401245,Frauenviertel,True,True,3.575,3575,NORMAL_DISCLOSURE_CONTROLLED_COUNT,1.684,1684,NORMAL_DISCLOSURE_CONTROLLED_COUNT,802,802,NORMAL_DISCLOSURE_CONTROLLED_COUNT,390,390,NORMAL_DISCLOSURE_CONTROLLED_COUNT,240,240,NORMAL_DISCLOSURE_CONTROLLED_COUNT,172,172,NORMAL_DISCLOSURE_CONTROLLED_COUNT,54,54,NORMAL_DISCLOSURE_CONTROLLED_COUNT,27,27,NORMAL_DISCLOSURE_CONTROLLED_COUNT,3422,153,POSITIVE,False,"NOT_EXACT: mixes >6 members, non-private residents, and independently disclosure-controlled marginals",0
PLR,08401246,Waltersdorfer Chaussee Ost,True,True,7.438,7438,NORMAL_DISCLOSURE_CONTROLLED_COUNT,3.371,3371,NORMAL_DISCLOSURE_CONTROLLED_COUNT,1.183,1183,NORMAL_DISCLOSURE_CONTROLLED_COUNT,1.158,1158,NORMAL_DISCLOSURE_CONTROLLED_COUNT,477,477,NORMAL_DISCLOSURE_CONTROLLED_COUNT,364,364,NORMAL_DISCLOSURE_CONTROLLED_COUNT,113,113,NORMAL_DISCLOSURE_CONTROLLED_COUNT,74,74,NORMAL_DISCLOSURE_CONTROLLED_COUNT,7395,43,POSITIVE,False,"NOT_EXACT: mixes >6 members, non-private residents, and independently disclosure-controlled marginals",0
PLR,09100101,Alt-Treptow,True,True,12.472,12472,NORMAL_DISCLOSURE_CONTROLLED_COUNT,6.909,6909,NORMAL_DISCLOSURE_CONTROLLED_COUNT,4.059,4059,NORMAL_DISCLOSURE_CONTROLLED_COUNT,1.486,1486,NORMAL_DISCLOSURE_CONTROLLED_COUNT,689,689,NORMAL_DISCLOSURE_CONTROLLED_COUNT,474,474,NORMAL_DISCLOSURE_CONTROLLED_COUNT,112,112,NORMAL_DISCLOSURE_CONTROLLED_COUNT,91,91,NORMAL_DISCLOSURE_CONTROLLED_COUNT,12100,372,POSITIVE,False,"NOT_EXACT: mixes >6 members, non-private residents, and independently disclosure-controlled marginals",0
PLR,09100202,Plänterwald West ,True,True,4.239,4239,NORMAL_DISCLOSURE_CONTROLLED_COUNT,2.233,2233,NORMAL_DISCLOSURE_CONTROLLED_COUNT,1.131,1131,NORMAL_DISCLOSURE_CONTROLLED_COUNT,584,584,NORMAL_DISCLOSURE_CONTROLLED_COUNT,287,287,NORMAL_DISCLOSURE_CONTROLLED_COUNT,178,178,NORMAL_DISCLOSURE_CONTROLLED_COUNT,28,28,NORMAL_DISCLOSURE_CONTROLLED_COUNT,25,25,NORMAL_DISCLOSURE_CONTROLLED_COUNT,4162,77,POSITIVE,False,"NOT_EXACT: mixes >6 members, non-private residents, and independently disclosure-controlled marginals",0
PLR,09100203,Plänterwald Ost ,True,True,6.878,6878,NORMAL_DISCLOSURE_CONTROLLED_COUNT,4.644,4644,NORMAL_DISCLOSURE_CONTROLLED_COUNT,3.124,3124,NORMAL_DISCLOSURE_CONTROLLED_COUNT,1.070,1070,NORMAL_DISCLOSURE_CONTROLLED_COUNT,263,263,NORMAL_DISCLOSURE_CONTROLLED_COUNT,137,137,NORMAL_DISCLOSURE_CONTROLLED_COUNT,32,32,NORMAL_DISCLOSURE_CONTROLLED_COUNT,22,22,NORMAL_DISCLOSURE_CONTROLLED_COUNT,6893,-15,NEGATIVE,False,"NOT_EXACT: mixes >6 members, non-private residents, and independently disclosure-controlled marginals",0
PLR,09100304,Baumschulenweg West,True,True,11.610,11610,NORMAL_DISCLOSURE_CONTROLLED_COUNT,6.944,6944,NORMAL_DISCLOSURE_CONTROLLED_COUNT,4.231,4231,NORMAL_DISCLOSURE_CONTROLLED_COUNT,1.705,1705,NORMAL_DISCLOSURE_CONTROLLED_COUNT,572,572,NORMAL_DISCLOSURE_CONTROLLED_COUNT,316,316,NORMAL_DISCLOSURE_CONTROLLED_COUNT,80,80,NORMAL_DISCLOSURE_CONTROLLED_COUNT,39,39,NORMAL_DISCLOSURE_CONTROLLED_COUNT,11255,355,POSITIVE,False,"NOT_EXACT: mixes >6 members, non-private residents, and independently disclosure-controlled marginals",0
PLR,09100305,Baumschulenweg Ost,True,True,4.222,4222,NORMAL_DISCLOSURE_CONTROLLED_COUNT,2.533,2533,NORMAL_DISCLOSURE_CONTROLLED_COUNT,1.633,1633,NORMAL_DISCLOSURE_CONTROLLED_COUNT,500,500,NORMAL_DISCLOSURE_CONTROLLED_COUNT,223,223,NORMAL_DISCLOSURE_CONTROLLED_COUNT,118,118,NORMAL_DISCLOSURE_CONTROLLED_COUNT,38,38,NORMAL_DISCLOSURE_CONTROLLED_COUNT,19,19,NORMAL_DISCLOSURE_CONTROLLED_COUNT,4078,144,POSITIVE,False,"NOT_EXACT: mixes >6 members, non-private residents, and independently disclosure-controlled marginals",0
PLR,09100306,Späthsfelde,True,True,2.982,2982,NORMAL_DISCLOSURE_CONTROLLED_COUNT,1.123,1123,NORMAL_DISCLOSURE_CONTROLLED_COUNT,306,306,NORMAL_DISCLOSURE_CONTROLLED_COUNT,436,436,NORMAL_DISCLOSURE_CONTROLLED_COUNT,175,175,NORMAL_DISCLOSURE_CONTROLLED_COUNT,121,121,NORMAL_DISCLOSURE_CONTROLLED_COUNT,45,45,NORMAL_DISCLOSURE_CONTROLLED_COUNT,39,39,NORMAL_DISCLOSURE_CONTROLLED_COUNT,2646,336,POSITIVE,False,"NOT_EXACT: mixes >6 members, non-private residents, and independently disclosure-controlled marginals",0
PLR,09100407,Johannisthal West,True,True,8.252,8252,NORMAL_DISCLOSURE_CONTROLLED_COUNT,4.612,4612,NORMAL_DISCLOSURE_CONTROLLED_COUNT,2.410,2410,NORMAL_DISCLOSURE_CONTROLLED_COUNT,1.446,1446,NORMAL_DISCLOSURE_CONTROLLED_COUNT,443,443,NORMAL_DISCLOSURE_CONTROLLED_COUNT,248,248,NORMAL_DISCLOSURE_CONTROLLED_COUNT,45,45,NORMAL_DISCLOSURE_CONTROLLED_COUNT,23,23,NORMAL_DISCLOSURE_CONTROLLED_COUNT,7986,266,POSITIVE,False,"NOT_EXACT: mixes >6 members, non-private residents, and independently disclosure-controlled marginals",0
PLR,09100408,Johannisthal Ost,True,True,8.160,8160,NORMAL_DISCLOSURE_CONTROLLED_COUNT,4.600,4600,NORMAL_DISCLOSURE_CONTROLLED_COUNT,2.576,2576,NORMAL_DISCLOSURE_CONTROLLED_COUNT,1.132,1132,NORMAL_DISCLOSURE_CONTROLLED_COUNT,487,487,NORMAL_DISCLOSURE_CONTROLLED_COUNT,291,291,NORMAL_DISCLOSURE_CONTROLLED_COUNT,64,64,NORMAL_DISCLOSURE_CONTROLLED_COUNT,47,47,NORMAL_DISCLOSURE_CONTROLLED_COUNT,8067,93,POSITIVE,False,"NOT_EXACT: mixes >6 members, non-private residents, and independently disclosure-controlled marginals",0
PLR,09100409,Landschaftspark Adlershof,True,True,3.815,3815,NORMAL_DISCLOSURE_CONTROLLED_COUNT,1.503,1503,NORMAL_DISCLOSURE_CONTROLLED_COUNT,457,457,NORMAL_DISCLOSURE_CONTROLLED_COUNT,508,508,NORMAL_DISCLOSURE_CONTROLLED_COUNT,257,257,NORMAL_DISCLOSURE_CONTROLLED_COUNT,194,194,NORMAL_DISCLOSURE_CONTROLLED_COUNT,45,45,NORMAL_DISCLOSURE_CONTROLLED_COUNT,43,43,NORMAL_DISCLOSURE_CONTROLLED_COUNT,3503,312,POSITIVE,False,"NOT_EXACT: mixes >6 members, non-private residents, and independently disclosure-controlled marginals",0
PLR,09200510,Helmholtz-Kiez,True,True,7.147,7147,NORMAL_DISCLOSURE_CONTROLLED_COUNT,4.294,4294,NORMAL_DISCLOSURE_CONTROLLED_COUNT,2.792,2792,NORMAL_DISCLOSURE_CONTROLLED_COUNT,836,836,NORMAL_DISCLOSURE_CONTROLLED_COUNT,335,335,NORMAL_DISCLOSURE_CONTROLLED_COUNT,210,210,NORMAL_DISCLOSURE_CONTROLLED_COUNT,64,64,NORMAL_DISCLOSURE_CONTROLLED_COUNT,59,59,NORMAL_DISCLOSURE_CONTROLLED_COUNT,6983,164,POSITIVE,False,"NOT_EXACT: mixes >6 members, non-private residents, and independently disclosure-controlled marginals",0
PLR,09200511,Griechischer Park,True,True,12.432,12432,NORMAL_DISCLOSURE_CONTROLLED_COUNT,7.387,7387,NORMAL_DISCLOSURE_CONTROLLED_COUNT,4.578,4578,NORMAL_DISCLOSURE_CONTROLLED_COUNT,1.514,1514,NORMAL_DISCLOSURE_CONTROLLED_COUNT,684,684,NORMAL_DISCLOSURE_CONTROLLED_COUNT,416,416,NORMAL_DISCLOSURE_CONTROLLED_COUNT,117,117,NORMAL_DISCLOSURE_CONTROLLED_COUNT,79,79,NORMAL_DISCLOSURE_CONTROLLED_COUNT,12381,51,POSITIVE,False,"NOT_EXACT: mixes >6 members, non-private residents, and independently disclosure-controlled marginals",0
PLR,09200512,Wuhlheide,True,True,3.837,3837,NORMAL_DISCLOSURE_CONTROLLED_COUNT,2.457,2457,NORMAL_DISCLOSURE_CONTROLLED_COUNT,1.576,1576,NORMAL_DISCLOSURE_CONTROLLED_COUNT,526,526,NORMAL_DISCLOSURE_CONTROLLED_COUNT,232,232,NORMAL_DISCLOSURE_CONTROLLED_COUNT,89,89,NORMAL_DISCLOSURE_CONTROLLED_COUNT,23,23,NORMAL_DISCLOSURE_CONTROLLED_COUNT,10,10,NORMAL_DISCLOSURE_CONTROLLED_COUNT,3855,-18,NEGATIVE,False,"NOT_EXACT: mixes >6 members, non-private residents, and independently disclosure-controlled marginals",0
PLR,09200613,Bahnhof Schöneweide ,True,True,9.436,9436,NORMAL_DISCLOSURE_CONTROLLED_COUNT,5.069,5069,NORMAL_DISCLOSURE_CONTROLLED_COUNT,3.010,3010,NORMAL_DISCLOSURE_CONTROLLED_COUNT,1.129,1129,NORMAL_DISCLOSURE_CONTROLLED_COUNT,501,501,NORMAL_DISCLOSURE_CONTROLLED_COUNT,271,271,NORMAL_DISCLOSURE_CONTROLLED_COUNT,77,77,NORMAL_DISCLOSURE_CONTROLLED_COUNT,81,81,NORMAL_DISCLOSURE_CONTROLLED_COUNT,8726,710,POSITIVE,False,"NOT_EXACT: mixes >6 members, non-private residents, and independently disclosure-controlled marginals",0
PLR,09200614,Oberspree ,True,True,3.513,3513,NORMAL_DISCLOSURE_CONTROLLED_COUNT,1.804,1804,NORMAL_DISCLOSURE_CONTROLLED_COUNT,856,856,NORMAL_DISCLOSURE_CONTROLLED_COUNT,579,579,NORMAL_DISCLOSURE_CONTROLLED_COUNT,206,206,NORMAL_DISCLOSURE_CONTROLLED_COUNT,113,113,NORMAL_DISCLOSURE_CONTROLLED_COUNT,29,29,NORMAL_DISCLOSURE_CONTROLLED_COUNT,18,18,NORMAL_DISCLOSURE_CONTROLLED_COUNT,3337,176,POSITIVE,False,"NOT_EXACT: mixes >6 members, non-private residents, and independently disclosure-controlled marginals",0
PLR,09200715,Wista ,True,True,3.031,3031,NORMAL_DISCLOSURE_CONTROLLED_COUNT,1.715,1715,NORMAL_DISCLOSURE_CONTROLLED_COUNT,991,991,NORMAL_DISCLOSURE_CONTROLLED_COUNT,396,396,NORMAL_DISCLOSURE_CONTROLLED_COUNT,164,164,NORMAL_DISCLOSURE_CONTROLLED_COUNT,109,109,NORMAL_DISCLOSURE_CONTROLLED_COUNT,39,39,NORMAL_DISCLOSURE_CONTROLLED_COUNT,18,18,NORMAL_DISCLOSURE_CONTROLLED_COUNT,3014,17,POSITIVE,False,"NOT_EXACT: mixes >6 members, non-private residents, and independently disclosure-controlled marginals",0
PLR,09200716,Dörpfeldstraße Ost ,True,True,7.431,7431,NORMAL_DISCLOSURE_CONTROLLED_COUNT,4.174,4174,NORMAL_DISCLOSURE_CONTROLLED_COUNT,2.371,2371,NORMAL_DISCLOSURE_CONTROLLED_COUNT,1.070,1070,NORMAL_DISCLOSURE_CONTROLLED_COUNT,393,393,NORMAL_DISCLOSURE_CONTROLLED_COUNT,222,222,NORMAL_DISCLOSURE_CONTROLLED_COUNT,70,70,NORMAL_DISCLOSURE_CONTROLLED_COUNT,40,40,NORMAL_DISCLOSURE_CONTROLLED_COUNT,7168,263,POSITIVE,False,"NOT_EXACT: mixes >6 members, non-private residents, and independently disclosure-controlled marginals",0
PLR,09200717,Dörpfeldstraße West ,True,True,9.291,9291,NORMAL_DISCLOSURE_CONTROLLED_COUNT,5.547,5547,NORMAL_DISCLOSURE_CONTROLLED_COUNT,3.351,3351,NORMAL_DISCLOSURE_CONTROLLED_COUNT,1.303,1303,NORMAL_DISCLOSURE_CONTROLLED_COUNT,514,514,NORMAL_DISCLOSURE_CONTROLLED_COUNT,247,247,NORMAL_DISCLOSURE_CONTROLLED_COUNT,83,83,NORMAL_DISCLOSURE_CONTROLLED_COUNT,52,52,NORMAL_DISCLOSURE_CONTROLLED_COUNT,9214,77,POSITIVE,False,"NOT_EXACT: mixes >6 members, non-private residents, and independently disclosure-controlled marginals",0
PLR,09200818,Spindlersfeld,True,True,3.545,3545,NORMAL_DISCLOSURE_CONTROLLED_COUNT,2.104,2104,NORMAL_DISCLOSURE_CONTROLLED_COUNT,1.222,1222,NORMAL_DISCLOSURE_CONTROLLED_COUNT,577,577,NORMAL_DISCLOSURE_CONTROLLED_COUNT,178,178,NORMAL_DISCLOSURE_CONTROLLED_COUNT,95,95,NORMAL_DISCLOSURE_CONTROLLED_COUNT,25,25,NORMAL_DISCLOSURE_CONTROLLED_COUNT,11,11,NORMAL_DISCLOSURE_CONTROLLED_COUNT,3481,64,POSITIVE,False,"NOT_EXACT: mixes >6 members, non-private residents, and independently disclosure-controlled marginals",0
PLR,09200819,Köllnische Vorstadt,True,True,8.308,8308,NORMAL_DISCLOSURE_CONTROLLED_COUNT,4.497,4497,NORMAL_DISCLOSURE_CONTROLLED_COUNT,2.450,2450,NORMAL_DISCLOSURE_CONTROLLED_COUNT,1.064,1064,NORMAL_DISCLOSURE_CONTROLLED_COUNT,525,525,NORMAL_DISCLOSURE_CONTROLLED_COUNT,308,308,NORMAL_DISCLOSURE_CONTROLLED_COUNT,96,96,NORMAL_DISCLOSURE_CONTROLLED_COUNT,54,54,NORMAL_DISCLOSURE_CONTROLLED_COUNT,8189,119,POSITIVE,False,"NOT_EXACT: mixes >6 members, non-private residents, and independently disclosure-controlled marginals",0
PLR,09300920,Dorf Altglienicke,True,True,12.150,12150,NORMAL_DISCLOSURE_CONTROLLED_COUNT,5.392,5392,NORMAL_DISCLOSURE_CONTROLLED_COUNT,1.771,1771,NORMAL_DISCLOSURE_CONTROLLED_COUNT,1.853,1853,NORMAL_DISCLOSURE_CONTROLLED_COUNT,891,891,NORMAL_DISCLOSURE_CONTROLLED_COUNT,626,626,NORMAL_DISCLOSURE_CONTROLLED_COUNT,174,174,NORMAL_DISCLOSURE_CONTROLLED_COUNT,82,82,NORMAL_DISCLOSURE_CONTROLLED_COUNT,12016,134,POSITIVE,False,"NOT_EXACT: mixes >6 members, non-private residents, and independently disclosure-controlled marginals",0
PLR,09300921,Preußen Siedlung,True,True,2.747,2747,NORMAL_DISCLOSURE_CONTROLLED_COUNT,1.264,1264,NORMAL_DISCLOSURE_CONTROLLED_COUNT,422,422,NORMAL_DISCLOSURE_CONTROLLED_COUNT,471,471,NORMAL_DISCLOSURE_CONTROLLED_COUNT,194,194,NORMAL_DISCLOSURE_CONTROLLED_COUNT,127,127,NORMAL_DISCLOSURE_CONTROLLED_COUNT,42,42,NORMAL_DISCLOSURE_CONTROLLED_COUNT,15,15,NORMAL_DISCLOSURE_CONTROLLED_COUNT,2754,-7,NEGATIVE,False,"NOT_EXACT: mixes >6 members, non-private residents, and independently disclosure-controlled marginals",0
PLR,09300922,Kosmos Viertel,True,True,5.704,5704,NORMAL_DISCLOSURE_CONTROLLED_COUNT,3.017,3017,NORMAL_DISCLOSURE_CONTROLLED_COUNT,1.496,1496,NORMAL_DISCLOSURE_CONTROLLED_COUNT,851,851,NORMAL_DISCLOSURE_CONTROLLED_COUNT,341,341,NORMAL_DISCLOSURE_CONTROLLED_COUNT,207,207,NORMAL_DISCLOSURE_CONTROLLED_COUNT,75,75,NORMAL_DISCLOSURE_CONTROLLED_COUNT,38,38,NORMAL_DISCLOSURE_CONTROLLED_COUNT,5652,52,POSITIVE,False,"NOT_EXACT: mixes >6 members, non-private residents, and independently disclosure-controlled marginals",0
PLR,09300923,Kölner Viertel,True,True,8.000,8000,NORMAL_DISCLOSURE_CONTROLLED_COUNT,3.538,3538,NORMAL_DISCLOSURE_CONTROLLED_COUNT,1.243,1243,NORMAL_DISCLOSURE_CONTROLLED_COUNT,1.087,1087,NORMAL_DISCLOSURE_CONTROLLED_COUNT,600,600,NORMAL_DISCLOSURE_CONTROLLED_COUNT,402,402,NORMAL_DISCLOSURE_CONTROLLED_COUNT,134,134,NORMAL_DISCLOSURE_CONTROLLED_COUNT,70,70,NORMAL_DISCLOSURE_CONTROLLED_COUNT,7915,85,POSITIVE,False,"NOT_EXACT: mixes >6 members, non-private residents, and independently disclosure-controlled marginals",0
PLR,09301024,Falkenberg,True,True,2.986,2986,NORMAL_DISCLOSURE_CONTROLLED_COUNT,1.326,1326,NORMAL_DISCLOSURE_CONTROLLED_COUNT,423,423,NORMAL_DISCLOSURE_CONTROLLED_COUNT,494,494,NORMAL_DISCLOSURE_CONTROLLED_COUNT,225,225,NORMAL_DISCLOSURE_CONTROLLED_COUNT,129,129,NORMAL_DISCLOSURE_CONTROLLED_COUNT,39,39,NORMAL_DISCLOSURE_CONTROLLED_COUNT,15,15,NORMAL_DISCLOSURE_CONTROLLED_COUNT,2887,99,POSITIVE,False,"NOT_EXACT: mixes >6 members, non-private residents, and independently disclosure-controlled marginals",0
PLR,09301025,Alt-Bohnsdorf,True,True,10.634,10634,NORMAL_DISCLOSURE_CONTROLLED_COUNT,4.946,4946,NORMAL_DISCLOSURE_CONTROLLED_COUNT,1.754,1754,NORMAL_DISCLOSURE_CONTROLLED_COUNT,1.874,1874,NORMAL_DISCLOSURE_CONTROLLED_COUNT,718,718,NORMAL_DISCLOSURE_CONTROLLED_COUNT,391,391,NORMAL_DISCLOSURE_CONTROLLED_COUNT,127,127,NORMAL_DISCLOSURE_CONTROLLED_COUNT,80,80,NORMAL_DISCLOSURE_CONTROLLED_COUNT,10335,299,POSITIVE,False,"NOT_EXACT: mixes >6 members, non-private residents, and independently disclosure-controlled marginals",0
PLR,09301126,Grünau,True,True,7.391,7391,NORMAL_DISCLOSURE_CONTROLLED_COUNT,4.137,4137,NORMAL_DISCLOSURE_CONTROLLED_COUNT,2.187,2187,NORMAL_DISCLOSURE_CONTROLLED_COUNT,1.161,1161,NORMAL_DISCLOSURE_CONTROLLED_COUNT,462,462,NORMAL_DISCLOSURE_CONTROLLED_COUNT,240,240,NORMAL_DISCLOSURE_CONTROLLED_COUNT,65,65,NORMAL_DISCLOSURE_CONTROLLED_COUNT,26,26,NORMAL_DISCLOSURE_CONTROLLED_COUNT,7336,55,POSITIVE,False,"NOT_EXACT: mixes >6 members, non-private residents, and independently disclosure-controlled marginals",0
PLR,09301227,Karolinenhof,True,True,1.852,1852,NORMAL_DISCLOSURE_CONTROLLED_COUNT,869,869,NORMAL_DISCLOSURE_CONTROLLED_COUNT,291,291,NORMAL_DISCLOSURE_CONTROLLED_COUNT,333,333,NORMAL_DISCLOSURE_CONTROLLED_COUNT,127,127,NORMAL_DISCLOSURE_CONTROLLED_COUNT,83,83,NORMAL_DISCLOSURE_CONTROLLED_COUNT,25,25,NORMAL_DISCLOSURE_CONTROLLED_COUNT,11,11,NORMAL_DISCLOSURE_CONTROLLED_COUNT,1861,-9,NEGATIVE,False,"NOT_EXACT: mixes >6 members, non-private residents, and independently disclosure-controlled marginals",0
PLR,09301228,Schmöckwitz/Rauchfangswerder,True,True,2.585,2585,NORMAL_DISCLOSURE_CONTROLLED_COUNT,1.192,1192,NORMAL_DISCLOSURE_CONTROLLED_COUNT,403,403,NORMAL_DISCLOSURE_CONTROLLED_COUNT,422,422,NORMAL_DISCLOSURE_CONTROLLED_COUNT,184,184,NORMAL_DISCLOSURE_CONTROLLED_COUNT,118,118,NORMAL_DISCLOSURE_CONTROLLED_COUNT,36,36,NORMAL_DISCLOSURE_CONTROLLED_COUNT,26,26,NORMAL_DISCLOSURE_CONTROLLED_COUNT,2607,-22,NEGATIVE,False,"NOT_EXACT: mixes >6 members, non-private residents, and independently disclosure-controlled marginals",0
PLR,09401329,Kietzer Feld/ Nachtheide,True,True,10.112,10112,NORMAL_DISCLOSURE_CONTROLLED_COUNT,5.819,5819,NORMAL_DISCLOSURE_CONTROLLED_COUNT,2.879,2879,NORMAL_DISCLOSURE_CONTROLLED_COUNT,2.033,2033,NORMAL_DISCLOSURE_CONTROLLED_COUNT,552,552,NORMAL_DISCLOSURE_CONTROLLED_COUNT,266,266,NORMAL_DISCLOSURE_CONTROLLED_COUNT,56,56,NORMAL_DISCLOSURE_CONTROLLED_COUNT,32,32,NORMAL_DISCLOSURE_CONTROLLED_COUNT,10137,-25,NEGATIVE,False,"NOT_EXACT: mixes >6 members, non-private residents, and independently disclosure-controlled marginals",0
PLR,09401330,Wendenschloß,True,True,1.848,1848,NORMAL_DISCLOSURE_CONTROLLED_COUNT,883,883,NORMAL_DISCLOSURE_CONTROLLED_COUNT,325,325,NORMAL_DISCLOSURE_CONTROLLED_COUNT,327,327,NORMAL_DISCLOSURE_CONTROLLED_COUNT,112,112,NORMAL_DISCLOSURE_CONTROLLED_COUNT,83,83,NORMAL_DISCLOSURE_CONTROLLED_COUNT,20,20,NORMAL_DISCLOSURE_CONTROLLED_COUNT,11,11,NORMAL_DISCLOSURE_CONTROLLED_COUNT,1813,35,POSITIVE,False,"NOT_EXACT: mixes >6 members, non-private residents, and independently disclosure-controlled marginals",0
PLR,09401431,Allende I,True,True,5.668,5668,NORMAL_DISCLOSURE_CONTROLLED_COUNT,2.991,2991,NORMAL_DISCLOSURE_CONTROLLED_COUNT,1.531,1531,NORMAL_DISCLOSURE_CONTROLLED_COUNT,1.027,1027,NORMAL_DISCLOSURE_CONTROLLED_COUNT,249,249,NORMAL_DISCLOSURE_CONTROLLED_COUNT,127,127,NORMAL_DISCLOSURE_CONTROLLED_COUNT,37,37,NORMAL_DISCLOSURE_CONTROLLED_COUNT,23,23,NORMAL_DISCLOSURE_CONTROLLED_COUNT,5163,505,POSITIVE,False,"NOT_EXACT: mixes >6 members, non-private residents, and independently disclosure-controlled marginals",0
PLR,09401432,Siedlung Kämmereiheide,True,True,1.505,1505,NORMAL_DISCLOSURE_CONTROLLED_COUNT,699,699,NORMAL_DISCLOSURE_CONTROLLED_COUNT,250,250,NORMAL_DISCLOSURE_CONTROLLED_COUNT,228,228,NORMAL_DISCLOSURE_CONTROLLED_COUNT,122,122,NORMAL_DISCLOSURE_CONTROLLED_COUNT,77,77,NORMAL_DISCLOSURE_CONTROLLED_COUNT,15,15,NORMAL_DISCLOSURE_CONTROLLED_COUNT,11,11,NORMAL_DISCLOSURE_CONTROLLED_COUNT,1521,-16,NEGATIVE,False,"NOT_EXACT: mixes >6 members, non-private residents, and independently disclosure-controlled marginals",0
PLR,09401433,Allende II ,True,True,4.318,4318,NORMAL_DISCLOSURE_CONTROLLED_COUNT,2.317,2317,NORMAL_DISCLOSURE_CONTROLLED_COUNT,1.294,1294,NORMAL_DISCLOSURE_CONTROLLED_COUNT,678,678,NORMAL_DISCLOSURE_CONTROLLED_COUNT,187,187,NORMAL_DISCLOSURE_CONTROLLED_COUNT,106,106,NORMAL_DISCLOSURE_CONTROLLED_COUNT,35,35,NORMAL_DISCLOSURE_CONTROLLED_COUNT,13,13,NORMAL_DISCLOSURE_CONTROLLED_COUNT,3888,430,POSITIVE,False,"NOT_EXACT: mixes >6 members, non-private residents, and independently disclosure-controlled marginals",0
PLR,09401534,Altstadt Köpenick,True,True,7.248,7248,NORMAL_DISCLOSURE_CONTROLLED_COUNT,3.858,3858,NORMAL_DISCLOSURE_CONTROLLED_COUNT,2.114,2114,NORMAL_DISCLOSURE_CONTROLLED_COUNT,896,896,NORMAL_DISCLOSURE_CONTROLLED_COUNT,443,443,NORMAL_DISCLOSURE_CONTROLLED_COUNT,265,265,NORMAL_DISCLOSURE_CONTROLLED_COUNT,88,88,NORMAL_DISCLOSURE_CONTROLLED_COUNT,50,50,NORMAL_DISCLOSURE_CONTROLLED_COUNT,7035,213,POSITIVE,False,"NOT_EXACT: mixes >6 members, non-private residents, and independently disclosure-controlled marginals",0
PLR,09401635,Müggelheim,True,True,6.801,6801,NORMAL_DISCLOSURE_CONTROLLED_COUNT,3.129,3129,NORMAL_DISCLOSURE_CONTROLLED_COUNT,907,907,NORMAL_DISCLOSURE_CONTROLLED_COUNT,1.302,1302,NORMAL_DISCLOSURE_CONTROLLED_COUNT,508,508,NORMAL_DISCLOSURE_CONTROLLED_COUNT,300,300,NORMAL_DISCLOSURE_CONTROLLED_COUNT,75,75,NORMAL_DISCLOSURE_CONTROLLED_COUNT,36,36,NORMAL_DISCLOSURE_CONTROLLED_COUNT,6826,-25,NEGATIVE,False,"NOT_EXACT: mixes >6 members, non-private residents, and independently disclosure-controlled marginals",0
PLR,09501736,Hirschgarten,True,True,4.460,4460,NORMAL_DISCLOSURE_CONTROLLED_COUNT,2.408,2408,NORMAL_DISCLOSURE_CONTROLLED_COUNT,1.251,1251,NORMAL_DISCLOSURE_CONTROLLED_COUNT,699,699,NORMAL_DISCLOSURE_CONTROLLED_COUNT,282,282,NORMAL_DISCLOSURE_CONTROLLED_COUNT,141,141,NORMAL_DISCLOSURE_CONTROLLED_COUNT,30,30,NORMAL_DISCLOSURE_CONTROLLED_COUNT,7,7,NORMAL_DISCLOSURE_CONTROLLED_COUNT,4251,209,POSITIVE,False,"NOT_EXACT: mixes >6 members, non-private residents, and independently disclosure-controlled marginals",0
PLR,09501737,Alt-Friedrichshagen,True,True,13.968,13968,NORMAL_DISCLOSURE_CONTROLLED_COUNT,7.401,7401,NORMAL_DISCLOSURE_CONTROLLED_COUNT,3.911,3911,NORMAL_DISCLOSURE_CONTROLLED_COUNT,2.017,2017,NORMAL_DISCLOSURE_CONTROLLED_COUNT,765,765,NORMAL_DISCLOSURE_CONTROLLED_COUNT,496,496,NORMAL_DISCLOSURE_CONTROLLED_COUNT,137,137,NORMAL_DISCLOSURE_CONTROLLED_COUNT,82,82,NORMAL_DISCLOSURE_CONTROLLED_COUNT,13401,567,POSITIVE,False,"NOT_EXACT: mixes >6 members, non-private residents, and independently disclosure-controlled marginals",0
PLR,09501838,Rahnsdorf,True,True,10.378,10378,NORMAL_DISCLOSURE_CONTROLLED_COUNT,4.697,4697,NORMAL_DISCLOSURE_CONTROLLED_COUNT,1.587,1587,NORMAL_DISCLOSURE_CONTROLLED_COUNT,1.806,1806,NORMAL_DISCLOSURE_CONTROLLED_COUNT,712,712,NORMAL_DISCLOSURE_CONTROLLED_COUNT,403,403,NORMAL_DISCLOSURE_CONTROLLED_COUNT,129,129,NORMAL_DISCLOSURE_CONTROLLED_COUNT,62,62,NORMAL_DISCLOSURE_CONTROLLED_COUNT,9964,414,POSITIVE,False,"NOT_EXACT: mixes >6 members, non-private residents, and independently disclosure-controlled marginals",0
PLR,09501939,Bahnhofstraße,True,True,6.233,6233,NORMAL_DISCLOSURE_CONTROLLED_COUNT,3.492,3492,NORMAL_DISCLOSURE_CONTROLLED_COUNT,1.937,1937,NORMAL_DISCLOSURE_CONTROLLED_COUNT,889,889,NORMAL_DISCLOSURE_CONTROLLED_COUNT,383,383,NORMAL_DISCLOSURE_CONTROLLED_COUNT,204,204,NORMAL_DISCLOSURE_CONTROLLED_COUNT,57,57,NORMAL_DISCLOSURE_CONTROLLED_COUNT,28,28,NORMAL_DISCLOSURE_CONTROLLED_COUNT,6133,100,POSITIVE,False,"NOT_EXACT: mixes >6 members, non-private residents, and independently disclosure-controlled marginals",0
PLR,09501940,Güterbahnhof Köpenick,True,True,2.631,2631,NORMAL_DISCLOSURE_CONTROLLED_COUNT,1.612,1612,NORMAL_DISCLOSURE_CONTROLLED_COUNT,1.006,1006,NORMAL_DISCLOSURE_CONTROLLED_COUNT,355,355,NORMAL_DISCLOSURE_CONTROLLED_COUNT,137,137,NORMAL_DISCLOSURE_CONTROLLED_COUNT,74,74,NORMAL_DISCLOSURE_CONTROLLED_COUNT,19,19,NORMAL_DISCLOSURE_CONTROLLED_COUNT,14,14,NORMAL_DISCLOSURE_CONTROLLED_COUNT,2602,29,POSITIVE,False,"NOT_EXACT: mixes >6 members, non-private residents, and independently disclosure-controlled marginals",0
PLR,09501941,Friedrichshagener Straße,True,True,2.688,2688,NORMAL_DISCLOSURE_CONTROLLED_COUNT,1.673,1673,NORMAL_DISCLOSURE_CONTROLLED_COUNT,971,971,NORMAL_DISCLOSURE_CONTROLLED_COUNT,479,479,NORMAL_DISCLOSURE_CONTROLLED_COUNT,141,141,NORMAL_DISCLOSURE_CONTROLLED_COUNT,68,68,NORMAL_DISCLOSURE_CONTROLLED_COUNT,6,6,NORMAL_DISCLOSURE_CONTROLLED_COUNT,9,9,NORMAL_DISCLOSURE_CONTROLLED_COUNT,2708,-20,NEGATIVE,False,"NOT_EXACT: mixes >6 members, non-private residents, and independently disclosure-controlled marginals",0
PLR,09502042,Mittelheide,True,True,4.301,4301,NORMAL_DISCLOSURE_CONTROLLED_COUNT,2.323,2323,NORMAL_DISCLOSURE_CONTROLLED_COUNT,1.188,1188,NORMAL_DISCLOSURE_CONTROLLED_COUNT,634,634,NORMAL_DISCLOSURE_CONTROLLED_COUNT,277,277,NORMAL_DISCLOSURE_CONTROLLED_COUNT,146,146,NORMAL_DISCLOSURE_CONTROLLED_COUNT,50,50,NORMAL_DISCLOSURE_CONTROLLED_COUNT,28,28,NORMAL_DISCLOSURE_CONTROLLED_COUNT,4289,12,POSITIVE,False,"NOT_EXACT: mixes >6 members, non-private residents, and independently disclosure-controlled marginals",0
PLR,09502043,Dammheide,True,True,8.736,8736,NORMAL_DISCLOSURE_CONTROLLED_COUNT,4.919,4919,NORMAL_DISCLOSURE_CONTROLLED_COUNT,2.669,2669,NORMAL_DISCLOSURE_CONTROLLED_COUNT,1.382,1382,NORMAL_DISCLOSURE_CONTROLLED_COUNT,473,473,NORMAL_DISCLOSURE_CONTROLLED_COUNT,265,265,NORMAL_DISCLOSURE_CONTROLLED_COUNT,70,70,NORMAL_DISCLOSURE_CONTROLLED_COUNT,62,62,NORMAL_DISCLOSURE_CONTROLLED_COUNT,8634,102,POSITIVE,False,"NOT_EXACT: mixes >6 members, non-private residents, and independently disclosure-controlled marginals",0
PLR,10100101,Marzahn West,True,True,5.645,5645,NORMAL_DISCLOSURE_CONTROLLED_COUNT,2.963,2963,NORMAL_DISCLOSURE_CONTROLLED_COUNT,1.411,1411,NORMAL_DISCLOSURE_CONTROLLED_COUNT,882,882,NORMAL_DISCLOSURE_CONTROLLED_COUNT,377,377,NORMAL_DISCLOSURE_CONTROLLED_COUNT,191,191,NORMAL_DISCLOSURE_CONTROLLED_COUNT,75,75,NORMAL_DISCLOSURE_CONTROLLED_COUNT,33,33,NORMAL_DISCLOSURE_CONTROLLED_COUNT,5643,2,POSITIVE,False,"NOT_EXACT: mixes >6 members, non-private residents, and independently disclosure-controlled marginals",0
PLR,10100102,Rosenbecker Straße ,True,True,3.599,3599,NORMAL_DISCLOSURE_CONTROLLED_COUNT,1.948,1948,NORMAL_DISCLOSURE_CONTROLLED_COUNT,943,943,NORMAL_DISCLOSURE_CONTROLLED_COUNT,592,592,NORMAL_DISCLOSURE_CONTROLLED_COUNT,233,233,NORMAL_DISCLOSURE_CONTROLLED_COUNT,129,129,NORMAL_DISCLOSURE_CONTROLLED_COUNT,36,36,NORMAL_DISCLOSURE_CONTROLLED_COUNT,14,14,NORMAL_DISCLOSURE_CONTROLLED_COUNT,3606,-7,NEGATIVE,False,"NOT_EXACT: mixes >6 members, non-private residents, and independently disclosure-controlled marginals",0
PLR,10100103,Wittenberger Straße ,True,True,7.604,7604,NORMAL_DISCLOSURE_CONTROLLED_COUNT,3.889,3889,NORMAL_DISCLOSURE_CONTROLLED_COUNT,2.018,2018,NORMAL_DISCLOSURE_CONTROLLED_COUNT,1.089,1089,NORMAL_DISCLOSURE_CONTROLLED_COUNT,394,394,NORMAL_DISCLOSURE_CONTROLLED_COUNT,244,244,NORMAL_DISCLOSURE_CONTROLLED_COUNT,92,92,NORMAL_DISCLOSURE_CONTROLLED_COUNT,48,48,NORMAL_DISCLOSURE_CONTROLLED_COUNT,7102,502,POSITIVE,False,"NOT_EXACT: mixes >6 members, non-private residents, and independently disclosure-controlled marginals",0
PLR,10100104,Golliner Straße ,True,True,7.428,7428,NORMAL_DISCLOSURE_CONTROLLED_COUNT,3.773,3773,NORMAL_DISCLOSURE_CONTROLLED_COUNT,1.763,1763,NORMAL_DISCLOSURE_CONTROLLED_COUNT,1.045,1045,NORMAL_DISCLOSURE_CONTROLLED_COUNT,476,476,NORMAL_DISCLOSURE_CONTROLLED_COUNT,322,322,NORMAL_DISCLOSURE_CONTROLLED_COUNT,118,118,NORMAL_DISCLOSURE_CONTROLLED_COUNT,49,49,NORMAL_DISCLOSURE_CONTROLLED_COUNT,7453,-25,NEGATIVE,False,"NOT_EXACT: mixes >6 members, non-private residents, and independently disclosure-controlled marginals",0
PLR,10100205,Gewerbegebiet Bitterfelder Straße ,True,True,920,920,NORMAL_DISCLOSURE_CONTROLLED_COUNT,10,10,NORMAL_DISCLOSURE_CONTROLLED_COUNT,5,5,NORMAL_DISCLOSURE_CONTROLLED_COUNT,3,3,NORMAL_DISCLOSURE_CONTROLLED_COUNT,–,0,ZERO_OR_DISCLOSURE_ADJUSTED_ZERO,–,0,ZERO_OR_DISCLOSURE_ADJUSTED_ZERO,–,0,ZERO_OR_DISCLOSURE_ADJUSTED_ZERO,–,0,ZERO_OR_DISCLOSURE_ADJUSTED_ZERO,11,909,POSITIVE,False,"NOT_EXACT: mixes >6 members, non-private residents, and independently disclosure-controlled marginals",4
PLR,10100206,Wuhletalstraße ,True,True,10.627,10627,NORMAL_DISCLOSURE_CONTROLLED_COUNT,5.678,5678,NORMAL_DISCLOSURE_CONTROLLED_COUNT,2.926,2926,NORMAL_DISCLOSURE_CONTROLLED_COUNT,1.573,1573,NORMAL_DISCLOSURE_CONTROLLED_COUNT,558,558,NORMAL_DISCLOSURE_CONTROLLED_COUNT,421,421,NORMAL_DISCLOSURE_CONTROLLED_COUNT,142,142,NORMAL_DISCLOSURE_CONTROLLED_COUNT,60,60,NORMAL_DISCLOSURE_CONTROLLED_COUNT,10500,127,POSITIVE,False,"NOT_EXACT: mixes >6 members, non-private residents, and independently disclosure-controlled marginals",0
PLR,10100207,Ahrensfelder Berge ,True,True,7.983,7983,NORMAL_DISCLOSURE_CONTROLLED_COUNT,4.752,4752,NORMAL_DISCLOSURE_CONTROLLED_COUNT,2.794,2794,NORMAL_DISCLOSURE_CONTROLLED_COUNT,1.166,1166,NORMAL_DISCLOSURE_CONTROLLED_COUNT,429,429,NORMAL_DISCLOSURE_CONTROLLED_COUNT,239,239,NORMAL_DISCLOSURE_CONTROLLED_COUNT,80,80,NORMAL_DISCLOSURE_CONTROLLED_COUNT,42,42,NORMAL_DISCLOSURE_CONTROLLED_COUNT,8021,-38,NEGATIVE,False,"NOT_EXACT: mixes >6 members, non-private residents, and independently disclosure-controlled marginals",0
PLR,10100208,Bürgerpark ,True,True,8.988,8988,NORMAL_DISCLOSURE_CONTROLLED_COUNT,5.746,5746,NORMAL_DISCLOSURE_CONTROLLED_COUNT,3.677,3677,NORMAL_DISCLOSURE_CONTROLLED_COUNT,1.360,1360,NORMAL_DISCLOSURE_CONTROLLED_COUNT,408,408,NORMAL_DISCLOSURE_CONTROLLED_COUNT,212,212,NORMAL_DISCLOSURE_CONTROLLED_COUNT,71,71,NORMAL_DISCLOSURE_CONTROLLED_COUNT,15,15,NORMAL_DISCLOSURE_CONTROLLED_COUNT,8914,74,POSITIVE,False,"NOT_EXACT: mixes >6 members, non-private residents, and independently disclosure-controlled marginals",0
PLR,10100209,Lea-Grundig-Straße ,True,True,8.092,8092,NORMAL_DISCLOSURE_CONTROLLED_COUNT,3.920,3920,NORMAL_DISCLOSURE_CONTROLLED_COUNT,1.845,1845,NORMAL_DISCLOSURE_CONTROLLED_COUNT,1.276,1276,NORMAL_DISCLOSURE_CONTROLLED_COUNT,426,426,NORMAL_DISCLOSURE_CONTROLLED_COUNT,235,235,NORMAL_DISCLOSURE_CONTROLLED_COUNT,90,90,NORMAL_DISCLOSURE_CONTROLLED_COUNT,45,45,NORMAL_DISCLOSURE_CONTROLLED_COUNT,7335,757,POSITIVE,False,"NOT_EXACT: mixes >6 members, non-private residents, and independently disclosure-controlled marginals",0
PLR,10100210,Marzahner Promenade ,True,True,10.306,10306,NORMAL_DISCLOSURE_CONTROLLED_COUNT,5.694,5694,NORMAL_DISCLOSURE_CONTROLLED_COUNT,3.056,3056,NORMAL_DISCLOSURE_CONTROLLED_COUNT,1.552,1552,NORMAL_DISCLOSURE_CONTROLLED_COUNT,524,524,NORMAL_DISCLOSURE_CONTROLLED_COUNT,391,391,NORMAL_DISCLOSURE_CONTROLLED_COUNT,113,113,NORMAL_DISCLOSURE_CONTROLLED_COUNT,55,55,NORMAL_DISCLOSURE_CONTROLLED_COUNT,10191,115,POSITIVE,False,"NOT_EXACT: mixes >6 members, non-private residents, and independently disclosure-controlled marginals",0
PLR,10100311,Marzahner Chaussee ,True,True,2.066,2066,NORMAL_DISCLOSURE_CONTROLLED_COUNT,1.092,1092,NORMAL_DISCLOSURE_CONTROLLED_COUNT,521,521,NORMAL_DISCLOSURE_CONTROLLED_COUNT,326,326,NORMAL_DISCLOSURE_CONTROLLED_COUNT,128,128,NORMAL_DISCLOSURE_CONTROLLED_COUNT,84,84,NORMAL_DISCLOSURE_CONTROLLED_COUNT,23,23,NORMAL_DISCLOSURE_CONTROLLED_COUNT,13,13,NORMAL_DISCLOSURE_CONTROLLED_COUNT,2086,-20,NEGATIVE,False,"NOT_EXACT: mixes >6 members, non-private residents, and independently disclosure-controlled marginals",0
PLR,10100312,Springpfuhl ,True,True,14.670,14670,NORMAL_DISCLOSURE_CONTROLLED_COUNT,8.321,8321,NORMAL_DISCLOSURE_CONTROLLED_COUNT,4.732,4732,NORMAL_DISCLOSURE_CONTROLLED_COUNT,2.277,2277,NORMAL_DISCLOSURE_CONTROLLED_COUNT,695,695,NORMAL_DISCLOSURE_CONTROLLED_COUNT,418,418,NORMAL_DISCLOSURE_CONTROLLED_COUNT,113,113,NORMAL_DISCLOSURE_CONTROLLED_COUNT,80,80,NORMAL_DISCLOSURE_CONTROLLED_COUNT,14088,582,POSITIVE,False,"NOT_EXACT: mixes >6 members, non-private residents, and independently disclosure-controlled marginals",0
PLR,10100313,Alt-Marzahn ,True,True,4.620,4620,NORMAL_DISCLOSURE_CONTROLLED_COUNT,2.507,2507,NORMAL_DISCLOSURE_CONTROLLED_COUNT,1.417,1417,NORMAL_DISCLOSURE_CONTROLLED_COUNT,718,718,NORMAL_DISCLOSURE_CONTROLLED_COUNT,198,198,NORMAL_DISCLOSURE_CONTROLLED_COUNT,118,118,NORMAL_DISCLOSURE_CONTROLLED_COUNT,27,27,NORMAL_DISCLOSURE_CONTROLLED_COUNT,26,26,NORMAL_DISCLOSURE_CONTROLLED_COUNT,4210,410,POSITIVE,False,"NOT_EXACT: mixes >6 members, non-private residents, and independently disclosure-controlled marginals",0
PLR,10100314,Auersbergstraße ,True,True,6.186,6186,NORMAL_DISCLOSURE_CONTROLLED_COUNT,3.386,3386,NORMAL_DISCLOSURE_CONTROLLED_COUNT,1.612,1612,NORMAL_DISCLOSURE_CONTROLLED_COUNT,1.156,1156,NORMAL_DISCLOSURE_CONTROLLED_COUNT,333,333,NORMAL_DISCLOSURE_CONTROLLED_COUNT,212,212,NORMAL_DISCLOSURE_CONTROLLED_COUNT,47,47,NORMAL_DISCLOSURE_CONTROLLED_COUNT,25,25,NORMAL_DISCLOSURE_CONTROLLED_COUNT,6156,30,POSITIVE,False,"NOT_EXACT: mixes >6 members, non-private residents, and independently disclosure-controlled marginals",0
PLR,10100315,Bärenstein ,True,True,7.175,7175,NORMAL_DISCLOSURE_CONTROLLED_COUNT,3.757,3757,NORMAL_DISCLOSURE_CONTROLLED_COUNT,1.686,1686,NORMAL_DISCLOSURE_CONTROLLED_COUNT,1.252,1252,NORMAL_DISCLOSURE_CONTROLLED_COUNT,458,458,NORMAL_DISCLOSURE_CONTROLLED_COUNT,260,260,NORMAL_DISCLOSURE_CONTROLLED_COUNT,73,73,NORMAL_DISCLOSURE_CONTROLLED_COUNT,34,34,NORMAL_DISCLOSURE_CONTROLLED_COUNT,7173,2,POSITIVE,False,"NOT_EXACT: mixes >6 members, non-private residents, and independently disclosure-controlled marginals",0
PLR,10100316,Landsberger Tor ,True,True,3.587,3587,NORMAL_DISCLOSURE_CONTROLLED_COUNT,1.783,1783,NORMAL_DISCLOSURE_CONTROLLED_COUNT,823,823,NORMAL_DISCLOSURE_CONTROLLED_COUNT,509,509,NORMAL_DISCLOSURE_CONTROLLED_COUNT,257,257,NORMAL_DISCLOSURE_CONTROLLED_COUNT,141,141,NORMAL_DISCLOSURE_CONTROLLED_COUNT,29,29,NORMAL_DISCLOSURE_CONTROLLED_COUNT,20,20,NORMAL_DISCLOSURE_CONTROLLED_COUNT,3441,146,POSITIVE,False,"NOT_EXACT: mixes >6 members, non-private residents, and independently disclosure-controlled marginals",0
PLR,10200417,Zossener Straße  ,True,True,6.556,6556,NORMAL_DISCLOSURE_CONTROLLED_COUNT,3.263,3263,NORMAL_DISCLOSURE_CONTROLLED_COUNT,1.509,1509,NORMAL_DISCLOSURE_CONTROLLED_COUNT,904,904,NORMAL_DISCLOSURE_CONTROLLED_COUNT,427,427,NORMAL_DISCLOSURE_CONTROLLED_COUNT,288,288,NORMAL_DISCLOSURE_CONTROLLED_COUNT,76,76,NORMAL_DISCLOSURE_CONTROLLED_COUNT,54,54,NORMAL_DISCLOSURE_CONTROLLED_COUNT,6454,102,POSITIVE,False,"NOT_EXACT: mixes >6 members, non-private residents, and independently disclosure-controlled marginals",0
PLR,10200418,Kyritzer Straße ,True,True,6.130,6130,NORMAL_DISCLOSURE_CONTROLLED_COUNT,3.533,3533,NORMAL_DISCLOSURE_CONTROLLED_COUNT,1.977,1977,NORMAL_DISCLOSURE_CONTROLLED_COUNT,914,914,NORMAL_DISCLOSURE_CONTROLLED_COUNT,390,390,NORMAL_DISCLOSURE_CONTROLLED_COUNT,172,172,NORMAL_DISCLOSURE_CONTROLLED_COUNT,58,58,NORMAL_DISCLOSURE_CONTROLLED_COUNT,22,22,NORMAL_DISCLOSURE_CONTROLLED_COUNT,6085,45,POSITIVE,False,"NOT_EXACT: mixes >6 members, non-private residents, and independently disclosure-controlled marginals",0
PLR,10200419,Havelländer Ring ,True,True,3.985,3985,NORMAL_DISCLOSURE_CONTROLLED_COUNT,2.042,2042,NORMAL_DISCLOSURE_CONTROLLED_COUNT,1.077,1077,NORMAL_DISCLOSURE_CONTROLLED_COUNT,497,497,NORMAL_DISCLOSURE_CONTROLLED_COUNT,247,247,NORMAL_DISCLOSURE_CONTROLLED_COUNT,150,150,NORMAL_DISCLOSURE_CONTROLLED_COUNT,57,57,NORMAL_DISCLOSURE_CONTROLLED_COUNT,19,19,NORMAL_DISCLOSURE_CONTROLLED_COUNT,3811,174,POSITIVE,False,"NOT_EXACT: mixes >6 members, non-private residents, and independently disclosure-controlled marginals",0
PLR,10200420,Gut Hellersdorf ,True,True,6.859,6859,NORMAL_DISCLOSURE_CONTROLLED_COUNT,3.761,3761,NORMAL_DISCLOSURE_CONTROLLED_COUNT,2.002,2002,NORMAL_DISCLOSURE_CONTROLLED_COUNT,992,992,NORMAL_DISCLOSURE_CONTROLLED_COUNT,429,429,NORMAL_DISCLOSURE_CONTROLLED_COUNT,206,206,NORMAL_DISCLOSURE_CONTROLLED_COUNT,78,78,NORMAL_DISCLOSURE_CONTROLLED_COUNT,59,59,NORMAL_DISCLOSURE_CONTROLLED_COUNT,6841,18,POSITIVE,False,"NOT_EXACT: mixes >6 members, non-private residents, and independently disclosure-controlled marginals",0
PLR,10200421,Helle Mitte ,True,True,1.676,1676,NORMAL_DISCLOSURE_CONTROLLED_COUNT,807,807,NORMAL_DISCLOSURE_CONTROLLED_COUNT,363,363,NORMAL_DISCLOSURE_CONTROLLED_COUNT,221,221,NORMAL_DISCLOSURE_CONTROLLED_COUNT,97,97,NORMAL_DISCLOSURE_CONTROLLED_COUNT,77,77,NORMAL_DISCLOSURE_CONTROLLED_COUNT,30,30,NORMAL_DISCLOSURE_CONTROLLED_COUNT,12,12,NORMAL_DISCLOSURE_CONTROLLED_COUNT,1626,50,POSITIVE,False,"NOT_EXACT: mixes >6 members, non-private residents, and independently disclosure-controlled marginals",0
PLR,10200422,Hellersdorfer Promenade ,True,True,6.172,6172,NORMAL_DISCLOSURE_CONTROLLED_COUNT,3.192,3192,NORMAL_DISCLOSURE_CONTROLLED_COUNT,1.604,1604,NORMAL_DISCLOSURE_CONTROLLED_COUNT,811,811,NORMAL_DISCLOSURE_CONTROLLED_COUNT,388,388,NORMAL_DISCLOSURE_CONTROLLED_COUNT,232,232,NORMAL_DISCLOSURE_CONTROLLED_COUNT,104,104,NORMAL_DISCLOSURE_CONTROLLED_COUNT,52,52,NORMAL_DISCLOSURE_CONTROLLED_COUNT,6150,22,POSITIVE,False,"NOT_EXACT: mixes >6 members, non-private residents, and independently disclosure-controlled marginals",0
PLR,10200423,Böhlener Straße ,True,True,5.475,5475,NORMAL_DISCLOSURE_CONTROLLED_COUNT,2.488,2488,NORMAL_DISCLOSURE_CONTROLLED_COUNT,1.270,1270,NORMAL_DISCLOSURE_CONTROLLED_COUNT,539,539,NORMAL_DISCLOSURE_CONTROLLED_COUNT,351,351,NORMAL_DISCLOSURE_CONTROLLED_COUNT,184,184,NORMAL_DISCLOSURE_CONTROLLED_COUNT,65,65,NORMAL_DISCLOSURE_CONTROLLED_COUNT,78,78,NORMAL_DISCLOSURE_CONTROLLED_COUNT,4930,545,POSITIVE,False,"NOT_EXACT: mixes >6 members, non-private residents, and independently disclosure-controlled marginals",0
PLR,10200524,Adele-Sandrock Straße ,True,True,10.902,10902,NORMAL_DISCLOSURE_CONTROLLED_COUNT,5.822,5822,NORMAL_DISCLOSURE_CONTROLLED_COUNT,2.968,2968,NORMAL_DISCLOSURE_CONTROLLED_COUNT,1.707,1707,NORMAL_DISCLOSURE_CONTROLLED_COUNT,630,630,NORMAL_DISCLOSURE_CONTROLLED_COUNT,374,374,NORMAL_DISCLOSURE_CONTROLLED_COUNT,92,92,NORMAL_DISCLOSURE_CONTROLLED_COUNT,50,50,NORMAL_DISCLOSURE_CONTROLLED_COUNT,10528,374,POSITIVE,False,"NOT_EXACT: mixes >6 members, non-private residents, and independently disclosure-controlled marginals",0
PLR,10200525,Schleipfuhl ,True,True,5.191,5191,NORMAL_DISCLOSURE_CONTROLLED_COUNT,2.512,2512,NORMAL_DISCLOSURE_CONTROLLED_COUNT,1.094,1094,NORMAL_DISCLOSURE_CONTROLLED_COUNT,704,704,NORMAL_DISCLOSURE_CONTROLLED_COUNT,352,352,NORMAL_DISCLOSURE_CONTROLLED_COUNT,243,243,NORMAL_DISCLOSURE_CONTROLLED_COUNT,82,82,NORMAL_DISCLOSURE_CONTROLLED_COUNT,45,45,NORMAL_DISCLOSURE_CONTROLLED_COUNT,5210,-19,NEGATIVE,False,"NOT_EXACT: mixes >6 members, non-private residents, and independently disclosure-controlled marginals",0
PLR,10200526,Boulevard Kastanienallee ,True,True,5.699,5699,NORMAL_DISCLOSURE_CONTROLLED_COUNT,2.771,2771,NORMAL_DISCLOSURE_CONTROLLED_COUNT,1.449,1449,NORMAL_DISCLOSURE_CONTROLLED_COUNT,588,588,NORMAL_DISCLOSURE_CONTROLLED_COUNT,348,348,NORMAL_DISCLOSURE_CONTROLLED_COUNT,245,245,NORMAL_DISCLOSURE_CONTROLLED_COUNT,90,90,NORMAL_DISCLOSURE_CONTROLLED_COUNT,44,44,NORMAL_DISCLOSURE_CONTROLLED_COUNT,5363,336,POSITIVE,False,"NOT_EXACT: mixes >6 members, non-private residents, and independently disclosure-controlled marginals",0
PLR,10200627,Am Kienberg ,True,True,3.301,3301,NORMAL_DISCLOSURE_CONTROLLED_COUNT,1.826,1826,NORMAL_DISCLOSURE_CONTROLLED_COUNT,1.117,1117,NORMAL_DISCLOSURE_CONTROLLED_COUNT,413,413,NORMAL_DISCLOSURE_CONTROLLED_COUNT,163,163,NORMAL_DISCLOSURE_CONTROLLED_COUNT,67,67,NORMAL_DISCLOSURE_CONTROLLED_COUNT,27,27,NORMAL_DISCLOSURE_CONTROLLED_COUNT,35,35,NORMAL_DISCLOSURE_CONTROLLED_COUNT,3045,256,POSITIVE,False,"NOT_EXACT: mixes >6 members, non-private residents, and independently disclosure-controlled marginals",0
PLR,10200628,Neue Grottkauer Straße ,True,True,6.314,6314,NORMAL_DISCLOSURE_CONTROLLED_COUNT,3.233,3233,NORMAL_DISCLOSURE_CONTROLLED_COUNT,1.592,1592,NORMAL_DISCLOSURE_CONTROLLED_COUNT,755,755,NORMAL_DISCLOSURE_CONTROLLED_COUNT,474,474,NORMAL_DISCLOSURE_CONTROLLED_COUNT,298,298,NORMAL_DISCLOSURE_CONTROLLED_COUNT,85,85,NORMAL_DISCLOSURE_CONTROLLED_COUNT,29,29,NORMAL_DISCLOSURE_CONTROLLED_COUNT,6315,-1,NEGATIVE,False,"NOT_EXACT: mixes >6 members, non-private residents, and independently disclosure-controlled marginals",0
PLR,10200629,Teterower Ring ,True,True,8.493,8493,NORMAL_DISCLOSURE_CONTROLLED_COUNT,3.902,3902,NORMAL_DISCLOSURE_CONTROLLED_COUNT,2.262,2262,NORMAL_DISCLOSURE_CONTROLLED_COUNT,905,905,NORMAL_DISCLOSURE_CONTROLLED_COUNT,363,363,NORMAL_DISCLOSURE_CONTROLLED_COUNT,200,200,NORMAL_DISCLOSURE_CONTROLLED_COUNT,50,50,NORMAL_DISCLOSURE_CONTROLLED_COUNT,115,115,NORMAL_DISCLOSURE_CONTROLLED_COUNT,6901,1592,POSITIVE,False,"NOT_EXACT: mixes >6 members, non-private residents, and independently disclosure-controlled marginals",0
PLR,10200630,Cecilienplatz ,True,True,6.418,6418,NORMAL_DISCLOSURE_CONTROLLED_COUNT,3.582,3582,NORMAL_DISCLOSURE_CONTROLLED_COUNT,1.880,1880,NORMAL_DISCLOSURE_CONTROLLED_COUNT,1.030,1030,NORMAL_DISCLOSURE_CONTROLLED_COUNT,407,407,NORMAL_DISCLOSURE_CONTROLLED_COUNT,209,209,NORMAL_DISCLOSURE_CONTROLLED_COUNT,43,43,NORMAL_DISCLOSURE_CONTROLLED_COUNT,20,20,NORMAL_DISCLOSURE_CONTROLLED_COUNT,6332,86,POSITIVE,False,"NOT_EXACT: mixes >6 members, non-private residents, and independently disclosure-controlled marginals",0
PLR,10300731,Oberfeldstraße ,True,True,7.363,7363,NORMAL_DISCLOSURE_CONTROLLED_COUNT,3.829,3829,NORMAL_DISCLOSURE_CONTROLLED_COUNT,1.679,1679,NORMAL_DISCLOSURE_CONTROLLED_COUNT,1.380,1380,NORMAL_DISCLOSURE_CONTROLLED_COUNT,417,417,NORMAL_DISCLOSURE_CONTROLLED_COUNT,256,256,NORMAL_DISCLOSURE_CONTROLLED_COUNT,66,66,NORMAL_DISCLOSURE_CONTROLLED_COUNT,35,35,NORMAL_DISCLOSURE_CONTROLLED_COUNT,7254,109,POSITIVE,False,"NOT_EXACT: mixes >6 members, non-private residents, and independently disclosure-controlled marginals",0
PLR,10300732,Buckower Ring ,True,True,6.808,6808,NORMAL_DISCLOSURE_CONTROLLED_COUNT,3.798,3798,NORMAL_DISCLOSURE_CONTROLLED_COUNT,2.104,2104,NORMAL_DISCLOSURE_CONTROLLED_COUNT,1.031,1031,NORMAL_DISCLOSURE_CONTROLLED_COUNT,381,381,NORMAL_DISCLOSURE_CONTROLLED_COUNT,207,207,NORMAL_DISCLOSURE_CONTROLLED_COUNT,48,48,NORMAL_DISCLOSURE_CONTROLLED_COUNT,25,25,NORMAL_DISCLOSURE_CONTROLLED_COUNT,6527,281,POSITIVE,False,"NOT_EXACT: mixes >6 members, non-private residents, and independently disclosure-controlled marginals",0
PLR,10300733,Alt-Biesdorf ,True,True,4.663,4663,NORMAL_DISCLOSURE_CONTROLLED_COUNT,2.203,2203,NORMAL_DISCLOSURE_CONTROLLED_COUNT,909,909,NORMAL_DISCLOSURE_CONTROLLED_COUNT,742,742,NORMAL_DISCLOSURE_CONTROLLED_COUNT,310,310,NORMAL_DISCLOSURE_CONTROLLED_COUNT,171,171,NORMAL_DISCLOSURE_CONTROLLED_COUNT,46,46,NORMAL_DISCLOSURE_CONTROLLED_COUNT,23,23,NORMAL_DISCLOSURE_CONTROLLED_COUNT,4375,288,POSITIVE,False,"NOT_EXACT: mixes >6 members, non-private residents, and independently disclosure-controlled marginals",0
PLR,10300734,Biesdorf Süd ,True,True,10.061,10061,NORMAL_DISCLOSURE_CONTROLLED_COUNT,4.290,4290,NORMAL_DISCLOSURE_CONTROLLED_COUNT,1.124,1124,NORMAL_DISCLOSURE_CONTROLLED_COUNT,1.846,1846,NORMAL_DISCLOSURE_CONTROLLED_COUNT,636,636,NORMAL_DISCLOSURE_CONTROLLED_COUNT,490,490,NORMAL_DISCLOSURE_CONTROLLED_COUNT,126,126,NORMAL_DISCLOSURE_CONTROLLED_COUNT,61,61,NORMAL_DISCLOSURE_CONTROLLED_COUNT,9680,381,POSITIVE,False,"NOT_EXACT: mixes >6 members, non-private residents, and independently disclosure-controlled marginals",0
PLR,10400835,Kaulsdorf Nord ,True,True,7.692,7692,NORMAL_DISCLOSURE_CONTROLLED_COUNT,3.563,3563,NORMAL_DISCLOSURE_CONTROLLED_COUNT,1.114,1114,NORMAL_DISCLOSURE_CONTROLLED_COUNT,1.452,1452,NORMAL_DISCLOSURE_CONTROLLED_COUNT,516,516,NORMAL_DISCLOSURE_CONTROLLED_COUNT,340,340,NORMAL_DISCLOSURE_CONTROLLED_COUNT,92,92,NORMAL_DISCLOSURE_CONTROLLED_COUNT,54,54,NORMAL_DISCLOSURE_CONTROLLED_COUNT,7710,-18,NEGATIVE,False,"NOT_EXACT: mixes >6 members, non-private residents, and independently disclosure-controlled marginals",0
PLR,10400836,Alt-Kaulsdorf ,True,True,3.640,3640,NORMAL_DISCLOSURE_CONTROLLED_COUNT,1.853,1853,NORMAL_DISCLOSURE_CONTROLLED_COUNT,793,793,NORMAL_DISCLOSURE_CONTROLLED_COUNT,620,620,NORMAL_DISCLOSURE_CONTROLLED_COUNT,234,234,NORMAL_DISCLOSURE_CONTROLLED_COUNT,150,150,NORMAL_DISCLOSURE_CONTROLLED_COUNT,38,38,NORMAL_DISCLOSURE_CONTROLLED_COUNT,21,21,NORMAL_DISCLOSURE_CONTROLLED_COUNT,3651,-11,NEGATIVE,False,"NOT_EXACT: mixes >6 members, non-private residents, and independently disclosure-controlled marginals",0
PLR,10400837,Kaulsdorf Süd ,True,True,7.578,7578,NORMAL_DISCLOSURE_CONTROLLED_COUNT,3.355,3355,NORMAL_DISCLOSURE_CONTROLLED_COUNT,867,867,NORMAL_DISCLOSURE_CONTROLLED_COUNT,1.463,1463,NORMAL_DISCLOSURE_CONTROLLED_COUNT,503,503,NORMAL_DISCLOSURE_CONTROLLED_COUNT,378,378,NORMAL_DISCLOSURE_CONTROLLED_COUNT,106,106,NORMAL_DISCLOSURE_CONTROLLED_COUNT,38,38,NORMAL_DISCLOSURE_CONTROLLED_COUNT,7572,6,POSITIVE,False,"NOT_EXACT: mixes >6 members, non-private residents, and independently disclosure-controlled marginals",0
PLR,10400938,Mahlsdorf Nord ,True,True,9.874,9874,NORMAL_DISCLOSURE_CONTROLLED_COUNT,4.358,4358,NORMAL_DISCLOSURE_CONTROLLED_COUNT,1.157,1157,NORMAL_DISCLOSURE_CONTROLLED_COUNT,1.834,1834,NORMAL_DISCLOSURE_CONTROLLED_COUNT,735,735,NORMAL_DISCLOSURE_CONTROLLED_COUNT,454,454,NORMAL_DISCLOSURE_CONTROLLED_COUNT,128,128,NORMAL_DISCLOSURE_CONTROLLED_COUNT,49,49,NORMAL_DISCLOSURE_CONTROLLED_COUNT,9780,94,POSITIVE,False,"NOT_EXACT: mixes >6 members, non-private residents, and independently disclosure-controlled marginals",0
PLR,10400939,Alt-Mahlsdorf ,True,True,4.338,4338,NORMAL_DISCLOSURE_CONTROLLED_COUNT,2.133,2133,NORMAL_DISCLOSURE_CONTROLLED_COUNT,828,828,NORMAL_DISCLOSURE_CONTROLLED_COUNT,770,770,NORMAL_DISCLOSURE_CONTROLLED_COUNT,264,264,NORMAL_DISCLOSURE_CONTROLLED_COUNT,204,204,NORMAL_DISCLOSURE_CONTROLLED_COUNT,55,55,NORMAL_DISCLOSURE_CONTROLLED_COUNT,17,17,NORMAL_DISCLOSURE_CONTROLLED_COUNT,4353,-15,NEGATIVE,False,"NOT_EXACT: mixes >6 members, non-private residents, and independently disclosure-controlled marginals",0
PLR,10400940,Elsensee ,True,True,5.793,5793,NORMAL_DISCLOSURE_CONTROLLED_COUNT,2.653,2653,NORMAL_DISCLOSURE_CONTROLLED_COUNT,739,739,NORMAL_DISCLOSURE_CONTROLLED_COUNT,1.155,1155,NORMAL_DISCLOSURE_CONTROLLED_COUNT,401,401,NORMAL_DISCLOSURE_CONTROLLED_COUNT,259,259,NORMAL_DISCLOSURE_CONTROLLED_COUNT,76,76,NORMAL_DISCLOSURE_CONTROLLED_COUNT,26,26,NORMAL_DISCLOSURE_CONTROLLED_COUNT,5824,-31,NEGATIVE,False,"NOT_EXACT: mixes >6 members, non-private residents, and independently disclosure-controlled marginals",0
PLR,10400941,Pilgramer Straße ,True,True,9.522,9522,NORMAL_DISCLOSURE_CONTROLLED_COUNT,4.246,4246,NORMAL_DISCLOSURE_CONTROLLED_COUNT,1.184,1184,NORMAL_DISCLOSURE_CONTROLLED_COUNT,1.707,1707,NORMAL_DISCLOSURE_CONTROLLED_COUNT,705,705,NORMAL_DISCLOSURE_CONTROLLED_COUNT,483,483,NORMAL_DISCLOSURE_CONTROLLED_COUNT,118,118,NORMAL_DISCLOSURE_CONTROLLED_COUNT,49,49,NORMAL_DISCLOSURE_CONTROLLED_COUNT,9529,-7,NEGATIVE,False,"NOT_EXACT: mixes >6 members, non-private residents, and independently disclosure-controlled marginals",0
PLR,11100101,Dörfer Malchow-Wartenberg,True,True,3.378,3378,NORMAL_DISCLOSURE_CONTROLLED_COUNT,1.424,1424,NORMAL_DISCLOSURE_CONTROLLED_COUNT,384,384,NORMAL_DISCLOSURE_CONTROLLED_COUNT,604,604,NORMAL_DISCLOSURE_CONTROLLED_COUNT,222,222,NORMAL_DISCLOSURE_CONTROLLED_COUNT,145,145,NORMAL_DISCLOSURE_CONTROLLED_COUNT,33,33,NORMAL_DISCLOSURE_CONTROLLED_COUNT,30,30,NORMAL_DISCLOSURE_CONTROLLED_COUNT,3183,195,POSITIVE,False,"NOT_EXACT: mixes >6 members, non-private residents, and independently disclosure-controlled marginals",0
PLR,11100102,Dorf Falkenberg ,True,True,2.891,2891,NORMAL_DISCLOSURE_CONTROLLED_COUNT,1.116,1116,NORMAL_DISCLOSURE_CONTROLLED_COUNT,333,333,NORMAL_DISCLOSURE_CONTROLLED_COUNT,347,347,NORMAL_DISCLOSURE_CONTROLLED_COUNT,204,204,NORMAL_DISCLOSURE_CONTROLLED_COUNT,155,155,NORMAL_DISCLOSURE_CONTROLLED_COUNT,46,46,NORMAL_DISCLOSURE_CONTROLLED_COUNT,35,35,NORMAL_DISCLOSURE_CONTROLLED_COUNT,2699,192,POSITIVE,False,"NOT_EXACT: mixes >6 members, non-private residents, and independently disclosure-controlled marginals",0
PLR,11100203,Falkenberg Ost ,True,True,8.623,8623,NORMAL_DISCLOSURE_CONTROLLED_COUNT,4.306,4306,NORMAL_DISCLOSURE_CONTROLLED_COUNT,1.993,1993,NORMAL_DISCLOSURE_CONTROLLED_COUNT,1.223,1223,NORMAL_DISCLOSURE_CONTROLLED_COUNT,526,526,NORMAL_DISCLOSURE_CONTROLLED_COUNT,392,392,NORMAL_DISCLOSURE_CONTROLLED_COUNT,125,125,NORMAL_DISCLOSURE_CONTROLLED_COUNT,47,47,NORMAL_DISCLOSURE_CONTROLLED_COUNT,8492,131,POSITIVE,False,"NOT_EXACT: mixes >6 members, non-private residents, and independently disclosure-controlled marginals",0
PLR,11100204,Falkenberg West ,True,True,6.893,6893,NORMAL_DISCLOSURE_CONTROLLED_COUNT,3.620,3620,NORMAL_DISCLOSURE_CONTROLLED_COUNT,1.896,1896,NORMAL_DISCLOSURE_CONTROLLED_COUNT,1.006,1006,NORMAL_DISCLOSURE_CONTROLLED_COUNT,373,373,NORMAL_DISCLOSURE_CONTROLLED_COUNT,233,233,NORMAL_DISCLOSURE_CONTROLLED_COUNT,78,78,NORMAL_DISCLOSURE_CONTROLLED_COUNT,28,28,NORMAL_DISCLOSURE_CONTROLLED_COUNT,6517,376,POSITIVE,False,"NOT_EXACT: mixes >6 members, non-private residents, and independently disclosure-controlled marginals",0
PLR,11100205,Wartenberg Süd ,True,True,5.639,5639,NORMAL_DISCLOSURE_CONTROLLED_COUNT,3.173,3173,NORMAL_DISCLOSURE_CONTROLLED_COUNT,1.740,1740,NORMAL_DISCLOSURE_CONTROLLED_COUNT,814,814,NORMAL_DISCLOSURE_CONTROLLED_COUNT,339,339,NORMAL_DISCLOSURE_CONTROLLED_COUNT,189,189,NORMAL_DISCLOSURE_CONTROLLED_COUNT,56,56,NORMAL_DISCLOSURE_CONTROLLED_COUNT,33,33,NORMAL_DISCLOSURE_CONTROLLED_COUNT,5619,20,POSITIVE,False,"NOT_EXACT: mixes >6 members, non-private residents, and independently disclosure-controlled marginals",0
PLR,11100206,Wartenberg Nord ,True,True,7.562,7562,NORMAL_DISCLOSURE_CONTROLLED_COUNT,3.682,3682,NORMAL_DISCLOSURE_CONTROLLED_COUNT,1.794,1794,NORMAL_DISCLOSURE_CONTROLLED_COUNT,998,998,NORMAL_DISCLOSURE_CONTROLLED_COUNT,468,468,NORMAL_DISCLOSURE_CONTROLLED_COUNT,279,279,NORMAL_DISCLOSURE_CONTROLLED_COUNT,96,96,NORMAL_DISCLOSURE_CONTROLLED_COUNT,45,45,NORMAL_DISCLOSURE_CONTROLLED_COUNT,7060,502,POSITIVE,False,"NOT_EXACT: mixes >6 members, non-private residents, and independently disclosure-controlled marginals",0
PLR,11100307,Zingster Straße Ost ,True,True,11.183,11183,NORMAL_DISCLOSURE_CONTROLLED_COUNT,6.141,6141,NORMAL_DISCLOSURE_CONTROLLED_COUNT,3.276,3276,NORMAL_DISCLOSURE_CONTROLLED_COUNT,1.692,1692,NORMAL_DISCLOSURE_CONTROLLED_COUNT,601,601,NORMAL_DISCLOSURE_CONTROLLED_COUNT,365,365,NORMAL_DISCLOSURE_CONTROLLED_COUNT,149,149,NORMAL_DISCLOSURE_CONTROLLED_COUNT,61,61,NORMAL_DISCLOSURE_CONTROLLED_COUNT,11034,149,POSITIVE,False,"NOT_EXACT: mixes >6 members, non-private residents, and independently disclosure-controlled marginals",0
PLR,11100308,Zingster Straße West ,True,True,9.250,9250,NORMAL_DISCLOSURE_CONTROLLED_COUNT,4.993,4993,NORMAL_DISCLOSURE_CONTROLLED_COUNT,2.662,2662,NORMAL_DISCLOSURE_CONTROLLED_COUNT,1.308,1308,NORMAL_DISCLOSURE_CONTROLLED_COUNT,468,468,NORMAL_DISCLOSURE_CONTROLLED_COUNT,336,336,NORMAL_DISCLOSURE_CONTROLLED_COUNT,151,151,NORMAL_DISCLOSURE_CONTROLLED_COUNT,68,68,NORMAL_DISCLOSURE_CONTROLLED_COUNT,9189,61,POSITIVE,False,"NOT_EXACT: mixes >6 members, non-private residents, and independently disclosure-controlled marginals",0
PLR,11100309,Mühlengrund ,True,True,6.051,6051,NORMAL_DISCLOSURE_CONTROLLED_COUNT,3.332,3332,NORMAL_DISCLOSURE_CONTROLLED_COUNT,1.864,1864,NORMAL_DISCLOSURE_CONTROLLED_COUNT,985,985,NORMAL_DISCLOSURE_CONTROLLED_COUNT,267,267,NORMAL_DISCLOSURE_CONTROLLED_COUNT,171,171,NORMAL_DISCLOSURE_CONTROLLED_COUNT,33,33,NORMAL_DISCLOSURE_CONTROLLED_COUNT,16,16,NORMAL_DISCLOSURE_CONTROLLED_COUNT,5580,471,POSITIVE,False,"NOT_EXACT: mixes >6 members, non-private residents, and independently disclosure-controlled marginals",0
PLR,11200410,Malchower Weg ,True,True,9.786,9786,NORMAL_DISCLOSURE_CONTROLLED_COUNT,4.435,4435,NORMAL_DISCLOSURE_CONTROLLED_COUNT,1.692,1692,NORMAL_DISCLOSURE_CONTROLLED_COUNT,1.555,1555,NORMAL_DISCLOSURE_CONTROLLED_COUNT,589,589,NORMAL_DISCLOSURE_CONTROLLED_COUNT,419,419,NORMAL_DISCLOSURE_CONTROLLED_COUNT,119,119,NORMAL_DISCLOSURE_CONTROLLED_COUNT,58,58,NORMAL_DISCLOSURE_CONTROLLED_COUNT,9188,598,POSITIVE,False,"NOT_EXACT: mixes >6 members, non-private residents, and independently disclosure-controlled marginals",0
PLR,11200411,Hauptstraße ,True,True,6.620,6620,NORMAL_DISCLOSURE_CONTROLLED_COUNT,3.295,3295,NORMAL_DISCLOSURE_CONTROLLED_COUNT,1.575,1575,NORMAL_DISCLOSURE_CONTROLLED_COUNT,1.050,1050,NORMAL_DISCLOSURE_CONTROLLED_COUNT,351,351,NORMAL_DISCLOSURE_CONTROLLED_COUNT,246,246,NORMAL_DISCLOSURE_CONTROLLED_COUNT,46,46,NORMAL_DISCLOSURE_CONTROLLED_COUNT,28,28,NORMAL_DISCLOSURE_CONTROLLED_COUNT,6110,510,POSITIVE,False,"NOT_EXACT: mixes >6 members, non-private residents, and independently disclosure-controlled marginals",0
PLR,11200512,Orankesee ,True,True,3.826,3826,NORMAL_DISCLOSURE_CONTROLLED_COUNT,1.533,1533,NORMAL_DISCLOSURE_CONTROLLED_COUNT,584,584,NORMAL_DISCLOSURE_CONTROLLED_COUNT,531,531,NORMAL_DISCLOSURE_CONTROLLED_COUNT,215,215,NORMAL_DISCLOSURE_CONTROLLED_COUNT,143,143,NORMAL_DISCLOSURE_CONTROLLED_COUNT,34,34,NORMAL_DISCLOSURE_CONTROLLED_COUNT,26,26,NORMAL_DISCLOSURE_CONTROLLED_COUNT,3189,637,POSITIVE,False,"NOT_EXACT: mixes >6 members, non-private residents, and independently disclosure-controlled marginals",0
PLR,11200513,Große-Leege-Straße ,True,True,9.648,9648,NORMAL_DISCLOSURE_CONTROLLED_COUNT,5.669,5669,NORMAL_DISCLOSURE_CONTROLLED_COUNT,3.492,3492,NORMAL_DISCLOSURE_CONTROLLED_COUNT,1.319,1319,NORMAL_DISCLOSURE_CONTROLLED_COUNT,515,515,NORMAL_DISCLOSURE_CONTROLLED_COUNT,285,285,NORMAL_DISCLOSURE_CONTROLLED_COUNT,44,44,NORMAL_DISCLOSURE_CONTROLLED_COUNT,13,13,NORMAL_DISCLOSURE_CONTROLLED_COUNT,9113,535,POSITIVE,False,"NOT_EXACT: mixes >6 members, non-private residents, and independently disclosure-controlled marginals",0
PLR,11200514,Landsberger Allee ,True,True,15.223,15223,NORMAL_DISCLOSURE_CONTROLLED_COUNT,8.392,8392,NORMAL_DISCLOSURE_CONTROLLED_COUNT,4.396,4396,NORMAL_DISCLOSURE_CONTROLLED_COUNT,2.310,2310,NORMAL_DISCLOSURE_CONTROLLED_COUNT,938,938,NORMAL_DISCLOSURE_CONTROLLED_COUNT,531,531,NORMAL_DISCLOSURE_CONTROLLED_COUNT,143,143,NORMAL_DISCLOSURE_CONTROLLED_COUNT,65,65,NORMAL_DISCLOSURE_CONTROLLED_COUNT,15059,164,POSITIVE,False,"NOT_EXACT: mixes >6 members, non-private residents, and independently disclosure-controlled marginals",0
PLR,11200515,Weiße Taube ,True,True,3.746,3746,NORMAL_DISCLOSURE_CONTROLLED_COUNT,1.809,1809,NORMAL_DISCLOSURE_CONTROLLED_COUNT,755,755,NORMAL_DISCLOSURE_CONTROLLED_COUNT,511,511,NORMAL_DISCLOSURE_CONTROLLED_COUNT,309,309,NORMAL_DISCLOSURE_CONTROLLED_COUNT,171,171,NORMAL_DISCLOSURE_CONTROLLED_COUNT,39,39,NORMAL_DISCLOSURE_CONTROLLED_COUNT,22,22,NORMAL_DISCLOSURE_CONTROLLED_COUNT,3715,31,POSITIVE,False,"NOT_EXACT: mixes >6 members, non-private residents, and independently disclosure-controlled marginals",0
PLR,11300616,Hohenschönhauser Straße,True,True,5.745,5745,NORMAL_DISCLOSURE_CONTROLLED_COUNT,3.482,3482,NORMAL_DISCLOSURE_CONTROLLED_COUNT,2.166,2166,NORMAL_DISCLOSURE_CONTROLLED_COUNT,847,847,NORMAL_DISCLOSURE_CONTROLLED_COUNT,239,239,NORMAL_DISCLOSURE_CONTROLLED_COUNT,136,136,NORMAL_DISCLOSURE_CONTROLLED_COUNT,54,54,NORMAL_DISCLOSURE_CONTROLLED_COUNT,40,40,NORMAL_DISCLOSURE_CONTROLLED_COUNT,5631,114,POSITIVE,False,"NOT_EXACT: mixes >6 members, non-private residents, and independently disclosure-controlled marginals",0
PLR,11300617,Fennpfuhlpark ,True,True,4.153,4153,NORMAL_DISCLOSURE_CONTROLLED_COUNT,2.580,2580,NORMAL_DISCLOSURE_CONTROLLED_COUNT,1.596,1596,NORMAL_DISCLOSURE_CONTROLLED_COUNT,689,689,NORMAL_DISCLOSURE_CONTROLLED_COUNT,155,155,NORMAL_DISCLOSURE_CONTROLLED_COUNT,96,96,NORMAL_DISCLOSURE_CONTROLLED_COUNT,34,34,NORMAL_DISCLOSURE_CONTROLLED_COUNT,15,15,NORMAL_DISCLOSURE_CONTROLLED_COUNT,4083,70,POSITIVE,False,"NOT_EXACT: mixes >6 members, non-private residents, and independently disclosure-controlled marginals",0
PLR,11300618,Storkower Bogen ,True,True,3.648,3648,NORMAL_DISCLOSURE_CONTROLLED_COUNT,2.233,2233,NORMAL_DISCLOSURE_CONTROLLED_COUNT,1.389,1389,NORMAL_DISCLOSURE_CONTROLLED_COUNT,531,531,NORMAL_DISCLOSURE_CONTROLLED_COUNT,202,202,NORMAL_DISCLOSURE_CONTROLLED_COUNT,84,84,NORMAL_DISCLOSURE_CONTROLLED_COUNT,19,19,NORMAL_DISCLOSURE_CONTROLLED_COUNT,9,9,NORMAL_DISCLOSURE_CONTROLLED_COUNT,3542,106,POSITIVE,False,"NOT_EXACT: mixes >6 members, non-private residents, and independently disclosure-controlled marginals",0
PLR,11300619,Rudolf-Seiffert-Park ,True,True,8.224,8224,NORMAL_DISCLOSURE_CONTROLLED_COUNT,5.209,5209,NORMAL_DISCLOSURE_CONTROLLED_COUNT,3.243,3243,NORMAL_DISCLOSURE_CONTROLLED_COUNT,1.276,1276,NORMAL_DISCLOSURE_CONTROLLED_COUNT,403,403,NORMAL_DISCLOSURE_CONTROLLED_COUNT,195,195,NORMAL_DISCLOSURE_CONTROLLED_COUNT,60,60,NORMAL_DISCLOSURE_CONTROLLED_COUNT,27,27,NORMAL_DISCLOSURE_CONTROLLED_COUNT,8246,-22,NEGATIVE,False,"NOT_EXACT: mixes >6 members, non-private residents, and independently disclosure-controlled marginals",0
PLR,11300620,Fennpfuhl Ost ,True,True,10.623,10623,NORMAL_DISCLOSURE_CONTROLLED_COUNT,6.276,6276,NORMAL_DISCLOSURE_CONTROLLED_COUNT,3.878,3878,NORMAL_DISCLOSURE_CONTROLLED_COUNT,1.393,1393,NORMAL_DISCLOSURE_CONTROLLED_COUNT,502,502,NORMAL_DISCLOSURE_CONTROLLED_COUNT,334,334,NORMAL_DISCLOSURE_CONTROLLED_COUNT,114,114,NORMAL_DISCLOSURE_CONTROLLED_COUNT,58,58,NORMAL_DISCLOSURE_CONTROLLED_COUNT,10424,199,POSITIVE,False,"NOT_EXACT: mixes >6 members, non-private residents, and independently disclosure-controlled marginals",0
PLR,11300721,Herzbergstraße ,True,True,4.797,4797,NORMAL_DISCLOSURE_CONTROLLED_COUNT,2.353,2353,NORMAL_DISCLOSURE_CONTROLLED_COUNT,1.683,1683,NORMAL_DISCLOSURE_CONTROLLED_COUNT,361,361,NORMAL_DISCLOSURE_CONTROLLED_COUNT,130,130,NORMAL_DISCLOSURE_CONTROLLED_COUNT,98,98,NORMAL_DISCLOSURE_CONTROLLED_COUNT,32,32,NORMAL_DISCLOSURE_CONTROLLED_COUNT,56,56,NORMAL_DISCLOSURE_CONTROLLED_COUNT,3683,1114,POSITIVE,False,"NOT_EXACT: mixes >6 members, non-private residents, and independently disclosure-controlled marginals",0
PLR,11300722,Rathaus Lichtenberg ,True,True,9.897,9897,NORMAL_DISCLOSURE_CONTROLLED_COUNT,5.582,5582,NORMAL_DISCLOSURE_CONTROLLED_COUNT,3.303,3303,NORMAL_DISCLOSURE_CONTROLLED_COUNT,1.303,1303,NORMAL_DISCLOSURE_CONTROLLED_COUNT,546,546,NORMAL_DISCLOSURE_CONTROLLED_COUNT,317,317,NORMAL_DISCLOSURE_CONTROLLED_COUNT,79,79,NORMAL_DISCLOSURE_CONTROLLED_COUNT,40,40,NORMAL_DISCLOSURE_CONTROLLED_COUNT,9450,447,POSITIVE,False,"NOT_EXACT: mixes >6 members, non-private residents, and independently disclosure-controlled marginals",0
PLR,11300723,Bornitzstraße ,True,True,1.945,1945,NORMAL_DISCLOSURE_CONTROLLED_COUNT,452,452,NORMAL_DISCLOSURE_CONTROLLED_COUNT,150,150,NORMAL_DISCLOSURE_CONTROLLED_COUNT,83,83,NORMAL_DISCLOSURE_CONTROLLED_COUNT,90,90,NORMAL_DISCLOSURE_CONTROLLED_COUNT,96,96,NORMAL_DISCLOSURE_CONTROLLED_COUNT,21,21,NORMAL_DISCLOSURE_CONTROLLED_COUNT,16,16,NORMAL_DISCLOSURE_CONTROLLED_COUNT,1171,774,POSITIVE,False,"NOT_EXACT: mixes >6 members, non-private residents, and independently disclosure-controlled marginals",0
PLR,11300724,Roedeliusplatz ,True,True,3.977,3977,NORMAL_DISCLOSURE_CONTROLLED_COUNT,2.382,2382,NORMAL_DISCLOSURE_CONTROLLED_COUNT,1.441,1441,NORMAL_DISCLOSURE_CONTROLLED_COUNT,564,564,NORMAL_DISCLOSURE_CONTROLLED_COUNT,228,228,NORMAL_DISCLOSURE_CONTROLLED_COUNT,102,102,NORMAL_DISCLOSURE_CONTROLLED_COUNT,22,22,NORMAL_DISCLOSURE_CONTROLLED_COUNT,15,15,NORMAL_DISCLOSURE_CONTROLLED_COUNT,3861,116,POSITIVE,False,"NOT_EXACT: mixes >6 members, non-private residents, and independently disclosure-controlled marginals",0
PLR,11300725,Nibelungenviertel ,True,True,9.656,9656,NORMAL_DISCLOSURE_CONTROLLED_COUNT,5.606,5606,NORMAL_DISCLOSURE_CONTROLLED_COUNT,3.343,3343,NORMAL_DISCLOSURE_CONTROLLED_COUNT,1.285,1285,NORMAL_DISCLOSURE_CONTROLLED_COUNT,545,545,NORMAL_DISCLOSURE_CONTROLLED_COUNT,315,315,NORMAL_DISCLOSURE_CONTROLLED_COUNT,70,70,NORMAL_DISCLOSURE_CONTROLLED_COUNT,45,45,NORMAL_DISCLOSURE_CONTROLLED_COUNT,9428,228,POSITIVE,False,"NOT_EXACT: mixes >6 members, non-private residents, and independently disclosure-controlled marginals",0
PLR,11300826,Frankfurter Allee Süd ,True,True,9.347,9347,NORMAL_DISCLOSURE_CONTROLLED_COUNT,5.467,5467,NORMAL_DISCLOSURE_CONTROLLED_COUNT,3.139,3139,NORMAL_DISCLOSURE_CONTROLLED_COUNT,1.367,1367,NORMAL_DISCLOSURE_CONTROLLED_COUNT,524,524,NORMAL_DISCLOSURE_CONTROLLED_COUNT,296,296,NORMAL_DISCLOSURE_CONTROLLED_COUNT,101,101,NORMAL_DISCLOSURE_CONTROLLED_COUNT,40,40,NORMAL_DISCLOSURE_CONTROLLED_COUNT,9374,-27,NEGATIVE,False,"NOT_EXACT: mixes >6 members, non-private residents, and independently disclosure-controlled marginals",0
PLR,11400927,Victoriastadt ,True,True,3.969,3969,NORMAL_DISCLOSURE_CONTROLLED_COUNT,2.088,2088,NORMAL_DISCLOSURE_CONTROLLED_COUNT,1.207,1207,NORMAL_DISCLOSURE_CONTROLLED_COUNT,375,375,NORMAL_DISCLOSURE_CONTROLLED_COUNT,249,249,NORMAL_DISCLOSURE_CONTROLLED_COUNT,180,180,NORMAL_DISCLOSURE_CONTROLLED_COUNT,36,36,NORMAL_DISCLOSURE_CONTROLLED_COUNT,37,37,NORMAL_DISCLOSURE_CONTROLLED_COUNT,3826,143,POSITIVE,False,"NOT_EXACT: mixes >6 members, non-private residents, and independently disclosure-controlled marginals",0
PLR,11400928,Nöldnerplatz ,True,True,2.265,2265,NORMAL_DISCLOSURE_CONTROLLED_COUNT,1.265,1265,NORMAL_DISCLOSURE_CONTROLLED_COUNT,722,722,NORMAL_DISCLOSURE_CONTROLLED_COUNT,265,265,NORMAL_DISCLOSURE_CONTROLLED_COUNT,145,145,NORMAL_DISCLOSURE_CONTROLLED_COUNT,101,101,NORMAL_DISCLOSURE_CONTROLLED_COUNT,27,27,NORMAL_DISCLOSURE_CONTROLLED_COUNT,11,11,NORMAL_DISCLOSURE_CONTROLLED_COUNT,2292,-27,NEGATIVE,False,"NOT_EXACT: mixes >6 members, non-private residents, and independently disclosure-controlled marginals",0
PLR,11400929,Weitlingkiez ,True,True,16.234,16234,NORMAL_DISCLOSURE_CONTROLLED_COUNT,9.946,9946,NORMAL_DISCLOSURE_CONTROLLED_COUNT,6.280,6280,NORMAL_DISCLOSURE_CONTROLLED_COUNT,2.038,2038,NORMAL_DISCLOSURE_CONTROLLED_COUNT,965,965,NORMAL_DISCLOSURE_CONTROLLED_COUNT,473,473,NORMAL_DISCLOSURE_CONTROLLED_COUNT,127,127,NORMAL_DISCLOSURE_CONTROLLED_COUNT,68,68,NORMAL_DISCLOSURE_CONTROLLED_COUNT,16186,48,POSITIVE,False,"NOT_EXACT: mixes >6 members, non-private residents, and independently disclosure-controlled marginals",0
PLR,11400930,Zachertstraße ,True,True,4.860,4860,NORMAL_DISCLOSURE_CONTROLLED_COUNT,2.997,2997,NORMAL_DISCLOSURE_CONTROLLED_COUNT,1.756,1756,NORMAL_DISCLOSURE_CONTROLLED_COUNT,780,780,NORMAL_DISCLOSURE_CONTROLLED_COUNT,327,327,NORMAL_DISCLOSURE_CONTROLLED_COUNT,108,108,NORMAL_DISCLOSURE_CONTROLLED_COUNT,24,24,NORMAL_DISCLOSURE_CONTROLLED_COUNT,7,7,NORMAL_DISCLOSURE_CONTROLLED_COUNT,4891,-31,NEGATIVE,False,"NOT_EXACT: mixes >6 members, non-private residents, and independently disclosure-controlled marginals",0
PLR,11400931,Massower Straße ,True,True,6.727,6727,NORMAL_DISCLOSURE_CONTROLLED_COUNT,3.916,3916,NORMAL_DISCLOSURE_CONTROLLED_COUNT,2.242,2242,NORMAL_DISCLOSURE_CONTROLLED_COUNT,1.004,1004,NORMAL_DISCLOSURE_CONTROLLED_COUNT,378,378,NORMAL_DISCLOSURE_CONTROLLED_COUNT,216,216,NORMAL_DISCLOSURE_CONTROLLED_COUNT,58,58,NORMAL_DISCLOSURE_CONTROLLED_COUNT,19,19,NORMAL_DISCLOSURE_CONTROLLED_COUNT,6652,75,POSITIVE,False,"NOT_EXACT: mixes >6 members, non-private residents, and independently disclosure-controlled marginals",0
PLR,11401032,Rosenfelder Ring ,True,True,5.820,5820,NORMAL_DISCLOSURE_CONTROLLED_COUNT,3.687,3687,NORMAL_DISCLOSURE_CONTROLLED_COUNT,2.333,2333,NORMAL_DISCLOSURE_CONTROLLED_COUNT,894,894,NORMAL_DISCLOSURE_CONTROLLED_COUNT,259,259,NORMAL_DISCLOSURE_CONTROLLED_COUNT,127,127,NORMAL_DISCLOSURE_CONTROLLED_COUNT,39,39,NORMAL_DISCLOSURE_CONTROLLED_COUNT,31,31,NORMAL_DISCLOSURE_CONTROLLED_COUNT,5787,33,POSITIVE,False,"NOT_EXACT: mixes >6 members, non-private residents, and independently disclosure-controlled marginals",0
PLR,11401033,Gensinger Straße ,True,True,6.556,6556,NORMAL_DISCLOSURE_CONTROLLED_COUNT,3.353,3353,NORMAL_DISCLOSURE_CONTROLLED_COUNT,1.738,1738,NORMAL_DISCLOSURE_CONTROLLED_COUNT,859,859,NORMAL_DISCLOSURE_CONTROLLED_COUNT,328,328,NORMAL_DISCLOSURE_CONTROLLED_COUNT,282,282,NORMAL_DISCLOSURE_CONTROLLED_COUNT,102,102,NORMAL_DISCLOSURE_CONTROLLED_COUNT,44,44,NORMAL_DISCLOSURE_CONTROLLED_COUNT,6342,214,POSITIVE,False,"NOT_EXACT: mixes >6 members, non-private residents, and independently disclosure-controlled marginals",0
PLR,11401034,Tierpark ,True,True,3.243,3243,NORMAL_DISCLOSURE_CONTROLLED_COUNT,1.788,1788,NORMAL_DISCLOSURE_CONTROLLED_COUNT,1.032,1032,NORMAL_DISCLOSURE_CONTROLLED_COUNT,420,420,NORMAL_DISCLOSURE_CONTROLLED_COUNT,177,177,NORMAL_DISCLOSURE_CONTROLLED_COUNT,98,98,NORMAL_DISCLOSURE_CONTROLLED_COUNT,36,36,NORMAL_DISCLOSURE_CONTROLLED_COUNT,20,20,NORMAL_DISCLOSURE_CONTROLLED_COUNT,3095,148,POSITIVE,False,"NOT_EXACT: mixes >6 members, non-private residents, and independently disclosure-controlled marginals",0
PLR,11401135,Dolgenseestraße ,True,True,10.493,10493,NORMAL_DISCLOSURE_CONTROLLED_COUNT,5.936,5936,NORMAL_DISCLOSURE_CONTROLLED_COUNT,3.164,3164,NORMAL_DISCLOSURE_CONTROLLED_COUNT,1.714,1714,NORMAL_DISCLOSURE_CONTROLLED_COUNT,541,541,NORMAL_DISCLOSURE_CONTROLLED_COUNT,351,351,NORMAL_DISCLOSURE_CONTROLLED_COUNT,113,113,NORMAL_DISCLOSURE_CONTROLLED_COUNT,54,54,NORMAL_DISCLOSURE_CONTROLLED_COUNT,10508,-15,NEGATIVE,False,"NOT_EXACT: mixes >6 members, non-private residents, and independently disclosure-controlled marginals",0
PLR,11401136,Volkradstraße ,True,True,7.863,7863,NORMAL_DISCLOSURE_CONTROLLED_COUNT,4.991,4991,NORMAL_DISCLOSURE_CONTROLLED_COUNT,3.055,3055,NORMAL_DISCLOSURE_CONTROLLED_COUNT,1.315,1315,NORMAL_DISCLOSURE_CONTROLLED_COUNT,428,428,NORMAL_DISCLOSURE_CONTROLLED_COUNT,166,166,NORMAL_DISCLOSURE_CONTROLLED_COUNT,20,20,NORMAL_DISCLOSURE_CONTROLLED_COUNT,9,9,NORMAL_DISCLOSURE_CONTROLLED_COUNT,7787,76,POSITIVE,False,"NOT_EXACT: mixes >6 members, non-private residents, and independently disclosure-controlled marginals",0
PLR,11401137,Erieseering ,True,True,8.299,8299,NORMAL_DISCLOSURE_CONTROLLED_COUNT,4.621,4621,NORMAL_DISCLOSURE_CONTROLLED_COUNT,2.570,2570,NORMAL_DISCLOSURE_CONTROLLED_COUNT,1.186,1186,NORMAL_DISCLOSURE_CONTROLLED_COUNT,435,435,NORMAL_DISCLOSURE_CONTROLLED_COUNT,296,296,NORMAL_DISCLOSURE_CONTROLLED_COUNT,96,96,NORMAL_DISCLOSURE_CONTROLLED_COUNT,38,38,NORMAL_DISCLOSURE_CONTROLLED_COUNT,8139,160,POSITIVE,False,"NOT_EXACT: mixes >6 members, non-private residents, and independently disclosure-controlled marginals",0
PLR,11501238,Rummelsburg ,True,True,4.336,4336,NORMAL_DISCLOSURE_CONTROLLED_COUNT,1.924,1924,NORMAL_DISCLOSURE_CONTROLLED_COUNT,774,774,NORMAL_DISCLOSURE_CONTROLLED_COUNT,487,487,NORMAL_DISCLOSURE_CONTROLLED_COUNT,292,292,NORMAL_DISCLOSURE_CONTROLLED_COUNT,259,259,NORMAL_DISCLOSURE_CONTROLLED_COUNT,74,74,NORMAL_DISCLOSURE_CONTROLLED_COUNT,37,37,NORMAL_DISCLOSURE_CONTROLLED_COUNT,4252,84,POSITIVE,False,"NOT_EXACT: mixes >6 members, non-private residents, and independently disclosure-controlled marginals",0
PLR,11501339,Karlshorst West ,True,True,9.922,9922,NORMAL_DISCLOSURE_CONTROLLED_COUNT,5.554,5554,NORMAL_DISCLOSURE_CONTROLLED_COUNT,3.069,3069,NORMAL_DISCLOSURE_CONTROLLED_COUNT,1.286,1286,NORMAL_DISCLOSURE_CONTROLLED_COUNT,659,659,NORMAL_DISCLOSURE_CONTROLLED_COUNT,432,432,NORMAL_DISCLOSURE_CONTROLLED_COUNT,86,86,NORMAL_DISCLOSURE_CONTROLLED_COUNT,24,24,NORMAL_DISCLOSURE_CONTROLLED_COUNT,9920,2,POSITIVE,False,"NOT_EXACT: mixes >6 members, non-private residents, and independently disclosure-controlled marginals",0
PLR,11501340,Karlshorst Nord ,True,True,10.278,10278,NORMAL_DISCLOSURE_CONTROLLED_COUNT,5.043,5043,NORMAL_DISCLOSURE_CONTROLLED_COUNT,2.256,2256,NORMAL_DISCLOSURE_CONTROLLED_COUNT,1.435,1435,NORMAL_DISCLOSURE_CONTROLLED_COUNT,669,669,NORMAL_DISCLOSURE_CONTROLLED_COUNT,513,513,NORMAL_DISCLOSURE_CONTROLLED_COUNT,124,124,NORMAL_DISCLOSURE_CONTROLLED_COUNT,45,45,NORMAL_DISCLOSURE_CONTROLLED_COUNT,10075,203,POSITIVE,False,"NOT_EXACT: mixes >6 members, non-private residents, and independently disclosure-controlled marginals",0
PLR,11501341,Karlshorst Süd ,True,True,7.353,7353,NORMAL_DISCLOSURE_CONTROLLED_COUNT,3.489,3489,NORMAL_DISCLOSURE_CONTROLLED_COUNT,1.549,1549,NORMAL_DISCLOSURE_CONTROLLED_COUNT,857,857,NORMAL_DISCLOSURE_CONTROLLED_COUNT,479,479,NORMAL_DISCLOSURE_CONTROLLED_COUNT,433,433,NORMAL_DISCLOSURE_CONTROLLED_COUNT,131,131,NORMAL_DISCLOSURE_CONTROLLED_COUNT,46,46,NORMAL_DISCLOSURE_CONTROLLED_COUNT,7363,-10,NEGATIVE,False,"NOT_EXACT: mixes >6 members, non-private residents, and independently disclosure-controlled marginals",0
PLR,12100101,Letteplatz,True,True,9.999,9999,NORMAL_DISCLOSURE_CONTROLLED_COUNT,5.425,5425,NORMAL_DISCLOSURE_CONTROLLED_COUNT,3.214,3214,NORMAL_DISCLOSURE_CONTROLLED_COUNT,1.075,1075,NORMAL_DISCLOSURE_CONTROLLED_COUNT,531,531,NORMAL_DISCLOSURE_CONTROLLED_COUNT,335,335,NORMAL_DISCLOSURE_CONTROLLED_COUNT,163,163,NORMAL_DISCLOSURE_CONTROLLED_COUNT,112,112,NORMAL_DISCLOSURE_CONTROLLED_COUNT,9784,215,POSITIVE,False,"NOT_EXACT: mixes >6 members, non-private residents, and independently disclosure-controlled marginals",0
PLR,12100102,Hausotterplatz,True,True,8.818,8818,NORMAL_DISCLOSURE_CONTROLLED_COUNT,4.806,4806,NORMAL_DISCLOSURE_CONTROLLED_COUNT,2.866,2866,NORMAL_DISCLOSURE_CONTROLLED_COUNT,953,953,NORMAL_DISCLOSURE_CONTROLLED_COUNT,470,470,NORMAL_DISCLOSURE_CONTROLLED_COUNT,293,293,NORMAL_DISCLOSURE_CONTROLLED_COUNT,142,142,NORMAL_DISCLOSURE_CONTROLLED_COUNT,75,75,NORMAL_DISCLOSURE_CONTROLLED_COUNT,8514,304,POSITIVE,False,"NOT_EXACT: mixes >6 members, non-private residents, and independently disclosure-controlled marginals",0
PLR,12100103,Breitkopfbecken,True,True,7.034,7034,NORMAL_DISCLOSURE_CONTROLLED_COUNT,4.278,4278,NORMAL_DISCLOSURE_CONTROLLED_COUNT,2.747,2747,NORMAL_DISCLOSURE_CONTROLLED_COUNT,866,866,NORMAL_DISCLOSURE_CONTROLLED_COUNT,356,356,NORMAL_DISCLOSURE_CONTROLLED_COUNT,175,175,NORMAL_DISCLOSURE_CONTROLLED_COUNT,95,95,NORMAL_DISCLOSURE_CONTROLLED_COUNT,38,38,NORMAL_DISCLOSURE_CONTROLLED_COUNT,6950,84,POSITIVE,False,"NOT_EXACT: mixes >6 members, non-private residents, and independently disclosure-controlled marginals",0
PLR,12100204,Schäfersee,True,True,8.468,8468,NORMAL_DISCLOSURE_CONTROLLED_COUNT,4.787,4787,NORMAL_DISCLOSURE_CONTROLLED_COUNT,3.026,3026,NORMAL_DISCLOSURE_CONTROLLED_COUNT,926,926,NORMAL_DISCLOSURE_CONTROLLED_COUNT,394,394,NORMAL_DISCLOSURE_CONTROLLED_COUNT,266,266,NORMAL_DISCLOSURE_CONTROLLED_COUNT,109,109,NORMAL_DISCLOSURE_CONTROLLED_COUNT,69,69,NORMAL_DISCLOSURE_CONTROLLED_COUNT,8083,385,POSITIVE,False,"NOT_EXACT: mixes >6 members, non-private residents, and independently disclosure-controlled marginals",0
PLR,12100205,Teichstraße,True,True,12.921,12921,NORMAL_DISCLOSURE_CONTROLLED_COUNT,6.772,6772,NORMAL_DISCLOSURE_CONTROLLED_COUNT,3.767,3767,NORMAL_DISCLOSURE_CONTROLLED_COUNT,1.570,1570,NORMAL_DISCLOSURE_CONTROLLED_COUNT,720,720,NORMAL_DISCLOSURE_CONTROLLED_COUNT,428,428,NORMAL_DISCLOSURE_CONTROLLED_COUNT,185,185,NORMAL_DISCLOSURE_CONTROLLED_COUNT,106,106,NORMAL_DISCLOSURE_CONTROLLED_COUNT,12340,581,POSITIVE,False,"NOT_EXACT: mixes >6 members, non-private residents, and independently disclosure-controlled marginals",0
PLR,12100206,Humboldtstraße,True,True,4.373,4373,NORMAL_DISCLOSURE_CONTROLLED_COUNT,2.625,2625,NORMAL_DISCLOSURE_CONTROLLED_COUNT,1.652,1652,NORMAL_DISCLOSURE_CONTROLLED_COUNT,545,545,NORMAL_DISCLOSURE_CONTROLLED_COUNT,248,248,NORMAL_DISCLOSURE_CONTROLLED_COUNT,116,116,NORMAL_DISCLOSURE_CONTROLLED_COUNT,41,41,NORMAL_DISCLOSURE_CONTROLLED_COUNT,22,22,NORMAL_DISCLOSURE_CONTROLLED_COUNT,4287,86,POSITIVE,False,"NOT_EXACT: mixes >6 members, non-private residents, and independently disclosure-controlled marginals",0
PLR,12200307,Reinickes Hof,True,True,2.509,2509,NORMAL_DISCLOSURE_CONTROLLED_COUNT,1.505,1505,NORMAL_DISCLOSURE_CONTROLLED_COUNT,933,933,NORMAL_DISCLOSURE_CONTROLLED_COUNT,336,336,NORMAL_DISCLOSURE_CONTROLLED_COUNT,123,123,NORMAL_DISCLOSURE_CONTROLLED_COUNT,68,68,NORMAL_DISCLOSURE_CONTROLLED_COUNT,30,30,NORMAL_DISCLOSURE_CONTROLLED_COUNT,20,20,NORMAL_DISCLOSURE_CONTROLLED_COUNT,2516,-7,NEGATIVE,False,"NOT_EXACT: mixes >6 members, non-private residents, and independently disclosure-controlled marginals",0
PLR,12200308,Meller Bogen,True,True,5.176,5176,NORMAL_DISCLOSURE_CONTROLLED_COUNT,2.983,2983,NORMAL_DISCLOSURE_CONTROLLED_COUNT,1.798,1798,NORMAL_DISCLOSURE_CONTROLLED_COUNT,696,696,NORMAL_DISCLOSURE_CONTROLLED_COUNT,227,227,NORMAL_DISCLOSURE_CONTROLLED_COUNT,164,164,NORMAL_DISCLOSURE_CONTROLLED_COUNT,54,54,NORMAL_DISCLOSURE_CONTROLLED_COUNT,44,44,NORMAL_DISCLOSURE_CONTROLLED_COUNT,5061,115,POSITIVE,False,"NOT_EXACT: mixes >6 members, non-private residents, and independently disclosure-controlled marginals",0
PLR,12200309,Scharnweberstraße,True,True,9.722,9722,NORMAL_DISCLOSURE_CONTROLLED_COUNT,5.720,5720,NORMAL_DISCLOSURE_CONTROLLED_COUNT,3.708,3708,NORMAL_DISCLOSURE_CONTROLLED_COUNT,1.008,1008,NORMAL_DISCLOSURE_CONTROLLED_COUNT,461,461,NORMAL_DISCLOSURE_CONTROLLED_COUNT,313,313,NORMAL_DISCLOSURE_CONTROLLED_COUNT,116,116,NORMAL_DISCLOSURE_CONTROLLED_COUNT,102,102,NORMAL_DISCLOSURE_CONTROLLED_COUNT,9551,171,POSITIVE,False,"NOT_EXACT: mixes >6 members, non-private residents, and independently disclosure-controlled marginals",0
PLR,12200310,Klixstraße,True,True,7.158,7158,NORMAL_DISCLOSURE_CONTROLLED_COUNT,3.802,3802,NORMAL_DISCLOSURE_CONTROLLED_COUNT,2.142,2142,NORMAL_DISCLOSURE_CONTROLLED_COUNT,814,814,NORMAL_DISCLOSURE_CONTROLLED_COUNT,402,402,NORMAL_DISCLOSURE_CONTROLLED_COUNT,258,258,NORMAL_DISCLOSURE_CONTROLLED_COUNT,112,112,NORMAL_DISCLOSURE_CONTROLLED_COUNT,82,82,NORMAL_DISCLOSURE_CONTROLLED_COUNT,7060,98,POSITIVE,False,"NOT_EXACT: mixes >6 members, non-private residents, and independently disclosure-controlled marginals",0
PLR,12200411,Schumacher-Quartier,True,True,318,318,NORMAL_DISCLOSURE_CONTROLLED_COUNT,149,149,NORMAL_DISCLOSURE_CONTROLLED_COUNT,65,65,NORMAL_DISCLOSURE_CONTROLLED_COUNT,36,36,NORMAL_DISCLOSURE_CONTROLLED_COUNT,26,26,NORMAL_DISCLOSURE_CONTROLLED_COUNT,9,9,NORMAL_DISCLOSURE_CONTROLLED_COUNT,5,5,NORMAL_DISCLOSURE_CONTROLLED_COUNT,3,3,NORMAL_DISCLOSURE_CONTROLLED_COUNT,294,24,POSITIVE,False,"NOT_EXACT: mixes >6 members, non-private residents, and independently disclosure-controlled marginals",0
PLR,12200412,Waldidyll/Flughafensee,True,True,6.064,6064,NORMAL_DISCLOSURE_CONTROLLED_COUNT,2.634,2634,NORMAL_DISCLOSURE_CONTROLLED_COUNT,1.176,1176,NORMAL_DISCLOSURE_CONTROLLED_COUNT,735,735,NORMAL_DISCLOSURE_CONTROLLED_COUNT,334,334,NORMAL_DISCLOSURE_CONTROLLED_COUNT,243,243,NORMAL_DISCLOSURE_CONTROLLED_COUNT,74,74,NORMAL_DISCLOSURE_CONTROLLED_COUNT,70,70,NORMAL_DISCLOSURE_CONTROLLED_COUNT,5410,654,POSITIVE,False,"NOT_EXACT: mixes >6 members, non-private residents, and independently disclosure-controlled marginals",0
PLR,12200413,Tegel Süd,True,True,7.830,7830,NORMAL_DISCLOSURE_CONTROLLED_COUNT,4.282,4282,NORMAL_DISCLOSURE_CONTROLLED_COUNT,2.394,2394,NORMAL_DISCLOSURE_CONTROLLED_COUNT,1.041,1041,NORMAL_DISCLOSURE_CONTROLLED_COUNT,427,427,NORMAL_DISCLOSURE_CONTROLLED_COUNT,277,277,NORMAL_DISCLOSURE_CONTROLLED_COUNT,82,82,NORMAL_DISCLOSURE_CONTROLLED_COUNT,58,58,NORMAL_DISCLOSURE_CONTROLLED_COUNT,7623,207,POSITIVE,False,"NOT_EXACT: mixes >6 members, non-private residents, and independently disclosure-controlled marginals",0
PLR,12200414,TXL,True,True,1.322,1322,NORMAL_DISCLOSURE_CONTROLLED_COUNT,533,533,NORMAL_DISCLOSURE_CONTROLLED_COUNT,244,244,NORMAL_DISCLOSURE_CONTROLLED_COUNT,133,133,NORMAL_DISCLOSURE_CONTROLLED_COUNT,68,68,NORMAL_DISCLOSURE_CONTROLLED_COUNT,53,53,NORMAL_DISCLOSURE_CONTROLLED_COUNT,21,21,NORMAL_DISCLOSURE_CONTROLLED_COUNT,15,15,NORMAL_DISCLOSURE_CONTROLLED_COUNT,1121,201,POSITIVE,False,"NOT_EXACT: mixes >6 members, non-private residents, and independently disclosure-controlled marginals",0
PLR,12200515,Alt-Tegel,True,True,10.482,10482,NORMAL_DISCLOSURE_CONTROLLED_COUNT,6.114,6114,NORMAL_DISCLOSURE_CONTROLLED_COUNT,3.785,3785,NORMAL_DISCLOSURE_CONTROLLED_COUNT,1.428,1428,NORMAL_DISCLOSURE_CONTROLLED_COUNT,483,483,NORMAL_DISCLOSURE_CONTROLLED_COUNT,279,279,NORMAL_DISCLOSURE_CONTROLLED_COUNT,74,74,NORMAL_DISCLOSURE_CONTROLLED_COUNT,62,62,NORMAL_DISCLOSURE_CONTROLLED_COUNT,9948,534,POSITIVE,False,"NOT_EXACT: mixes >6 members, non-private residents, and independently disclosure-controlled marginals",0
PLR,12400616,Konradshöhe/ Tegelort,True,True,5.768,5768,NORMAL_DISCLOSURE_CONTROLLED_COUNT,2.712,2712,NORMAL_DISCLOSURE_CONTROLLED_COUNT,1.029,1029,NORMAL_DISCLOSURE_CONTROLLED_COUNT,978,978,NORMAL_DISCLOSURE_CONTROLLED_COUNT,349,349,NORMAL_DISCLOSURE_CONTROLLED_COUNT,248,248,NORMAL_DISCLOSURE_CONTROLLED_COUNT,80,80,NORMAL_DISCLOSURE_CONTROLLED_COUNT,36,36,NORMAL_DISCLOSURE_CONTROLLED_COUNT,5640,128,POSITIVE,False,"NOT_EXACT: mixes >6 members, non-private residents, and independently disclosure-controlled marginals",0
PLR,12400617,Alt-Heiligensee,True,True,6.525,6525,NORMAL_DISCLOSURE_CONTROLLED_COUNT,2.858,2858,NORMAL_DISCLOSURE_CONTROLLED_COUNT,854,854,NORMAL_DISCLOSURE_CONTROLLED_COUNT,1.104,1104,NORMAL_DISCLOSURE_CONTROLLED_COUNT,416,416,NORMAL_DISCLOSURE_CONTROLLED_COUNT,332,332,NORMAL_DISCLOSURE_CONTROLLED_COUNT,93,93,NORMAL_DISCLOSURE_CONTROLLED_COUNT,57,57,NORMAL_DISCLOSURE_CONTROLLED_COUNT,6445,80,POSITIVE,False,"NOT_EXACT: mixes >6 members, non-private residents, and independently disclosure-controlled marginals",0
PLR,12400618,Heiligensee Nord,True,True,3.625,3625,NORMAL_DISCLOSURE_CONTROLLED_COUNT,1.658,1658,NORMAL_DISCLOSURE_CONTROLLED_COUNT,587,587,NORMAL_DISCLOSURE_CONTROLLED_COUNT,597,597,NORMAL_DISCLOSURE_CONTROLLED_COUNT,221,221,NORMAL_DISCLOSURE_CONTROLLED_COUNT,174,174,NORMAL_DISCLOSURE_CONTROLLED_COUNT,55,55,NORMAL_DISCLOSURE_CONTROLLED_COUNT,24,24,NORMAL_DISCLOSURE_CONTROLLED_COUNT,3559,66,POSITIVE,False,"NOT_EXACT: mixes >6 members, non-private residents, and independently disclosure-controlled marginals",0
PLR,12400619,Heiligensee,True,True,7.587,7587,NORMAL_DISCLOSURE_CONTROLLED_COUNT,3.439,3439,NORMAL_DISCLOSURE_CONTROLLED_COUNT,1.255,1255,NORMAL_DISCLOSURE_CONTROLLED_COUNT,1.192,1192,NORMAL_DISCLOSURE_CONTROLLED_COUNT,468,468,NORMAL_DISCLOSURE_CONTROLLED_COUNT,343,343,NORMAL_DISCLOSURE_CONTROLLED_COUNT,121,121,NORMAL_DISCLOSURE_CONTROLLED_COUNT,59,59,NORMAL_DISCLOSURE_CONTROLLED_COUNT,7374,213,POSITIVE,False,"NOT_EXACT: mixes >6 members, non-private residents, and independently disclosure-controlled marginals",0
PLR,12400720,Frohnau West,True,True,8.510,8510,NORMAL_DISCLOSURE_CONTROLLED_COUNT,3.906,3906,NORMAL_DISCLOSURE_CONTROLLED_COUNT,1.470,1470,NORMAL_DISCLOSURE_CONTROLLED_COUNT,1.326,1326,NORMAL_DISCLOSURE_CONTROLLED_COUNT,498,498,NORMAL_DISCLOSURE_CONTROLLED_COUNT,418,418,NORMAL_DISCLOSURE_CONTROLLED_COUNT,121,121,NORMAL_DISCLOSURE_CONTROLLED_COUNT,74,74,NORMAL_DISCLOSURE_CONTROLLED_COUNT,8337,173,POSITIVE,False,"NOT_EXACT: mixes >6 members, non-private residents, and independently disclosure-controlled marginals",0
PLR,12400721,Frohnau Ost,True,True,7.921,7921,NORMAL_DISCLOSURE_CONTROLLED_COUNT,3.574,3574,NORMAL_DISCLOSURE_CONTROLLED_COUNT,1.288,1288,NORMAL_DISCLOSURE_CONTROLLED_COUNT,1.193,1193,NORMAL_DISCLOSURE_CONTROLLED_COUNT,481,481,NORMAL_DISCLOSURE_CONTROLLED_COUNT,390,390,NORMAL_DISCLOSURE_CONTROLLED_COUNT,146,146,NORMAL_DISCLOSURE_CONTROLLED_COUNT,77,77,NORMAL_DISCLOSURE_CONTROLLED_COUNT,7869,52,POSITIVE,False,"NOT_EXACT: mixes >6 members, non-private residents, and independently disclosure-controlled marginals",0
PLR,12400722,Hermsdorf West,True,True,8.552,8552,NORMAL_DISCLOSURE_CONTROLLED_COUNT,4.254,4254,NORMAL_DISCLOSURE_CONTROLLED_COUNT,1.849,1849,NORMAL_DISCLOSURE_CONTROLLED_COUNT,1.318,1318,NORMAL_DISCLOSURE_CONTROLLED_COUNT,514,514,NORMAL_DISCLOSURE_CONTROLLED_COUNT,395,395,NORMAL_DISCLOSURE_CONTROLLED_COUNT,126,126,NORMAL_DISCLOSURE_CONTROLLED_COUNT,54,54,NORMAL_DISCLOSURE_CONTROLLED_COUNT,8561,-9,NEGATIVE,False,"NOT_EXACT: mixes >6 members, non-private residents, and independently disclosure-controlled marginals",0
PLR,12400723,Hermsdorf Ost/ Waldsee,True,True,7.873,7873,NORMAL_DISCLOSURE_CONTROLLED_COUNT,3.827,3827,NORMAL_DISCLOSURE_CONTROLLED_COUNT,1.518,1518,NORMAL_DISCLOSURE_CONTROLLED_COUNT,1.337,1337,NORMAL_DISCLOSURE_CONTROLLED_COUNT,480,480,NORMAL_DISCLOSURE_CONTROLLED_COUNT,330,330,NORMAL_DISCLOSURE_CONTROLLED_COUNT,105,105,NORMAL_DISCLOSURE_CONTROLLED_COUNT,59,59,NORMAL_DISCLOSURE_CONTROLLED_COUNT,7831,42,POSITIVE,False,"NOT_EXACT: mixes >6 members, non-private residents, and independently disclosure-controlled marginals",0
PLR,12500824,Ziekowstraße/Freie Scholle,True,True,9.542,9542,NORMAL_DISCLOSURE_CONTROLLED_COUNT,5.638,5638,NORMAL_DISCLOSURE_CONTROLLED_COUNT,3.159,3159,NORMAL_DISCLOSURE_CONTROLLED_COUNT,1.552,1552,NORMAL_DISCLOSURE_CONTROLLED_COUNT,517,517,NORMAL_DISCLOSURE_CONTROLLED_COUNT,301,301,NORMAL_DISCLOSURE_CONTROLLED_COUNT,80,80,NORMAL_DISCLOSURE_CONTROLLED_COUNT,28,28,NORMAL_DISCLOSURE_CONTROLLED_COUNT,9586,-44,NEGATIVE,False,"NOT_EXACT: mixes >6 members, non-private residents, and independently disclosure-controlled marginals",0
PLR,12500825,Borsigwalde,True,True,6.655,6655,NORMAL_DISCLOSURE_CONTROLLED_COUNT,4.085,4085,NORMAL_DISCLOSURE_CONTROLLED_COUNT,2.551,2551,NORMAL_DISCLOSURE_CONTROLLED_COUNT,942,942,NORMAL_DISCLOSURE_CONTROLLED_COUNT,323,323,NORMAL_DISCLOSURE_CONTROLLED_COUNT,173,173,NORMAL_DISCLOSURE_CONTROLLED_COUNT,50,50,NORMAL_DISCLOSURE_CONTROLLED_COUNT,47,47,NORMAL_DISCLOSURE_CONTROLLED_COUNT,6628,27,POSITIVE,False,"NOT_EXACT: mixes >6 members, non-private residents, and independently disclosure-controlled marginals",0
PLR,12500926,Wittenau Mitte,True,True,4.839,4839,NORMAL_DISCLOSURE_CONTROLLED_COUNT,2.790,2790,NORMAL_DISCLOSURE_CONTROLLED_COUNT,1.765,1765,NORMAL_DISCLOSURE_CONTROLLED_COUNT,638,638,NORMAL_DISCLOSURE_CONTROLLED_COUNT,200,200,NORMAL_DISCLOSURE_CONTROLLED_COUNT,115,115,NORMAL_DISCLOSURE_CONTROLLED_COUNT,49,49,NORMAL_DISCLOSURE_CONTROLLED_COUNT,27,27,NORMAL_DISCLOSURE_CONTROLLED_COUNT,4508,331,POSITIVE,False,"NOT_EXACT: mixes >6 members, non-private residents, and independently disclosure-controlled marginals",0
PLR,12500927,Wittenau Nord,True,True,6.173,6173,NORMAL_DISCLOSURE_CONTROLLED_COUNT,3.176,3176,NORMAL_DISCLOSURE_CONTROLLED_COUNT,1.463,1463,NORMAL_DISCLOSURE_CONTROLLED_COUNT,1.001,1001,NORMAL_DISCLOSURE_CONTROLLED_COUNT,353,353,NORMAL_DISCLOSURE_CONTROLLED_COUNT,242,242,NORMAL_DISCLOSURE_CONTROLLED_COUNT,83,83,NORMAL_DISCLOSURE_CONTROLLED_COUNT,38,38,NORMAL_DISCLOSURE_CONTROLLED_COUNT,6135,38,POSITIVE,False,"NOT_EXACT: mixes >6 members, non-private residents, and independently disclosure-controlled marginals",0
PLR,12500928,Waidmannslust,True,True,4.956,4956,NORMAL_DISCLOSURE_CONTROLLED_COUNT,2.512,2512,NORMAL_DISCLOSURE_CONTROLLED_COUNT,1.197,1197,NORMAL_DISCLOSURE_CONTROLLED_COUNT,732,732,NORMAL_DISCLOSURE_CONTROLLED_COUNT,268,268,NORMAL_DISCLOSURE_CONTROLLED_COUNT,217,217,NORMAL_DISCLOSURE_CONTROLLED_COUNT,72,72,NORMAL_DISCLOSURE_CONTROLLED_COUNT,32,32,NORMAL_DISCLOSURE_CONTROLLED_COUNT,4885,71,POSITIVE,False,"NOT_EXACT: mixes >6 members, non-private residents, and independently disclosure-controlled marginals",0
PLR,12500929,Lübars,True,True,4.885,4885,NORMAL_DISCLOSURE_CONTROLLED_COUNT,2.111,2111,NORMAL_DISCLOSURE_CONTROLLED_COUNT,653,653,NORMAL_DISCLOSURE_CONTROLLED_COUNT,746,746,NORMAL_DISCLOSURE_CONTROLLED_COUNT,342,342,NORMAL_DISCLOSURE_CONTROLLED_COUNT,242,242,NORMAL_DISCLOSURE_CONTROLLED_COUNT,89,89,NORMAL_DISCLOSURE_CONTROLLED_COUNT,37,37,NORMAL_DISCLOSURE_CONTROLLED_COUNT,4806,79,POSITIVE,False,"NOT_EXACT: mixes >6 members, non-private residents, and independently disclosure-controlled marginals",0
PLR,12500930,Wittenau Süd,True,True,9.356,9356,NORMAL_DISCLOSURE_CONTROLLED_COUNT,4.595,4595,NORMAL_DISCLOSURE_CONTROLLED_COUNT,2.551,2551,NORMAL_DISCLOSURE_CONTROLLED_COUNT,1.169,1169,NORMAL_DISCLOSURE_CONTROLLED_COUNT,446,446,NORMAL_DISCLOSURE_CONTROLLED_COUNT,281,281,NORMAL_DISCLOSURE_CONTROLLED_COUNT,85,85,NORMAL_DISCLOSURE_CONTROLLED_COUNT,59,59,NORMAL_DISCLOSURE_CONTROLLED_COUNT,8130,1226,POSITIVE,False,"NOT_EXACT: mixes >6 members, non-private residents, and independently disclosure-controlled marginals",0
PLR,12601031,Lübarser Straße,True,True,3.082,3082,NORMAL_DISCLOSURE_CONTROLLED_COUNT,1.465,1465,NORMAL_DISCLOSURE_CONTROLLED_COUNT,716,716,NORMAL_DISCLOSURE_CONTROLLED_COUNT,436,436,NORMAL_DISCLOSURE_CONTROLLED_COUNT,129,129,NORMAL_DISCLOSURE_CONTROLLED_COUNT,93,93,NORMAL_DISCLOSURE_CONTROLLED_COUNT,37,37,NORMAL_DISCLOSURE_CONTROLLED_COUNT,57,57,NORMAL_DISCLOSURE_CONTROLLED_COUNT,2874,208,POSITIVE,False,"NOT_EXACT: mixes >6 members, non-private residents, and independently disclosure-controlled marginals",0
PLR,12601032,Rollbergesiedlung,True,True,5.554,5554,NORMAL_DISCLOSURE_CONTROLLED_COUNT,2.541,2541,NORMAL_DISCLOSURE_CONTROLLED_COUNT,1.155,1155,NORMAL_DISCLOSURE_CONTROLLED_COUNT,595,595,NORMAL_DISCLOSURE_CONTROLLED_COUNT,316,316,NORMAL_DISCLOSURE_CONTROLLED_COUNT,261,261,NORMAL_DISCLOSURE_CONTROLLED_COUNT,126,126,NORMAL_DISCLOSURE_CONTROLLED_COUNT,85,85,NORMAL_DISCLOSURE_CONTROLLED_COUNT,5477,77,POSITIVE,False,"NOT_EXACT: mixes >6 members, non-private residents, and independently disclosure-controlled marginals",0
PLR,12601133,Treuenbrietzener Straße,True,True,11.015,11015,NORMAL_DISCLOSURE_CONTROLLED_COUNT,5.036,5036,NORMAL_DISCLOSURE_CONTROLLED_COUNT,2.226,2226,NORMAL_DISCLOSURE_CONTROLLED_COUNT,1.274,1274,NORMAL_DISCLOSURE_CONTROLLED_COUNT,583,583,NORMAL_DISCLOSURE_CONTROLLED_COUNT,568,568,NORMAL_DISCLOSURE_CONTROLLED_COUNT,242,242,NORMAL_DISCLOSURE_CONTROLLED_COUNT,149,149,NORMAL_DISCLOSURE_CONTROLLED_COUNT,10899,116,POSITIVE,False,"NOT_EXACT: mixes >6 members, non-private residents, and independently disclosure-controlled marginals",0
PLR,12601134,Märkisches Zentrum,True,True,15.245,15245,NORMAL_DISCLOSURE_CONTROLLED_COUNT,6.754,6754,NORMAL_DISCLOSURE_CONTROLLED_COUNT,2.897,2897,NORMAL_DISCLOSURE_CONTROLLED_COUNT,1.931,1931,NORMAL_DISCLOSURE_CONTROLLED_COUNT,792,792,NORMAL_DISCLOSURE_CONTROLLED_COUNT,604,604,NORMAL_DISCLOSURE_CONTROLLED_COUNT,328,328,NORMAL_DISCLOSURE_CONTROLLED_COUNT,207,207,NORMAL_DISCLOSURE_CONTROLLED_COUNT,14433,812,POSITIVE,False,"NOT_EXACT: mixes >6 members, non-private residents, and independently disclosure-controlled marginals",0
PLR,12601235,Dannenwalder Weg,True,True,10.142,10142,NORMAL_DISCLOSURE_CONTROLLED_COUNT,4.174,4174,NORMAL_DISCLOSURE_CONTROLLED_COUNT,1.633,1633,NORMAL_DISCLOSURE_CONTROLLED_COUNT,1.054,1054,NORMAL_DISCLOSURE_CONTROLLED_COUNT,530,530,NORMAL_DISCLOSURE_CONTROLLED_COUNT,471,471,NORMAL_DISCLOSURE_CONTROLLED_COUNT,272,272,NORMAL_DISCLOSURE_CONTROLLED_COUNT,211,211,NORMAL_DISCLOSURE_CONTROLLED_COUNT,9841,301,POSITIVE,False,"NOT_EXACT: mixes >6 members, non-private residents, and independently disclosure-controlled marginals",0
PLR,12601236,Schorfheidestraße,True,True,2.941,2941,NORMAL_DISCLOSURE_CONTROLLED_COUNT,1.155,1155,NORMAL_DISCLOSURE_CONTROLLED_COUNT,370,370,NORMAL_DISCLOSURE_CONTROLLED_COUNT,402,402,NORMAL_DISCLOSURE_CONTROLLED_COUNT,156,156,NORMAL_DISCLOSURE_CONTROLLED_COUNT,119,119,NORMAL_DISCLOSURE_CONTROLLED_COUNT,55,55,NORMAL_DISCLOSURE_CONTROLLED_COUNT,59,59,NORMAL_DISCLOSURE_CONTROLLED_COUNT,2747,194,POSITIVE,False,"NOT_EXACT: mixes >6 members, non-private residents, and independently disclosure-controlled marginals",0
