HP_ID,n_direct_trips,all_direct_transitions_resolved,first_origin_activity,has_source_unknown_purpose,has_unresolved_return,chain_coverage_status,full_functional_day_sequence_eligible
15.0,3,True,HOME,False,False,DIRECT_REPORTED_CHAIN_COMPLETE,True
17.0,3,False,UNKNOWN,False,True,DIRECT_REPORTED_CHAIN_COMPLETE,False
2632351.0,2,True,HOME,False,False,DIRECT_REPORTED_CHAIN_COMPLETE,True
2632352.0,3,False,UNKNOWN,False,False,DIRECT_REPORTED_CHAIN_COMPLETE,False
3384741.0,6,True,HOME,False,False,DIRECT_REPORTED_CHAIN_COMPLETE,True
5013731.0,2,True,HOME,False,False,DIRECT_REPORTED_CHAIN_COMPLETE,True
5507551.0,8,True,HOME,False,False,MIXED_DIRECT_RBW_ADDITIONAL_UNKNOWN,False
5507552.0,7,True,HOME,False,False,MIXED_DIRECT_RBW_UNTIMED,False
5507553.0,6,False,HOME,True,False,DIRECT_REPORTED_CHAIN_COMPLETE,False
5510281.0,7,True,HOME,False,False,DIRECT_REPORTED_CHAIN_COMPLETE,True
5514101.0,4,True,HOME,False,False,DIRECT_REPORTED_CHAIN_COMPLETE,True
5520141.0,5,True,HOME,False,False,DIRECT_REPORTED_CHAIN_COMPLETE,True
5520191.0,4,True,HOME,False,False,DIRECT_REPORTED_CHAIN_COMPLETE,True
5520192.0,6,True,HOME,False,False,DIRECT_REPORTED_CHAIN_COMPLETE,True
5522452.0,2,True,HOME,False,False,DIRECT_REPORTED_CHAIN_COMPLETE,True
5528741.0,4,True,HOME,False,False,DIRECT_REPORTED_CHAIN_COMPLETE,True
5528742.0,3,False,NON_HOME_UNKNOWN,False,False,DIRECT_REPORTED_CHAIN_COMPLETE,False
5530651.0,2,True,HOME,False,False,DIRECT_REPORTED_CHAIN_COMPLETE,True
5535421.0,6,False,NON_HOME_UNKNOWN,False,False,DIRECT_REPORTED_CHAIN_COMPLETE,False
5540101.0,2,True,HOME,False,False,DIRECT_REPORTED_CHAIN_COMPLETE,True
5540102.0,2,True,HOME,False,False,DIRECT_REPORTED_CHAIN_COMPLETE,True
5540103.0,3,True,HOME,False,False,DIRECT_REPORTED_CHAIN_COMPLETE,True
5540351.0,6,True,HOME,False,False,DIRECT_REPORTED_CHAIN_COMPLETE,True
5540352.0,7,True,HOME,False,False,DIRECT_REPORTED_CHAIN_COMPLETE,True
5542531.0,6,True,HOME,False,False,DIRECT_REPORTED_CHAIN_COMPLETE,True
5542532.0,7,True,HOME,False,False,DIRECT_REPORTED_CHAIN_COMPLETE,True
5542533.0,4,True,HOME,False,False,DIRECT_REPORTED_CHAIN_COMPLETE,True
5542534.0,2,True,HOME,False,False,DIRECT_REPORTED_CHAIN_COMPLETE,True
5543721.0,3,True,HOME,False,False,DIRECT_REPORTED_CHAIN_COMPLETE,True
5544581.0,1,True,HOME,False,False,DIRECT_REPORTED_CHAIN_COMPLETE,True
5544582.0,1,True,HOME,False,False,DIRECT_REPORTED_CHAIN_COMPLETE,True
5545491.0,4,True,HOME,False,False,MIXED_DIRECT_RBW_UNTIMED,False
5545492.0,4,True,HOME,False,False,DIRECT_REPORTED_CHAIN_COMPLETE,True
5545493.0,6,True,HOME,False,False,DIRECT_REPORTED_CHAIN_COMPLETE,True
5546991.0,2,True,HOME,False,False,DIRECT_REPORTED_CHAIN_COMPLETE,True
5550281.0,4,True,HOME,False,False,DIRECT_REPORTED_CHAIN_COMPLETE,True
5550282.0,4,True,HOME,False,False,DIRECT_REPORTED_CHAIN_COMPLETE,True
5551851.0,4,True,HOME,False,False,DIRECT_REPORTED_CHAIN_COMPLETE,True
5561591.0,4,True,HOME,False,False,DIRECT_REPORTED_CHAIN_COMPLETE,True
5561821.0,2,True,HOME,False,False,DIRECT_REPORTED_CHAIN_COMPLETE,True
5561822.0,2,True,HOME,False,False,DIRECT_REPORTED_CHAIN_COMPLETE,True
5567421.0,3,True,HOME,False,False,DIRECT_ROWS_RBW_COUNT_UNKNOWN,False
5567422.0,7,True,HOME,False,False,DIRECT_ROWS_RBW_COUNT_UNKNOWN,False
5567423.0,2,True,HOME,False,False,DIRECT_REPORTED_CHAIN_COMPLETE,True
5579671.0,2,False,UNKNOWN,False,False,DIRECT_REPORTED_CHAIN_COMPLETE,False
5579673.0,2,False,UNKNOWN,False,False,DIRECT_REPORTED_CHAIN_COMPLETE,False
5579674.0,2,False,UNKNOWN,False,False,DIRECT_REPORTED_CHAIN_COMPLETE,False
5583441.0,6,True,HOME,False,False,DIRECT_REPORTED_CHAIN_COMPLETE,True
5583442.0,10,True,HOME,False,False,DIRECT_REPORTED_CHAIN_COMPLETE,True
5589001.0,2,True,HOME,False,False,DIRECT_REPORTED_CHAIN_COMPLETE,True
5592701.0,8,False,NON_HOME_UNKNOWN,False,False,DIRECT_ROWS_PLUS_UNDETAILED_TRIPS,False
5600161.0,5,True,HOME,False,False,DIRECT_REPORTED_CHAIN_COMPLETE,True
5602222.0,2,True,HOME,False,False,DIRECT_REPORTED_CHAIN_COMPLETE,True
5602223.0,3,False,NON_HOME_UNKNOWN,False,False,DIRECT_REPORTED_CHAIN_COMPLETE,False
5608331.0,2,True,HOME,False,False,DIRECT_REPORTED_CHAIN_COMPLETE,True
5608332.0,2,True,HOME,False,False,DIRECT_REPORTED_CHAIN_COMPLETE,True
5611481.0,3,True,HOME,False,False,DIRECT_REPORTED_CHAIN_COMPLETE,True
5616651.0,4,True,HOME,False,False,DIRECT_REPORTED_CHAIN_COMPLETE,True
5619501.0,3,True,HOME,False,False,DIRECT_REPORTED_CHAIN_COMPLETE,True
5619502.0,5,True,HOME,False,False,DIRECT_REPORTED_CHAIN_COMPLETE,True
5626231.0,2,True,HOME,False,False,MIXED_DIRECT_RBW_UNTIMED,False
5626251.0,2,True,HOME,False,False,DIRECT_REPORTED_CHAIN_COMPLETE,True
5626252.0,3,True,HOME,False,False,DIRECT_REPORTED_CHAIN_COMPLETE,True
5626841.0,2,True,HOME,False,False,DIRECT_REPORTED_CHAIN_COMPLETE,True
5629691.0,2,True,HOME,False,False,DIRECT_REPORTED_CHAIN_COMPLETE,True
5629692.0,4,True,HOME,False,False,DIRECT_REPORTED_CHAIN_COMPLETE,True
5629694.0,3,True,HOME,False,False,DIRECT_REPORTED_CHAIN_COMPLETE,True
5640111.0,4,True,HOME,False,False,DIRECT_REPORTED_CHAIN_COMPLETE,True
5640112.0,4,True,HOME,False,False,DIRECT_REPORTED_CHAIN_COMPLETE,True
5641231.0,3,True,HOME,False,False,MIXED_DIRECT_RBW_UNTIMED,False
5641232.0,3,True,HOME,False,False,DIRECT_ROWS_RBW_COUNT_UNKNOWN,False
5641233.0,2,True,HOME,False,False,DIRECT_REPORTED_CHAIN_COMPLETE,True
5646861.0,3,True,HOME,False,False,DIRECT_REPORTED_CHAIN_COMPLETE,True
5646862.0,2,True,HOME,False,False,DIRECT_REPORTED_CHAIN_COMPLETE,True
5652441.0,5,True,HOME,False,False,DIRECT_REPORTED_CHAIN_COMPLETE,True
5652442.0,5,True,HOME,False,False,DIRECT_REPORTED_CHAIN_COMPLETE,True
5652443.0,3,True,HOME,False,False,DIRECT_REPORTED_CHAIN_COMPLETE,True
5652444.0,3,True,HOME,False,False,DIRECT_REPORTED_CHAIN_COMPLETE,True
5652691.0,3,True,HOME,False,False,DIRECT_REPORTED_CHAIN_COMPLETE,True
5652692.0,5,True,HOME,False,False,DIRECT_REPORTED_CHAIN_COMPLETE,True
5652693.0,2,True,HOME,False,False,DIRECT_REPORTED_CHAIN_COMPLETE,True
5659321.0,2,False,UNKNOWN,False,False,DIRECT_REPORTED_CHAIN_COMPLETE,False
5662121.0,2,True,HOME,False,False,DIRECT_REPORTED_CHAIN_COMPLETE,True
5662122.0,2,True,HOME,False,False,DIRECT_REPORTED_CHAIN_COMPLETE,True
5677051.0,2,True,HOME,False,False,DIRECT_REPORTED_CHAIN_COMPLETE,True
5687951.0,2,True,HOME,False,False,DIRECT_REPORTED_CHAIN_COMPLETE,True
5690471.0,5,True,HOME,False,False,DIRECT_REPORTED_CHAIN_COMPLETE,True
5690472.0,7,True,HOME,False,False,DIRECT_REPORTED_CHAIN_COMPLETE,True
5690473.0,3,True,HOME,False,False,DIRECT_REPORTED_CHAIN_COMPLETE,True
5690474.0,4,True,HOME,False,False,DIRECT_REPORTED_CHAIN_COMPLETE,True
5704081.0,4,True,HOME,False,False,DIRECT_REPORTED_CHAIN_COMPLETE,True
5704082.0,3,True,HOME,False,False,DIRECT_REPORTED_CHAIN_COMPLETE,True
5704083.0,2,True,HOME,False,False,DIRECT_REPORTED_CHAIN_COMPLETE,True
5704084.0,6,True,HOME,False,False,DIRECT_REPORTED_CHAIN_COMPLETE,True
5705821.0,2,False,NON_HOME_UNKNOWN,False,False,DIRECT_REPORTED_CHAIN_COMPLETE,False
5705822.0,2,False,NON_HOME_UNKNOWN,False,False,DIRECT_REPORTED_CHAIN_COMPLETE,False
5841361.0,2,False,UNKNOWN,False,False,DIRECT_REPORTED_CHAIN_COMPLETE,False
5977561.0,5,True,HOME,False,False,DIRECT_REPORTED_CHAIN_COMPLETE,True
10118761.0,6,False,HOME,False,True,DIRECT_REPORTED_CHAIN_COMPLETE,False
10232021.0,5,True,HOME,False,False,DIRECT_REPORTED_CHAIN_COMPLETE,True
10232022.0,1,True,HOME,False,False,DIRECT_REPORTED_CHAIN_COMPLETE,True
10232023.0,4,True,HOME,False,False,MIXED_DIRECT_RBW_UNTIMED,False
10232024.0,2,True,HOME,False,False,DIRECT_REPORTED_CHAIN_COMPLETE,True
10232025.0,3,True,HOME,False,False,DIRECT_REPORTED_CHAIN_COMPLETE,True
10248631.0,4,True,HOME,False,False,DIRECT_REPORTED_CHAIN_COMPLETE,True
10248632.0,4,True,HOME,False,False,DIRECT_REPORTED_CHAIN_COMPLETE,True
10307411.0,9,False,UNKNOWN,False,False,DIRECT_REPORTED_CHAIN_COMPLETE,False
10307412.0,2,True,HOME,False,False,DIRECT_REPORTED_CHAIN_COMPLETE,True
10307413.0,5,True,HOME,False,False,DIRECT_REPORTED_CHAIN_COMPLETE,True
10307414.0,5,True,HOME,False,False,DIRECT_REPORTED_CHAIN_COMPLETE,True
10400821.0,4,True,HOME,False,False,DIRECT_REPORTED_CHAIN_COMPLETE,True
10493521.0,6,True,HOME,False,False,DIRECT_REPORTED_CHAIN_COMPLETE,True
10843011.0,4,True,HOME,False,False,MIXED_DIRECT_RBW_UNTIMED,False
10843012.0,2,True,HOME,False,False,DIRECT_REPORTED_CHAIN_COMPLETE,True
11546492.0,2,True,HOME,False,False,DIRECT_REPORTED_CHAIN_COMPLETE,True
11704201.0,7,True,HOME,False,False,DIRECT_REPORTED_CHAIN_COMPLETE,True
11704202.0,6,True,HOME,False,False,DIRECT_REPORTED_CHAIN_COMPLETE,True
11863961.0,5,True,HOME,False,False,DIRECT_REPORTED_CHAIN_COMPLETE,True
11865951.0,6,True,HOME,False,False,DIRECT_REPORTED_CHAIN_COMPLETE,True
12128811.0,4,True,HOME,False,False,DIRECT_REPORTED_CHAIN_COMPLETE,True
12294221.0,8,True,HOME,False,False,DIRECT_REPORTED_CHAIN_COMPLETE,True
12294222.0,2,True,HOME,False,False,DIRECT_REPORTED_CHAIN_COMPLETE,True
12371661.0,2,True,HOME,False,False,DIRECT_REPORTED_CHAIN_COMPLETE,True
12388611.0,4,True,HOME,False,False,DIRECT_REPORTED_CHAIN_COMPLETE,True
12388612.0,5,True,HOME,False,False,DIRECT_REPORTED_CHAIN_COMPLETE,True
12421632.0,3,True,HOME,False,False,DIRECT_REPORTED_CHAIN_COMPLETE,True
12534001.0,4,True,HOME,False,False,DIRECT_REPORTED_CHAIN_COMPLETE,True
12964961.0,2,False,UNKNOWN,False,False,DIRECT_REPORTED_CHAIN_COMPLETE,False
13005911.0,3,True,HOME,False,False,MIXED_DIRECT_RBW_UNTIMED,False
13393891.0,2,True,HOME,False,False,DIRECT_REPORTED_CHAIN_COMPLETE,True
13414961.0,2,True,HOME,False,False,DIRECT_REPORTED_CHAIN_COMPLETE,True
13475601.0,4,True,HOME,False,False,DIRECT_REPORTED_CHAIN_COMPLETE,True
13475602.0,5,True,HOME,False,False,DIRECT_REPORTED_CHAIN_COMPLETE,True
13475603.0,4,True,HOME,False,False,DIRECT_REPORTED_CHAIN_COMPLETE,True
13475604.0,3,True,HOME,False,False,DIRECT_REPORTED_CHAIN_COMPLETE,True
13681261.0,3,True,HOME,False,False,DIRECT_REPORTED_CHAIN_COMPLETE,True
13681262.0,2,True,HOME,False,False,DIRECT_REPORTED_CHAIN_COMPLETE,True
13681263.0,2,True,HOME,False,False,DIRECT_REPORTED_CHAIN_COMPLETE,True
13681264.0,2,True,HOME,False,False,DIRECT_REPORTED_CHAIN_COMPLETE,True
13681265.0,2,True,HOME,False,False,DIRECT_REPORTED_CHAIN_COMPLETE,True
13793171.0,2,True,HOME,False,False,DIRECT_REPORTED_CHAIN_COMPLETE,True
13813161.0,2,False,UNKNOWN,False,False,DIRECT_REPORTED_CHAIN_COMPLETE,False
13813162.0,2,False,UNKNOWN,False,False,DIRECT_REPORTED_CHAIN_COMPLETE,False
13848991.0,2,False,NON_HOME_UNKNOWN,False,False,DIRECT_REPORTED_CHAIN_COMPLETE,False
13848992.0,2,False,NON_HOME_UNKNOWN,False,False,DIRECT_REPORTED_CHAIN_COMPLETE,False
13927111.0,5,True,HOME,False,False,DIRECT_REPORTED_CHAIN_COMPLETE,True
13927112.0,4,True,HOME,False,False,DIRECT_REPORTED_CHAIN_COMPLETE,True
14135461.0,4,True,HOME,False,False,DIRECT_REPORTED_CHAIN_COMPLETE,True
14559341.0,4,True,HOME,False,False,DIRECT_REPORTED_CHAIN_COMPLETE,True
14828701.0,2,True,HOME,False,False,DIRECT_REPORTED_CHAIN_COMPLETE,True
14828702.0,5,True,HOME,False,False,DIRECT_REPORTED_CHAIN_COMPLETE,True
14949881.0,4,True,HOME,False,False,DIRECT_REPORTED_CHAIN_COMPLETE,True
14949882.0,4,True,HOME,False,False,DIRECT_REPORTED_CHAIN_COMPLETE,True
15040121.0,6,True,HOME,False,False,DIRECT_REPORTED_CHAIN_COMPLETE,True
15040122.0,2,True,HOME,False,False,DIRECT_REPORTED_CHAIN_COMPLETE,True
15674321.0,5,True,HOME,False,False,DIRECT_REPORTED_CHAIN_COMPLETE,True
16327201.0,5,True,HOME,False,False,DIRECT_REPORTED_CHAIN_COMPLETE,True
16437511.0,3,True,HOME,False,False,DIRECT_REPORTED_CHAIN_COMPLETE,True
16458181.0,2,True,HOME,False,False,DIRECT_REPORTED_CHAIN_COMPLETE,True
16806841.0,2,True,HOME,False,False,DIRECT_REPORTED_CHAIN_COMPLETE,True
16806844.0,2,True,HOME,False,False,DIRECT_REPORTED_CHAIN_COMPLETE,True
16855761.0,6,True,HOME,False,False,DIRECT_REPORTED_CHAIN_COMPLETE,True
16855762.0,6,False,NON_HOME_UNKNOWN,False,False,DIRECT_REPORTED_CHAIN_COMPLETE,False
16855763.0,7,True,HOME,False,False,DIRECT_REPORTED_CHAIN_COMPLETE,True
17378911.0,6,True,HOME,False,False,DIRECT_REPORTED_CHAIN_COMPLETE,True
17459821.0,6,True,HOME,False,False,DIRECT_REPORTED_CHAIN_COMPLETE,True
17465781.0,4,True,HOME,False,False,DIRECT_REPORTED_CHAIN_COMPLETE,True
17465782.0,3,True,HOME,False,False,DIRECT_REPORTED_CHAIN_COMPLETE,True
17703101.0,7,True,HOME,False,False,DIRECT_REPORTED_CHAIN_COMPLETE,True
17703102.0,3,True,HOME,False,False,DIRECT_REPORTED_CHAIN_COMPLETE,True
18125801.0,2,False,UNKNOWN,False,False,DIRECT_REPORTED_CHAIN_COMPLETE,False
18635821.0,4,True,HOME,False,False,DIRECT_REPORTED_CHAIN_COMPLETE,True
18635822.0,2,False,UNKNOWN,False,False,DIRECT_REPORTED_CHAIN_COMPLETE,False
18672972.0,2,True,HOME,False,False,DIRECT_REPORTED_CHAIN_COMPLETE,True
18955111.0,2,True,HOME,False,False,DIRECT_REPORTED_CHAIN_COMPLETE,True
18955112.0,4,True,HOME,False,False,DIRECT_REPORTED_CHAIN_COMPLETE,True
18957991.0,2,False,NON_HOME_UNKNOWN,False,False,DIRECT_REPORTED_CHAIN_COMPLETE,False
18957992.0,3,False,NON_HOME_UNKNOWN,False,False,DIRECT_REPORTED_CHAIN_COMPLETE,False
18957993.0,3,False,NON_HOME_UNKNOWN,False,False,DIRECT_REPORTED_CHAIN_COMPLETE,False
19636441.0,4,True,HOME,False,False,DIRECT_REPORTED_CHAIN_COMPLETE,True
19988771.0,2,False,HOME,True,False,DIRECT_REPORTED_CHAIN_COMPLETE,False
19988772.0,2,True,HOME,False,False,DIRECT_REPORTED_CHAIN_COMPLETE,True
20073251.0,5,True,HOME,False,False,DIRECT_REPORTED_CHAIN_COMPLETE,True
20073252.0,4,True,HOME,False,False,DIRECT_REPORTED_CHAIN_COMPLETE,True
20391421.0,5,True,HOME,False,False,DIRECT_REPORTED_CHAIN_COMPLETE,True
20391422.0,4,False,UNKNOWN,False,False,DIRECT_REPORTED_CHAIN_COMPLETE,False
20422021.0,4,True,HOME,False,False,DIRECT_REPORTED_CHAIN_COMPLETE,True
20704712.0,6,True,HOME,False,False,DIRECT_REPORTED_CHAIN_COMPLETE,True
20749801.0,4,True,HOME,False,False,DIRECT_REPORTED_CHAIN_COMPLETE,True
20749802.0,1,True,HOME,False,False,DIRECT_REPORTED_CHAIN_COMPLETE,True
20923811.0,2,True,HOME,False,False,DIRECT_REPORTED_CHAIN_COMPLETE,True
20983912.0,2,True,HOME,False,False,DIRECT_REPORTED_CHAIN_COMPLETE,True
20983913.0,4,False,UNKNOWN,False,False,DIRECT_REPORTED_CHAIN_COMPLETE,False
21097591.0,5,True,HOME,False,False,DIRECT_REPORTED_CHAIN_COMPLETE,True
21097592.0,6,True,HOME,False,False,DIRECT_REPORTED_CHAIN_COMPLETE,True
21097593.0,3,True,HOME,False,False,DIRECT_REPORTED_CHAIN_COMPLETE,True
21302681.0,4,True,HOME,False,False,DIRECT_REPORTED_CHAIN_COMPLETE,True
21489481.0,5,True,HOME,False,False,DIRECT_REPORTED_CHAIN_COMPLETE,True
21749483.0,2,True,HOME,False,False,DIRECT_REPORTED_CHAIN_COMPLETE,True
21749484.0,2,True,HOME,False,False,DIRECT_REPORTED_CHAIN_COMPLETE,True
21855581.0,3,True,HOME,False,False,DIRECT_REPORTED_CHAIN_COMPLETE,True
21855582.0,3,True,HOME,False,False,DIRECT_REPORTED_CHAIN_COMPLETE,True
21855583.0,5,True,HOME,False,False,DIRECT_REPORTED_CHAIN_COMPLETE,True
21855584.0,2,True,HOME,False,False,DIRECT_REPORTED_CHAIN_COMPLETE,True
21906261.0,2,True,HOME,False,False,DIRECT_REPORTED_CHAIN_COMPLETE,True
22274631.0,2,True,HOME,False,False,DIRECT_REPORTED_CHAIN_COMPLETE,True
22274632.0,4,True,HOME,False,False,DIRECT_REPORTED_CHAIN_COMPLETE,True
22274633.0,2,True,HOME,False,False,DIRECT_REPORTED_CHAIN_COMPLETE,True
22346911.0,4,True,HOME,False,False,DIRECT_REPORTED_CHAIN_COMPLETE,True
22525951.0,6,True,HOME,False,False,DIRECT_REPORTED_CHAIN_COMPLETE,True
22525952.0,2,True,HOME,False,False,DIRECT_REPORTED_CHAIN_COMPLETE,True
22623381.0,4,True,HOME,False,False,DIRECT_REPORTED_CHAIN_COMPLETE,True
22781921.0,3,True,HOME,False,False,DIRECT_REPORTED_CHAIN_COMPLETE,True
22781922.0,6,True,HOME,False,False,DIRECT_REPORTED_CHAIN_COMPLETE,True
22781923.0,4,True,HOME,False,False,DIRECT_REPORTED_CHAIN_COMPLETE,True
22786681.0,3,True,HOME,False,False,DIRECT_REPORTED_CHAIN_COMPLETE,True
22790801.0,10,True,HOME,False,False,DIRECT_REPORTED_CHAIN_COMPLETE,True
22950141.0,4,True,HOME,False,False,DIRECT_REPORTED_CHAIN_COMPLETE,True
22950142.0,2,True,HOME,False,False,DIRECT_REPORTED_CHAIN_COMPLETE,True
23256871.0,8,True,HOME,False,False,DIRECT_REPORTED_CHAIN_COMPLETE,True
23256872.0,5,True,HOME,False,False,DIRECT_REPORTED_CHAIN_COMPLETE,True
23256873.0,4,True,HOME,False,False,DIRECT_REPORTED_CHAIN_COMPLETE,True
23256874.0,2,True,HOME,False,False,DIRECT_REPORTED_CHAIN_COMPLETE,True
23283941.0,4,True,HOME,False,False,DIRECT_REPORTED_CHAIN_COMPLETE,True
23740631.0,4,True,HOME,False,False,DIRECT_REPORTED_CHAIN_COMPLETE,True
23740632.0,4,True,HOME,False,False,DIRECT_REPORTED_CHAIN_COMPLETE,True
23860261.0,4,True,HOME,False,False,DIRECT_REPORTED_CHAIN_COMPLETE,True
23860262.0,2,True,HOME,False,False,DIRECT_REPORTED_CHAIN_COMPLETE,True
23944791.0,6,True,HOME,False,False,DIRECT_REPORTED_CHAIN_COMPLETE,True
24186812.0,4,True,HOME,False,False,DIRECT_REPORTED_CHAIN_COMPLETE,True
24376661.0,6,True,HOME,False,False,DIRECT_REPORTED_CHAIN_COMPLETE,True
24386701.0,4,True,HOME,False,False,DIRECT_REPORTED_CHAIN_COMPLETE,True
24386702.0,4,True,HOME,False,False,DIRECT_REPORTED_CHAIN_COMPLETE,True
24539561.0,3,True,HOME,False,False,DIRECT_REPORTED_CHAIN_COMPLETE,True
24539562.0,6,True,HOME,False,False,DIRECT_REPORTED_CHAIN_COMPLETE,True
24666131.0,2,False,UNKNOWN,False,False,DIRECT_REPORTED_CHAIN_COMPLETE,False
24666132.0,2,False,UNKNOWN,False,False,DIRECT_REPORTED_CHAIN_COMPLETE,False
24732931.0,3,True,HOME,False,False,DIRECT_REPORTED_CHAIN_COMPLETE,True
24732932.0,2,True,HOME,False,False,DIRECT_REPORTED_CHAIN_COMPLETE,True
24816421.0,1,True,HOME,False,False,DIRECT_REPORTED_CHAIN_COMPLETE,True
24816422.0,1,False,NON_HOME_UNKNOWN,False,False,DIRECT_REPORTED_CHAIN_COMPLETE,False
24990021.0,4,True,HOME,False,False,DIRECT_REPORTED_CHAIN_COMPLETE,True
24990022.0,4,True,HOME,False,False,DIRECT_REPORTED_CHAIN_COMPLETE,True
25060092.0,2,True,HOME,False,False,DIRECT_REPORTED_CHAIN_COMPLETE,True
25114951.0,3,False,NON_HOME_UNKNOWN,False,False,DIRECT_REPORTED_CHAIN_COMPLETE,False
25114952.0,2,True,HOME,False,False,DIRECT_REPORTED_CHAIN_COMPLETE,True
25180011.0,1,False,NON_HOME_UNKNOWN,False,False,DIRECT_REPORTED_CHAIN_COMPLETE,False
25180012.0,3,False,NON_HOME_UNKNOWN,False,False,DIRECT_REPORTED_CHAIN_COMPLETE,False
25284751.0,2,True,HOME,False,False,DIRECT_REPORTED_CHAIN_COMPLETE,True
25284752.0,2,True,HOME,False,False,DIRECT_REPORTED_CHAIN_COMPLETE,True
25691341.0,6,True,HOME,False,False,DIRECT_REPORTED_CHAIN_COMPLETE,True
25979091.0,6,True,HOME,False,False,DIRECT_REPORTED_CHAIN_COMPLETE,True
26014961.0,4,True,HOME,False,False,DIRECT_REPORTED_CHAIN_COMPLETE,True
26248571.0,2,False,UNKNOWN,False,False,DIRECT_REPORTED_CHAIN_COMPLETE,False
26275911.0,4,True,HOME,False,False,DIRECT_REPORTED_CHAIN_COMPLETE,True
26275912.0,4,True,HOME,False,False,DIRECT_REPORTED_CHAIN_COMPLETE,True
26453701.0,5,True,HOME,False,False,DIRECT_REPORTED_CHAIN_COMPLETE,True
26522541.0,4,True,HOME,False,False,DIRECT_REPORTED_CHAIN_COMPLETE,True
26522542.0,1,True,HOME,False,False,DIRECT_REPORTED_CHAIN_COMPLETE,True
26582261.0,2,True,HOME,False,False,DIRECT_REPORTED_CHAIN_COMPLETE,True
26582262.0,2,True,HOME,False,False,DIRECT_REPORTED_CHAIN_COMPLETE,True
26597334.0,4,True,HOME,False,False,DIRECT_REPORTED_CHAIN_COMPLETE,True
26597335.0,4,True,HOME,False,False,DIRECT_REPORTED_CHAIN_COMPLETE,True
26756371.0,4,True,HOME,False,False,DIRECT_REPORTED_CHAIN_COMPLETE,True
26756372.0,2,True,HOME,False,False,DIRECT_REPORTED_CHAIN_COMPLETE,True
26845811.0,3,True,HOME,False,False,DIRECT_REPORTED_CHAIN_COMPLETE,True
26845812.0,3,True,HOME,False,False,DIRECT_REPORTED_CHAIN_COMPLETE,True
26845813.0,4,True,HOME,False,False,DIRECT_REPORTED_CHAIN_COMPLETE,True
26845814.0,3,True,HOME,False,False,DIRECT_REPORTED_CHAIN_COMPLETE,True
27496821.0,6,True,HOME,False,False,DIRECT_REPORTED_CHAIN_COMPLETE,True
27496822.0,4,True,HOME,False,False,DIRECT_REPORTED_CHAIN_COMPLETE,True
27496823.0,4,True,HOME,False,False,DIRECT_REPORTED_CHAIN_COMPLETE,True
27951791.0,1,True,HOME,False,False,DIRECT_REPORTED_CHAIN_COMPLETE,True
27951792.0,4,True,HOME,False,False,DIRECT_REPORTED_CHAIN_COMPLETE,True
27951793.0,2,True,HOME,False,False,DIRECT_REPORTED_CHAIN_COMPLETE,True
27951794.0,2,True,HOME,False,False,DIRECT_REPORTED_CHAIN_COMPLETE,True
28020051.0,2,True,HOME,False,False,DIRECT_REPORTED_CHAIN_COMPLETE,True
28020053.0,2,True,HOME,False,False,DIRECT_REPORTED_CHAIN_COMPLETE,True
28020055.0,2,True,HOME,False,False,DIRECT_REPORTED_CHAIN_COMPLETE,True
28245991.0,4,True,HOME,False,False,DIRECT_REPORTED_CHAIN_COMPLETE,True
28245992.0,6,True,HOME,False,False,DIRECT_REPORTED_CHAIN_COMPLETE,True
28376891.0,4,True,HOME,False,False,DIRECT_REPORTED_CHAIN_COMPLETE,True
28376892.0,4,True,HOME,False,False,DIRECT_REPORTED_CHAIN_COMPLETE,True
28376893.0,2,True,HOME,False,False,DIRECT_REPORTED_CHAIN_COMPLETE,True
28643891.0,3,True,HOME,False,False,DIRECT_REPORTED_CHAIN_COMPLETE,True
28962801.0,2,True,HOME,False,False,DIRECT_REPORTED_CHAIN_COMPLETE,True
28962803.0,2,True,HOME,False,False,DIRECT_REPORTED_CHAIN_COMPLETE,True
29223041.0,2,True,HOME,False,False,DIRECT_REPORTED_CHAIN_COMPLETE,True
29223042.0,2,True,HOME,False,False,DIRECT_REPORTED_CHAIN_COMPLETE,True
29398201.0,2,True,HOME,False,False,DIRECT_REPORTED_CHAIN_COMPLETE,True
30105721.0,2,True,HOME,False,False,DIRECT_REPORTED_CHAIN_COMPLETE,True
30482271.0,6,True,HOME,False,False,DIRECT_REPORTED_CHAIN_COMPLETE,True
30482272.0,2,True,HOME,False,False,DIRECT_REPORTED_CHAIN_COMPLETE,True
30482273.0,4,True,HOME,False,False,DIRECT_REPORTED_CHAIN_COMPLETE,True
30482274.0,6,True,HOME,False,False,DIRECT_REPORTED_CHAIN_COMPLETE,True
30521971.0,2,True,HOME,False,False,DIRECT_REPORTED_CHAIN_COMPLETE,True
30946981.0,4,True,HOME,False,False,DIRECT_REPORTED_CHAIN_COMPLETE,True
30973601.0,7,True,HOME,False,False,DIRECT_REPORTED_CHAIN_COMPLETE,True
31066411.0,5,True,HOME,False,False,DIRECT_REPORTED_CHAIN_COMPLETE,True
31262001.0,4,True,HOME,False,False,DIRECT_REPORTED_CHAIN_COMPLETE,True
31262002.0,1,False,UNKNOWN,False,False,DIRECT_REPORTED_CHAIN_COMPLETE,False
31331751.0,3,True,HOME,False,False,MIXED_DIRECT_RBW_UNTIMED,False
31457401.0,5,True,HOME,False,False,DIRECT_REPORTED_CHAIN_COMPLETE,True
31457403.0,3,True,HOME,False,False,DIRECT_REPORTED_CHAIN_COMPLETE,True
31457404.0,3,True,HOME,False,False,DIRECT_REPORTED_CHAIN_COMPLETE,True
31457405.0,5,True,HOME,False,False,DIRECT_REPORTED_CHAIN_COMPLETE,True
31735671.0,6,True,HOME,False,False,DIRECT_REPORTED_CHAIN_COMPLETE,True
31851901.0,6,True,HOME,False,False,DIRECT_REPORTED_CHAIN_COMPLETE,True
31851902.0,4,True,HOME,False,False,DIRECT_REPORTED_CHAIN_COMPLETE,True
31851903.0,4,True,HOME,False,False,DIRECT_REPORTED_CHAIN_COMPLETE,True
32561361.0,4,True,HOME,False,False,DIRECT_REPORTED_CHAIN_COMPLETE,True
32561363.0,2,True,HOME,False,False,DIRECT_REPORTED_CHAIN_COMPLETE,True
32691661.0,2,True,HOME,False,False,DIRECT_REPORTED_CHAIN_COMPLETE,True
32691662.0,3,True,HOME,False,False,DIRECT_REPORTED_CHAIN_COMPLETE,True
32795461.0,2,False,UNKNOWN,False,False,DIRECT_REPORTED_CHAIN_COMPLETE,False
32795462.0,3,False,UNKNOWN,False,False,DIRECT_REPORTED_CHAIN_COMPLETE,False
32799191.0,2,True,HOME,False,False,DIRECT_REPORTED_CHAIN_COMPLETE,True
33168471.0,1,False,UNKNOWN,False,False,DIRECT_REPORTED_CHAIN_COMPLETE,False
33168472.0,1,False,UNKNOWN,False,False,DIRECT_REPORTED_CHAIN_COMPLETE,False
33282061.0,6,False,NON_HOME_UNKNOWN,False,False,DIRECT_REPORTED_CHAIN_COMPLETE,False
33531111.0,4,True,HOME,False,False,DIRECT_REPORTED_CHAIN_COMPLETE,True
33626161.0,1,False,NON_HOME_UNKNOWN,False,False,DIRECT_REPORTED_CHAIN_COMPLETE,False
33626162.0,3,False,NON_HOME_UNKNOWN,False,False,DIRECT_REPORTED_CHAIN_COMPLETE,False
33626164.0,3,False,NON_HOME_UNKNOWN,False,False,DIRECT_REPORTED_CHAIN_COMPLETE,False
34241451.0,3,True,HOME,False,False,DIRECT_REPORTED_CHAIN_COMPLETE,True
34438971.0,2,True,HOME,False,False,DIRECT_REPORTED_CHAIN_COMPLETE,True
34622671.0,3,True,HOME,False,False,DIRECT_REPORTED_CHAIN_COMPLETE,True
34927751.0,2,False,UNKNOWN,False,False,DIRECT_REPORTED_CHAIN_COMPLETE,False
35082251.0,3,True,HOME,False,False,DIRECT_REPORTED_CHAIN_COMPLETE,True
35187171.0,2,True,HOME,False,False,DIRECT_REPORTED_CHAIN_COMPLETE,True
35195611.0,2,True,HOME,False,False,DIRECT_REPORTED_CHAIN_COMPLETE,True
35379811.0,3,True,HOME,False,False,MIXED_DIRECT_RBW_UNTIMED,False
35379812.0,3,True,HOME,False,False,DIRECT_REPORTED_CHAIN_COMPLETE,True
36120391.0,2,True,HOME,False,False,DIRECT_REPORTED_CHAIN_COMPLETE,True
36120392.0,3,True,HOME,False,False,DIRECT_REPORTED_CHAIN_COMPLETE,True
36224001.0,2,True,HOME,False,False,DIRECT_REPORTED_CHAIN_COMPLETE,True
36629351.0,2,True,HOME,False,False,DIRECT_REPORTED_CHAIN_COMPLETE,True
36629352.0,2,True,HOME,False,False,DIRECT_REPORTED_CHAIN_COMPLETE,True
36694191.0,5,True,HOME,False,False,MIXED_DIRECT_RBW_UNTIMED,False
36776861.0,2,True,HOME,False,False,DIRECT_REPORTED_CHAIN_COMPLETE,True
36890091.0,4,True,HOME,False,False,DIRECT_REPORTED_CHAIN_COMPLETE,True
37031131.0,4,True,HOME,False,False,DIRECT_REPORTED_CHAIN_COMPLETE,True
37031132.0,4,True,HOME,False,False,DIRECT_REPORTED_CHAIN_COMPLETE,True
37031133.0,2,True,HOME,False,False,DIRECT_REPORTED_CHAIN_COMPLETE,True
37824222.0,2,True,HOME,False,False,DIRECT_REPORTED_CHAIN_COMPLETE,True
37901331.0,5,True,HOME,False,False,DIRECT_REPORTED_CHAIN_COMPLETE,True
37907931.0,6,True,HOME,False,False,DIRECT_REPORTED_CHAIN_COMPLETE,True
38746481.0,6,True,HOME,False,False,DIRECT_REPORTED_CHAIN_COMPLETE,True
38803591.0,1,True,HOME,False,False,DIRECT_REPORTED_CHAIN_COMPLETE,True
38803592.0,1,True,HOME,False,False,DIRECT_REPORTED_CHAIN_COMPLETE,True
38887001.0,8,True,HOME,False,False,DIRECT_REPORTED_CHAIN_COMPLETE,True
38887003.0,8,True,HOME,False,False,DIRECT_REPORTED_CHAIN_COMPLETE,True
38977091.0,6,True,HOME,False,False,DIRECT_REPORTED_CHAIN_COMPLETE,True
39131321.0,2,True,HOME,False,False,DIRECT_REPORTED_CHAIN_COMPLETE,True
39342371.0,6,True,HOME,False,False,DIRECT_REPORTED_CHAIN_COMPLETE,True
39342372.0,4,True,HOME,False,False,DIRECT_REPORTED_CHAIN_COMPLETE,True
39477771.0,6,True,HOME,False,False,DIRECT_REPORTED_CHAIN_COMPLETE,True
39622371.0,5,True,HOME,False,False,DIRECT_REPORTED_CHAIN_COMPLETE,True
39708531.0,2,True,HOME,False,False,DIRECT_REPORTED_CHAIN_COMPLETE,True
39940711.0,5,True,HOME,False,False,DIRECT_REPORTED_CHAIN_COMPLETE,True
39940713.0,4,True,HOME,False,False,DIRECT_REPORTED_CHAIN_COMPLETE,True
39996631.0,2,True,HOME,False,False,DIRECT_REPORTED_CHAIN_COMPLETE,True
39996632.0,2,True,HOME,False,False,DIRECT_REPORTED_CHAIN_COMPLETE,True
39996634.0,2,True,HOME,False,False,DIRECT_REPORTED_CHAIN_COMPLETE,True
40375971.0,3,True,HOME,False,False,DIRECT_REPORTED_CHAIN_COMPLETE,True
40477671.0,4,True,HOME,False,False,DIRECT_REPORTED_CHAIN_COMPLETE,True
40477672.0,2,True,HOME,False,False,DIRECT_REPORTED_CHAIN_COMPLETE,True
40477673.0,4,True,HOME,False,False,DIRECT_REPORTED_CHAIN_COMPLETE,True
40607371.0,2,True,HOME,False,False,DIRECT_REPORTED_CHAIN_COMPLETE,True
40699641.0,5,True,HOME,False,False,DIRECT_REPORTED_CHAIN_COMPLETE,True
40699642.0,4,True,HOME,False,False,DIRECT_REPORTED_CHAIN_COMPLETE,True
40919061.0,1,True,HOME,False,False,DIRECT_REPORTED_CHAIN_COMPLETE,True
40960951.0,4,True,HOME,False,False,DIRECT_REPORTED_CHAIN_COMPLETE,True
41176431.0,2,True,HOME,False,False,DIRECT_REPORTED_CHAIN_COMPLETE,True
41519311.0,4,True,HOME,False,False,DIRECT_REPORTED_CHAIN_COMPLETE,True
41519313.0,2,True,HOME,False,False,DIRECT_REPORTED_CHAIN_COMPLETE,True
41539951.0,4,True,HOME,False,False,DIRECT_REPORTED_CHAIN_COMPLETE,True
41740171.0,1,False,NON_HOME_UNKNOWN,False,False,DIRECT_REPORTED_CHAIN_COMPLETE,False
41740172.0,1,False,NON_HOME_UNKNOWN,False,False,DIRECT_REPORTED_CHAIN_COMPLETE,False
41740173.0,1,False,NON_HOME_UNKNOWN,False,False,DIRECT_REPORTED_CHAIN_COMPLETE,False
41740174.0,1,False,NON_HOME_UNKNOWN,False,False,DIRECT_REPORTED_CHAIN_COMPLETE,False
42034721.0,3,True,HOME,False,False,DIRECT_REPORTED_CHAIN_COMPLETE,True
42366401.0,2,True,HOME,False,False,DIRECT_REPORTED_CHAIN_COMPLETE,True
42522571.0,5,True,HOME,False,False,DIRECT_REPORTED_CHAIN_COMPLETE,True
42522572.0,6,True,HOME,False,False,DIRECT_REPORTED_CHAIN_COMPLETE,True
42956941.0,2,True,HOME,False,False,DIRECT_REPORTED_CHAIN_COMPLETE,True
42956942.0,2,True,HOME,False,False,DIRECT_REPORTED_CHAIN_COMPLETE,True
42956943.0,2,False,NON_HOME_UNKNOWN,False,False,DIRECT_REPORTED_CHAIN_COMPLETE,False
42956944.0,2,False,NON_HOME_UNKNOWN,False,False,DIRECT_REPORTED_CHAIN_COMPLETE,False
42978193.0,2,True,HOME,False,False,DIRECT_REPORTED_CHAIN_COMPLETE,True
43022591.0,1,False,UNKNOWN,False,False,DIRECT_REPORTED_CHAIN_COMPLETE,False
43071551.0,4,True,HOME,False,False,DIRECT_REPORTED_CHAIN_COMPLETE,True
43201881.0,3,True,HOME,False,False,DIRECT_REPORTED_CHAIN_COMPLETE,True
43201882.0,2,True,HOME,False,False,DIRECT_REPORTED_CHAIN_COMPLETE,True
43381461.0,3,True,HOME,False,False,DIRECT_REPORTED_CHAIN_COMPLETE,True
43778321.0,5,True,HOME,False,False,DIRECT_REPORTED_CHAIN_COMPLETE,True
43778322.0,2,True,HOME,False,False,DIRECT_REPORTED_CHAIN_COMPLETE,True
43814101.0,6,True,HOME,False,False,DIRECT_REPORTED_CHAIN_COMPLETE,True
44018621.0,4,True,HOME,False,False,DIRECT_REPORTED_CHAIN_COMPLETE,True
44053531.0,2,True,HOME,False,False,DIRECT_REPORTED_CHAIN_COMPLETE,True
44408491.0,1,True,HOME,False,False,DIRECT_REPORTED_CHAIN_COMPLETE,True
44413091.0,3,True,HOME,False,False,DIRECT_REPORTED_CHAIN_COMPLETE,True
44413092.0,3,True,HOME,False,False,DIRECT_REPORTED_CHAIN_COMPLETE,True
44657871.0,2,True,HOME,False,False,DIRECT_REPORTED_CHAIN_COMPLETE,True
44764281.0,5,True,HOME,False,False,DIRECT_REPORTED_CHAIN_COMPLETE,True
44764282.0,4,True,HOME,False,False,DIRECT_REPORTED_CHAIN_COMPLETE,True
45005651.0,6,True,HOME,False,False,DIRECT_REPORTED_CHAIN_COMPLETE,True
45005652.0,2,True,HOME,False,False,DIRECT_REPORTED_CHAIN_COMPLETE,True
45080791.0,4,True,HOME,False,False,DIRECT_REPORTED_CHAIN_COMPLETE,True
45080792.0,2,True,HOME,False,False,DIRECT_REPORTED_CHAIN_COMPLETE,True
45080793.0,4,True,HOME,False,False,DIRECT_REPORTED_CHAIN_COMPLETE,True
45320851.0,2,True,HOME,False,False,DIRECT_REPORTED_CHAIN_COMPLETE,True
45320853.0,2,True,HOME,False,False,DIRECT_REPORTED_CHAIN_COMPLETE,True
45356151.0,4,True,HOME,False,False,DIRECT_REPORTED_CHAIN_COMPLETE,True
45356153.0,2,True,HOME,False,False,DIRECT_REPORTED_CHAIN_COMPLETE,True
45356154.0,4,True,HOME,False,False,DIRECT_REPORTED_CHAIN_COMPLETE,True
45645051.0,2,True,HOME,False,False,DIRECT_REPORTED_CHAIN_COMPLETE,True
45645052.0,2,True,HOME,False,False,DIRECT_REPORTED_CHAIN_COMPLETE,True
45950291.0,3,True,HOME,False,False,DIRECT_REPORTED_CHAIN_COMPLETE,True
45950292.0,3,True,HOME,False,False,DIRECT_REPORTED_CHAIN_COMPLETE,True
45950293.0,3,True,HOME,False,False,DIRECT_REPORTED_CHAIN_COMPLETE,True
45950294.0,4,True,HOME,False,False,DIRECT_REPORTED_CHAIN_COMPLETE,True
46052711.0,2,True,HOME,False,False,DIRECT_REPORTED_CHAIN_COMPLETE,True
46192861.0,3,True,HOME,False,False,DIRECT_REPORTED_CHAIN_COMPLETE,True
46192862.0,1,False,UNKNOWN,False,False,DIRECT_REPORTED_CHAIN_COMPLETE,False
46244721.0,2,True,HOME,False,False,DIRECT_REPORTED_CHAIN_COMPLETE,True
46244722.0,2,True,HOME,False,False,DIRECT_REPORTED_CHAIN_COMPLETE,True
46253581.0,6,True,HOME,False,False,DIRECT_REPORTED_CHAIN_COMPLETE,True
46253582.0,2,True,HOME,False,False,DIRECT_REPORTED_CHAIN_COMPLETE,True
46635011.0,2,True,HOME,False,False,DIRECT_REPORTED_CHAIN_COMPLETE,True
46635012.0,3,True,HOME,False,False,DIRECT_REPORTED_CHAIN_COMPLETE,True
46635013.0,2,True,HOME,False,False,DIRECT_REPORTED_CHAIN_COMPLETE,True
47501401.0,2,False,UNKNOWN,False,False,DIRECT_REPORTED_CHAIN_COMPLETE,False
47641571.0,1,False,UNKNOWN,False,False,DIRECT_REPORTED_CHAIN_COMPLETE,False
47727921.0,7,True,HOME,False,False,DIRECT_REPORTED_CHAIN_COMPLETE,True
47768511.0,4,True,HOME,False,False,DIRECT_REPORTED_CHAIN_COMPLETE,True
47768512.0,6,True,HOME,False,False,DIRECT_REPORTED_CHAIN_COMPLETE,True
47781721.0,5,True,HOME,False,False,DIRECT_REPORTED_CHAIN_COMPLETE,True
47936281.0,2,True,HOME,False,False,DIRECT_REPORTED_CHAIN_COMPLETE,True
48583551.0,2,True,HOME,False,False,DIRECT_REPORTED_CHAIN_COMPLETE,True
48951311.0,3,True,HOME,False,False,DIRECT_REPORTED_CHAIN_COMPLETE,True
49082711.0,3,True,HOME,False,False,DIRECT_REPORTED_CHAIN_COMPLETE,True
49672181.0,2,True,HOME,False,False,DIRECT_REPORTED_CHAIN_COMPLETE,True
49887431.0,5,True,HOME,False,False,DIRECT_REPORTED_CHAIN_COMPLETE,True
49994861.0,4,False,NON_HOME_UNKNOWN,False,False,DIRECT_REPORTED_CHAIN_COMPLETE,False
49994862.0,2,False,NON_HOME_UNKNOWN,False,False,DIRECT_REPORTED_CHAIN_COMPLETE,False
50086961.0,2,True,HOME,False,False,DIRECT_REPORTED_CHAIN_COMPLETE,True
50086962.0,2,True,HOME,False,False,DIRECT_REPORTED_CHAIN_COMPLETE,True
50086963.0,2,True,HOME,False,False,DIRECT_REPORTED_CHAIN_COMPLETE,True
50086964.0,2,True,HOME,False,False,DIRECT_REPORTED_CHAIN_COMPLETE,True
50229511.0,3,True,HOME,False,False,DIRECT_REPORTED_CHAIN_COMPLETE,True
50304041.0,4,True,HOME,False,False,DIRECT_REPORTED_CHAIN_COMPLETE,True
50369911.0,3,True,HOME,False,False,DIRECT_REPORTED_CHAIN_COMPLETE,True
50369912.0,4,True,HOME,False,False,DIRECT_REPORTED_CHAIN_COMPLETE,True
50369913.0,2,True,HOME,False,False,DIRECT_REPORTED_CHAIN_COMPLETE,True
50374121.0,4,True,HOME,False,False,DIRECT_REPORTED_CHAIN_COMPLETE,True
50443081.0,3,True,HOME,False,False,DIRECT_REPORTED_CHAIN_COMPLETE,True
50514001.0,2,True,HOME,False,False,MIXED_DIRECT_RBW_UNTIMED,False
50514002.0,2,False,HOME,False,True,DIRECT_REPORTED_CHAIN_COMPLETE,False
50515121.0,4,True,HOME,False,False,MIXED_DIRECT_RBW_UNTIMED,False
50515122.0,4,False,UNKNOWN,False,False,DIRECT_REPORTED_CHAIN_COMPLETE,False
50545251.0,3,True,HOME,False,False,DIRECT_REPORTED_CHAIN_COMPLETE,True
50545252.0,1,False,NON_HOME_UNKNOWN,False,False,DIRECT_REPORTED_CHAIN_COMPLETE,False
50635221.0,7,True,HOME,False,False,DIRECT_REPORTED_CHAIN_COMPLETE,True
50685102.0,5,True,HOME,False,False,DIRECT_REPORTED_CHAIN_COMPLETE,True
51021121.0,2,True,HOME,False,False,DIRECT_REPORTED_CHAIN_COMPLETE,True
51021122.0,4,True,HOME,False,False,DIRECT_REPORTED_CHAIN_COMPLETE,True
51021123.0,4,True,HOME,False,False,DIRECT_REPORTED_CHAIN_COMPLETE,True
51057661.0,2,True,HOME,False,False,DIRECT_REPORTED_CHAIN_COMPLETE,True
51077351.0,2,True,HOME,False,False,DIRECT_REPORTED_CHAIN_COMPLETE,True
51096601.0,7,False,UNKNOWN,False,False,DIRECT_REPORTED_CHAIN_COMPLETE,False
51111021.0,2,True,HOME,False,False,DIRECT_REPORTED_CHAIN_COMPLETE,True
51111022.0,4,True,HOME,False,False,DIRECT_REPORTED_CHAIN_COMPLETE,True
51111023.0,1,False,NON_HOME_UNKNOWN,False,False,DIRECT_REPORTED_CHAIN_COMPLETE,False
51115311.0,2,True,HOME,False,False,DIRECT_REPORTED_CHAIN_COMPLETE,True
51210061.0,4,True,HOME,False,False,DIRECT_REPORTED_CHAIN_COMPLETE,True
51210062.0,7,True,HOME,False,False,DIRECT_REPORTED_CHAIN_COMPLETE,True
51210063.0,5,True,HOME,False,False,DIRECT_REPORTED_CHAIN_COMPLETE,True
51210064.0,5,True,HOME,False,False,DIRECT_REPORTED_CHAIN_COMPLETE,True
51460331.0,2,True,HOME,False,False,DIRECT_REPORTED_CHAIN_COMPLETE,True
51460332.0,2,True,HOME,False,False,DIRECT_REPORTED_CHAIN_COMPLETE,True
51460333.0,3,True,HOME,False,False,DIRECT_REPORTED_CHAIN_COMPLETE,True
51645351.0,2,False,NON_HOME_UNKNOWN,False,False,MIXED_DIRECT_RBW_UNTIMED,False
51826771.0,2,True,HOME,False,False,DIRECT_REPORTED_CHAIN_COMPLETE,True
52052461.0,1,True,HOME,False,False,DIRECT_REPORTED_CHAIN_COMPLETE,True
52359251.0,4,True,HOME,False,False,DIRECT_REPORTED_CHAIN_COMPLETE,True
52359252.0,3,True,HOME,False,False,DIRECT_REPORTED_CHAIN_COMPLETE,True
52359253.0,2,True,HOME,False,False,DIRECT_REPORTED_CHAIN_COMPLETE,True
52359254.0,2,True,HOME,False,False,DIRECT_REPORTED_CHAIN_COMPLETE,True
52359255.0,4,True,HOME,False,False,DIRECT_REPORTED_CHAIN_COMPLETE,True
52411361.0,4,True,HOME,False,False,MIXED_DIRECT_RBW_UNTIMED,False
52411362.0,2,True,HOME,False,False,DIRECT_REPORTED_CHAIN_COMPLETE,True
52667011.0,2,False,NON_HOME_UNKNOWN,False,False,DIRECT_REPORTED_CHAIN_COMPLETE,False
52834511.0,6,True,HOME,False,False,DIRECT_REPORTED_CHAIN_COMPLETE,True
52834512.0,2,True,HOME,False,False,DIRECT_REPORTED_CHAIN_COMPLETE,True
53095642.0,2,True,HOME,False,False,DIRECT_REPORTED_CHAIN_COMPLETE,True
53246271.0,3,True,HOME,False,False,DIRECT_REPORTED_CHAIN_COMPLETE,True
53246272.0,5,True,HOME,False,False,DIRECT_REPORTED_CHAIN_COMPLETE,True
53304731.0,4,True,HOME,False,False,DIRECT_REPORTED_CHAIN_COMPLETE,True
53356791.0,4,True,HOME,False,False,DIRECT_REPORTED_CHAIN_COMPLETE,True
53369671.0,2,True,HOME,False,False,DIRECT_REPORTED_CHAIN_COMPLETE,True
53369672.0,2,True,HOME,False,False,DIRECT_REPORTED_CHAIN_COMPLETE,True
53382652.0,2,True,HOME,False,False,DIRECT_REPORTED_CHAIN_COMPLETE,True
54033841.0,5,True,HOME,False,False,DIRECT_REPORTED_CHAIN_COMPLETE,True
54200241.0,7,True,HOME,False,False,DIRECT_REPORTED_CHAIN_COMPLETE,True
54200242.0,5,True,HOME,False,False,DIRECT_REPORTED_CHAIN_COMPLETE,True
54244931.0,4,True,HOME,False,False,DIRECT_REPORTED_CHAIN_COMPLETE,True
54362201.0,4,True,HOME,False,False,DIRECT_REPORTED_CHAIN_COMPLETE,True
54362202.0,4,True,HOME,False,False,DIRECT_REPORTED_CHAIN_COMPLETE,True
54455421.0,5,True,HOME,False,False,DIRECT_REPORTED_CHAIN_COMPLETE,True
54455422.0,2,True,HOME,False,False,DIRECT_REPORTED_CHAIN_COMPLETE,True
54670601.0,2,True,HOME,False,False,DIRECT_REPORTED_CHAIN_COMPLETE,True
55051131.0,6,True,HOME,False,False,DIRECT_REPORTED_CHAIN_COMPLETE,True
55288681.0,1,True,HOME,False,False,DIRECT_REPORTED_CHAIN_COMPLETE,True
55288682.0,1,True,HOME,False,False,DIRECT_REPORTED_CHAIN_COMPLETE,True
55288683.0,1,True,HOME,False,False,DIRECT_REPORTED_CHAIN_COMPLETE,True
55308011.0,2,False,UNKNOWN,False,False,DIRECT_REPORTED_CHAIN_COMPLETE,False
55308013.0,3,False,UNKNOWN,False,False,DIRECT_REPORTED_CHAIN_COMPLETE,False
55340831.0,2,True,HOME,False,False,MIXED_DIRECT_RBW_UNTIMED,False
55677712.0,2,True,HOME,False,False,DIRECT_REPORTED_CHAIN_COMPLETE,True
55690011.0,4,True,HOME,False,False,DIRECT_REPORTED_CHAIN_COMPLETE,True
55690012.0,4,True,HOME,False,False,DIRECT_REPORTED_CHAIN_COMPLETE,True
55706881.0,6,True,HOME,False,False,DIRECT_REPORTED_CHAIN_COMPLETE,True
55706882.0,4,True,HOME,False,False,DIRECT_REPORTED_CHAIN_COMPLETE,True
56399671.0,2,False,UNKNOWN,False,False,DIRECT_REPORTED_CHAIN_COMPLETE,False
56399672.0,2,False,UNKNOWN,False,False,DIRECT_REPORTED_CHAIN_COMPLETE,False
56526791.0,2,True,HOME,False,False,DIRECT_REPORTED_CHAIN_COMPLETE,True
56600301.0,4,True,HOME,False,False,MIXED_DIRECT_RBW_UNTIMED,False
56618271.0,1,False,NON_HOME_UNKNOWN,False,False,DIRECT_REPORTED_CHAIN_COMPLETE,False
56684521.0,3,False,UNKNOWN,False,False,DIRECT_REPORTED_CHAIN_COMPLETE,False
56684871.0,7,True,HOME,False,False,DIRECT_REPORTED_CHAIN_COMPLETE,True
56747141.0,12,True,HOME,False,False,DIRECT_ROWS_PLUS_UNDETAILED_TRIPS,False
56788141.0,3,True,HOME,False,False,DIRECT_REPORTED_CHAIN_COMPLETE,True
56809051.0,7,True,HOME,False,False,DIRECT_REPORTED_CHAIN_COMPLETE,True
56809052.0,2,True,HOME,False,False,DIRECT_REPORTED_CHAIN_COMPLETE,True
56990471.0,6,True,HOME,False,False,MIXED_DIRECT_RBW_UNTIMED,False
56990472.0,4,True,HOME,False,False,DIRECT_REPORTED_CHAIN_COMPLETE,True
56996631.0,4,True,HOME,False,False,DIRECT_REPORTED_CHAIN_COMPLETE,True
56996632.0,4,True,HOME,False,False,DIRECT_REPORTED_CHAIN_COMPLETE,True
57289482.0,2,True,HOME,False,False,DIRECT_REPORTED_CHAIN_COMPLETE,True
57402101.0,4,True,HOME,False,False,DIRECT_REPORTED_CHAIN_COMPLETE,True
57402102.0,4,True,HOME,False,False,DIRECT_REPORTED_CHAIN_COMPLETE,True
57402103.0,6,True,HOME,False,False,DIRECT_REPORTED_CHAIN_COMPLETE,True
57448501.0,6,True,HOME,False,False,DIRECT_REPORTED_CHAIN_COMPLETE,True
57475931.0,6,True,HOME,False,False,DIRECT_REPORTED_CHAIN_COMPLETE,True
57475932.0,3,True,HOME,False,False,DIRECT_REPORTED_CHAIN_COMPLETE,True
57534231.0,2,True,HOME,False,False,DIRECT_REPORTED_CHAIN_COMPLETE,True
57608371.0,5,True,HOME,False,False,DIRECT_REPORTED_CHAIN_COMPLETE,True
57720211.0,5,True,HOME,False,False,DIRECT_REPORTED_CHAIN_COMPLETE,True
57720212.0,2,False,UNKNOWN,False,False,DIRECT_REPORTED_CHAIN_COMPLETE,False
57789511.0,2,True,HOME,False,False,DIRECT_REPORTED_CHAIN_COMPLETE,True
57862701.0,3,True,HOME,False,False,DIRECT_REPORTED_CHAIN_COMPLETE,True
57862702.0,2,True,HOME,False,False,DIRECT_REPORTED_CHAIN_COMPLETE,True
58369382.0,2,True,HOME,False,False,DIRECT_REPORTED_CHAIN_COMPLETE,True
58527521.0,2,True,HOME,False,False,DIRECT_REPORTED_CHAIN_COMPLETE,True
58658591.0,7,True,HOME,False,False,DIRECT_REPORTED_CHAIN_COMPLETE,True
58658592.0,6,True,HOME,False,False,DIRECT_REPORTED_CHAIN_COMPLETE,True
58658593.0,4,True,HOME,False,False,DIRECT_REPORTED_CHAIN_COMPLETE,True
58795321.0,4,True,HOME,False,False,DIRECT_REPORTED_CHAIN_COMPLETE,True
58806911.0,5,True,HOME,False,False,DIRECT_REPORTED_CHAIN_COMPLETE,True
58806912.0,2,True,HOME,False,False,DIRECT_REPORTED_CHAIN_COMPLETE,True
58806913.0,2,True,HOME,False,False,DIRECT_REPORTED_CHAIN_COMPLETE,True
59060101.0,4,True,HOME,False,False,DIRECT_REPORTED_CHAIN_COMPLETE,True
59208531.0,2,True,HOME,False,False,DIRECT_REPORTED_CHAIN_COMPLETE,True
59208532.0,4,True,HOME,False,False,DIRECT_REPORTED_CHAIN_COMPLETE,True
59281001.0,1,False,UNKNOWN,False,False,DIRECT_REPORTED_CHAIN_COMPLETE,False
59363021.0,2,False,UNKNOWN,False,False,DIRECT_REPORTED_CHAIN_COMPLETE,False
59363022.0,2,False,UNKNOWN,False,False,DIRECT_REPORTED_CHAIN_COMPLETE,False
59413201.0,3,True,HOME,False,False,DIRECT_REPORTED_CHAIN_COMPLETE,True
59413202.0,2,True,HOME,False,False,DIRECT_REPORTED_CHAIN_COMPLETE,True
59612202.0,2,True,HOME,False,False,DIRECT_REPORTED_CHAIN_COMPLETE,True
59612203.0,3,True,HOME,False,False,DIRECT_REPORTED_CHAIN_COMPLETE,True
59612204.0,4,True,HOME,False,False,DIRECT_REPORTED_CHAIN_COMPLETE,True
59932211.0,2,True,HOME,False,False,DIRECT_REPORTED_CHAIN_COMPLETE,True
60031791.0,4,True,HOME,False,False,DIRECT_REPORTED_CHAIN_COMPLETE,True
60031792.0,2,True,HOME,False,False,DIRECT_REPORTED_CHAIN_COMPLETE,True
60110281.0,4,True,HOME,False,False,DIRECT_REPORTED_CHAIN_COMPLETE,True
60110282.0,2,True,HOME,False,False,DIRECT_REPORTED_CHAIN_COMPLETE,True
60110283.0,3,True,HOME,False,False,DIRECT_REPORTED_CHAIN_COMPLETE,True
60181531.0,5,True,HOME,False,False,DIRECT_REPORTED_CHAIN_COMPLETE,True
60189061.0,2,True,HOME,False,False,DIRECT_REPORTED_CHAIN_COMPLETE,True
60292201.0,6,True,HOME,False,False,DIRECT_REPORTED_CHAIN_COMPLETE,True
60456241.0,4,True,HOME,False,False,DIRECT_REPORTED_CHAIN_COMPLETE,True
60456243.0,6,True,HOME,False,False,DIRECT_REPORTED_CHAIN_COMPLETE,True
60698141.0,2,False,HOME,False,True,DIRECT_REPORTED_CHAIN_COMPLETE,False
60724111.0,2,True,HOME,False,False,DIRECT_REPORTED_CHAIN_COMPLETE,True
60724112.0,2,True,HOME,False,False,DIRECT_REPORTED_CHAIN_COMPLETE,True
61173231.0,7,True,HOME,False,False,DIRECT_REPORTED_CHAIN_COMPLETE,True
61282471.0,3,True,HOME,False,False,DIRECT_REPORTED_CHAIN_COMPLETE,True
61282472.0,2,True,HOME,False,False,DIRECT_REPORTED_CHAIN_COMPLETE,True
61363921.0,3,True,HOME,False,False,DIRECT_REPORTED_CHAIN_COMPLETE,True
61363922.0,1,False,UNKNOWN,False,False,DIRECT_REPORTED_CHAIN_COMPLETE,False
61411061.0,8,True,HOME,False,False,DIRECT_ROWS_ADDITIONAL_COUNT_UNKNOWN,False
61411062.0,3,True,HOME,False,False,DIRECT_REPORTED_CHAIN_COMPLETE,True
61441981.0,8,True,HOME,False,False,DIRECT_REPORTED_CHAIN_COMPLETE,True
61505271.0,5,True,HOME,False,False,DIRECT_REPORTED_CHAIN_COMPLETE,True
61505272.0,7,True,HOME,False,False,DIRECT_REPORTED_CHAIN_COMPLETE,True
61505273.0,2,True,HOME,False,False,DIRECT_REPORTED_CHAIN_COMPLETE,True
61505274.0,5,True,HOME,False,False,DIRECT_REPORTED_CHAIN_COMPLETE,True
61519351.0,4,True,HOME,False,False,DIRECT_REPORTED_CHAIN_COMPLETE,True
61575861.0,5,True,HOME,False,False,DIRECT_REPORTED_CHAIN_COMPLETE,True
61582201.0,4,True,HOME,False,False,DIRECT_REPORTED_CHAIN_COMPLETE,True
61582202.0,3,True,HOME,False,False,DIRECT_REPORTED_CHAIN_COMPLETE,True
61805441.0,2,True,HOME,False,False,DIRECT_REPORTED_CHAIN_COMPLETE,True
61806851.0,8,True,HOME,False,False,MIXED_DIRECT_RBW_UNTIMED,False
61841601.0,4,True,HOME,False,False,DIRECT_REPORTED_CHAIN_COMPLETE,True
61854511.0,4,True,HOME,False,False,MIXED_DIRECT_RBW_UNTIMED,False
61908031.0,6,False,HOME,True,False,DIRECT_REPORTED_CHAIN_COMPLETE,False
62004501.0,2,True,HOME,False,False,DIRECT_REPORTED_CHAIN_COMPLETE,True
62381521.0,1,True,HOME,False,False,DIRECT_REPORTED_CHAIN_COMPLETE,True
62425511.0,1,False,NON_HOME_UNKNOWN,False,False,DIRECT_REPORTED_CHAIN_COMPLETE,False
62559981.0,4,True,HOME,False,False,DIRECT_REPORTED_CHAIN_COMPLETE,True
62598021.0,5,True,HOME,False,False,DIRECT_REPORTED_CHAIN_COMPLETE,True
62598022.0,7,True,HOME,False,False,DIRECT_REPORTED_CHAIN_COMPLETE,True
62598023.0,2,True,HOME,False,False,DIRECT_REPORTED_CHAIN_COMPLETE,True
62661971.0,4,True,HOME,False,False,DIRECT_REPORTED_CHAIN_COMPLETE,True
62672321.0,4,True,HOME,False,False,DIRECT_REPORTED_CHAIN_COMPLETE,True
62684851.0,2,True,HOME,False,False,DIRECT_REPORTED_CHAIN_COMPLETE,True
62749241.0,2,True,HOME,False,False,DIRECT_REPORTED_CHAIN_COMPLETE,True
63228341.0,4,True,HOME,False,False,DIRECT_REPORTED_CHAIN_COMPLETE,True
63292391.0,6,True,HOME,False,False,DIRECT_REPORTED_CHAIN_COMPLETE,True
63308272.0,3,True,HOME,False,False,DIRECT_REPORTED_CHAIN_COMPLETE,True
63405571.0,7,True,HOME,False,False,DIRECT_REPORTED_CHAIN_COMPLETE,True
63675941.0,2,True,HOME,False,False,DIRECT_REPORTED_CHAIN_COMPLETE,True
63741641.0,3,False,NON_HOME_UNKNOWN,False,False,DIRECT_REPORTED_CHAIN_COMPLETE,False
63866091.0,4,True,HOME,False,False,DIRECT_REPORTED_CHAIN_COMPLETE,True
63866092.0,4,True,HOME,False,False,DIRECT_REPORTED_CHAIN_COMPLETE,True
64356881.0,3,True,HOME,False,False,DIRECT_REPORTED_CHAIN_COMPLETE,True
64435131.0,4,True,HOME,False,False,DIRECT_REPORTED_CHAIN_COMPLETE,True
64666131.0,4,True,HOME,False,False,DIRECT_REPORTED_CHAIN_COMPLETE,True
64666132.0,4,True,HOME,False,False,DIRECT_REPORTED_CHAIN_COMPLETE,True
64666133.0,1,True,HOME,False,False,DIRECT_REPORTED_CHAIN_COMPLETE,True
64666134.0,2,False,HOME,False,True,DIRECT_REPORTED_CHAIN_COMPLETE,False
64843541.0,2,True,HOME,False,False,DIRECT_REPORTED_CHAIN_COMPLETE,True
64843542.0,2,True,HOME,False,False,DIRECT_REPORTED_CHAIN_COMPLETE,True
64940191.0,2,True,HOME,False,False,DIRECT_REPORTED_CHAIN_COMPLETE,True
64940192.0,2,True,HOME,False,False,DIRECT_REPORTED_CHAIN_COMPLETE,True
64947771.0,2,True,HOME,False,False,DIRECT_REPORTED_CHAIN_COMPLETE,True
64947772.0,2,True,HOME,False,False,DIRECT_REPORTED_CHAIN_COMPLETE,True
65007941.0,2,True,HOME,False,False,DIRECT_REPORTED_CHAIN_COMPLETE,True
65007942.0,4,True,HOME,False,False,DIRECT_REPORTED_CHAIN_COMPLETE,True
65054971.0,1,True,HOME,False,False,DIRECT_REPORTED_CHAIN_COMPLETE,True
65054972.0,1,True,HOME,False,False,DIRECT_REPORTED_CHAIN_COMPLETE,True
65054973.0,1,True,HOME,False,False,DIRECT_REPORTED_CHAIN_COMPLETE,True
65057931.0,5,True,HOME,False,False,DIRECT_REPORTED_CHAIN_COMPLETE,True
65057932.0,7,True,HOME,False,False,DIRECT_REPORTED_CHAIN_COMPLETE,True
65422721.0,3,True,HOME,False,False,DIRECT_REPORTED_CHAIN_COMPLETE,True
65422722.0,2,True,HOME,False,False,DIRECT_REPORTED_CHAIN_COMPLETE,True
65693051.0,4,True,HOME,False,False,DIRECT_REPORTED_CHAIN_COMPLETE,True
65861931.0,5,True,HOME,False,False,DIRECT_REPORTED_CHAIN_COMPLETE,True
65968641.0,3,True,HOME,False,False,MIXED_DIRECT_RBW_UNTIMED,False
65968642.0,5,True,HOME,False,False,DIRECT_REPORTED_CHAIN_COMPLETE,True
65968643.0,3,True,HOME,False,False,DIRECT_REPORTED_CHAIN_COMPLETE,True
66082881.0,3,True,HOME,False,False,DIRECT_REPORTED_CHAIN_COMPLETE,True
66082882.0,3,True,HOME,False,False,DIRECT_REPORTED_CHAIN_COMPLETE,True
67247951.0,3,False,NON_HOME_UNKNOWN,False,True,DIRECT_REPORTED_CHAIN_COMPLETE,False
67318951.0,5,True,HOME,False,False,DIRECT_REPORTED_CHAIN_COMPLETE,True
67572661.0,5,True,HOME,False,False,MIXED_DIRECT_RBW_UNTIMED,False
67585991.0,2,True,HOME,False,False,DIRECT_REPORTED_CHAIN_COMPLETE,True
68439591.0,3,True,HOME,False,False,DIRECT_REPORTED_CHAIN_COMPLETE,True
68459211.0,2,True,HOME,False,False,DIRECT_REPORTED_CHAIN_COMPLETE,True
68763942.0,4,True,HOME,False,False,DIRECT_REPORTED_CHAIN_COMPLETE,True
68763944.0,4,True,HOME,False,False,DIRECT_REPORTED_CHAIN_COMPLETE,True
69110301.0,3,True,HOME,False,False,DIRECT_REPORTED_CHAIN_COMPLETE,True
69160461.0,4,True,HOME,False,False,DIRECT_REPORTED_CHAIN_COMPLETE,True
69548641.0,2,True,HOME,False,False,DIRECT_REPORTED_CHAIN_COMPLETE,True
69548642.0,4,True,HOME,False,False,MIXED_DIRECT_RBW_UNTIMED,False
70030861.0,4,False,NON_HOME_UNKNOWN,False,False,DIRECT_REPORTED_CHAIN_COMPLETE,False
70155271.0,2,True,HOME,False,False,MIXED_DIRECT_RBW_UNTIMED,False
70242911.0,1,True,HOME,False,False,DIRECT_REPORTED_CHAIN_COMPLETE,True
70340951.0,2,False,NON_HOME_UNKNOWN,False,False,DIRECT_REPORTED_CHAIN_COMPLETE,False
70677151.0,2,True,HOME,False,False,DIRECT_REPORTED_CHAIN_COMPLETE,True
70709061.0,2,True,HOME,False,False,DIRECT_REPORTED_CHAIN_COMPLETE,True
70829541.0,4,True,HOME,False,False,MIXED_DIRECT_RBW_UNTIMED,False
70829542.0,6,False,HOME,True,False,DIRECT_REPORTED_CHAIN_COMPLETE,False
70936031.0,4,True,HOME,False,False,DIRECT_REPORTED_CHAIN_COMPLETE,True
71091571.0,9,True,HOME,False,False,DIRECT_REPORTED_CHAIN_COMPLETE,True
71758851.0,6,True,HOME,False,False,DIRECT_REPORTED_CHAIN_COMPLETE,True
72285711.0,2,True,HOME,False,False,DIRECT_REPORTED_CHAIN_COMPLETE,True
72285712.0,2,True,HOME,False,False,DIRECT_REPORTED_CHAIN_COMPLETE,True
72531301.0,2,False,NON_HOME_UNKNOWN,False,False,DIRECT_REPORTED_CHAIN_COMPLETE,False
72531302.0,6,True,HOME,False,False,DIRECT_REPORTED_CHAIN_COMPLETE,True
72531303.0,2,True,HOME,False,False,DIRECT_REPORTED_CHAIN_COMPLETE,True
72531304.0,2,True,HOME,False,False,DIRECT_REPORTED_CHAIN_COMPLETE,True
72585141.0,2,True,HOME,False,False,DIRECT_REPORTED_CHAIN_COMPLETE,True
72585142.0,2,True,HOME,False,False,DIRECT_REPORTED_CHAIN_COMPLETE,True
72933492.0,1,True,HOME,False,False,DIRECT_REPORTED_CHAIN_COMPLETE,True
72992151.0,7,False,UNKNOWN,False,False,DIRECT_REPORTED_CHAIN_COMPLETE,False
72992153.0,1,False,UNKNOWN,False,False,DIRECT_REPORTED_CHAIN_COMPLETE,False
73027631.0,4,False,UNKNOWN,False,False,DIRECT_REPORTED_CHAIN_COMPLETE,False
73102031.0,3,False,UNKNOWN,False,False,DIRECT_REPORTED_CHAIN_COMPLETE,False
74168021.0,5,True,HOME,False,False,DIRECT_REPORTED_CHAIN_COMPLETE,True
74908381.0,2,True,HOME,False,False,MIXED_DIRECT_RBW_UNTIMED,False
75181821.0,2,True,HOME,False,False,DIRECT_REPORTED_CHAIN_COMPLETE,True
75181822.0,2,True,HOME,False,False,DIRECT_REPORTED_CHAIN_COMPLETE,True
75181823.0,2,True,HOME,False,False,DIRECT_REPORTED_CHAIN_COMPLETE,True
75181824.0,4,True,HOME,False,False,DIRECT_REPORTED_CHAIN_COMPLETE,True
75181825.0,2,True,HOME,False,False,DIRECT_REPORTED_CHAIN_COMPLETE,True
75181826.0,3,True,HOME,False,False,DIRECT_REPORTED_CHAIN_COMPLETE,True
75566901.0,7,False,HOME,False,True,DIRECT_REPORTED_CHAIN_COMPLETE,False
75566902.0,4,False,UNKNOWN,False,False,DIRECT_REPORTED_CHAIN_COMPLETE,False
75957811.0,2,True,HOME,False,False,DIRECT_REPORTED_CHAIN_COMPLETE,True
75957812.0,2,True,HOME,False,False,DIRECT_REPORTED_CHAIN_COMPLETE,True
76153071.0,5,True,HOME,False,False,DIRECT_REPORTED_CHAIN_COMPLETE,True
76153072.0,5,True,HOME,False,False,DIRECT_REPORTED_CHAIN_COMPLETE,True
76159741.0,3,False,NON_HOME_UNKNOWN,False,False,DIRECT_REPORTED_CHAIN_COMPLETE,False
76799921.0,7,True,HOME,False,False,DIRECT_REPORTED_CHAIN_COMPLETE,True
76799922.0,3,False,NON_HOME_UNKNOWN,False,False,DIRECT_REPORTED_CHAIN_COMPLETE,False
76799923.0,5,True,HOME,False,False,DIRECT_REPORTED_CHAIN_COMPLETE,True
76799924.0,4,True,HOME,False,False,DIRECT_REPORTED_CHAIN_COMPLETE,True
76815841.0,4,True,HOME,False,False,DIRECT_REPORTED_CHAIN_COMPLETE,True
76815842.0,2,True,HOME,False,False,DIRECT_REPORTED_CHAIN_COMPLETE,True
77188661.0,7,True,HOME,False,False,DIRECT_REPORTED_CHAIN_COMPLETE,True
77302451.0,2,True,HOME,False,False,DIRECT_REPORTED_CHAIN_COMPLETE,True
77302452.0,6,True,HOME,False,False,DIRECT_REPORTED_CHAIN_COMPLETE,True
77302453.0,2,False,UNKNOWN,False,False,DIRECT_REPORTED_CHAIN_COMPLETE,False
77802541.0,4,True,HOME,False,False,DIRECT_REPORTED_CHAIN_COMPLETE,True
78118181.0,4,True,HOME,False,False,DIRECT_REPORTED_CHAIN_COMPLETE,True
78118182.0,2,True,HOME,False,False,DIRECT_REPORTED_CHAIN_COMPLETE,True
78216331.0,2,True,HOME,False,False,MIXED_DIRECT_RBW_UNTIMED,False
78534231.0,4,True,HOME,False,False,DIRECT_REPORTED_CHAIN_COMPLETE,True
78534232.0,2,False,UNKNOWN,False,False,DIRECT_REPORTED_CHAIN_COMPLETE,False
78534233.0,1,True,HOME,False,False,DIRECT_REPORTED_CHAIN_COMPLETE,True
78534234.0,4,True,HOME,False,False,DIRECT_REPORTED_CHAIN_COMPLETE,True
78632901.0,2,True,HOME,False,False,DIRECT_REPORTED_CHAIN_COMPLETE,True
78632902.0,2,True,HOME,False,False,DIRECT_REPORTED_CHAIN_COMPLETE,True
78632903.0,4,True,HOME,False,False,DIRECT_REPORTED_CHAIN_COMPLETE,True
78632905.0,2,True,HOME,False,False,DIRECT_REPORTED_CHAIN_COMPLETE,True
79066631.0,2,True,HOME,False,False,DIRECT_REPORTED_CHAIN_COMPLETE,True
79066632.0,2,True,HOME,False,False,DIRECT_REPORTED_CHAIN_COMPLETE,True
79514231.0,5,True,HOME,False,False,DIRECT_REPORTED_CHAIN_COMPLETE,True
79514232.0,3,True,HOME,False,False,DIRECT_REPORTED_CHAIN_COMPLETE,True
79847641.0,2,True,HOME,False,False,DIRECT_REPORTED_CHAIN_COMPLETE,True
79847642.0,4,True,HOME,False,False,MIXED_DIRECT_RBW_UNTIMED,False
79847643.0,1,False,NON_HOME_UNKNOWN,False,False,DIRECT_REPORTED_CHAIN_COMPLETE,False
80076551.0,4,True,HOME,False,False,DIRECT_REPORTED_CHAIN_COMPLETE,True
80360381.0,1,False,NON_HOME_UNKNOWN,False,False,DIRECT_REPORTED_CHAIN_COMPLETE,False
80360382.0,1,False,NON_HOME_UNKNOWN,False,False,DIRECT_REPORTED_CHAIN_COMPLETE,False
80360383.0,1,False,NON_HOME_UNKNOWN,False,False,DIRECT_REPORTED_CHAIN_COMPLETE,False
80360384.0,1,False,NON_HOME_UNKNOWN,False,False,DIRECT_REPORTED_CHAIN_COMPLETE,False
81184831.0,12,True,HOME,False,False,MIXED_DIRECT_RBW_PLUS_UNDETAILED,False
81613021.0,7,True,HOME,False,False,DIRECT_REPORTED_CHAIN_COMPLETE,True
81613022.0,7,True,HOME,False,False,DIRECT_REPORTED_CHAIN_COMPLETE,True
82037271.0,2,True,HOME,False,False,DIRECT_REPORTED_CHAIN_COMPLETE,True
82037272.0,4,True,HOME,False,False,DIRECT_REPORTED_CHAIN_COMPLETE,True
82037273.0,2,True,HOME,False,False,DIRECT_REPORTED_CHAIN_COMPLETE,True
82037274.0,2,True,HOME,False,False,DIRECT_REPORTED_CHAIN_COMPLETE,True
82037275.0,4,True,HOME,False,False,DIRECT_REPORTED_CHAIN_COMPLETE,True
82050941.0,2,True,HOME,False,False,DIRECT_REPORTED_CHAIN_COMPLETE,True
82050942.0,2,True,HOME,False,False,DIRECT_REPORTED_CHAIN_COMPLETE,True
82086991.0,4,True,HOME,False,False,DIRECT_REPORTED_CHAIN_COMPLETE,True
82086992.0,2,True,HOME,False,False,DIRECT_REPORTED_CHAIN_COMPLETE,True
82086993.0,2,True,HOME,False,False,DIRECT_REPORTED_CHAIN_COMPLETE,True
82115501.0,5,True,HOME,False,False,DIRECT_REPORTED_CHAIN_COMPLETE,True
82141471.0,3,True,HOME,False,False,DIRECT_REPORTED_CHAIN_COMPLETE,True
82141472.0,4,True,HOME,False,False,DIRECT_REPORTED_CHAIN_COMPLETE,True
82141473.0,4,True,HOME,False,False,DIRECT_REPORTED_CHAIN_COMPLETE,True
82141474.0,2,True,HOME,False,False,DIRECT_REPORTED_CHAIN_COMPLETE,True
82221961.0,4,False,NON_HOME_UNKNOWN,False,False,DIRECT_REPORTED_CHAIN_COMPLETE,False
82221962.0,2,True,HOME,False,False,DIRECT_REPORTED_CHAIN_COMPLETE,True
82227481.0,2,False,UNKNOWN,False,False,MIXED_DIRECT_RBW_UNTIMED,False
82227482.0,2,False,UNKNOWN,False,False,DIRECT_REPORTED_CHAIN_COMPLETE,False
82227483.0,2,False,UNKNOWN,False,False,DIRECT_REPORTED_CHAIN_COMPLETE,False
82227484.0,2,False,UNKNOWN,False,False,DIRECT_REPORTED_CHAIN_COMPLETE,False
82241901.0,3,True,HOME,False,False,DIRECT_REPORTED_CHAIN_COMPLETE,True
82305991.0,6,True,HOME,False,False,DIRECT_REPORTED_CHAIN_COMPLETE,True
82310842.0,5,True,HOME,False,False,DIRECT_REPORTED_CHAIN_COMPLETE,True
82333741.0,6,True,HOME,False,False,DIRECT_REPORTED_CHAIN_COMPLETE,True
82370241.0,4,True,HOME,False,False,DIRECT_REPORTED_CHAIN_COMPLETE,True
82400961.0,2,False,UNKNOWN,False,False,DIRECT_REPORTED_CHAIN_COMPLETE,False
82400962.0,4,False,UNKNOWN,False,False,DIRECT_REPORTED_CHAIN_COMPLETE,False
82432971.0,9,True,HOME,False,False,DIRECT_REPORTED_CHAIN_COMPLETE,True
82432972.0,5,True,HOME,False,False,DIRECT_REPORTED_CHAIN_COMPLETE,True
82455741.0,3,True,HOME,False,False,DIRECT_REPORTED_CHAIN_COMPLETE,True
82464641.0,1,True,HOME,False,False,DIRECT_REPORTED_CHAIN_COMPLETE,True
82510641.0,4,True,HOME,False,False,DIRECT_REPORTED_CHAIN_COMPLETE,True
82519501.0,6,True,HOME,False,False,DIRECT_REPORTED_CHAIN_COMPLETE,True
82534941.0,2,True,HOME,False,False,DIRECT_REPORTED_CHAIN_COMPLETE,True
82534942.0,4,True,HOME,False,False,DIRECT_REPORTED_CHAIN_COMPLETE,True
82534943.0,2,True,HOME,False,False,DIRECT_REPORTED_CHAIN_COMPLETE,True
82534944.0,2,True,HOME,False,False,DIRECT_REPORTED_CHAIN_COMPLETE,True
82590901.0,3,True,HOME,False,False,MIXED_DIRECT_RBW_UNTIMED,False
82591991.0,6,False,HOME,False,True,DIRECT_REPORTED_CHAIN_COMPLETE,False
82591992.0,8,False,UNKNOWN,False,False,DIRECT_REPORTED_CHAIN_COMPLETE,False
82591993.0,6,False,UNKNOWN,False,False,DIRECT_REPORTED_CHAIN_COMPLETE,False
82708291.0,1,False,NON_HOME_UNKNOWN,False,False,DIRECT_REPORTED_CHAIN_COMPLETE,False
82708292.0,1,False,NON_HOME_UNKNOWN,False,False,DIRECT_REPORTED_CHAIN_COMPLETE,False
82716051.0,1,True,HOME,False,False,DIRECT_REPORTED_CHAIN_COMPLETE,True
82716052.0,3,True,HOME,False,False,DIRECT_REPORTED_CHAIN_COMPLETE,True
82716053.0,2,True,HOME,False,False,DIRECT_REPORTED_CHAIN_COMPLETE,True
82735701.0,7,True,HOME,False,False,DIRECT_REPORTED_CHAIN_COMPLETE,True
82735702.0,2,True,HOME,False,False,DIRECT_REPORTED_CHAIN_COMPLETE,True
82735703.0,5,True,HOME,False,False,DIRECT_REPORTED_CHAIN_COMPLETE,True
82735704.0,2,True,HOME,False,False,DIRECT_REPORTED_CHAIN_COMPLETE,True
82755651.0,4,True,HOME,False,False,DIRECT_REPORTED_CHAIN_COMPLETE,True
82755652.0,4,True,HOME,False,False,DIRECT_REPORTED_CHAIN_COMPLETE,True
82755653.0,2,True,HOME,False,False,DIRECT_REPORTED_CHAIN_COMPLETE,True
82844551.0,2,True,HOME,False,False,DIRECT_REPORTED_CHAIN_COMPLETE,True
82848122.0,2,True,HOME,False,False,DIRECT_REPORTED_CHAIN_COMPLETE,True
82848831.0,6,True,HOME,False,False,DIRECT_REPORTED_CHAIN_COMPLETE,True
82852851.0,6,True,HOME,False,False,DIRECT_REPORTED_CHAIN_COMPLETE,True
82864081.0,6,True,HOME,False,False,DIRECT_REPORTED_CHAIN_COMPLETE,True
82864082.0,5,False,UNKNOWN,False,False,DIRECT_REPORTED_CHAIN_COMPLETE,False
82913541.0,2,True,HOME,False,False,DIRECT_REPORTED_CHAIN_COMPLETE,True
82913542.0,4,True,HOME,False,False,DIRECT_REPORTED_CHAIN_COMPLETE,True
82918631.0,1,True,HOME,False,False,DIRECT_REPORTED_CHAIN_COMPLETE,True
82951571.0,2,True,HOME,False,False,DIRECT_REPORTED_CHAIN_COMPLETE,True
82974811.0,2,True,HOME,False,False,DIRECT_REPORTED_CHAIN_COMPLETE,True
82974812.0,4,True,HOME,False,False,DIRECT_REPORTED_CHAIN_COMPLETE,True
82988631.0,7,True,HOME,False,False,DIRECT_REPORTED_CHAIN_COMPLETE,True
82988632.0,2,True,HOME,False,False,DIRECT_REPORTED_CHAIN_COMPLETE,True
82988633.0,4,True,HOME,False,False,DIRECT_REPORTED_CHAIN_COMPLETE,True
82988634.0,4,True,HOME,False,False,DIRECT_REPORTED_CHAIN_COMPLETE,True
83011191.0,5,True,HOME,False,False,DIRECT_REPORTED_CHAIN_COMPLETE,True
83028951.0,2,True,HOME,False,False,DIRECT_REPORTED_CHAIN_COMPLETE,True
83028952.0,2,True,HOME,False,False,DIRECT_REPORTED_CHAIN_COMPLETE,True
83089601.0,4,True,HOME,False,False,DIRECT_REPORTED_CHAIN_COMPLETE,True
83114021.0,4,True,HOME,False,False,DIRECT_REPORTED_CHAIN_COMPLETE,True
83114242.0,2,True,HOME,False,False,DIRECT_REPORTED_CHAIN_COMPLETE,True
83128011.0,4,True,HOME,False,False,DIRECT_REPORTED_CHAIN_COMPLETE,True
83130831.0,1,True,HOME,False,False,DIRECT_REPORTED_CHAIN_COMPLETE,True
83211211.0,4,True,HOME,False,False,DIRECT_REPORTED_CHAIN_COMPLETE,True
83255901.0,2,False,NON_HOME_UNKNOWN,False,False,DIRECT_REPORTED_CHAIN_COMPLETE,False
83255902.0,2,False,NON_HOME_UNKNOWN,False,False,DIRECT_REPORTED_CHAIN_COMPLETE,False
83272271.0,2,False,UNKNOWN,False,False,DIRECT_REPORTED_CHAIN_COMPLETE,False
83304621.0,5,True,HOME,False,False,DIRECT_REPORTED_CHAIN_COMPLETE,True
83304622.0,2,True,HOME,False,False,DIRECT_REPORTED_CHAIN_COMPLETE,True
83308141.0,11,True,HOME,False,False,MIXED_DIRECT_RBW_UNTIMED,False
83308142.0,4,True,HOME,False,False,DIRECT_REPORTED_CHAIN_COMPLETE,True
83345291.0,4,True,HOME,False,False,DIRECT_REPORTED_CHAIN_COMPLETE,True
83345292.0,2,True,HOME,False,False,DIRECT_REPORTED_CHAIN_COMPLETE,True
83363331.0,2,True,HOME,False,False,DIRECT_REPORTED_CHAIN_COMPLETE,True
83366251.0,2,False,NON_HOME_UNKNOWN,False,False,DIRECT_REPORTED_CHAIN_COMPLETE,False
83366451.0,2,True,HOME,False,False,DIRECT_REPORTED_CHAIN_COMPLETE,True
83383411.0,2,True,HOME,False,False,DIRECT_REPORTED_CHAIN_COMPLETE,True
83383412.0,3,True,HOME,False,False,DIRECT_REPORTED_CHAIN_COMPLETE,True
83383413.0,3,True,HOME,False,False,DIRECT_REPORTED_CHAIN_COMPLETE,True
83383414.0,3,True,HOME,False,False,DIRECT_REPORTED_CHAIN_COMPLETE,True
83411691.0,4,True,HOME,False,False,MIXED_DIRECT_RBW_UNTIMED,False
83453781.0,1,False,NON_HOME_UNKNOWN,False,False,DIRECT_REPORTED_CHAIN_COMPLETE,False
83479291.0,2,True,HOME,False,False,DIRECT_REPORTED_CHAIN_COMPLETE,True
83481081.0,5,True,HOME,False,False,DIRECT_REPORTED_CHAIN_COMPLETE,True
83492632.0,12,True,HOME,False,False,DIRECT_ROWS_ADDITIONAL_COUNT_UNKNOWN,False
83508601.0,2,True,HOME,False,False,DIRECT_REPORTED_CHAIN_COMPLETE,True
83539251.0,7,True,HOME,False,False,DIRECT_REPORTED_CHAIN_COMPLETE,True
83539252.0,3,False,UNKNOWN,False,False,DIRECT_REPORTED_CHAIN_COMPLETE,False
83571361.0,4,True,HOME,False,False,DIRECT_REPORTED_CHAIN_COMPLETE,True
83596961.0,2,True,HOME,False,False,DIRECT_REPORTED_CHAIN_COMPLETE,True
83606701.0,4,True,HOME,False,False,DIRECT_REPORTED_CHAIN_COMPLETE,True
83606702.0,4,True,HOME,False,False,DIRECT_REPORTED_CHAIN_COMPLETE,True
83606703.0,3,True,HOME,False,False,DIRECT_REPORTED_CHAIN_COMPLETE,True
83608251.0,2,True,HOME,False,False,DIRECT_REPORTED_CHAIN_COMPLETE,True
83614231.0,7,True,HOME,False,False,DIRECT_REPORTED_CHAIN_COMPLETE,True
83614232.0,3,True,HOME,False,False,DIRECT_REPORTED_CHAIN_COMPLETE,True
83624631.0,4,False,NON_HOME_UNKNOWN,False,False,DIRECT_REPORTED_CHAIN_COMPLETE,False
83624632.0,4,False,NON_HOME_UNKNOWN,False,False,DIRECT_REPORTED_CHAIN_COMPLETE,False
83656521.0,3,True,HOME,False,False,DIRECT_REPORTED_CHAIN_COMPLETE,True
83660261.0,4,True,HOME,False,False,DIRECT_REPORTED_CHAIN_COMPLETE,True
83704501.0,7,True,HOME,False,False,DIRECT_REPORTED_CHAIN_COMPLETE,True
83704502.0,4,True,HOME,False,False,DIRECT_REPORTED_CHAIN_COMPLETE,True
83704503.0,2,True,HOME,False,False,DIRECT_REPORTED_CHAIN_COMPLETE,True
83704504.0,2,True,HOME,False,False,DIRECT_REPORTED_CHAIN_COMPLETE,True
83746181.0,3,True,HOME,False,False,DIRECT_REPORTED_CHAIN_COMPLETE,True
83748891.0,5,True,HOME,False,False,DIRECT_REPORTED_CHAIN_COMPLETE,True
83772071.0,2,True,HOME,False,False,DIRECT_REPORTED_CHAIN_COMPLETE,True
83803591.0,2,True,HOME,False,False,DIRECT_REPORTED_CHAIN_COMPLETE,True
83807841.0,2,True,HOME,False,False,MIXED_DIRECT_RBW_UNTIMED,False
83807842.0,4,True,HOME,False,False,DIRECT_REPORTED_CHAIN_COMPLETE,True
83807843.0,2,True,HOME,False,False,DIRECT_REPORTED_CHAIN_COMPLETE,True
83818831.0,1,True,HOME,False,False,DIRECT_REPORTED_CHAIN_COMPLETE,True
83818833.0,2,True,HOME,False,False,DIRECT_REPORTED_CHAIN_COMPLETE,True
83886601.0,4,True,HOME,False,False,DIRECT_REPORTED_CHAIN_COMPLETE,True
83886602.0,9,True,HOME,False,False,DIRECT_REPORTED_CHAIN_COMPLETE,True
83896271.0,2,True,HOME,False,False,DIRECT_REPORTED_CHAIN_COMPLETE,True
83907101.0,6,True,HOME,False,False,DIRECT_REPORTED_CHAIN_COMPLETE,True
83912171.0,1,True,HOME,False,False,DIRECT_REPORTED_CHAIN_COMPLETE,True
83938331.0,4,False,NON_HOME_UNKNOWN,False,False,DIRECT_REPORTED_CHAIN_COMPLETE,False
83965971.0,7,True,HOME,False,False,DIRECT_REPORTED_CHAIN_COMPLETE,True
83965972.0,4,True,HOME,False,False,DIRECT_REPORTED_CHAIN_COMPLETE,True
83965973.0,2,True,HOME,False,False,DIRECT_REPORTED_CHAIN_COMPLETE,True
83990931.0,3,True,HOME,False,False,DIRECT_REPORTED_CHAIN_COMPLETE,True
83995761.0,2,True,HOME,False,False,DIRECT_REPORTED_CHAIN_COMPLETE,True
83995762.0,3,True,HOME,False,False,DIRECT_REPORTED_CHAIN_COMPLETE,True
84005001.0,2,True,HOME,False,False,MIXED_DIRECT_RBW_UNTIMED,False
84005003.0,3,False,HOME,True,False,MIXED_DIRECT_RBW_UNTIMED,False
84010661.0,6,False,NON_HOME_UNKNOWN,False,False,DIRECT_REPORTED_CHAIN_COMPLETE,False
84016221.0,3,True,HOME,False,False,DIRECT_REPORTED_CHAIN_COMPLETE,True
84016222.0,4,True,HOME,False,False,DIRECT_REPORTED_CHAIN_COMPLETE,True
84063941.0,5,True,HOME,False,False,DIRECT_REPORTED_CHAIN_COMPLETE,True
84216921.0,3,True,HOME,False,False,DIRECT_REPORTED_CHAIN_COMPLETE,True
84216922.0,3,True,HOME,False,False,DIRECT_REPORTED_CHAIN_COMPLETE,True
84244441.0,2,True,HOME,False,False,DIRECT_REPORTED_CHAIN_COMPLETE,True
84244442.0,6,True,HOME,False,False,DIRECT_REPORTED_CHAIN_COMPLETE,True
84244443.0,2,True,HOME,False,False,DIRECT_REPORTED_CHAIN_COMPLETE,True
84244444.0,2,True,HOME,False,False,DIRECT_REPORTED_CHAIN_COMPLETE,True
84256941.0,4,False,NON_HOME_UNKNOWN,False,False,DIRECT_REPORTED_CHAIN_COMPLETE,False
84256942.0,5,True,HOME,False,False,DIRECT_REPORTED_CHAIN_COMPLETE,True
84256943.0,2,True,HOME,False,False,DIRECT_REPORTED_CHAIN_COMPLETE,True
84256944.0,2,True,HOME,False,False,DIRECT_REPORTED_CHAIN_COMPLETE,True
84256945.0,2,True,HOME,False,False,DIRECT_REPORTED_CHAIN_COMPLETE,True
84308261.0,4,True,HOME,False,False,DIRECT_REPORTED_CHAIN_COMPLETE,True
84308871.0,5,True,HOME,False,False,DIRECT_REPORTED_CHAIN_COMPLETE,True
84308872.0,5,True,HOME,False,False,DIRECT_REPORTED_CHAIN_COMPLETE,True
84396841.0,4,True,HOME,False,False,DIRECT_REPORTED_CHAIN_COMPLETE,True
84428171.0,5,True,HOME,False,False,DIRECT_REPORTED_CHAIN_COMPLETE,True
84442631.0,1,False,NON_HOME_UNKNOWN,False,False,DIRECT_REPORTED_CHAIN_COMPLETE,False
84452541.0,1,True,HOME,False,False,DIRECT_REPORTED_CHAIN_COMPLETE,True
84452542.0,1,True,HOME,False,False,DIRECT_REPORTED_CHAIN_COMPLETE,True
84518461.0,5,True,HOME,False,False,MIXED_DIRECT_RBW_UNTIMED,False
84543541.0,2,True,HOME,False,False,DIRECT_REPORTED_CHAIN_COMPLETE,True
84559081.0,3,True,HOME,False,False,DIRECT_REPORTED_CHAIN_COMPLETE,True
84618781.0,2,True,HOME,False,False,DIRECT_REPORTED_CHAIN_COMPLETE,True
84620091.0,2,False,UNKNOWN,False,False,DIRECT_REPORTED_CHAIN_COMPLETE,False
84648171.0,2,True,HOME,False,False,DIRECT_REPORTED_CHAIN_COMPLETE,True
84712271.0,2,True,HOME,False,False,DIRECT_REPORTED_CHAIN_COMPLETE,True
84712272.0,2,True,HOME,False,False,DIRECT_REPORTED_CHAIN_COMPLETE,True
84712273.0,4,True,HOME,False,False,DIRECT_REPORTED_CHAIN_COMPLETE,True
84712274.0,4,True,HOME,False,False,DIRECT_REPORTED_CHAIN_COMPLETE,True
84740161.0,4,True,HOME,False,False,DIRECT_REPORTED_CHAIN_COMPLETE,True
84834021.0,2,True,HOME,False,False,MIXED_DIRECT_RBW_UNTIMED,False
84862331.0,3,True,HOME,False,False,DIRECT_REPORTED_CHAIN_COMPLETE,True
84870271.0,5,True,HOME,False,False,DIRECT_REPORTED_CHAIN_COMPLETE,True
84883861.0,2,True,HOME,False,False,DIRECT_REPORTED_CHAIN_COMPLETE,True
84888031.0,4,True,HOME,False,False,DIRECT_REPORTED_CHAIN_COMPLETE,True
84891861.0,2,True,HOME,False,False,DIRECT_REPORTED_CHAIN_COMPLETE,True
84925701.0,4,True,HOME,False,False,MIXED_DIRECT_RBW_UNTIMED,False
84925702.0,4,True,HOME,False,False,DIRECT_REPORTED_CHAIN_COMPLETE,True
84956931.0,4,True,HOME,False,False,DIRECT_REPORTED_CHAIN_COMPLETE,True
84959431.0,11,True,HOME,False,False,DIRECT_REPORTED_CHAIN_COMPLETE,True
84983471.0,5,True,HOME,False,False,DIRECT_REPORTED_CHAIN_COMPLETE,True
85001981.0,3,True,HOME,False,False,DIRECT_REPORTED_CHAIN_COMPLETE,True
85006081.0,2,False,NON_HOME_UNKNOWN,False,False,DIRECT_REPORTED_CHAIN_COMPLETE,False
85006082.0,2,True,HOME,False,False,DIRECT_REPORTED_CHAIN_COMPLETE,True
85066061.0,2,True,HOME,False,False,DIRECT_REPORTED_CHAIN_COMPLETE,True
85066062.0,6,True,HOME,False,False,DIRECT_REPORTED_CHAIN_COMPLETE,True
85066063.0,2,True,HOME,False,False,DIRECT_REPORTED_CHAIN_COMPLETE,True
85066064.0,2,True,HOME,False,False,DIRECT_REPORTED_CHAIN_COMPLETE,True
85105551.0,2,True,HOME,False,False,DIRECT_REPORTED_CHAIN_COMPLETE,True
85105552.0,3,True,HOME,False,False,DIRECT_REPORTED_CHAIN_COMPLETE,True
85124241.0,2,True,HOME,False,False,DIRECT_REPORTED_CHAIN_COMPLETE,True
85124242.0,2,True,HOME,False,False,DIRECT_REPORTED_CHAIN_COMPLETE,True
85124243.0,2,True,HOME,False,False,DIRECT_REPORTED_CHAIN_COMPLETE,True
85124244.0,2,True,HOME,False,False,DIRECT_REPORTED_CHAIN_COMPLETE,True
85124245.0,2,True,HOME,False,False,DIRECT_REPORTED_CHAIN_COMPLETE,True
85131751.0,2,True,HOME,False,False,DIRECT_REPORTED_CHAIN_COMPLETE,True
85150561.0,2,True,HOME,False,False,DIRECT_REPORTED_CHAIN_COMPLETE,True
85150562.0,2,True,HOME,False,False,DIRECT_REPORTED_CHAIN_COMPLETE,True
85152401.0,4,False,UNKNOWN,False,False,DIRECT_REPORTED_CHAIN_COMPLETE,False
85152402.0,5,False,UNKNOWN,False,False,DIRECT_REPORTED_CHAIN_COMPLETE,False
85159702.0,7,False,HOME,True,False,DIRECT_REPORTED_CHAIN_COMPLETE,False
85206261.0,3,True,HOME,False,False,DIRECT_REPORTED_CHAIN_COMPLETE,True
85209651.0,2,False,UNKNOWN,False,False,DIRECT_REPORTED_CHAIN_COMPLETE,False
85225961.0,2,True,HOME,False,False,DIRECT_REPORTED_CHAIN_COMPLETE,True
85242532.0,2,True,HOME,False,False,DIRECT_REPORTED_CHAIN_COMPLETE,True
85242533.0,4,True,HOME,False,False,DIRECT_REPORTED_CHAIN_COMPLETE,True
85242534.0,3,True,HOME,False,False,DIRECT_REPORTED_CHAIN_COMPLETE,True
85292111.0,2,True,HOME,False,False,DIRECT_REPORTED_CHAIN_COMPLETE,True
85316241.0,2,True,HOME,False,False,DIRECT_REPORTED_CHAIN_COMPLETE,True
85316243.0,2,True,HOME,False,False,DIRECT_REPORTED_CHAIN_COMPLETE,True
85316244.0,2,True,HOME,False,False,DIRECT_REPORTED_CHAIN_COMPLETE,True
85316245.0,2,True,HOME,False,False,DIRECT_REPORTED_CHAIN_COMPLETE,True
85437941.0,2,True,HOME,False,False,DIRECT_REPORTED_CHAIN_COMPLETE,True
85534551.0,4,True,HOME,False,False,DIRECT_REPORTED_CHAIN_COMPLETE,True
85534552.0,4,True,HOME,False,False,DIRECT_REPORTED_CHAIN_COMPLETE,True
85552141.0,4,True,HOME,False,False,DIRECT_REPORTED_CHAIN_COMPLETE,True
85552142.0,4,True,HOME,False,False,DIRECT_REPORTED_CHAIN_COMPLETE,True
85573081.0,2,True,HOME,False,False,DIRECT_REPORTED_CHAIN_COMPLETE,True
85653681.0,2,True,HOME,False,False,DIRECT_REPORTED_CHAIN_COMPLETE,True
85653682.0,3,True,HOME,False,False,DIRECT_REPORTED_CHAIN_COMPLETE,True
85690711.0,6,True,HOME,False,False,DIRECT_REPORTED_CHAIN_COMPLETE,True
85696231.0,2,False,NON_HOME_UNKNOWN,False,False,DIRECT_REPORTED_CHAIN_COMPLETE,False
85745931.0,5,True,HOME,False,False,DIRECT_REPORTED_CHAIN_COMPLETE,True
85757231.0,4,True,HOME,False,False,DIRECT_REPORTED_CHAIN_COMPLETE,True
85757232.0,2,False,UNKNOWN,False,False,DIRECT_REPORTED_CHAIN_COMPLETE,False
85769021.0,2,True,HOME,False,False,DIRECT_REPORTED_CHAIN_COMPLETE,True
85779481.0,4,True,HOME,False,False,DIRECT_REPORTED_CHAIN_COMPLETE,True
85939581.0,2,True,HOME,False,False,DIRECT_REPORTED_CHAIN_COMPLETE,True
85939582.0,2,True,HOME,False,False,DIRECT_REPORTED_CHAIN_COMPLETE,True
85939583.0,2,True,HOME,False,False,DIRECT_REPORTED_CHAIN_COMPLETE,True
85970161.0,7,True,HOME,False,False,DIRECT_REPORTED_CHAIN_COMPLETE,True
85980181.0,3,True,HOME,False,False,DIRECT_REPORTED_CHAIN_COMPLETE,True
86006001.0,8,True,HOME,False,False,DIRECT_ROWS_UNDETAILED_PLUS_RBW_UNKNOWN,False
86006002.0,5,True,HOME,False,False,DIRECT_REPORTED_CHAIN_COMPLETE,True
86006003.0,4,True,HOME,False,False,DIRECT_REPORTED_CHAIN_COMPLETE,True
86006004.0,4,True,HOME,False,False,DIRECT_REPORTED_CHAIN_COMPLETE,True
86070681.0,4,True,HOME,False,False,DIRECT_REPORTED_CHAIN_COMPLETE,True
86073551.0,2,True,HOME,False,False,DIRECT_REPORTED_CHAIN_COMPLETE,True
86074431.0,4,True,HOME,False,False,DIRECT_REPORTED_CHAIN_COMPLETE,True
86103701.0,4,True,HOME,False,False,DIRECT_REPORTED_CHAIN_COMPLETE,True
86103702.0,2,True,HOME,False,False,DIRECT_REPORTED_CHAIN_COMPLETE,True
86103703.0,2,True,HOME,False,False,DIRECT_REPORTED_CHAIN_COMPLETE,True
86123731.0,4,True,HOME,False,False,DIRECT_REPORTED_CHAIN_COMPLETE,True
86145371.0,3,True,HOME,False,False,DIRECT_REPORTED_CHAIN_COMPLETE,True
86181811.0,2,True,HOME,False,False,DIRECT_REPORTED_CHAIN_COMPLETE,True
86223001.0,4,False,UNKNOWN,False,True,MIXED_DIRECT_RBW_UNTIMED,False
86419001.0,3,True,HOME,False,False,DIRECT_REPORTED_CHAIN_COMPLETE,True
86499251.0,2,True,HOME,False,False,MIXED_DIRECT_RBW_UNTIMED,False
86499252.0,4,True,HOME,False,False,DIRECT_REPORTED_CHAIN_COMPLETE,True
86499253.0,4,True,HOME,False,False,DIRECT_REPORTED_CHAIN_COMPLETE,True
86537401.0,7,True,HOME,False,False,DIRECT_REPORTED_CHAIN_COMPLETE,True
86550281.0,4,True,HOME,False,False,DIRECT_REPORTED_CHAIN_COMPLETE,True
86550282.0,4,True,HOME,False,False,DIRECT_REPORTED_CHAIN_COMPLETE,True
86565541.0,7,True,HOME,False,False,DIRECT_REPORTED_CHAIN_COMPLETE,True
86565542.0,3,True,HOME,False,False,DIRECT_REPORTED_CHAIN_COMPLETE,True
86565543.0,3,True,HOME,False,False,DIRECT_REPORTED_CHAIN_COMPLETE,True
86565544.0,3,True,HOME,False,False,DIRECT_REPORTED_CHAIN_COMPLETE,True
86565545.0,4,True,HOME,False,False,DIRECT_REPORTED_CHAIN_COMPLETE,True
86674331.0,4,True,HOME,False,False,DIRECT_REPORTED_CHAIN_COMPLETE,True
86674332.0,4,True,HOME,False,False,DIRECT_REPORTED_CHAIN_COMPLETE,True
86674333.0,2,True,HOME,False,False,DIRECT_REPORTED_CHAIN_COMPLETE,True
86675941.0,4,True,HOME,False,False,DIRECT_REPORTED_CHAIN_COMPLETE,True
86675942.0,4,False,NON_HOME_UNKNOWN,False,False,DIRECT_REPORTED_CHAIN_COMPLETE,False
86675943.0,4,False,NON_HOME_UNKNOWN,False,False,DIRECT_REPORTED_CHAIN_COMPLETE,False
86745951.0,11,True,HOME,False,False,DIRECT_REPORTED_CHAIN_COMPLETE,True
86895551.0,4,True,HOME,False,False,DIRECT_REPORTED_CHAIN_COMPLETE,True
86895552.0,4,True,HOME,False,False,DIRECT_REPORTED_CHAIN_COMPLETE,True
86912431.0,4,True,HOME,False,False,DIRECT_REPORTED_CHAIN_COMPLETE,True
86912432.0,4,True,HOME,False,False,DIRECT_REPORTED_CHAIN_COMPLETE,True
86912433.0,4,True,HOME,False,False,DIRECT_REPORTED_CHAIN_COMPLETE,True
86912434.0,4,True,HOME,False,False,DIRECT_REPORTED_CHAIN_COMPLETE,True
86947411.0,7,True,HOME,False,False,DIRECT_REPORTED_CHAIN_COMPLETE,True
86973861.0,5,True,HOME,False,False,DIRECT_REPORTED_CHAIN_COMPLETE,True
86986541.0,2,True,HOME,False,False,DIRECT_REPORTED_CHAIN_COMPLETE,True
86986542.0,2,True,HOME,False,False,DIRECT_REPORTED_CHAIN_COMPLETE,True
86986871.0,2,True,HOME,False,False,DIRECT_REPORTED_CHAIN_COMPLETE,True
86986872.0,2,False,NON_HOME_UNKNOWN,False,False,DIRECT_REPORTED_CHAIN_COMPLETE,False
86986873.0,2,True,HOME,False,False,DIRECT_REPORTED_CHAIN_COMPLETE,True
86988301.0,4,False,UNKNOWN,False,False,DIRECT_REPORTED_CHAIN_COMPLETE,False
86994061.0,4,True,HOME,False,False,DIRECT_REPORTED_CHAIN_COMPLETE,True
87005931.0,3,True,HOME,False,False,DIRECT_REPORTED_CHAIN_COMPLETE,True
87007911.0,4,True,HOME,False,False,DIRECT_REPORTED_CHAIN_COMPLETE,True
87045021.0,2,True,HOME,False,False,DIRECT_REPORTED_CHAIN_COMPLETE,True
87045022.0,4,True,HOME,False,False,DIRECT_REPORTED_CHAIN_COMPLETE,True
87045023.0,5,False,UNKNOWN,False,True,DIRECT_REPORTED_CHAIN_COMPLETE,False
87046241.0,8,True,HOME,False,False,MIXED_DIRECT_RBW_UNTIMED,False
87116011.0,2,True,HOME,False,False,DIRECT_REPORTED_CHAIN_COMPLETE,True
87116013.0,2,True,HOME,False,False,DIRECT_REPORTED_CHAIN_COMPLETE,True
87153721.0,8,True,HOME,False,False,DIRECT_REPORTED_CHAIN_COMPLETE,True
87153722.0,6,True,HOME,False,False,DIRECT_REPORTED_CHAIN_COMPLETE,True
87170311.0,6,True,HOME,False,False,DIRECT_REPORTED_CHAIN_COMPLETE,True
87170312.0,4,True,HOME,False,False,DIRECT_REPORTED_CHAIN_COMPLETE,True
87170313.0,2,True,HOME,False,False,DIRECT_REPORTED_CHAIN_COMPLETE,True
87170314.0,4,True,HOME,False,False,DIRECT_REPORTED_CHAIN_COMPLETE,True
87193371.0,2,True,HOME,False,False,DIRECT_REPORTED_CHAIN_COMPLETE,True
87193372.0,1,True,HOME,False,False,DIRECT_REPORTED_CHAIN_COMPLETE,True
87226811.0,3,True,HOME,False,False,DIRECT_REPORTED_CHAIN_COMPLETE,True
87228881.0,1,False,NON_HOME_UNKNOWN,False,False,DIRECT_REPORTED_CHAIN_COMPLETE,False
87228882.0,1,False,NON_HOME_UNKNOWN,False,False,DIRECT_REPORTED_CHAIN_COMPLETE,False
87235491.0,2,True,HOME,False,False,MIXED_DIRECT_RBW_UNTIMED,False
87235492.0,6,True,HOME,False,False,DIRECT_REPORTED_CHAIN_COMPLETE,True
87255141.0,2,True,HOME,False,False,DIRECT_REPORTED_CHAIN_COMPLETE,True
87261521.0,2,True,HOME,False,False,DIRECT_REPORTED_CHAIN_COMPLETE,True
87261522.0,5,True,HOME,False,False,DIRECT_REPORTED_CHAIN_COMPLETE,True
87266991.0,3,True,HOME,False,False,DIRECT_REPORTED_CHAIN_COMPLETE,True
87363511.0,7,True,HOME,False,False,DIRECT_REPORTED_CHAIN_COMPLETE,True
87391761.0,3,True,HOME,False,False,DIRECT_REPORTED_CHAIN_COMPLETE,True
88345192.0,2,True,HOME,False,False,DIRECT_REPORTED_CHAIN_COMPLETE,True
88465511.0,4,True,HOME,False,False,DIRECT_REPORTED_CHAIN_COMPLETE,True
88465512.0,4,True,HOME,False,False,DIRECT_REPORTED_CHAIN_COMPLETE,True
88526571.0,3,True,HOME,False,False,DIRECT_REPORTED_CHAIN_COMPLETE,True
88526572.0,6,True,HOME,False,False,DIRECT_REPORTED_CHAIN_COMPLETE,True
88526573.0,6,True,HOME,False,False,DIRECT_REPORTED_CHAIN_COMPLETE,True
88604471.0,2,True,HOME,False,False,DIRECT_REPORTED_CHAIN_COMPLETE,True
88604472.0,1,True,HOME,False,False,DIRECT_REPORTED_CHAIN_COMPLETE,True
88604473.0,2,True,HOME,False,False,DIRECT_REPORTED_CHAIN_COMPLETE,True
88782101.0,5,True,HOME,False,False,DIRECT_REPORTED_CHAIN_COMPLETE,True
88782102.0,3,True,HOME,False,False,DIRECT_REPORTED_CHAIN_COMPLETE,True
88782103.0,5,True,HOME,False,False,DIRECT_REPORTED_CHAIN_COMPLETE,True
88782104.0,3,True,HOME,False,False,DIRECT_REPORTED_CHAIN_COMPLETE,True
88814681.0,2,True,HOME,False,False,DIRECT_REPORTED_CHAIN_COMPLETE,True
88814682.0,2,True,HOME,False,False,DIRECT_REPORTED_CHAIN_COMPLETE,True
88814683.0,2,True,HOME,False,False,DIRECT_REPORTED_CHAIN_COMPLETE,True
88912401.0,4,True,HOME,False,False,DIRECT_REPORTED_CHAIN_COMPLETE,True
88912402.0,4,True,HOME,False,False,DIRECT_REPORTED_CHAIN_COMPLETE,True
89150071.0,2,True,HOME,False,False,DIRECT_REPORTED_CHAIN_COMPLETE,True
89172031.0,2,True,HOME,False,False,DIRECT_REPORTED_CHAIN_COMPLETE,True
89794951.0,4,False,NON_HOME_UNKNOWN,False,False,MIXED_DIRECT_RBW_UNTIMED,False
90058381.0,2,True,HOME,False,False,DIRECT_REPORTED_CHAIN_COMPLETE,True
90067951.0,2,True,HOME,False,False,DIRECT_REPORTED_CHAIN_COMPLETE,True
90067952.0,4,True,HOME,False,False,DIRECT_REPORTED_CHAIN_COMPLETE,True
90346571.0,4,True,HOME,False,False,DIRECT_REPORTED_CHAIN_COMPLETE,True
90654441.0,4,True,HOME,False,False,DIRECT_REPORTED_CHAIN_COMPLETE,True
90654442.0,8,True,HOME,False,False,DIRECT_REPORTED_CHAIN_COMPLETE,True
90776391.0,4,True,HOME,False,False,DIRECT_ROWS_RBW_COUNT_UNKNOWN,False
90776392.0,2,True,HOME,False,False,DIRECT_REPORTED_CHAIN_COMPLETE,True
91138361.0,8,True,HOME,False,False,MIXED_DIRECT_RBW_UNTIMED,False
91144321.0,2,True,HOME,False,False,DIRECT_REPORTED_CHAIN_COMPLETE,True
91144322.0,2,True,HOME,False,False,DIRECT_REPORTED_CHAIN_COMPLETE,True
91400761.0,5,True,HOME,False,False,DIRECT_REPORTED_CHAIN_COMPLETE,True
91579991.0,6,True,HOME,False,False,DIRECT_REPORTED_CHAIN_COMPLETE,True
91595421.0,3,False,UNKNOWN,False,False,DIRECT_REPORTED_CHAIN_COMPLETE,False
91595422.0,2,False,UNKNOWN,False,False,DIRECT_REPORTED_CHAIN_COMPLETE,False
91672531.0,6,True,HOME,False,False,DIRECT_ROWS_RBW_COUNT_UNKNOWN,False
91883651.0,2,False,UNKNOWN,False,False,DIRECT_REPORTED_CHAIN_COMPLETE,False
91883652.0,2,False,UNKNOWN,False,False,DIRECT_REPORTED_CHAIN_COMPLETE,False
91883653.0,2,False,UNKNOWN,False,False,DIRECT_REPORTED_CHAIN_COMPLETE,False
92024341.0,5,True,HOME,False,False,DIRECT_REPORTED_CHAIN_COMPLETE,True
92024342.0,4,True,HOME,False,False,DIRECT_REPORTED_CHAIN_COMPLETE,True
92817921.0,6,True,HOME,False,False,DIRECT_REPORTED_CHAIN_COMPLETE,True
92817922.0,2,False,UNKNOWN,False,False,DIRECT_REPORTED_CHAIN_COMPLETE,False
92818611.0,2,True,HOME,False,False,DIRECT_REPORTED_CHAIN_COMPLETE,True
92818612.0,5,True,HOME,False,False,DIRECT_REPORTED_CHAIN_COMPLETE,True
92818613.0,3,True,HOME,False,False,DIRECT_REPORTED_CHAIN_COMPLETE,True
92821161.0,1,True,HOME,False,False,DIRECT_REPORTED_CHAIN_COMPLETE,True
92821162.0,1,True,HOME,False,False,DIRECT_REPORTED_CHAIN_COMPLETE,True
92821771.0,2,True,HOME,False,False,DIRECT_REPORTED_CHAIN_COMPLETE,True
92822751.0,2,True,HOME,False,False,DIRECT_REPORTED_CHAIN_COMPLETE,True
92822752.0,3,True,HOME,False,False,DIRECT_REPORTED_CHAIN_COMPLETE,True
92822753.0,2,True,HOME,False,False,DIRECT_REPORTED_CHAIN_COMPLETE,True
92822901.0,4,True,HOME,False,False,DIRECT_REPORTED_CHAIN_COMPLETE,True
92822902.0,6,True,HOME,False,False,DIRECT_REPORTED_CHAIN_COMPLETE,True
92824521.0,5,True,HOME,False,False,DIRECT_REPORTED_CHAIN_COMPLETE,True
92826011.0,2,True,HOME,False,False,DIRECT_REPORTED_CHAIN_COMPLETE,True
92826012.0,4,True,HOME,False,False,DIRECT_REPORTED_CHAIN_COMPLETE,True
92826013.0,4,True,HOME,False,False,DIRECT_REPORTED_CHAIN_COMPLETE,True
92828421.0,2,True,HOME,False,False,DIRECT_REPORTED_CHAIN_COMPLETE,True
92829241.0,2,True,HOME,False,False,DIRECT_REPORTED_CHAIN_COMPLETE,True
92829242.0,5,True,HOME,False,False,DIRECT_REPORTED_CHAIN_COMPLETE,True
92829243.0,2,True,HOME,False,False,DIRECT_REPORTED_CHAIN_COMPLETE,True
92829244.0,2,True,HOME,False,False,DIRECT_REPORTED_CHAIN_COMPLETE,True
92833991.0,2,True,HOME,False,False,DIRECT_REPORTED_CHAIN_COMPLETE,True
92833992.0,4,True,HOME,False,False,DIRECT_REPORTED_CHAIN_COMPLETE,True
92834091.0,3,True,HOME,False,False,DIRECT_REPORTED_CHAIN_COMPLETE,True
92834092.0,3,True,HOME,False,False,DIRECT_REPORTED_CHAIN_COMPLETE,True
92834211.0,8,True,HOME,False,False,DIRECT_ROWS_RBW_COUNT_UNKNOWN,False
92834212.0,4,True,HOME,False,False,DIRECT_REPORTED_CHAIN_COMPLETE,True
92834213.0,3,True,HOME,False,False,DIRECT_REPORTED_CHAIN_COMPLETE,True
92834214.0,6,True,HOME,False,False,DIRECT_ROWS_RBW_COUNT_UNKNOWN,False
92836051.0,2,False,UNKNOWN,False,False,DIRECT_REPORTED_CHAIN_COMPLETE,False
92836052.0,3,True,HOME,False,False,MIXED_DIRECT_RBW_UNTIMED,False
92836701.0,3,True,HOME,False,False,DIRECT_REPORTED_CHAIN_COMPLETE,True
92837271.0,2,True,HOME,False,False,DIRECT_REPORTED_CHAIN_COMPLETE,True
92837481.0,4,True,HOME,False,False,DIRECT_REPORTED_CHAIN_COMPLETE,True
92838911.0,5,True,HOME,False,False,DIRECT_REPORTED_CHAIN_COMPLETE,True
92838912.0,4,True,HOME,False,False,DIRECT_REPORTED_CHAIN_COMPLETE,True
92839001.0,2,True,HOME,False,False,DIRECT_REPORTED_CHAIN_COMPLETE,True
92839002.0,2,True,HOME,False,False,DIRECT_REPORTED_CHAIN_COMPLETE,True
92839003.0,2,True,HOME,False,False,DIRECT_REPORTED_CHAIN_COMPLETE,True
92839004.0,2,True,HOME,False,False,DIRECT_REPORTED_CHAIN_COMPLETE,True
92839041.0,1,True,HOME,False,False,DIRECT_REPORTED_CHAIN_COMPLETE,True
92839042.0,3,False,UNKNOWN,False,False,DIRECT_REPORTED_CHAIN_COMPLETE,False
92839741.0,4,True,HOME,False,False,DIRECT_REPORTED_CHAIN_COMPLETE,True
92839742.0,3,True,HOME,False,False,DIRECT_REPORTED_CHAIN_COMPLETE,True
92840152.0,3,True,HOME,False,False,DIRECT_REPORTED_CHAIN_COMPLETE,True
92840511.0,4,True,HOME,False,False,MIXED_DIRECT_RBW_UNTIMED,False
92840512.0,2,True,HOME,False,False,DIRECT_REPORTED_CHAIN_COMPLETE,True
92840591.0,1,True,HOME,False,False,DIRECT_REPORTED_CHAIN_COMPLETE,True
92840592.0,1,True,HOME,False,False,DIRECT_REPORTED_CHAIN_COMPLETE,True
92843551.0,4,True,HOME,False,False,DIRECT_REPORTED_CHAIN_COMPLETE,True
92849871.0,6,True,HOME,False,False,DIRECT_REPORTED_CHAIN_COMPLETE,True
92853921.0,5,False,UNKNOWN,False,False,DIRECT_REPORTED_CHAIN_COMPLETE,False
92853922.0,3,True,HOME,False,False,DIRECT_REPORTED_CHAIN_COMPLETE,True
92854541.0,4,True,HOME,False,False,DIRECT_REPORTED_CHAIN_COMPLETE,True
92854542.0,5,True,HOME,False,False,DIRECT_REPORTED_CHAIN_COMPLETE,True
92854543.0,2,True,HOME,False,False,DIRECT_REPORTED_CHAIN_COMPLETE,True
92854544.0,3,True,HOME,False,False,DIRECT_REPORTED_CHAIN_COMPLETE,True
92855211.0,4,True,HOME,False,False,DIRECT_REPORTED_CHAIN_COMPLETE,True
92856881.0,5,True,HOME,False,False,DIRECT_REPORTED_CHAIN_COMPLETE,True
92856882.0,3,True,HOME,False,False,DIRECT_ROWS_RBW_COUNT_UNKNOWN,False
92856883.0,4,True,HOME,False,False,DIRECT_REPORTED_CHAIN_COMPLETE,True
92856884.0,5,True,HOME,False,False,DIRECT_REPORTED_CHAIN_COMPLETE,True
92858251.0,3,True,HOME,False,False,DIRECT_REPORTED_CHAIN_COMPLETE,True
92858441.0,4,True,HOME,False,False,DIRECT_REPORTED_CHAIN_COMPLETE,True
92858442.0,2,True,HOME,False,False,DIRECT_REPORTED_CHAIN_COMPLETE,True
92858443.0,4,True,HOME,False,False,DIRECT_REPORTED_CHAIN_COMPLETE,True
92858444.0,6,True,HOME,False,False,DIRECT_REPORTED_CHAIN_COMPLETE,True
92858501.0,3,True,HOME,False,False,DIRECT_REPORTED_CHAIN_COMPLETE,True
92859351.0,2,True,HOME,False,False,DIRECT_REPORTED_CHAIN_COMPLETE,True
92859401.0,3,True,HOME,False,False,DIRECT_REPORTED_CHAIN_COMPLETE,True
92859403.0,2,True,HOME,False,False,DIRECT_REPORTED_CHAIN_COMPLETE,True
92859404.0,2,True,HOME,False,False,DIRECT_REPORTED_CHAIN_COMPLETE,True
92861451.0,2,True,HOME,False,False,DIRECT_REPORTED_CHAIN_COMPLETE,True
92861452.0,1,True,HOME,False,False,MIXED_DIRECT_RBW_UNTIMED,False
92861461.0,2,True,HOME,False,False,DIRECT_REPORTED_CHAIN_COMPLETE,True
92864481.0,4,True,HOME,False,False,DIRECT_REPORTED_CHAIN_COMPLETE,True
92864482.0,2,True,HOME,False,False,DIRECT_REPORTED_CHAIN_COMPLETE,True
92865141.0,3,True,HOME,False,False,DIRECT_REPORTED_CHAIN_COMPLETE,True
92865201.0,6,True,HOME,False,False,DIRECT_REPORTED_CHAIN_COMPLETE,True
92865202.0,3,True,HOME,False,False,DIRECT_REPORTED_CHAIN_COMPLETE,True
92866061.0,1,False,UNKNOWN,False,False,DIRECT_REPORTED_CHAIN_COMPLETE,False
92866442.0,4,True,HOME,False,False,DIRECT_REPORTED_CHAIN_COMPLETE,True
92866461.0,4,True,HOME,False,False,DIRECT_REPORTED_CHAIN_COMPLETE,True
92867501.0,3,False,NON_HOME_UNKNOWN,False,True,DIRECT_REPORTED_CHAIN_COMPLETE,False
92867502.0,3,False,NON_HOME_UNKNOWN,False,True,DIRECT_REPORTED_CHAIN_COMPLETE,False
92867503.0,3,False,NON_HOME_UNKNOWN,False,True,DIRECT_REPORTED_CHAIN_COMPLETE,False
92867504.0,3,False,NON_HOME_UNKNOWN,False,True,DIRECT_REPORTED_CHAIN_COMPLETE,False
92868061.0,4,True,HOME,False,False,DIRECT_REPORTED_CHAIN_COMPLETE,True
92868311.0,4,True,HOME,False,False,DIRECT_REPORTED_CHAIN_COMPLETE,True
92868312.0,2,False,UNKNOWN,False,False,DIRECT_REPORTED_CHAIN_COMPLETE,False
92868313.0,3,True,HOME,False,False,DIRECT_REPORTED_CHAIN_COMPLETE,True
92869701.0,2,True,HOME,False,False,DIRECT_REPORTED_CHAIN_COMPLETE,True
92869702.0,2,True,HOME,False,False,DIRECT_REPORTED_CHAIN_COMPLETE,True
92871191.0,3,True,HOME,False,False,DIRECT_REPORTED_CHAIN_COMPLETE,True
92871331.0,3,True,HOME,False,False,DIRECT_REPORTED_CHAIN_COMPLETE,True
92871332.0,2,True,HOME,False,False,DIRECT_REPORTED_CHAIN_COMPLETE,True
92871951.0,4,True,HOME,False,False,MIXED_DIRECT_RBW_UNTIMED,False
92872401.0,2,True,HOME,False,False,DIRECT_REPORTED_CHAIN_COMPLETE,True
92872911.0,6,True,HOME,False,False,MIXED_DIRECT_RBW_UNTIMED,False
92872913.0,3,True,HOME,False,False,DIRECT_REPORTED_CHAIN_COMPLETE,True
92873801.0,4,True,HOME,False,False,DIRECT_REPORTED_CHAIN_COMPLETE,True
92876001.0,3,False,HOME,True,False,DIRECT_REPORTED_CHAIN_COMPLETE,False
92876961.0,3,True,HOME,False,False,DIRECT_REPORTED_CHAIN_COMPLETE,True
92877152.0,3,False,NON_HOME_UNKNOWN,False,False,DIRECT_REPORTED_CHAIN_COMPLETE,False
92887201.0,6,True,HOME,False,False,DIRECT_REPORTED_CHAIN_COMPLETE,True
92887202.0,2,True,HOME,False,False,DIRECT_REPORTED_CHAIN_COMPLETE,True
92887203.0,3,True,HOME,False,False,DIRECT_REPORTED_CHAIN_COMPLETE,True
92891611.0,5,True,HOME,False,False,DIRECT_REPORTED_CHAIN_COMPLETE,True
92891613.0,2,False,NON_HOME_UNKNOWN,False,False,DIRECT_REPORTED_CHAIN_COMPLETE,False
92893521.0,2,True,HOME,False,False,DIRECT_REPORTED_CHAIN_COMPLETE,True
92893522.0,4,True,HOME,False,False,DIRECT_REPORTED_CHAIN_COMPLETE,True
92893523.0,2,True,HOME,False,False,DIRECT_REPORTED_CHAIN_COMPLETE,True
92893601.0,7,False,NON_HOME_UNKNOWN,False,False,MIXED_DIRECT_RBW_UNTIMED,False
92893961.0,3,True,HOME,False,False,DIRECT_REPORTED_CHAIN_COMPLETE,True
92893962.0,1,True,HOME,False,False,DIRECT_REPORTED_CHAIN_COMPLETE,True
92894511.0,6,True,HOME,False,False,DIRECT_REPORTED_CHAIN_COMPLETE,True
92894512.0,4,True,HOME,False,False,DIRECT_REPORTED_CHAIN_COMPLETE,True
92894513.0,3,False,NON_HOME_UNKNOWN,False,False,DIRECT_REPORTED_CHAIN_COMPLETE,False
92896861.0,4,True,HOME,False,False,DIRECT_REPORTED_CHAIN_COMPLETE,True
92896862.0,2,True,HOME,False,False,DIRECT_REPORTED_CHAIN_COMPLETE,True
92899281.0,5,False,NON_HOME_UNKNOWN,False,False,DIRECT_REPORTED_CHAIN_COMPLETE,False
92899621.0,3,True,HOME,False,False,DIRECT_REPORTED_CHAIN_COMPLETE,True
92900191.0,2,True,HOME,False,False,MIXED_DIRECT_RBW_UNTIMED,False
92902441.0,1,False,NON_HOME_UNKNOWN,False,False,DIRECT_REPORTED_CHAIN_COMPLETE,False
92905221.0,7,True,HOME,False,False,DIRECT_REPORTED_CHAIN_COMPLETE,True
92905222.0,2,True,HOME,False,False,DIRECT_REPORTED_CHAIN_COMPLETE,True
92905671.0,2,True,HOME,False,False,DIRECT_REPORTED_CHAIN_COMPLETE,True
92907641.0,2,True,HOME,False,False,DIRECT_REPORTED_CHAIN_COMPLETE,True
92907941.0,4,True,HOME,False,False,DIRECT_REPORTED_CHAIN_COMPLETE,True
92907942.0,4,True,HOME,False,False,DIRECT_REPORTED_CHAIN_COMPLETE,True
92908731.0,2,True,HOME,False,False,DIRECT_REPORTED_CHAIN_COMPLETE,True
92909631.0,1,True,HOME,False,False,DIRECT_REPORTED_CHAIN_COMPLETE,True
92909632.0,1,True,HOME,False,False,DIRECT_REPORTED_CHAIN_COMPLETE,True
92910921.0,3,False,NON_HOME_UNKNOWN,False,False,DIRECT_REPORTED_CHAIN_COMPLETE,False
92911911.0,6,True,HOME,False,False,DIRECT_REPORTED_CHAIN_COMPLETE,True
92911912.0,2,False,NON_HOME_UNKNOWN,False,False,DIRECT_REPORTED_CHAIN_COMPLETE,False
92912301.0,2,True,HOME,False,False,DIRECT_REPORTED_CHAIN_COMPLETE,True
92912302.0,2,True,HOME,False,False,DIRECT_REPORTED_CHAIN_COMPLETE,True
92913361.0,2,True,HOME,False,False,DIRECT_REPORTED_CHAIN_COMPLETE,True
92917701.0,6,True,HOME,False,False,DIRECT_REPORTED_CHAIN_COMPLETE,True
92917702.0,2,True,HOME,False,False,DIRECT_REPORTED_CHAIN_COMPLETE,True
92917891.0,2,True,HOME,False,False,DIRECT_REPORTED_CHAIN_COMPLETE,True
92917892.0,2,True,HOME,False,False,DIRECT_REPORTED_CHAIN_COMPLETE,True
92917893.0,2,True,HOME,False,False,DIRECT_REPORTED_CHAIN_COMPLETE,True
92918111.0,2,True,HOME,False,False,DIRECT_REPORTED_CHAIN_COMPLETE,True
92919011.0,3,True,HOME,False,False,DIRECT_REPORTED_CHAIN_COMPLETE,True
92919161.0,6,False,UNKNOWN,False,True,DIRECT_REPORTED_CHAIN_COMPLETE,False
92919691.0,2,True,HOME,False,False,DIRECT_REPORTED_CHAIN_COMPLETE,True
92919692.0,2,True,HOME,False,False,DIRECT_REPORTED_CHAIN_COMPLETE,True
92920291.0,4,True,HOME,False,False,DIRECT_REPORTED_CHAIN_COMPLETE,True
92920292.0,4,True,HOME,False,False,DIRECT_REPORTED_CHAIN_COMPLETE,True
92921651.0,4,True,HOME,False,False,DIRECT_REPORTED_CHAIN_COMPLETE,True
92921652.0,4,True,HOME,False,False,DIRECT_REPORTED_CHAIN_COMPLETE,True
92921653.0,3,True,HOME,False,False,DIRECT_REPORTED_CHAIN_COMPLETE,True
92923561.0,8,False,UNKNOWN,False,False,MIXED_DIRECT_RBW_PLUS_UNDETAILED,False
92923562.0,3,False,NON_HOME_UNKNOWN,False,False,DIRECT_REPORTED_CHAIN_COMPLETE,False
92923971.0,8,True,HOME,False,False,DIRECT_REPORTED_CHAIN_COMPLETE,True
92924691.0,3,True,HOME,False,False,DIRECT_REPORTED_CHAIN_COMPLETE,True
92924692.0,3,True,HOME,False,False,DIRECT_REPORTED_CHAIN_COMPLETE,True
92927361.0,2,True,HOME,False,False,DIRECT_REPORTED_CHAIN_COMPLETE,True
92927861.0,2,True,HOME,False,False,DIRECT_REPORTED_CHAIN_COMPLETE,True
92928091.0,4,True,HOME,False,False,DIRECT_REPORTED_CHAIN_COMPLETE,True
92928092.0,2,True,HOME,False,False,DIRECT_REPORTED_CHAIN_COMPLETE,True
92929671.0,3,True,HOME,False,False,DIRECT_REPORTED_CHAIN_COMPLETE,True
92931081.0,2,True,HOME,False,False,DIRECT_REPORTED_CHAIN_COMPLETE,True
92931082.0,4,True,HOME,False,False,DIRECT_REPORTED_CHAIN_COMPLETE,True
92932671.0,2,True,HOME,False,False,DIRECT_REPORTED_CHAIN_COMPLETE,True
92933321.0,4,True,HOME,False,False,DIRECT_REPORTED_CHAIN_COMPLETE,True
92933322.0,2,True,HOME,False,False,DIRECT_REPORTED_CHAIN_COMPLETE,True
92935251.0,1,True,HOME,False,False,DIRECT_REPORTED_CHAIN_COMPLETE,True
92935252.0,1,True,HOME,False,False,DIRECT_REPORTED_CHAIN_COMPLETE,True
92935621.0,5,True,HOME,False,False,DIRECT_REPORTED_CHAIN_COMPLETE,True
92937761.0,3,True,HOME,False,False,DIRECT_REPORTED_CHAIN_COMPLETE,True
92938231.0,2,True,HOME,False,False,DIRECT_REPORTED_CHAIN_COMPLETE,True
92938232.0,2,True,HOME,False,False,DIRECT_REPORTED_CHAIN_COMPLETE,True
92939331.0,4,True,HOME,False,False,DIRECT_REPORTED_CHAIN_COMPLETE,True
92939332.0,3,True,HOME,False,False,DIRECT_REPORTED_CHAIN_COMPLETE,True
92939333.0,3,True,HOME,False,False,DIRECT_REPORTED_CHAIN_COMPLETE,True
92939334.0,3,True,HOME,False,False,DIRECT_REPORTED_CHAIN_COMPLETE,True
92939681.0,5,True,HOME,False,False,DIRECT_REPORTED_CHAIN_COMPLETE,True
92939682.0,1,True,HOME,False,False,DIRECT_ROWS_RBW_COUNT_UNKNOWN,False
92939683.0,2,True,HOME,False,False,DIRECT_REPORTED_CHAIN_COMPLETE,True
92939684.0,4,True,HOME,False,False,DIRECT_REPORTED_CHAIN_COMPLETE,True
92939685.0,3,True,HOME,False,False,DIRECT_REPORTED_CHAIN_COMPLETE,True
92940442.0,5,True,HOME,False,False,DIRECT_REPORTED_CHAIN_COMPLETE,True
92940631.0,5,True,HOME,False,False,DIRECT_REPORTED_CHAIN_COMPLETE,True
92941261.0,2,True,HOME,False,False,DIRECT_REPORTED_CHAIN_COMPLETE,True
92942251.0,3,False,NON_HOME_UNKNOWN,False,False,DIRECT_REPORTED_CHAIN_COMPLETE,False
92942931.0,4,True,HOME,False,False,DIRECT_REPORTED_CHAIN_COMPLETE,True
92942932.0,5,True,HOME,False,False,DIRECT_REPORTED_CHAIN_COMPLETE,True
92943381.0,3,False,UNKNOWN,False,False,DIRECT_REPORTED_CHAIN_COMPLETE,False
92943382.0,3,False,UNKNOWN,False,False,DIRECT_REPORTED_CHAIN_COMPLETE,False
92944221.0,1,True,HOME,False,False,DIRECT_REPORTED_CHAIN_COMPLETE,True
92945051.0,4,True,HOME,False,False,DIRECT_REPORTED_CHAIN_COMPLETE,True
92945891.0,3,True,HOME,False,False,DIRECT_REPORTED_CHAIN_COMPLETE,True
92947691.0,2,True,HOME,False,False,DIRECT_REPORTED_CHAIN_COMPLETE,True
92947692.0,5,True,HOME,False,False,DIRECT_REPORTED_CHAIN_COMPLETE,True
92947751.0,2,True,HOME,False,False,DIRECT_REPORTED_CHAIN_COMPLETE,True
92947752.0,1,False,NON_HOME_UNKNOWN,False,False,DIRECT_REPORTED_CHAIN_COMPLETE,False
92948431.0,4,True,HOME,False,False,DIRECT_REPORTED_CHAIN_COMPLETE,True
92949871.0,2,False,NON_HOME_UNKNOWN,False,False,DIRECT_REPORTED_CHAIN_COMPLETE,False
92949872.0,2,True,HOME,False,False,DIRECT_REPORTED_CHAIN_COMPLETE,True
92949873.0,3,True,HOME,False,False,DIRECT_REPORTED_CHAIN_COMPLETE,True
92950371.0,2,True,HOME,False,False,DIRECT_REPORTED_CHAIN_COMPLETE,True
92950441.0,7,True,HOME,False,False,DIRECT_REPORTED_CHAIN_COMPLETE,True
92950442.0,3,True,HOME,False,False,DIRECT_REPORTED_CHAIN_COMPLETE,True
92950443.0,4,True,HOME,False,False,DIRECT_REPORTED_CHAIN_COMPLETE,True
92950501.0,2,True,HOME,False,False,DIRECT_REPORTED_CHAIN_COMPLETE,True
92950502.0,2,True,HOME,False,False,DIRECT_REPORTED_CHAIN_COMPLETE,True
92950881.0,4,True,HOME,False,False,MIXED_DIRECT_RBW_UNTIMED,False
92955411.0,2,True,HOME,False,False,DIRECT_REPORTED_CHAIN_COMPLETE,True
92955901.0,2,True,HOME,False,False,DIRECT_REPORTED_CHAIN_COMPLETE,True
92956881.0,4,True,HOME,False,False,DIRECT_REPORTED_CHAIN_COMPLETE,True
92956882.0,2,True,HOME,False,False,DIRECT_REPORTED_CHAIN_COMPLETE,True
92957271.0,2,False,NON_HOME_UNKNOWN,False,False,DIRECT_REPORTED_CHAIN_COMPLETE,False
92957272.0,2,False,NON_HOME_UNKNOWN,False,False,DIRECT_REPORTED_CHAIN_COMPLETE,False
92957273.0,2,False,NON_HOME_UNKNOWN,False,False,DIRECT_REPORTED_CHAIN_COMPLETE,False
92958031.0,2,True,HOME,False,False,DIRECT_REPORTED_CHAIN_COMPLETE,True
92962431.0,2,True,HOME,False,False,DIRECT_REPORTED_CHAIN_COMPLETE,True
92962432.0,1,False,UNKNOWN,False,False,DIRECT_REPORTED_CHAIN_COMPLETE,False
92966081.0,2,True,HOME,False,False,DIRECT_REPORTED_CHAIN_COMPLETE,True
92966091.0,4,True,HOME,False,False,DIRECT_REPORTED_CHAIN_COMPLETE,True
92967581.0,2,True,HOME,False,False,DIRECT_REPORTED_CHAIN_COMPLETE,True
92969701.0,4,True,HOME,False,False,DIRECT_REPORTED_CHAIN_COMPLETE,True
92970111.0,4,True,HOME,False,False,DIRECT_REPORTED_CHAIN_COMPLETE,True
92970131.0,2,True,HOME,False,False,DIRECT_REPORTED_CHAIN_COMPLETE,True
92970281.0,3,True,HOME,False,False,DIRECT_REPORTED_CHAIN_COMPLETE,True
92970282.0,2,True,HOME,False,False,MIXED_DIRECT_RBW_UNTIMED,False
92970283.0,2,True,HOME,False,False,DIRECT_REPORTED_CHAIN_COMPLETE,True
92970831.0,5,True,HOME,False,False,DIRECT_REPORTED_CHAIN_COMPLETE,True
92970833.0,2,True,HOME,False,False,DIRECT_REPORTED_CHAIN_COMPLETE,True
92971363.0,2,False,UNKNOWN,False,False,DIRECT_REPORTED_CHAIN_COMPLETE,False
92972081.0,4,True,HOME,False,False,MIXED_DIRECT_RBW_UNTIMED,False
92972082.0,5,True,HOME,False,False,DIRECT_REPORTED_CHAIN_COMPLETE,True
92972811.0,3,True,HOME,False,False,DIRECT_REPORTED_CHAIN_COMPLETE,True
92974312.0,2,True,HOME,False,False,DIRECT_REPORTED_CHAIN_COMPLETE,True
92976031.0,7,True,HOME,False,False,DIRECT_REPORTED_CHAIN_COMPLETE,True
92976181.0,3,True,HOME,False,False,DIRECT_REPORTED_CHAIN_COMPLETE,True
92976182.0,3,True,HOME,False,False,DIRECT_REPORTED_CHAIN_COMPLETE,True
92977721.0,3,True,HOME,False,False,DIRECT_REPORTED_CHAIN_COMPLETE,True
92977723.0,2,True,HOME,False,False,DIRECT_REPORTED_CHAIN_COMPLETE,True
92977725.0,2,True,HOME,False,False,DIRECT_REPORTED_CHAIN_COMPLETE,True
92977951.0,2,True,HOME,False,False,DIRECT_REPORTED_CHAIN_COMPLETE,True
92977952.0,3,True,HOME,False,False,DIRECT_REPORTED_CHAIN_COMPLETE,True
92978691.0,5,False,UNKNOWN,False,False,DIRECT_REPORTED_CHAIN_COMPLETE,False
92978692.0,6,False,UNKNOWN,False,False,MIXED_DIRECT_RBW_UNTIMED,False
92978693.0,4,False,UNKNOWN,False,False,DIRECT_REPORTED_CHAIN_COMPLETE,False
92978694.0,4,False,UNKNOWN,False,False,DIRECT_REPORTED_CHAIN_COMPLETE,False
92978841.0,1,True,HOME,False,False,DIRECT_REPORTED_CHAIN_COMPLETE,True
92979381.0,3,True,HOME,False,False,MIXED_DIRECT_RBW_UNTIMED,False
92979811.0,1,True,HOME,False,False,DIRECT_REPORTED_CHAIN_COMPLETE,True
92979812.0,3,True,HOME,False,False,DIRECT_REPORTED_CHAIN_COMPLETE,True
92981251.0,2,True,HOME,False,False,DIRECT_REPORTED_CHAIN_COMPLETE,True
92981252.0,2,True,HOME,False,False,DIRECT_REPORTED_CHAIN_COMPLETE,True
92981253.0,2,True,HOME,False,False,DIRECT_REPORTED_CHAIN_COMPLETE,True
92981441.0,2,True,HOME,False,False,DIRECT_REPORTED_CHAIN_COMPLETE,True
92981442.0,4,True,HOME,False,False,DIRECT_REPORTED_CHAIN_COMPLETE,True
92981443.0,2,True,HOME,False,False,DIRECT_REPORTED_CHAIN_COMPLETE,True
92982051.0,2,False,UNKNOWN,False,False,DIRECT_REPORTED_CHAIN_COMPLETE,False
92983841.0,4,True,HOME,False,False,DIRECT_REPORTED_CHAIN_COMPLETE,True
92985401.0,3,True,HOME,False,False,DIRECT_REPORTED_CHAIN_COMPLETE,True
92985402.0,3,True,HOME,False,False,DIRECT_REPORTED_CHAIN_COMPLETE,True
92987381.0,7,True,HOME,False,False,DIRECT_REPORTED_CHAIN_COMPLETE,True
92987382.0,6,False,NON_HOME_UNKNOWN,False,False,DIRECT_REPORTED_CHAIN_COMPLETE,False
92988382.0,2,False,UNKNOWN,False,False,DIRECT_REPORTED_CHAIN_COMPLETE,False
92988511.0,4,True,HOME,False,False,DIRECT_REPORTED_CHAIN_COMPLETE,True
92988512.0,3,True,HOME,False,False,DIRECT_REPORTED_CHAIN_COMPLETE,True
92988981.0,1,True,HOME,False,False,DIRECT_REPORTED_CHAIN_COMPLETE,True
92989161.0,4,False,UNKNOWN,False,True,DIRECT_REPORTED_CHAIN_COMPLETE,False
92990401.0,5,False,NON_HOME_UNKNOWN,False,False,DIRECT_REPORTED_CHAIN_COMPLETE,False
92990402.0,3,False,UNKNOWN,False,False,MIXED_DIRECT_RBW_UNTIMED,False
92990404.0,4,False,UNKNOWN,False,False,DIRECT_REPORTED_CHAIN_COMPLETE,False
92991521.0,6,True,HOME,False,False,DIRECT_REPORTED_CHAIN_COMPLETE,True
92991522.0,2,True,HOME,False,False,DIRECT_REPORTED_CHAIN_COMPLETE,True
92991601.0,2,True,HOME,False,False,MIXED_DIRECT_RBW_UNTIMED,False
92992311.0,7,True,HOME,False,False,DIRECT_REPORTED_CHAIN_COMPLETE,True
92992312.0,1,False,NON_HOME_UNKNOWN,False,False,DIRECT_REPORTED_CHAIN_COMPLETE,False
92992313.0,4,False,NON_HOME_UNKNOWN,False,False,DIRECT_REPORTED_CHAIN_COMPLETE,False
92992314.0,3,True,HOME,False,False,DIRECT_REPORTED_CHAIN_COMPLETE,True
92994551.0,4,True,HOME,False,False,DIRECT_REPORTED_CHAIN_COMPLETE,True
92996551.0,2,True,HOME,False,False,DIRECT_REPORTED_CHAIN_COMPLETE,True
92996552.0,3,True,HOME,False,False,DIRECT_REPORTED_CHAIN_COMPLETE,True
92997751.0,7,False,NON_HOME_UNKNOWN,False,False,MIXED_DIRECT_RBW_UNTIMED,False
92997752.0,2,True,HOME,False,False,DIRECT_REPORTED_CHAIN_COMPLETE,True
92999851.0,3,True,HOME,False,False,DIRECT_REPORTED_CHAIN_COMPLETE,True
93000701.0,2,True,HOME,False,False,DIRECT_REPORTED_CHAIN_COMPLETE,True
93000702.0,2,True,HOME,False,False,DIRECT_REPORTED_CHAIN_COMPLETE,True
93000703.0,2,True,HOME,False,False,DIRECT_REPORTED_CHAIN_COMPLETE,True
93002661.0,1,True,HOME,False,False,DIRECT_REPORTED_CHAIN_COMPLETE,True
93003931.0,2,True,HOME,False,False,DIRECT_REPORTED_CHAIN_COMPLETE,True
93003932.0,2,True,HOME,False,False,DIRECT_REPORTED_CHAIN_COMPLETE,True
93006061.0,4,True,HOME,False,False,DIRECT_REPORTED_CHAIN_COMPLETE,True
93006062.0,2,True,HOME,False,False,DIRECT_REPORTED_CHAIN_COMPLETE,True
93006541.0,5,False,NON_HOME_UNKNOWN,False,False,MIXED_DIRECT_RBW_UNTIMED,False
93008311.0,2,True,HOME,False,False,DIRECT_REPORTED_CHAIN_COMPLETE,True
93008312.0,2,True,HOME,False,False,DIRECT_REPORTED_CHAIN_COMPLETE,True
93009011.0,3,True,HOME,False,False,DIRECT_REPORTED_CHAIN_COMPLETE,True
93009171.0,6,True,HOME,False,False,DIRECT_REPORTED_CHAIN_COMPLETE,True
93009172.0,3,True,HOME,False,False,DIRECT_REPORTED_CHAIN_COMPLETE,True
93009211.0,2,True,HOME,False,False,DIRECT_REPORTED_CHAIN_COMPLETE,True
93009851.0,3,True,HOME,False,False,DIRECT_REPORTED_CHAIN_COMPLETE,True
93010141.0,3,True,HOME,False,False,DIRECT_REPORTED_CHAIN_COMPLETE,True
93010231.0,4,True,HOME,False,False,DIRECT_REPORTED_CHAIN_COMPLETE,True
93010361.0,6,False,NON_HOME_UNKNOWN,False,False,DIRECT_REPORTED_CHAIN_COMPLETE,False
93010362.0,5,True,HOME,False,False,DIRECT_REPORTED_CHAIN_COMPLETE,True
93010391.0,4,True,HOME,False,False,DIRECT_REPORTED_CHAIN_COMPLETE,True
93011211.0,4,True,HOME,False,False,DIRECT_REPORTED_CHAIN_COMPLETE,True
93011212.0,3,False,NON_HOME_UNKNOWN,False,False,DIRECT_REPORTED_CHAIN_COMPLETE,False
93012191.0,3,False,UNKNOWN,False,False,DIRECT_REPORTED_CHAIN_COMPLETE,False
93014251.0,2,True,HOME,False,False,DIRECT_REPORTED_CHAIN_COMPLETE,True
93014252.0,2,True,HOME,False,False,DIRECT_REPORTED_CHAIN_COMPLETE,True
93014253.0,2,True,HOME,False,False,DIRECT_REPORTED_CHAIN_COMPLETE,True
93014451.0,3,True,HOME,False,False,DIRECT_REPORTED_CHAIN_COMPLETE,True
93014461.0,5,True,HOME,False,False,DIRECT_REPORTED_CHAIN_COMPLETE,True
93014462.0,5,True,HOME,False,False,DIRECT_REPORTED_CHAIN_COMPLETE,True
93014463.0,3,True,HOME,False,False,DIRECT_REPORTED_CHAIN_COMPLETE,True
93014464.0,3,True,HOME,False,False,DIRECT_REPORTED_CHAIN_COMPLETE,True
93014721.0,5,True,HOME,False,False,DIRECT_REPORTED_CHAIN_COMPLETE,True
93015531.0,4,True,HOME,False,False,DIRECT_REPORTED_CHAIN_COMPLETE,True
93018811.0,1,True,HOME,False,False,DIRECT_REPORTED_CHAIN_COMPLETE,True
93018812.0,3,False,UNKNOWN,False,False,DIRECT_REPORTED_CHAIN_COMPLETE,False
93020351.0,2,True,HOME,False,False,DIRECT_REPORTED_CHAIN_COMPLETE,True
93020821.0,1,True,HOME,False,False,DIRECT_REPORTED_CHAIN_COMPLETE,True
93021161.0,5,True,HOME,False,False,DIRECT_REPORTED_CHAIN_COMPLETE,True
93021162.0,9,True,HOME,False,False,DIRECT_REPORTED_CHAIN_COMPLETE,True
93021811.0,3,False,NON_HOME_UNKNOWN,False,False,DIRECT_REPORTED_CHAIN_COMPLETE,False
93021812.0,3,False,NON_HOME_UNKNOWN,False,False,DIRECT_REPORTED_CHAIN_COMPLETE,False
93021813.0,3,False,NON_HOME_UNKNOWN,False,False,DIRECT_REPORTED_CHAIN_COMPLETE,False
93021814.0,3,False,NON_HOME_UNKNOWN,False,False,DIRECT_REPORTED_CHAIN_COMPLETE,False
93021981.0,2,True,HOME,False,False,DIRECT_REPORTED_CHAIN_COMPLETE,True
93021982.0,2,True,HOME,False,False,DIRECT_REPORTED_CHAIN_COMPLETE,True
93022161.0,3,False,NON_HOME_UNKNOWN,False,False,DIRECT_REPORTED_CHAIN_COMPLETE,False
93022521.0,4,True,HOME,False,False,DIRECT_REPORTED_CHAIN_COMPLETE,True
93023241.0,2,True,HOME,False,False,DIRECT_REPORTED_CHAIN_COMPLETE,True
93023242.0,2,True,HOME,False,False,DIRECT_REPORTED_CHAIN_COMPLETE,True
93024331.0,6,True,HOME,False,False,DIRECT_REPORTED_CHAIN_COMPLETE,True
93024333.0,4,True,HOME,False,False,DIRECT_REPORTED_CHAIN_COMPLETE,True
93024334.0,2,True,HOME,False,False,DIRECT_REPORTED_CHAIN_COMPLETE,True
93025984.0,2,True,HOME,False,False,DIRECT_REPORTED_CHAIN_COMPLETE,True
93026151.0,5,False,UNKNOWN,False,True,DIRECT_REPORTED_CHAIN_COMPLETE,False
93027112.0,2,True,HOME,False,False,DIRECT_REPORTED_CHAIN_COMPLETE,True
93028101.0,3,True,HOME,False,False,DIRECT_REPORTED_CHAIN_COMPLETE,True
93028102.0,2,True,HOME,False,False,DIRECT_REPORTED_CHAIN_COMPLETE,True
93028341.0,4,True,HOME,False,False,DIRECT_REPORTED_CHAIN_COMPLETE,True
93028342.0,2,True,HOME,False,False,DIRECT_REPORTED_CHAIN_COMPLETE,True
93028343.0,3,True,HOME,False,False,DIRECT_REPORTED_CHAIN_COMPLETE,True
93028344.0,2,True,HOME,False,False,DIRECT_REPORTED_CHAIN_COMPLETE,True
93028561.0,10,True,HOME,False,False,DIRECT_ROWS_RBW_COUNT_UNKNOWN,False
93029151.0,3,True,HOME,False,False,DIRECT_REPORTED_CHAIN_COMPLETE,True
93029231.0,4,True,HOME,False,False,DIRECT_REPORTED_CHAIN_COMPLETE,True
93030141.0,8,True,HOME,False,False,DIRECT_ROWS_RBW_COUNT_UNKNOWN,False
93030142.0,6,True,HOME,False,False,DIRECT_REPORTED_CHAIN_COMPLETE,True
93030143.0,3,True,HOME,False,False,DIRECT_REPORTED_CHAIN_COMPLETE,True
93030144.0,3,True,HOME,False,False,DIRECT_REPORTED_CHAIN_COMPLETE,True
93030151.0,12,True,HOME,False,False,MIXED_DIRECT_RBW_UNTIMED,False
93030152.0,4,False,UNKNOWN,False,False,DIRECT_REPORTED_CHAIN_COMPLETE,False
93030153.0,2,False,UNKNOWN,False,False,DIRECT_REPORTED_CHAIN_COMPLETE,False
93030154.0,2,False,UNKNOWN,False,False,DIRECT_REPORTED_CHAIN_COMPLETE,False
93030291.0,4,True,HOME,False,False,DIRECT_REPORTED_CHAIN_COMPLETE,True
93030751.0,8,True,HOME,False,False,DIRECT_REPORTED_CHAIN_COMPLETE,True
93030752.0,4,True,HOME,False,False,DIRECT_REPORTED_CHAIN_COMPLETE,True
93030821.0,4,True,HOME,False,False,DIRECT_REPORTED_CHAIN_COMPLETE,True
93033231.0,5,True,HOME,False,False,DIRECT_REPORTED_CHAIN_COMPLETE,True
93033271.0,7,True,HOME,False,False,DIRECT_REPORTED_CHAIN_COMPLETE,True
93033831.0,3,True,HOME,False,False,DIRECT_REPORTED_CHAIN_COMPLETE,True
93033941.0,2,True,HOME,False,False,DIRECT_REPORTED_CHAIN_COMPLETE,True
93033942.0,2,True,HOME,False,False,DIRECT_REPORTED_CHAIN_COMPLETE,True
93033943.0,2,True,HOME,False,False,DIRECT_REPORTED_CHAIN_COMPLETE,True
93033951.0,2,True,HOME,False,False,DIRECT_REPORTED_CHAIN_COMPLETE,True
93035591.0,5,True,HOME,False,False,MIXED_DIRECT_RBW_UNTIMED,False
93038751.0,2,True,HOME,False,False,DIRECT_REPORTED_CHAIN_COMPLETE,True
93038752.0,2,True,HOME,False,False,DIRECT_REPORTED_CHAIN_COMPLETE,True
93041311.0,3,True,HOME,False,False,DIRECT_REPORTED_CHAIN_COMPLETE,True
93042232.0,2,True,HOME,False,False,DIRECT_REPORTED_CHAIN_COMPLETE,True
93042551.0,2,True,HOME,False,False,DIRECT_REPORTED_CHAIN_COMPLETE,True
93042571.0,5,True,HOME,False,False,DIRECT_REPORTED_CHAIN_COMPLETE,True
93045811.0,5,True,HOME,False,False,DIRECT_REPORTED_CHAIN_COMPLETE,True
93045812.0,3,True,HOME,False,False,DIRECT_REPORTED_CHAIN_COMPLETE,True
93047141.0,3,True,HOME,False,False,DIRECT_REPORTED_CHAIN_COMPLETE,True
93047142.0,3,True,HOME,False,False,DIRECT_REPORTED_CHAIN_COMPLETE,True
93047581.0,2,True,HOME,False,False,DIRECT_REPORTED_CHAIN_COMPLETE,True
93049781.0,2,True,HOME,False,False,DIRECT_REPORTED_CHAIN_COMPLETE,True
93049782.0,2,True,HOME,False,False,DIRECT_REPORTED_CHAIN_COMPLETE,True
93052091.0,3,True,HOME,False,False,DIRECT_REPORTED_CHAIN_COMPLETE,True
93052092.0,3,False,HOME,True,False,DIRECT_REPORTED_CHAIN_COMPLETE,False
93052531.0,2,True,HOME,False,False,DIRECT_REPORTED_CHAIN_COMPLETE,True
93053461.0,4,True,HOME,False,False,DIRECT_REPORTED_CHAIN_COMPLETE,True
93053462.0,2,True,HOME,False,False,DIRECT_REPORTED_CHAIN_COMPLETE,True
93053463.0,3,True,HOME,False,False,DIRECT_REPORTED_CHAIN_COMPLETE,True
93053464.0,4,True,HOME,False,False,DIRECT_REPORTED_CHAIN_COMPLETE,True
93053931.0,4,False,UNKNOWN,False,False,DIRECT_REPORTED_CHAIN_COMPLETE,False
93053932.0,2,False,UNKNOWN,False,False,DIRECT_REPORTED_CHAIN_COMPLETE,False
93054662.0,3,True,HOME,False,False,DIRECT_REPORTED_CHAIN_COMPLETE,True
93057271.0,3,True,HOME,False,False,DIRECT_REPORTED_CHAIN_COMPLETE,True
93057272.0,3,True,HOME,False,False,DIRECT_REPORTED_CHAIN_COMPLETE,True
93057273.0,2,True,HOME,False,False,DIRECT_REPORTED_CHAIN_COMPLETE,True
93057331.0,4,True,HOME,False,False,DIRECT_REPORTED_CHAIN_COMPLETE,True
93057332.0,4,True,HOME,False,False,DIRECT_REPORTED_CHAIN_COMPLETE,True
93058871.0,6,False,NON_HOME_UNKNOWN,False,False,DIRECT_REPORTED_CHAIN_COMPLETE,False
93058872.0,6,False,NON_HOME_UNKNOWN,False,False,DIRECT_REPORTED_CHAIN_COMPLETE,False
93059761.0,1,True,HOME,False,False,DIRECT_REPORTED_CHAIN_COMPLETE,True
93059762.0,2,True,HOME,False,False,DIRECT_REPORTED_CHAIN_COMPLETE,True
93060391.0,3,True,HOME,False,False,DIRECT_REPORTED_CHAIN_COMPLETE,True
93061311.0,4,True,HOME,False,False,DIRECT_REPORTED_CHAIN_COMPLETE,True
93062211.0,5,True,HOME,False,False,DIRECT_REPORTED_CHAIN_COMPLETE,True
93062601.0,9,True,HOME,False,False,DIRECT_REPORTED_CHAIN_COMPLETE,True
93062602.0,5,True,HOME,False,False,DIRECT_REPORTED_CHAIN_COMPLETE,True
93063791.0,2,True,HOME,False,False,DIRECT_REPORTED_CHAIN_COMPLETE,True
93063792.0,2,True,HOME,False,False,DIRECT_REPORTED_CHAIN_COMPLETE,True
93063793.0,2,True,HOME,False,False,DIRECT_REPORTED_CHAIN_COMPLETE,True
93064101.0,4,True,HOME,False,False,DIRECT_REPORTED_CHAIN_COMPLETE,True
93064701.0,3,True,HOME,False,False,MIXED_DIRECT_RBW_UNTIMED,False
93065511.0,6,True,HOME,False,False,MIXED_DIRECT_RBW_UNTIMED,False
93069841.0,2,True,HOME,False,False,DIRECT_REPORTED_CHAIN_COMPLETE,True
93069842.0,2,True,HOME,False,False,DIRECT_REPORTED_CHAIN_COMPLETE,True
93069901.0,2,True,HOME,False,False,DIRECT_REPORTED_CHAIN_COMPLETE,True
93069921.0,2,True,HOME,False,False,DIRECT_REPORTED_CHAIN_COMPLETE,True
93069922.0,4,True,HOME,False,False,MIXED_DIRECT_RBW_UNTIMED,False
93070351.0,2,True,HOME,False,False,DIRECT_REPORTED_CHAIN_COMPLETE,True
93070352.0,2,True,HOME,False,False,DIRECT_REPORTED_CHAIN_COMPLETE,True
93070391.0,2,True,HOME,False,False,DIRECT_REPORTED_CHAIN_COMPLETE,True
93070392.0,1,True,HOME,False,False,DIRECT_REPORTED_CHAIN_COMPLETE,True
93070681.0,3,True,HOME,False,False,DIRECT_REPORTED_CHAIN_COMPLETE,True
93070682.0,3,True,HOME,False,False,DIRECT_REPORTED_CHAIN_COMPLETE,True
93072301.0,3,True,HOME,False,False,DIRECT_REPORTED_CHAIN_COMPLETE,True
93072302.0,8,True,HOME,False,False,DIRECT_REPORTED_CHAIN_COMPLETE,True
93072303.0,5,True,HOME,False,False,DIRECT_REPORTED_CHAIN_COMPLETE,True
93072304.0,2,True,HOME,False,False,DIRECT_REPORTED_CHAIN_COMPLETE,True
93072351.0,6,True,HOME,False,False,DIRECT_REPORTED_CHAIN_COMPLETE,True
93072401.0,1,True,HOME,False,False,DIRECT_REPORTED_CHAIN_COMPLETE,True
93073561.0,5,True,HOME,False,False,DIRECT_REPORTED_CHAIN_COMPLETE,True
93073562.0,3,True,HOME,False,False,DIRECT_REPORTED_CHAIN_COMPLETE,True
93074292.0,1,True,HOME,False,False,DIRECT_REPORTED_CHAIN_COMPLETE,True
93076921.0,2,True,HOME,False,False,DIRECT_REPORTED_CHAIN_COMPLETE,True
93076922.0,4,True,HOME,False,False,DIRECT_REPORTED_CHAIN_COMPLETE,True
93076923.0,2,True,HOME,False,False,DIRECT_REPORTED_CHAIN_COMPLETE,True
93076924.0,3,True,HOME,False,False,DIRECT_REPORTED_CHAIN_COMPLETE,True
93077061.0,2,False,NON_HOME_UNKNOWN,False,False,DIRECT_REPORTED_CHAIN_COMPLETE,False
93077181.0,4,True,HOME,False,False,DIRECT_REPORTED_CHAIN_COMPLETE,True
93077182.0,2,True,HOME,False,False,DIRECT_REPORTED_CHAIN_COMPLETE,True
93077461.0,10,True,HOME,False,False,DIRECT_REPORTED_CHAIN_COMPLETE,True
93077462.0,3,True,HOME,False,False,DIRECT_REPORTED_CHAIN_COMPLETE,True
93079241.0,4,True,HOME,False,False,DIRECT_REPORTED_CHAIN_COMPLETE,True
93079242.0,4,True,HOME,False,False,DIRECT_REPORTED_CHAIN_COMPLETE,True
93079243.0,3,True,HOME,False,False,DIRECT_REPORTED_CHAIN_COMPLETE,True
93079244.0,2,True,HOME,False,False,DIRECT_REPORTED_CHAIN_COMPLETE,True
93079361.0,6,True,HOME,False,False,DIRECT_REPORTED_CHAIN_COMPLETE,True
93079362.0,3,False,NON_HOME_UNKNOWN,False,True,DIRECT_REPORTED_CHAIN_COMPLETE,False
93079363.0,2,True,HOME,False,False,DIRECT_REPORTED_CHAIN_COMPLETE,True
93080411.0,3,True,HOME,False,False,DIRECT_REPORTED_CHAIN_COMPLETE,True
93080412.0,5,True,HOME,False,False,DIRECT_REPORTED_CHAIN_COMPLETE,True
93080413.0,5,True,HOME,False,False,DIRECT_REPORTED_CHAIN_COMPLETE,True
93080414.0,5,True,HOME,False,False,DIRECT_REPORTED_CHAIN_COMPLETE,True
93082241.0,3,False,UNKNOWN,False,False,DIRECT_REPORTED_CHAIN_COMPLETE,False
93082531.0,4,False,NON_HOME_UNKNOWN,False,False,DIRECT_REPORTED_CHAIN_COMPLETE,False
93083121.0,2,True,HOME,False,False,MIXED_DIRECT_RBW_UNTIMED,False
93083122.0,2,True,HOME,False,False,DIRECT_REPORTED_CHAIN_COMPLETE,True
93083321.0,1,True,HOME,False,False,DIRECT_ROWS_RBW_COUNT_UNKNOWN,False
93083322.0,2,False,NON_HOME_UNKNOWN,False,False,MIXED_DIRECT_RBW_UNTIMED,False
93083361.0,7,True,HOME,False,False,DIRECT_REPORTED_CHAIN_COMPLETE,True
93083521.0,2,True,HOME,False,False,DIRECT_REPORTED_CHAIN_COMPLETE,True
93083522.0,2,True,HOME,False,False,DIRECT_REPORTED_CHAIN_COMPLETE,True
93083523.0,3,True,HOME,False,False,DIRECT_REPORTED_CHAIN_COMPLETE,True
93083921.0,4,True,HOME,False,False,DIRECT_REPORTED_CHAIN_COMPLETE,True
93083922.0,4,True,HOME,False,False,DIRECT_REPORTED_CHAIN_COMPLETE,True
93084891.0,5,True,HOME,False,False,DIRECT_REPORTED_CHAIN_COMPLETE,True
93086361.0,4,True,HOME,False,False,DIRECT_REPORTED_CHAIN_COMPLETE,True
93086362.0,6,True,HOME,False,False,DIRECT_REPORTED_CHAIN_COMPLETE,True
93086441.0,2,True,HOME,False,False,DIRECT_REPORTED_CHAIN_COMPLETE,True
93086442.0,4,True,HOME,False,False,DIRECT_REPORTED_CHAIN_COMPLETE,True
93087881.0,3,True,HOME,False,False,DIRECT_REPORTED_CHAIN_COMPLETE,True
93089211.0,2,True,HOME,False,False,DIRECT_REPORTED_CHAIN_COMPLETE,True
93089501.0,4,True,HOME,False,False,DIRECT_REPORTED_CHAIN_COMPLETE,True
93089502.0,6,True,HOME,False,False,DIRECT_REPORTED_CHAIN_COMPLETE,True
93089503.0,6,True,HOME,False,False,DIRECT_REPORTED_CHAIN_COMPLETE,True
93089504.0,4,True,HOME,False,False,DIRECT_REPORTED_CHAIN_COMPLETE,True
93091231.0,2,True,HOME,False,False,DIRECT_REPORTED_CHAIN_COMPLETE,True
93091232.0,3,True,HOME,False,False,DIRECT_REPORTED_CHAIN_COMPLETE,True
93091301.0,2,True,HOME,False,False,DIRECT_REPORTED_CHAIN_COMPLETE,True
93091451.0,1,True,HOME,False,False,DIRECT_REPORTED_CHAIN_COMPLETE,True
93091452.0,1,True,HOME,False,False,DIRECT_REPORTED_CHAIN_COMPLETE,True
93092661.0,8,False,UNKNOWN,False,False,DIRECT_REPORTED_CHAIN_COMPLETE,False
93092662.0,6,True,HOME,False,False,DIRECT_REPORTED_CHAIN_COMPLETE,True
93092671.0,5,False,NON_HOME_UNKNOWN,False,False,DIRECT_REPORTED_CHAIN_COMPLETE,False
93092672.0,7,True,HOME,False,False,DIRECT_REPORTED_CHAIN_COMPLETE,True
93092673.0,5,False,NON_HOME_UNKNOWN,False,False,DIRECT_REPORTED_CHAIN_COMPLETE,False
93092891.0,5,True,HOME,False,False,MIXED_DIRECT_RBW_UNTIMED,False
93093711.0,6,True,HOME,False,False,DIRECT_REPORTED_CHAIN_COMPLETE,True
93093881.0,7,True,HOME,False,False,DIRECT_REPORTED_CHAIN_COMPLETE,True
93093882.0,5,True,HOME,False,False,DIRECT_REPORTED_CHAIN_COMPLETE,True
93094381.0,2,True,HOME,False,False,DIRECT_REPORTED_CHAIN_COMPLETE,True
93096041.0,4,True,HOME,False,False,DIRECT_REPORTED_CHAIN_COMPLETE,True
93096042.0,4,True,HOME,False,False,DIRECT_REPORTED_CHAIN_COMPLETE,True
93097552.0,2,True,HOME,False,False,DIRECT_REPORTED_CHAIN_COMPLETE,True
93097781.0,2,True,HOME,False,False,DIRECT_REPORTED_CHAIN_COMPLETE,True
93098991.0,4,True,HOME,False,False,DIRECT_REPORTED_CHAIN_COMPLETE,True
93099621.0,5,True,HOME,False,False,MIXED_DIRECT_RBW_UNTIMED,False
93101131.0,4,True,HOME,False,False,DIRECT_REPORTED_CHAIN_COMPLETE,True
93101761.0,3,True,HOME,False,False,DIRECT_REPORTED_CHAIN_COMPLETE,True
93102291.0,5,True,HOME,False,False,DIRECT_REPORTED_CHAIN_COMPLETE,True
93104571.0,2,True,HOME,False,False,DIRECT_REPORTED_CHAIN_COMPLETE,True
93104572.0,3,True,HOME,False,False,DIRECT_REPORTED_CHAIN_COMPLETE,True
93104573.0,5,True,HOME,False,False,DIRECT_REPORTED_CHAIN_COMPLETE,True
93104574.0,2,True,HOME,False,False,DIRECT_REPORTED_CHAIN_COMPLETE,True
93105611.0,2,True,HOME,False,False,DIRECT_REPORTED_CHAIN_COMPLETE,True
93105981.0,6,False,NON_HOME_UNKNOWN,False,False,DIRECT_REPORTED_CHAIN_COMPLETE,False
93106201.0,4,True,HOME,False,False,DIRECT_REPORTED_CHAIN_COMPLETE,True
93106202.0,5,True,HOME,False,False,DIRECT_REPORTED_CHAIN_COMPLETE,True
93106701.0,3,False,NON_HOME_UNKNOWN,False,False,DIRECT_REPORTED_CHAIN_COMPLETE,False
93107131.0,2,True,HOME,False,False,DIRECT_REPORTED_CHAIN_COMPLETE,True
93107132.0,1,True,HOME,False,False,DIRECT_REPORTED_CHAIN_COMPLETE,True
93107133.0,1,True,HOME,False,False,DIRECT_REPORTED_CHAIN_COMPLETE,True
93107771.0,5,True,HOME,False,False,DIRECT_REPORTED_CHAIN_COMPLETE,True
93110901.0,6,True,HOME,False,False,DIRECT_REPORTED_CHAIN_COMPLETE,True
93112971.0,3,False,UNKNOWN,False,False,DIRECT_REPORTED_CHAIN_COMPLETE,False
93113161.0,4,True,HOME,False,False,MIXED_DIRECT_RBW_UNTIMED,False
93113162.0,2,True,HOME,False,False,DIRECT_REPORTED_CHAIN_COMPLETE,True
93113163.0,1,True,HOME,False,False,DIRECT_REPORTED_CHAIN_COMPLETE,True
93113164.0,2,True,HOME,False,False,DIRECT_REPORTED_CHAIN_COMPLETE,True
93113601.0,2,False,UNKNOWN,False,False,DIRECT_REPORTED_CHAIN_COMPLETE,False
93113602.0,2,False,UNKNOWN,False,False,DIRECT_REPORTED_CHAIN_COMPLETE,False
93113603.0,1,False,UNKNOWN,False,False,DIRECT_REPORTED_CHAIN_COMPLETE,False
93114481.0,2,True,HOME,False,False,DIRECT_REPORTED_CHAIN_COMPLETE,True
93115232.0,2,True,HOME,False,False,DIRECT_REPORTED_CHAIN_COMPLETE,True
93115233.0,2,True,HOME,False,False,DIRECT_REPORTED_CHAIN_COMPLETE,True
93115234.0,2,True,HOME,False,False,DIRECT_REPORTED_CHAIN_COMPLETE,True
93117771.0,2,False,NON_HOME_UNKNOWN,False,False,DIRECT_REPORTED_CHAIN_COMPLETE,False
93117991.0,7,True,HOME,False,False,DIRECT_REPORTED_CHAIN_COMPLETE,True
93117992.0,3,True,HOME,False,False,DIRECT_REPORTED_CHAIN_COMPLETE,True
93118171.0,3,True,HOME,False,False,DIRECT_REPORTED_CHAIN_COMPLETE,True
93122541.0,3,True,HOME,False,False,DIRECT_REPORTED_CHAIN_COMPLETE,True
93122543.0,2,True,HOME,False,False,DIRECT_REPORTED_CHAIN_COMPLETE,True
93122544.0,2,True,HOME,False,False,DIRECT_REPORTED_CHAIN_COMPLETE,True
93122721.0,2,True,HOME,False,False,DIRECT_REPORTED_CHAIN_COMPLETE,True
93122722.0,5,True,HOME,False,False,DIRECT_REPORTED_CHAIN_COMPLETE,True
93122723.0,2,True,HOME,False,False,DIRECT_REPORTED_CHAIN_COMPLETE,True
93122724.0,2,True,HOME,False,False,DIRECT_REPORTED_CHAIN_COMPLETE,True
93122725.0,2,True,HOME,False,False,DIRECT_REPORTED_CHAIN_COMPLETE,True
93122931.0,2,True,HOME,False,False,DIRECT_REPORTED_CHAIN_COMPLETE,True
93122932.0,4,True,HOME,False,False,DIRECT_REPORTED_CHAIN_COMPLETE,True
93123091.0,6,True,HOME,False,False,DIRECT_REPORTED_CHAIN_COMPLETE,True
93123491.0,3,False,NON_HOME_UNKNOWN,False,False,DIRECT_REPORTED_CHAIN_COMPLETE,False
93123861.0,3,True,HOME,False,False,DIRECT_REPORTED_CHAIN_COMPLETE,True
93123971.0,2,True,HOME,False,False,DIRECT_REPORTED_CHAIN_COMPLETE,True
93123972.0,3,True,HOME,False,False,DIRECT_REPORTED_CHAIN_COMPLETE,True
93123973.0,1,True,HOME,False,False,DIRECT_REPORTED_CHAIN_COMPLETE,True
93124561.0,6,True,HOME,False,False,DIRECT_REPORTED_CHAIN_COMPLETE,True
93124562.0,3,True,HOME,False,False,DIRECT_ROWS_RBW_COUNT_UNKNOWN,False
93124851.0,2,False,NON_HOME_UNKNOWN,False,False,MIXED_DIRECT_RBW_UNTIMED,False
93124852.0,2,True,HOME,False,False,DIRECT_REPORTED_CHAIN_COMPLETE,True
93124921.0,4,True,HOME,False,False,DIRECT_REPORTED_CHAIN_COMPLETE,True
93126151.0,3,True,HOME,False,False,MIXED_DIRECT_RBW_UNTIMED,False
93128152.0,2,True,HOME,False,False,DIRECT_REPORTED_CHAIN_COMPLETE,True
93129663.0,4,False,NON_HOME_UNKNOWN,False,True,DIRECT_REPORTED_CHAIN_COMPLETE,False
93129793.0,2,True,HOME,False,False,DIRECT_REPORTED_CHAIN_COMPLETE,True
93131031.0,4,True,HOME,False,False,DIRECT_REPORTED_CHAIN_COMPLETE,True
93132021.0,8,True,HOME,False,False,DIRECT_REPORTED_CHAIN_COMPLETE,True
93132022.0,8,True,HOME,False,False,DIRECT_REPORTED_CHAIN_COMPLETE,True
93134531.0,2,False,NON_HOME_UNKNOWN,False,False,DIRECT_REPORTED_CHAIN_COMPLETE,False
93134532.0,4,True,HOME,False,False,DIRECT_REPORTED_CHAIN_COMPLETE,True
93134791.0,2,True,HOME,False,False,DIRECT_REPORTED_CHAIN_COMPLETE,True
93134792.0,2,True,HOME,False,False,DIRECT_REPORTED_CHAIN_COMPLETE,True
93135791.0,4,True,HOME,False,False,DIRECT_REPORTED_CHAIN_COMPLETE,True
93136601.0,1,True,HOME,False,False,DIRECT_REPORTED_CHAIN_COMPLETE,True
93137281.0,2,True,HOME,False,False,DIRECT_REPORTED_CHAIN_COMPLETE,True
93137861.0,5,True,HOME,False,False,DIRECT_REPORTED_CHAIN_COMPLETE,True
93138041.0,4,True,HOME,False,False,DIRECT_REPORTED_CHAIN_COMPLETE,True
93138042.0,4,True,HOME,False,False,DIRECT_REPORTED_CHAIN_COMPLETE,True
93140341.0,5,True,HOME,False,False,DIRECT_REPORTED_CHAIN_COMPLETE,True
93140342.0,3,True,HOME,False,False,DIRECT_REPORTED_CHAIN_COMPLETE,True
93140751.0,4,True,HOME,False,False,DIRECT_REPORTED_CHAIN_COMPLETE,True
93142661.0,2,False,UNKNOWN,False,False,DIRECT_REPORTED_CHAIN_COMPLETE,False
93142911.0,2,True,HOME,False,False,DIRECT_REPORTED_CHAIN_COMPLETE,True
93142912.0,6,True,HOME,False,False,DIRECT_REPORTED_CHAIN_COMPLETE,True
93143901.0,2,True,HOME,False,False,DIRECT_REPORTED_CHAIN_COMPLETE,True
93144011.0,6,True,HOME,False,False,DIRECT_REPORTED_CHAIN_COMPLETE,True
93152371.0,2,True,HOME,False,False,DIRECT_REPORTED_CHAIN_COMPLETE,True
93152372.0,2,True,HOME,False,False,DIRECT_REPORTED_CHAIN_COMPLETE,True
93152461.0,6,True,HOME,False,False,DIRECT_REPORTED_CHAIN_COMPLETE,True
93152462.0,6,True,HOME,False,False,DIRECT_REPORTED_CHAIN_COMPLETE,True
93152531.0,3,True,HOME,False,False,DIRECT_REPORTED_CHAIN_COMPLETE,True
93153422.0,2,True,HOME,False,False,DIRECT_ROWS_RBW_COUNT_UNKNOWN,False
93154551.0,1,True,HOME,False,False,DIRECT_REPORTED_CHAIN_COMPLETE,True
93154552.0,1,True,HOME,False,False,DIRECT_REPORTED_CHAIN_COMPLETE,True
93154701.0,3,True,HOME,False,False,DIRECT_REPORTED_CHAIN_COMPLETE,True
93154702.0,3,True,HOME,False,False,DIRECT_REPORTED_CHAIN_COMPLETE,True
93154703.0,3,True,HOME,False,False,DIRECT_REPORTED_CHAIN_COMPLETE,True
93154704.0,3,True,HOME,False,False,DIRECT_REPORTED_CHAIN_COMPLETE,True
93158651.0,5,True,HOME,False,False,DIRECT_REPORTED_CHAIN_COMPLETE,True
93158721.0,2,True,HOME,False,False,DIRECT_REPORTED_CHAIN_COMPLETE,True
93158861.0,1,False,NON_HOME_UNKNOWN,False,False,DIRECT_REPORTED_CHAIN_COMPLETE,False
93158862.0,3,False,NON_HOME_UNKNOWN,False,False,DIRECT_REPORTED_CHAIN_COMPLETE,False
93158863.0,2,False,NON_HOME_UNKNOWN,False,False,DIRECT_REPORTED_CHAIN_COMPLETE,False
93160071.0,2,True,HOME,False,False,DIRECT_REPORTED_CHAIN_COMPLETE,True
93160072.0,2,False,UNKNOWN,False,False,DIRECT_REPORTED_CHAIN_COMPLETE,False
93160651.0,7,True,HOME,False,False,DIRECT_REPORTED_CHAIN_COMPLETE,True
93160652.0,2,True,HOME,False,False,DIRECT_REPORTED_CHAIN_COMPLETE,True
93160653.0,2,True,HOME,False,False,DIRECT_REPORTED_CHAIN_COMPLETE,True
93160731.0,2,True,HOME,False,False,DIRECT_REPORTED_CHAIN_COMPLETE,True
93160732.0,2,True,HOME,False,False,DIRECT_REPORTED_CHAIN_COMPLETE,True
93160931.0,3,True,HOME,False,False,DIRECT_REPORTED_CHAIN_COMPLETE,True
93161021.0,3,True,HOME,False,False,DIRECT_ROWS_RBW_COUNT_UNKNOWN,False
93161022.0,2,True,HOME,False,False,DIRECT_REPORTED_CHAIN_COMPLETE,True
93161441.0,4,True,HOME,False,False,DIRECT_REPORTED_CHAIN_COMPLETE,True
93161751.0,2,True,HOME,False,False,DIRECT_REPORTED_CHAIN_COMPLETE,True
93161752.0,2,True,HOME,False,False,DIRECT_REPORTED_CHAIN_COMPLETE,True
93162121.0,3,True,HOME,False,False,DIRECT_REPORTED_CHAIN_COMPLETE,True
93162131.0,2,True,HOME,False,False,DIRECT_REPORTED_CHAIN_COMPLETE,True
93162132.0,2,False,UNKNOWN,False,False,DIRECT_REPORTED_CHAIN_COMPLETE,False
93162571.0,1,True,HOME,False,False,DIRECT_REPORTED_CHAIN_COMPLETE,True
93162572.0,2,True,HOME,False,False,DIRECT_REPORTED_CHAIN_COMPLETE,True
93163521.0,2,True,HOME,False,False,DIRECT_REPORTED_CHAIN_COMPLETE,True
93163522.0,5,True,HOME,False,False,DIRECT_REPORTED_CHAIN_COMPLETE,True
93163611.0,6,True,HOME,False,False,DIRECT_REPORTED_CHAIN_COMPLETE,True
93163612.0,4,True,HOME,False,False,DIRECT_REPORTED_CHAIN_COMPLETE,True
93163791.0,7,True,HOME,False,False,DIRECT_REPORTED_CHAIN_COMPLETE,True
93166391.0,2,True,HOME,False,False,DIRECT_REPORTED_CHAIN_COMPLETE,True
93166392.0,4,True,HOME,False,False,MIXED_DIRECT_RBW_UNTIMED,False
93166393.0,2,False,NON_HOME_UNKNOWN,False,False,DIRECT_REPORTED_CHAIN_COMPLETE,False
93166394.0,3,True,HOME,False,False,DIRECT_REPORTED_CHAIN_COMPLETE,True
93166641.0,2,False,UNKNOWN,False,False,DIRECT_REPORTED_CHAIN_COMPLETE,False
93166831.0,2,False,NON_HOME_UNKNOWN,False,False,DIRECT_REPORTED_CHAIN_COMPLETE,False
93167111.0,3,False,NON_HOME_UNKNOWN,False,False,DIRECT_REPORTED_CHAIN_COMPLETE,False
93167112.0,3,False,UNKNOWN,False,False,DIRECT_REPORTED_CHAIN_COMPLETE,False
93168821.0,3,True,HOME,False,False,DIRECT_REPORTED_CHAIN_COMPLETE,True
93168822.0,4,True,HOME,False,False,DIRECT_REPORTED_CHAIN_COMPLETE,True
93169751.0,3,False,NON_HOME_UNKNOWN,False,False,DIRECT_REPORTED_CHAIN_COMPLETE,False
93171031.0,3,True,HOME,False,False,DIRECT_REPORTED_CHAIN_COMPLETE,True
93171032.0,6,True,HOME,False,False,DIRECT_REPORTED_CHAIN_COMPLETE,True
93171562.0,2,True,HOME,False,False,DIRECT_REPORTED_CHAIN_COMPLETE,True
93172641.0,4,True,HOME,False,False,DIRECT_REPORTED_CHAIN_COMPLETE,True
93172642.0,4,True,HOME,False,False,DIRECT_REPORTED_CHAIN_COMPLETE,True
93172643.0,3,True,HOME,False,False,DIRECT_REPORTED_CHAIN_COMPLETE,True
93173831.0,2,True,HOME,False,False,MIXED_DIRECT_RBW_UNTIMED,False
93173832.0,2,False,UNKNOWN,False,False,DIRECT_REPORTED_CHAIN_COMPLETE,False
93174041.0,3,True,HOME,False,False,DIRECT_REPORTED_CHAIN_COMPLETE,True
93174042.0,4,True,HOME,False,False,DIRECT_REPORTED_CHAIN_COMPLETE,True
93178341.0,7,True,HOME,False,False,DIRECT_REPORTED_CHAIN_COMPLETE,True
93178491.0,2,True,HOME,False,False,DIRECT_REPORTED_CHAIN_COMPLETE,True
93178492.0,4,True,HOME,False,False,DIRECT_REPORTED_CHAIN_COMPLETE,True
93178493.0,2,True,HOME,False,False,DIRECT_REPORTED_CHAIN_COMPLETE,True
93178494.0,2,True,HOME,False,False,DIRECT_REPORTED_CHAIN_COMPLETE,True
93178495.0,4,True,HOME,False,False,DIRECT_REPORTED_CHAIN_COMPLETE,True
93180621.0,2,False,UNKNOWN,False,False,DIRECT_REPORTED_CHAIN_COMPLETE,False
93181361.0,1,False,NON_HOME_UNKNOWN,False,False,DIRECT_ROWS_RBW_COUNT_UNKNOWN,False
93181362.0,4,True,HOME,False,False,DIRECT_REPORTED_CHAIN_COMPLETE,True
93181431.0,5,True,HOME,False,False,DIRECT_REPORTED_CHAIN_COMPLETE,True
93183681.0,5,False,UNKNOWN,False,False,DIRECT_REPORTED_CHAIN_COMPLETE,False
93184021.0,4,True,HOME,False,False,DIRECT_REPORTED_CHAIN_COMPLETE,True
93185391.0,6,True,HOME,False,False,DIRECT_REPORTED_CHAIN_COMPLETE,True
93185591.0,8,True,HOME,False,False,DIRECT_REPORTED_CHAIN_COMPLETE,True
93185592.0,6,True,HOME,False,False,MIXED_DIRECT_RBW_UNTIMED,False
93185593.0,4,True,HOME,False,False,DIRECT_REPORTED_CHAIN_COMPLETE,True
93185594.0,2,True,HOME,False,False,DIRECT_REPORTED_CHAIN_COMPLETE,True
93186641.0,7,True,HOME,False,False,DIRECT_REPORTED_CHAIN_COMPLETE,True
93187951.0,3,True,HOME,False,False,DIRECT_REPORTED_CHAIN_COMPLETE,True
93188471.0,4,False,UNKNOWN,False,False,DIRECT_REPORTED_CHAIN_COMPLETE,False
93188472.0,3,False,UNKNOWN,False,False,DIRECT_REPORTED_CHAIN_COMPLETE,False
93188473.0,4,False,UNKNOWN,False,False,DIRECT_REPORTED_CHAIN_COMPLETE,False
93189392.0,2,True,HOME,False,False,DIRECT_REPORTED_CHAIN_COMPLETE,True
93190211.0,4,True,HOME,False,False,DIRECT_REPORTED_CHAIN_COMPLETE,True
93190212.0,1,True,HOME,False,False,DIRECT_REPORTED_CHAIN_COMPLETE,True
93190213.0,2,True,HOME,False,False,DIRECT_REPORTED_CHAIN_COMPLETE,True
93190291.0,2,True,HOME,False,False,DIRECT_REPORTED_CHAIN_COMPLETE,True
93191931.0,3,True,HOME,False,False,DIRECT_REPORTED_CHAIN_COMPLETE,True
93191932.0,2,True,HOME,False,False,DIRECT_REPORTED_CHAIN_COMPLETE,True
93193811.0,2,True,HOME,False,False,DIRECT_REPORTED_CHAIN_COMPLETE,True
93194951.0,2,True,HOME,False,False,DIRECT_REPORTED_CHAIN_COMPLETE,True
93194952.0,4,True,HOME,False,False,DIRECT_REPORTED_CHAIN_COMPLETE,True
93195031.0,4,True,HOME,False,False,MIXED_DIRECT_RBW_UNTIMED,False
93195032.0,5,True,HOME,False,False,DIRECT_REPORTED_CHAIN_COMPLETE,True
93195033.0,6,True,HOME,False,False,MIXED_DIRECT_RBW_UNTIMED,False
93195034.0,2,True,HOME,False,False,DIRECT_REPORTED_CHAIN_COMPLETE,True
93195771.0,2,True,HOME,False,False,DIRECT_REPORTED_CHAIN_COMPLETE,True
93196561.0,2,False,NON_HOME_UNKNOWN,False,False,DIRECT_REPORTED_CHAIN_COMPLETE,False
93196581.0,5,False,NON_HOME_UNKNOWN,False,False,DIRECT_REPORTED_CHAIN_COMPLETE,False
93197991.0,4,True,HOME,False,False,DIRECT_REPORTED_CHAIN_COMPLETE,True
93197992.0,2,True,HOME,False,False,DIRECT_REPORTED_CHAIN_COMPLETE,True
93201661.0,2,True,HOME,False,False,DIRECT_REPORTED_CHAIN_COMPLETE,True
93201662.0,2,True,HOME,False,False,DIRECT_REPORTED_CHAIN_COMPLETE,True
93204981.0,2,False,NON_HOME_UNKNOWN,False,False,DIRECT_REPORTED_CHAIN_COMPLETE,False
93205951.0,2,True,HOME,False,False,DIRECT_REPORTED_CHAIN_COMPLETE,True
93205952.0,4,True,HOME,False,False,DIRECT_REPORTED_CHAIN_COMPLETE,True
93205953.0,2,True,HOME,False,False,DIRECT_REPORTED_CHAIN_COMPLETE,True
93205954.0,2,True,HOME,False,False,DIRECT_REPORTED_CHAIN_COMPLETE,True
93206491.0,3,False,HOME,True,False,DIRECT_REPORTED_CHAIN_COMPLETE,False
93206641.0,3,True,HOME,False,False,DIRECT_REPORTED_CHAIN_COMPLETE,True
93210921.0,3,True,HOME,False,False,DIRECT_REPORTED_CHAIN_COMPLETE,True
93210922.0,1,True,HOME,False,False,DIRECT_REPORTED_CHAIN_COMPLETE,True
93210923.0,1,False,NON_HOME_UNKNOWN,False,False,DIRECT_REPORTED_CHAIN_COMPLETE,False
93210924.0,2,True,HOME,False,False,DIRECT_REPORTED_CHAIN_COMPLETE,True
93216031.0,5,True,HOME,False,False,DIRECT_REPORTED_CHAIN_COMPLETE,True
93216032.0,5,True,HOME,False,False,DIRECT_REPORTED_CHAIN_COMPLETE,True
93217752.0,3,False,NON_HOME_UNKNOWN,False,False,DIRECT_REPORTED_CHAIN_COMPLETE,False
93218791.0,2,True,HOME,False,False,DIRECT_REPORTED_CHAIN_COMPLETE,True
93218792.0,2,True,HOME,False,False,DIRECT_REPORTED_CHAIN_COMPLETE,True
93220071.0,5,True,HOME,False,False,DIRECT_REPORTED_CHAIN_COMPLETE,True
93220072.0,2,True,HOME,False,False,DIRECT_REPORTED_CHAIN_COMPLETE,True
93220411.0,2,False,UNKNOWN,False,False,DIRECT_REPORTED_CHAIN_COMPLETE,False
93220412.0,2,False,UNKNOWN,False,False,DIRECT_REPORTED_CHAIN_COMPLETE,False
93220501.0,2,True,HOME,False,False,DIRECT_REPORTED_CHAIN_COMPLETE,True
93220502.0,2,True,HOME,False,False,DIRECT_REPORTED_CHAIN_COMPLETE,True
93220503.0,2,True,HOME,False,False,DIRECT_REPORTED_CHAIN_COMPLETE,True
93221351.0,3,False,UNKNOWN,False,False,DIRECT_REPORTED_CHAIN_COMPLETE,False
93222701.0,5,True,HOME,False,False,DIRECT_REPORTED_CHAIN_COMPLETE,True
93222921.0,4,True,HOME,False,False,DIRECT_REPORTED_CHAIN_COMPLETE,True
93222922.0,6,True,HOME,False,False,DIRECT_REPORTED_CHAIN_COMPLETE,True
93222923.0,2,True,HOME,False,False,DIRECT_REPORTED_CHAIN_COMPLETE,True
93223321.0,5,True,HOME,False,False,DIRECT_REPORTED_CHAIN_COMPLETE,True
93223322.0,3,True,HOME,False,False,DIRECT_REPORTED_CHAIN_COMPLETE,True
93224181.0,2,False,UNKNOWN,False,False,DIRECT_REPORTED_CHAIN_COMPLETE,False
93224691.0,3,True,HOME,False,False,DIRECT_REPORTED_CHAIN_COMPLETE,True
93226121.0,4,True,HOME,False,False,DIRECT_REPORTED_CHAIN_COMPLETE,True
93226122.0,4,True,HOME,False,False,DIRECT_REPORTED_CHAIN_COMPLETE,True
93226123.0,4,True,HOME,False,False,DIRECT_REPORTED_CHAIN_COMPLETE,True
93226124.0,2,True,HOME,False,False,DIRECT_REPORTED_CHAIN_COMPLETE,True
93226125.0,2,True,HOME,False,False,DIRECT_REPORTED_CHAIN_COMPLETE,True
93226126.0,5,True,HOME,False,False,DIRECT_REPORTED_CHAIN_COMPLETE,True
93227701.0,2,True,HOME,False,False,DIRECT_REPORTED_CHAIN_COMPLETE,True
93228562.0,2,True,HOME,False,False,DIRECT_REPORTED_CHAIN_COMPLETE,True
93229811.0,4,True,HOME,False,False,DIRECT_ROWS_RBW_COUNT_UNKNOWN,False
93229812.0,4,True,HOME,False,False,DIRECT_REPORTED_CHAIN_COMPLETE,True
93234821.0,2,True,HOME,False,False,DIRECT_REPORTED_CHAIN_COMPLETE,True
93235271.0,4,True,HOME,False,False,DIRECT_REPORTED_CHAIN_COMPLETE,True
93235272.0,6,True,HOME,False,False,DIRECT_REPORTED_CHAIN_COMPLETE,True
93235711.0,5,True,HOME,False,False,DIRECT_REPORTED_CHAIN_COMPLETE,True
93238071.0,4,True,HOME,False,False,DIRECT_REPORTED_CHAIN_COMPLETE,True
93238072.0,5,True,HOME,False,False,DIRECT_REPORTED_CHAIN_COMPLETE,True
93238281.0,5,True,HOME,False,False,DIRECT_REPORTED_CHAIN_COMPLETE,True
93238282.0,4,True,HOME,False,False,DIRECT_REPORTED_CHAIN_COMPLETE,True
93238283.0,4,True,HOME,False,False,DIRECT_REPORTED_CHAIN_COMPLETE,True
93238761.0,2,True,HOME,False,False,DIRECT_REPORTED_CHAIN_COMPLETE,True
93239641.0,7,True,HOME,False,False,DIRECT_REPORTED_CHAIN_COMPLETE,True
93239642.0,3,True,HOME,False,False,DIRECT_REPORTED_CHAIN_COMPLETE,True
93239643.0,4,True,HOME,False,False,DIRECT_REPORTED_CHAIN_COMPLETE,True
93239644.0,7,True,HOME,False,False,DIRECT_REPORTED_CHAIN_COMPLETE,True
93240751.0,2,True,HOME,False,False,DIRECT_REPORTED_CHAIN_COMPLETE,True
93240752.0,4,True,HOME,False,False,DIRECT_REPORTED_CHAIN_COMPLETE,True
93240801.0,4,False,NON_HOME_UNKNOWN,False,False,DIRECT_REPORTED_CHAIN_COMPLETE,False
93242431.0,3,True,HOME,False,False,DIRECT_REPORTED_CHAIN_COMPLETE,True
93242691.0,3,True,HOME,False,False,DIRECT_REPORTED_CHAIN_COMPLETE,True
93243001.0,2,True,HOME,False,False,DIRECT_REPORTED_CHAIN_COMPLETE,True
93243002.0,5,True,HOME,False,False,DIRECT_REPORTED_CHAIN_COMPLETE,True
93243003.0,5,True,HOME,False,False,DIRECT_REPORTED_CHAIN_COMPLETE,True
93243811.0,4,True,HOME,False,False,DIRECT_REPORTED_CHAIN_COMPLETE,True
93244581.0,6,True,HOME,False,False,DIRECT_REPORTED_CHAIN_COMPLETE,True
93244582.0,8,True,HOME,False,False,DIRECT_REPORTED_CHAIN_COMPLETE,True
93246811.0,2,True,HOME,False,False,DIRECT_REPORTED_CHAIN_COMPLETE,True
93246812.0,3,True,HOME,False,False,DIRECT_REPORTED_CHAIN_COMPLETE,True
93246814.0,4,True,HOME,False,False,DIRECT_REPORTED_CHAIN_COMPLETE,True
93248331.0,6,True,HOME,False,False,DIRECT_REPORTED_CHAIN_COMPLETE,True
93248611.0,4,True,HOME,False,False,DIRECT_REPORTED_CHAIN_COMPLETE,True
93248612.0,4,True,HOME,False,False,DIRECT_REPORTED_CHAIN_COMPLETE,True
93249772.0,2,True,HOME,False,False,DIRECT_REPORTED_CHAIN_COMPLETE,True
93250271.0,3,True,HOME,False,False,DIRECT_REPORTED_CHAIN_COMPLETE,True
93250272.0,3,True,HOME,False,False,DIRECT_REPORTED_CHAIN_COMPLETE,True
93250781.0,3,True,HOME,False,False,DIRECT_REPORTED_CHAIN_COMPLETE,True
93250911.0,5,True,HOME,False,False,DIRECT_REPORTED_CHAIN_COMPLETE,True
93251711.0,2,True,HOME,False,False,DIRECT_REPORTED_CHAIN_COMPLETE,True
93251712.0,3,True,HOME,False,False,MIXED_DIRECT_RBW_UNTIMED,False
93253891.0,5,True,HOME,False,False,DIRECT_REPORTED_CHAIN_COMPLETE,True
93254621.0,3,True,HOME,False,False,MIXED_DIRECT_RBW_UNTIMED,False
93254622.0,3,True,HOME,False,False,DIRECT_REPORTED_CHAIN_COMPLETE,True
93254851.0,1,False,UNKNOWN,False,False,DIRECT_REPORTED_CHAIN_COMPLETE,False
93258551.0,2,True,HOME,False,False,DIRECT_REPORTED_CHAIN_COMPLETE,True
93259101.0,2,True,HOME,False,False,DIRECT_REPORTED_CHAIN_COMPLETE,True
93261401.0,2,True,HOME,False,False,DIRECT_REPORTED_CHAIN_COMPLETE,True
93261402.0,2,True,HOME,False,False,DIRECT_REPORTED_CHAIN_COMPLETE,True
93261403.0,2,True,HOME,False,False,DIRECT_REPORTED_CHAIN_COMPLETE,True
93261404.0,2,True,HOME,False,False,DIRECT_REPORTED_CHAIN_COMPLETE,True
93261771.0,6,True,HOME,False,False,DIRECT_REPORTED_CHAIN_COMPLETE,True
93261772.0,5,True,HOME,False,False,DIRECT_REPORTED_CHAIN_COMPLETE,True
93261773.0,4,True,HOME,False,False,DIRECT_REPORTED_CHAIN_COMPLETE,True
93263101.0,2,True,HOME,False,False,DIRECT_REPORTED_CHAIN_COMPLETE,True
93263102.0,2,True,HOME,False,False,DIRECT_REPORTED_CHAIN_COMPLETE,True
93263103.0,2,True,HOME,False,False,DIRECT_REPORTED_CHAIN_COMPLETE,True
93263202.0,4,True,HOME,False,False,MIXED_DIRECT_RBW_UNTIMED,False
93263671.0,1,True,HOME,False,False,DIRECT_REPORTED_CHAIN_COMPLETE,True
93263672.0,1,True,HOME,False,False,DIRECT_REPORTED_CHAIN_COMPLETE,True
93264651.0,4,False,UNKNOWN,False,True,DIRECT_REPORTED_CHAIN_COMPLETE,False
93265101.0,6,False,NON_HOME_UNKNOWN,False,False,DIRECT_REPORTED_CHAIN_COMPLETE,False
93265102.0,9,False,NON_HOME_UNKNOWN,False,True,DIRECT_REPORTED_CHAIN_COMPLETE,False
93265103.0,6,False,NON_HOME_UNKNOWN,False,False,DIRECT_REPORTED_CHAIN_COMPLETE,False
93265191.0,3,True,HOME,False,False,DIRECT_REPORTED_CHAIN_COMPLETE,True
93266041.0,2,True,HOME,False,False,DIRECT_REPORTED_CHAIN_COMPLETE,True
93266811.0,4,True,HOME,False,False,DIRECT_REPORTED_CHAIN_COMPLETE,True
93266812.0,4,True,HOME,False,False,DIRECT_REPORTED_CHAIN_COMPLETE,True
93267481.0,4,True,HOME,False,False,DIRECT_REPORTED_CHAIN_COMPLETE,True
93267482.0,2,True,HOME,False,False,DIRECT_REPORTED_CHAIN_COMPLETE,True
93267581.0,3,True,HOME,False,False,DIRECT_REPORTED_CHAIN_COMPLETE,True
93267582.0,3,True,HOME,False,False,DIRECT_REPORTED_CHAIN_COMPLETE,True
93268711.0,2,True,HOME,False,False,DIRECT_REPORTED_CHAIN_COMPLETE,True
93269241.0,8,True,HOME,False,False,DIRECT_ROWS_PLUS_UNDETAILED_TRIPS,False
93269243.0,3,True,HOME,False,False,DIRECT_REPORTED_CHAIN_COMPLETE,True
93269244.0,8,True,HOME,False,False,DIRECT_ROWS_PLUS_UNDETAILED_TRIPS,False
93271221.0,8,True,HOME,False,False,DIRECT_REPORTED_CHAIN_COMPLETE,True
93271272.0,10,True,HOME,False,False,DIRECT_REPORTED_CHAIN_COMPLETE,True
93271273.0,2,True,HOME,False,False,DIRECT_REPORTED_CHAIN_COMPLETE,True
93271274.0,5,True,HOME,False,False,DIRECT_REPORTED_CHAIN_COMPLETE,True
93272341.0,4,True,HOME,False,False,DIRECT_REPORTED_CHAIN_COMPLETE,True
93274721.0,2,True,HOME,False,False,DIRECT_REPORTED_CHAIN_COMPLETE,True
93274722.0,5,False,UNKNOWN,False,False,DIRECT_REPORTED_CHAIN_COMPLETE,False
93275051.0,2,True,HOME,False,False,DIRECT_REPORTED_CHAIN_COMPLETE,True
93275052.0,2,False,NON_HOME_UNKNOWN,False,False,DIRECT_REPORTED_CHAIN_COMPLETE,False
93276561.0,4,True,HOME,False,False,DIRECT_REPORTED_CHAIN_COMPLETE,True
93276601.0,1,True,HOME,False,False,DIRECT_REPORTED_CHAIN_COMPLETE,True
93276771.0,2,False,NON_HOME_UNKNOWN,False,False,MIXED_DIRECT_RBW_UNTIMED,False
93277291.0,3,True,HOME,False,False,DIRECT_REPORTED_CHAIN_COMPLETE,True
93277292.0,3,True,HOME,False,False,DIRECT_REPORTED_CHAIN_COMPLETE,True
93277691.0,2,True,HOME,False,False,DIRECT_REPORTED_CHAIN_COMPLETE,True
93277692.0,2,True,HOME,False,False,DIRECT_REPORTED_CHAIN_COMPLETE,True
93277693.0,2,True,HOME,False,False,DIRECT_REPORTED_CHAIN_COMPLETE,True
93277713.0,2,True,HOME,False,False,DIRECT_REPORTED_CHAIN_COMPLETE,True
93277714.0,2,True,HOME,False,False,DIRECT_REPORTED_CHAIN_COMPLETE,True
93278001.0,3,False,NON_HOME_UNKNOWN,False,False,DIRECT_REPORTED_CHAIN_COMPLETE,False
93278002.0,6,True,HOME,False,False,DIRECT_REPORTED_CHAIN_COMPLETE,True
93278121.0,2,True,HOME,False,False,DIRECT_REPORTED_CHAIN_COMPLETE,True
93278122.0,2,True,HOME,False,False,DIRECT_REPORTED_CHAIN_COMPLETE,True
93278531.0,4,True,HOME,False,False,DIRECT_REPORTED_CHAIN_COMPLETE,True
93278861.0,2,False,UNKNOWN,False,False,DIRECT_REPORTED_CHAIN_COMPLETE,False
93279451.0,5,True,HOME,False,False,DIRECT_REPORTED_CHAIN_COMPLETE,True
93279452.0,8,True,HOME,False,False,DIRECT_REPORTED_CHAIN_COMPLETE,True
93279453.0,5,False,UNKNOWN,False,False,DIRECT_REPORTED_CHAIN_COMPLETE,False
93279581.0,8,False,NON_HOME_UNKNOWN,False,False,DIRECT_REPORTED_CHAIN_COMPLETE,False
93279582.0,7,False,NON_HOME_UNKNOWN,True,False,DIRECT_REPORTED_CHAIN_COMPLETE,False
93280031.0,4,True,HOME,False,False,DIRECT_REPORTED_CHAIN_COMPLETE,True
93280032.0,4,True,HOME,False,False,DIRECT_REPORTED_CHAIN_COMPLETE,True
93280911.0,3,False,NON_HOME_UNKNOWN,False,False,DIRECT_REPORTED_CHAIN_COMPLETE,False
93280912.0,2,False,NON_HOME_UNKNOWN,False,False,DIRECT_REPORTED_CHAIN_COMPLETE,False
93281401.0,6,False,NON_HOME_UNKNOWN,False,False,DIRECT_REPORTED_CHAIN_COMPLETE,False
93281402.0,6,False,NON_HOME_UNKNOWN,False,False,DIRECT_REPORTED_CHAIN_COMPLETE,False
93281403.0,2,False,NON_HOME_UNKNOWN,False,False,DIRECT_REPORTED_CHAIN_COMPLETE,False
93282301.0,2,True,HOME,False,False,DIRECT_REPORTED_CHAIN_COMPLETE,True
93282361.0,2,False,UNKNOWN,False,False,DIRECT_REPORTED_CHAIN_COMPLETE,False
93282362.0,5,True,HOME,False,False,DIRECT_REPORTED_CHAIN_COMPLETE,True
93282791.0,5,True,HOME,False,False,DIRECT_REPORTED_CHAIN_COMPLETE,True
93283381.0,1,True,HOME,False,False,DIRECT_REPORTED_CHAIN_COMPLETE,True
93283382.0,1,True,HOME,False,False,DIRECT_REPORTED_CHAIN_COMPLETE,True
93283383.0,1,True,HOME,False,False,DIRECT_REPORTED_CHAIN_COMPLETE,True
93284571.0,2,True,HOME,False,False,DIRECT_REPORTED_CHAIN_COMPLETE,True
93284572.0,2,True,HOME,False,False,DIRECT_REPORTED_CHAIN_COMPLETE,True
93285621.0,6,True,HOME,False,False,DIRECT_REPORTED_CHAIN_COMPLETE,True
93285861.0,2,False,UNKNOWN,False,False,DIRECT_REPORTED_CHAIN_COMPLETE,False
93286991.0,4,True,HOME,False,False,MIXED_DIRECT_RBW_UNTIMED,False
93287791.0,2,True,HOME,False,False,DIRECT_REPORTED_CHAIN_COMPLETE,True
93288051.0,3,True,HOME,False,False,MIXED_DIRECT_RBW_UNTIMED,False
93288052.0,5,True,HOME,False,False,DIRECT_REPORTED_CHAIN_COMPLETE,True
93288941.0,4,True,HOME,False,False,DIRECT_REPORTED_CHAIN_COMPLETE,True
93289671.0,4,True,HOME,False,False,DIRECT_REPORTED_CHAIN_COMPLETE,True
93289672.0,2,False,HOME,False,True,DIRECT_REPORTED_CHAIN_COMPLETE,False
93290971.0,7,True,HOME,False,False,DIRECT_REPORTED_CHAIN_COMPLETE,True
93291681.0,4,True,HOME,False,False,DIRECT_REPORTED_CHAIN_COMPLETE,True
93291682.0,2,True,HOME,False,False,DIRECT_REPORTED_CHAIN_COMPLETE,True
93292011.0,4,True,HOME,False,False,DIRECT_REPORTED_CHAIN_COMPLETE,True
93292012.0,1,True,HOME,False,False,DIRECT_REPORTED_CHAIN_COMPLETE,True
93292261.0,4,True,HOME,False,False,DIRECT_REPORTED_CHAIN_COMPLETE,True
93292581.0,5,True,HOME,False,False,DIRECT_REPORTED_CHAIN_COMPLETE,True
93293081.0,6,True,HOME,False,False,DIRECT_REPORTED_CHAIN_COMPLETE,True
93293481.0,2,True,HOME,False,False,MIXED_DIRECT_RBW_UNTIMED,False
93293482.0,5,True,HOME,False,False,DIRECT_REPORTED_CHAIN_COMPLETE,True
93293484.0,5,False,NON_HOME_UNKNOWN,False,False,DIRECT_REPORTED_CHAIN_COMPLETE,False
93293631.0,6,True,HOME,False,False,DIRECT_REPORTED_CHAIN_COMPLETE,True
93297601.0,4,True,HOME,False,False,DIRECT_REPORTED_CHAIN_COMPLETE,True
93297602.0,2,True,HOME,False,False,DIRECT_REPORTED_CHAIN_COMPLETE,True
93297603.0,2,True,HOME,False,False,DIRECT_REPORTED_CHAIN_COMPLETE,True
93297604.0,2,True,HOME,False,False,DIRECT_REPORTED_CHAIN_COMPLETE,True
93298231.0,2,True,HOME,False,False,DIRECT_REPORTED_CHAIN_COMPLETE,True
93302251.0,3,True,HOME,False,False,DIRECT_REPORTED_CHAIN_COMPLETE,True
93302411.0,5,True,HOME,False,False,DIRECT_REPORTED_CHAIN_COMPLETE,True
93303391.0,2,True,HOME,False,False,DIRECT_REPORTED_CHAIN_COMPLETE,True
93304291.0,6,True,HOME,False,False,DIRECT_REPORTED_CHAIN_COMPLETE,True
93304292.0,4,True,HOME,False,False,DIRECT_REPORTED_CHAIN_COMPLETE,True
93305381.0,8,True,HOME,False,False,DIRECT_REPORTED_CHAIN_COMPLETE,True
93305382.0,4,True,HOME,False,False,DIRECT_REPORTED_CHAIN_COMPLETE,True
93306681.0,3,True,HOME,False,False,DIRECT_REPORTED_CHAIN_COMPLETE,True
93306682.0,6,True,HOME,False,False,DIRECT_REPORTED_CHAIN_COMPLETE,True
93306683.0,2,True,HOME,False,False,DIRECT_REPORTED_CHAIN_COMPLETE,True
93306684.0,4,False,UNKNOWN,False,False,DIRECT_REPORTED_CHAIN_COMPLETE,False
93307631.0,6,True,HOME,False,False,MIXED_DIRECT_RBW_UNTIMED,False
93307632.0,4,True,HOME,False,False,MIXED_DIRECT_RBW_UNTIMED,False
93308091.0,3,False,UNKNOWN,False,False,DIRECT_REPORTED_CHAIN_COMPLETE,False
93308092.0,2,True,HOME,False,False,DIRECT_REPORTED_CHAIN_COMPLETE,True
93308351.0,2,True,HOME,False,False,DIRECT_REPORTED_CHAIN_COMPLETE,True
93308352.0,2,True,HOME,False,False,DIRECT_REPORTED_CHAIN_COMPLETE,True
93310031.0,4,True,HOME,False,False,DIRECT_REPORTED_CHAIN_COMPLETE,True
93310161.0,8,True,HOME,False,False,DIRECT_REPORTED_CHAIN_COMPLETE,True
93310162.0,2,True,HOME,False,False,DIRECT_REPORTED_CHAIN_COMPLETE,True
93310891.0,8,True,HOME,False,False,DIRECT_ROWS_PLUS_UNDETAILED_TRIPS,False
93313561.0,7,True,HOME,False,False,DIRECT_REPORTED_CHAIN_COMPLETE,True
93313562.0,4,True,HOME,False,False,DIRECT_REPORTED_CHAIN_COMPLETE,True
93313631.0,4,False,NON_HOME_UNKNOWN,False,False,DIRECT_REPORTED_CHAIN_COMPLETE,False
93313632.0,4,False,NON_HOME_UNKNOWN,False,False,DIRECT_REPORTED_CHAIN_COMPLETE,False
93313634.0,4,False,NON_HOME_UNKNOWN,False,False,DIRECT_REPORTED_CHAIN_COMPLETE,False
93315041.0,3,True,HOME,False,False,DIRECT_REPORTED_CHAIN_COMPLETE,True
93315042.0,4,True,HOME,False,False,DIRECT_REPORTED_CHAIN_COMPLETE,True
93315043.0,3,True,HOME,False,False,DIRECT_REPORTED_CHAIN_COMPLETE,True
93315161.0,5,True,HOME,False,False,DIRECT_REPORTED_CHAIN_COMPLETE,True
93315162.0,5,True,HOME,False,False,DIRECT_REPORTED_CHAIN_COMPLETE,True
93315163.0,5,True,HOME,False,False,DIRECT_REPORTED_CHAIN_COMPLETE,True
93316482.0,1,False,UNKNOWN,False,False,DIRECT_REPORTED_CHAIN_COMPLETE,False
93319302.0,2,True,HOME,False,False,DIRECT_REPORTED_CHAIN_COMPLETE,True
93319651.0,1,False,UNKNOWN,False,False,DIRECT_REPORTED_CHAIN_COMPLETE,False
93319671.0,1,False,UNKNOWN,False,False,MIXED_DIRECT_RBW_UNTIMED,False
93319691.0,5,False,NON_HOME_UNKNOWN,False,False,DIRECT_REPORTED_CHAIN_COMPLETE,False
93319692.0,4,False,NON_HOME_UNKNOWN,False,False,DIRECT_REPORTED_CHAIN_COMPLETE,False
93319821.0,2,True,HOME,False,False,DIRECT_REPORTED_CHAIN_COMPLETE,True
93319822.0,4,True,HOME,False,False,DIRECT_REPORTED_CHAIN_COMPLETE,True
93320751.0,4,True,HOME,False,False,DIRECT_REPORTED_CHAIN_COMPLETE,True
93321341.0,4,True,HOME,False,False,DIRECT_REPORTED_CHAIN_COMPLETE,True
93321342.0,2,True,HOME,False,False,DIRECT_REPORTED_CHAIN_COMPLETE,True
93322341.0,2,True,HOME,False,False,DIRECT_REPORTED_CHAIN_COMPLETE,True
93323611.0,2,True,HOME,False,False,DIRECT_REPORTED_CHAIN_COMPLETE,True
93323612.0,4,True,HOME,False,False,DIRECT_REPORTED_CHAIN_COMPLETE,True
93323613.0,4,True,HOME,False,False,DIRECT_REPORTED_CHAIN_COMPLETE,True
93323614.0,2,True,HOME,False,False,DIRECT_REPORTED_CHAIN_COMPLETE,True
93323711.0,4,True,HOME,False,False,DIRECT_REPORTED_CHAIN_COMPLETE,True
93324761.0,2,True,HOME,False,False,DIRECT_REPORTED_CHAIN_COMPLETE,True
93324762.0,4,True,HOME,False,False,DIRECT_REPORTED_CHAIN_COMPLETE,True
93326061.0,2,True,HOME,False,False,DIRECT_REPORTED_CHAIN_COMPLETE,True
93326881.0,4,False,NON_HOME_UNKNOWN,False,False,DIRECT_REPORTED_CHAIN_COMPLETE,False
93331631.0,4,True,HOME,False,False,DIRECT_REPORTED_CHAIN_COMPLETE,True
93333141.0,3,True,HOME,False,False,DIRECT_REPORTED_CHAIN_COMPLETE,True
93333142.0,3,True,HOME,False,False,DIRECT_REPORTED_CHAIN_COMPLETE,True
93333143.0,3,False,NON_HOME_UNKNOWN,False,False,DIRECT_REPORTED_CHAIN_COMPLETE,False
93333451.0,5,True,HOME,False,False,DIRECT_REPORTED_CHAIN_COMPLETE,True
93333581.0,2,False,NON_HOME_UNKNOWN,False,False,DIRECT_REPORTED_CHAIN_COMPLETE,False
93336551.0,2,False,NON_HOME_UNKNOWN,False,False,DIRECT_REPORTED_CHAIN_COMPLETE,False
93336652.0,2,True,HOME,False,False,DIRECT_REPORTED_CHAIN_COMPLETE,True
93336731.0,4,True,HOME,False,False,DIRECT_REPORTED_CHAIN_COMPLETE,True
93336732.0,4,True,HOME,False,False,DIRECT_REPORTED_CHAIN_COMPLETE,True
93339071.0,3,True,HOME,False,False,DIRECT_REPORTED_CHAIN_COMPLETE,True
93339072.0,3,True,HOME,False,False,DIRECT_REPORTED_CHAIN_COMPLETE,True
93339451.0,2,True,HOME,False,False,DIRECT_REPORTED_CHAIN_COMPLETE,True
93340571.0,3,True,HOME,False,False,DIRECT_REPORTED_CHAIN_COMPLETE,True
93340572.0,4,True,HOME,False,False,DIRECT_REPORTED_CHAIN_COMPLETE,True
93341641.0,2,True,HOME,False,False,DIRECT_REPORTED_CHAIN_COMPLETE,True
93342851.0,2,True,HOME,False,False,DIRECT_REPORTED_CHAIN_COMPLETE,True
93342911.0,4,True,HOME,False,False,DIRECT_REPORTED_CHAIN_COMPLETE,True
93342912.0,4,True,HOME,False,False,DIRECT_REPORTED_CHAIN_COMPLETE,True
93343091.0,2,True,HOME,False,False,DIRECT_REPORTED_CHAIN_COMPLETE,True
93343771.0,6,True,HOME,False,False,DIRECT_REPORTED_CHAIN_COMPLETE,True
93344121.0,3,False,NON_HOME_UNKNOWN,False,False,DIRECT_REPORTED_CHAIN_COMPLETE,False
93345332.0,4,True,HOME,False,False,DIRECT_REPORTED_CHAIN_COMPLETE,True
93347381.0,5,True,HOME,False,False,DIRECT_REPORTED_CHAIN_COMPLETE,True
93348901.0,1,True,HOME,False,False,DIRECT_REPORTED_CHAIN_COMPLETE,True
93350041.0,2,True,HOME,False,False,DIRECT_REPORTED_CHAIN_COMPLETE,True
93350042.0,2,True,HOME,False,False,DIRECT_REPORTED_CHAIN_COMPLETE,True
93350043.0,2,True,HOME,False,False,DIRECT_REPORTED_CHAIN_COMPLETE,True
93350044.0,4,True,HOME,False,False,DIRECT_REPORTED_CHAIN_COMPLETE,True
93350212.0,2,True,HOME,False,False,DIRECT_REPORTED_CHAIN_COMPLETE,True
93351271.0,5,True,HOME,False,False,DIRECT_REPORTED_CHAIN_COMPLETE,True
93351272.0,3,True,HOME,False,False,DIRECT_REPORTED_CHAIN_COMPLETE,True
93351273.0,3,True,HOME,False,False,MIXED_DIRECT_RBW_UNTIMED,False
93351942.0,2,False,UNKNOWN,False,False,DIRECT_REPORTED_CHAIN_COMPLETE,False
93353741.0,4,False,UNKNOWN,False,False,DIRECT_REPORTED_CHAIN_COMPLETE,False
93353742.0,3,True,HOME,False,False,DIRECT_REPORTED_CHAIN_COMPLETE,True
93353861.0,5,True,HOME,False,False,DIRECT_REPORTED_CHAIN_COMPLETE,True
93354461.0,4,True,HOME,False,False,DIRECT_REPORTED_CHAIN_COMPLETE,True
93358331.0,3,False,NON_HOME_UNKNOWN,False,False,DIRECT_REPORTED_CHAIN_COMPLETE,False
93358332.0,3,False,NON_HOME_UNKNOWN,False,False,DIRECT_REPORTED_CHAIN_COMPLETE,False
93358333.0,2,False,UNKNOWN,False,False,DIRECT_REPORTED_CHAIN_COMPLETE,False
93358334.0,3,False,NON_HOME_UNKNOWN,False,False,DIRECT_REPORTED_CHAIN_COMPLETE,False
93360411.0,4,True,HOME,False,False,DIRECT_REPORTED_CHAIN_COMPLETE,True
93360412.0,2,True,HOME,False,False,DIRECT_REPORTED_CHAIN_COMPLETE,True
93360413.0,2,True,HOME,False,False,DIRECT_REPORTED_CHAIN_COMPLETE,True
93361271.0,4,True,HOME,False,False,DIRECT_REPORTED_CHAIN_COMPLETE,True
93361272.0,4,False,UNKNOWN,False,False,DIRECT_REPORTED_CHAIN_COMPLETE,False
93361273.0,4,False,UNKNOWN,False,False,DIRECT_REPORTED_CHAIN_COMPLETE,False
93362421.0,2,True,HOME,False,False,DIRECT_REPORTED_CHAIN_COMPLETE,True
93362911.0,2,True,HOME,False,False,DIRECT_REPORTED_CHAIN_COMPLETE,True
93362912.0,4,True,HOME,False,False,DIRECT_REPORTED_CHAIN_COMPLETE,True
93362913.0,4,True,HOME,False,False,DIRECT_REPORTED_CHAIN_COMPLETE,True
93362914.0,2,True,HOME,False,False,DIRECT_REPORTED_CHAIN_COMPLETE,True
93363171.0,8,True,HOME,False,False,DIRECT_ROWS_UNDETAILED_PLUS_RBW_UNKNOWN,False
93363172.0,2,True,HOME,False,False,DIRECT_REPORTED_CHAIN_COMPLETE,True
93363551.0,4,True,HOME,False,False,DIRECT_REPORTED_CHAIN_COMPLETE,True
93363552.0,3,True,HOME,False,False,DIRECT_REPORTED_CHAIN_COMPLETE,True
93363871.0,5,True,HOME,False,False,DIRECT_REPORTED_CHAIN_COMPLETE,True
93363872.0,4,True,HOME,False,False,DIRECT_ROWS_RBW_COUNT_UNKNOWN,False
93363873.0,3,True,HOME,False,False,DIRECT_ROWS_RBW_COUNT_UNKNOWN,False
93363874.0,3,True,HOME,False,False,DIRECT_REPORTED_CHAIN_COMPLETE,True
93363875.0,7,True,HOME,False,False,DIRECT_REPORTED_CHAIN_COMPLETE,True
93363876.0,4,True,HOME,False,False,DIRECT_REPORTED_CHAIN_COMPLETE,True
93366221.0,6,True,HOME,False,False,MIXED_DIRECT_RBW_UNTIMED,False
93366222.0,2,True,HOME,False,False,DIRECT_REPORTED_CHAIN_COMPLETE,True
93366223.0,2,False,NON_HOME_UNKNOWN,False,False,DIRECT_REPORTED_CHAIN_COMPLETE,False
93366561.0,1,False,UNKNOWN,False,False,DIRECT_REPORTED_CHAIN_COMPLETE,False
93367001.0,4,True,HOME,False,False,DIRECT_REPORTED_CHAIN_COMPLETE,True
93367101.0,2,True,HOME,False,False,DIRECT_REPORTED_CHAIN_COMPLETE,True
93367102.0,2,True,HOME,False,False,DIRECT_REPORTED_CHAIN_COMPLETE,True
93367103.0,2,True,HOME,False,False,DIRECT_REPORTED_CHAIN_COMPLETE,True
93367341.0,5,True,HOME,False,False,DIRECT_REPORTED_CHAIN_COMPLETE,True
93367342.0,4,False,HOME,True,False,DIRECT_REPORTED_CHAIN_COMPLETE,False
93369511.0,3,True,HOME,False,False,DIRECT_REPORTED_CHAIN_COMPLETE,True
93369512.0,3,True,HOME,False,False,DIRECT_REPORTED_CHAIN_COMPLETE,True
93369513.0,3,True,HOME,False,False,DIRECT_REPORTED_CHAIN_COMPLETE,True
93369514.0,3,True,HOME,False,False,DIRECT_REPORTED_CHAIN_COMPLETE,True
93369621.0,1,True,HOME,False,False,DIRECT_REPORTED_CHAIN_COMPLETE,True
93370991.0,2,True,HOME,False,False,DIRECT_REPORTED_CHAIN_COMPLETE,True
93370992.0,2,True,HOME,False,False,DIRECT_REPORTED_CHAIN_COMPLETE,True
93370993.0,2,True,HOME,False,False,DIRECT_REPORTED_CHAIN_COMPLETE,True
93373371.0,5,True,HOME,False,False,DIRECT_REPORTED_CHAIN_COMPLETE,True
93373372.0,3,True,HOME,False,False,DIRECT_REPORTED_CHAIN_COMPLETE,True
93373471.0,2,True,HOME,False,False,DIRECT_REPORTED_CHAIN_COMPLETE,True
93373472.0,2,True,HOME,False,False,DIRECT_REPORTED_CHAIN_COMPLETE,True
93374851.0,4,True,HOME,False,False,DIRECT_REPORTED_CHAIN_COMPLETE,True
93374852.0,6,True,HOME,False,False,DIRECT_REPORTED_CHAIN_COMPLETE,True
93375001.0,3,True,HOME,False,False,DIRECT_REPORTED_CHAIN_COMPLETE,True
93375571.0,3,True,HOME,False,False,DIRECT_REPORTED_CHAIN_COMPLETE,True
93375572.0,3,True,HOME,False,False,DIRECT_REPORTED_CHAIN_COMPLETE,True
93375573.0,2,True,HOME,False,False,DIRECT_REPORTED_CHAIN_COMPLETE,True
93376521.0,4,True,HOME,False,False,DIRECT_REPORTED_CHAIN_COMPLETE,True
93376522.0,4,True,HOME,False,False,DIRECT_REPORTED_CHAIN_COMPLETE,True
93380341.0,2,True,HOME,False,False,DIRECT_REPORTED_CHAIN_COMPLETE,True
93380342.0,2,True,HOME,False,False,DIRECT_REPORTED_CHAIN_COMPLETE,True
93380881.0,8,True,HOME,False,False,DIRECT_REPORTED_CHAIN_COMPLETE,True
93380882.0,5,True,HOME,False,False,DIRECT_REPORTED_CHAIN_COMPLETE,True
93382171.0,5,True,HOME,False,False,DIRECT_REPORTED_CHAIN_COMPLETE,True
93382172.0,6,True,HOME,False,False,DIRECT_REPORTED_CHAIN_COMPLETE,True
93382173.0,2,True,HOME,False,False,DIRECT_REPORTED_CHAIN_COMPLETE,True
93382174.0,2,True,HOME,False,False,DIRECT_REPORTED_CHAIN_COMPLETE,True
93383831.0,3,False,UNKNOWN,True,False,DIRECT_REPORTED_CHAIN_COMPLETE,False
93383832.0,3,False,HOME,True,False,DIRECT_REPORTED_CHAIN_COMPLETE,False
93384831.0,2,True,HOME,False,False,DIRECT_REPORTED_CHAIN_COMPLETE,True
93385321.0,6,True,HOME,False,False,DIRECT_REPORTED_CHAIN_COMPLETE,True
93385931.0,1,True,HOME,False,False,DIRECT_REPORTED_CHAIN_COMPLETE,True
93386541.0,3,True,HOME,False,False,DIRECT_REPORTED_CHAIN_COMPLETE,True
93389601.0,3,False,NON_HOME_UNKNOWN,False,False,DIRECT_REPORTED_CHAIN_COMPLETE,False
93389602.0,3,False,NON_HOME_UNKNOWN,False,False,DIRECT_REPORTED_CHAIN_COMPLETE,False
93394281.0,3,True,HOME,False,False,MIXED_DIRECT_RBW_UNTIMED,False
93397621.0,5,True,HOME,False,False,DIRECT_REPORTED_CHAIN_COMPLETE,True
93398371.0,4,True,HOME,False,False,DIRECT_REPORTED_CHAIN_COMPLETE,True
93398372.0,4,True,HOME,False,False,DIRECT_REPORTED_CHAIN_COMPLETE,True
93398671.0,4,True,HOME,False,False,DIRECT_REPORTED_CHAIN_COMPLETE,True
93399141.0,8,True,HOME,False,False,DIRECT_REPORTED_CHAIN_COMPLETE,True
93399142.0,2,True,HOME,False,False,DIRECT_REPORTED_CHAIN_COMPLETE,True
93399143.0,4,True,HOME,False,False,DIRECT_REPORTED_CHAIN_COMPLETE,True
93399144.0,6,True,HOME,False,False,DIRECT_REPORTED_CHAIN_COMPLETE,True
93399511.0,4,True,HOME,False,False,DIRECT_REPORTED_CHAIN_COMPLETE,True
93401291.0,2,True,HOME,False,False,DIRECT_REPORTED_CHAIN_COMPLETE,True
93401292.0,2,True,HOME,False,False,DIRECT_REPORTED_CHAIN_COMPLETE,True
93401293.0,2,True,HOME,False,False,DIRECT_REPORTED_CHAIN_COMPLETE,True
93401294.0,2,True,HOME,False,False,DIRECT_REPORTED_CHAIN_COMPLETE,True
93404811.0,2,True,HOME,False,False,DIRECT_REPORTED_CHAIN_COMPLETE,True
93404972.0,3,True,HOME,False,False,DIRECT_REPORTED_CHAIN_COMPLETE,True
93404973.0,2,True,HOME,False,False,DIRECT_REPORTED_CHAIN_COMPLETE,True
93404974.0,2,True,HOME,False,False,DIRECT_REPORTED_CHAIN_COMPLETE,True
93406101.0,5,False,UNKNOWN,False,False,MIXED_DIRECT_RBW_UNTIMED,False
93406431.0,5,True,HOME,False,False,DIRECT_REPORTED_CHAIN_COMPLETE,True
93407682.0,2,False,NON_HOME_UNKNOWN,False,True,DIRECT_REPORTED_CHAIN_COMPLETE,False
93407683.0,1,False,NON_HOME_UNKNOWN,False,False,DIRECT_REPORTED_CHAIN_COMPLETE,False
93407791.0,4,True,HOME,False,False,DIRECT_REPORTED_CHAIN_COMPLETE,True
93407792.0,3,True,HOME,False,False,DIRECT_REPORTED_CHAIN_COMPLETE,True
93408631.0,1,True,HOME,False,False,DIRECT_REPORTED_CHAIN_COMPLETE,True
93408632.0,3,True,HOME,False,False,DIRECT_REPORTED_CHAIN_COMPLETE,True
93409141.0,2,True,HOME,False,False,DIRECT_REPORTED_CHAIN_COMPLETE,True
93409142.0,2,True,HOME,False,False,DIRECT_REPORTED_CHAIN_COMPLETE,True
93409581.0,7,True,HOME,False,False,DIRECT_REPORTED_CHAIN_COMPLETE,True
93409582.0,2,True,HOME,False,False,DIRECT_REPORTED_CHAIN_COMPLETE,True
93410471.0,6,True,HOME,False,False,DIRECT_REPORTED_CHAIN_COMPLETE,True
93411331.0,4,True,HOME,False,False,DIRECT_REPORTED_CHAIN_COMPLETE,True
93412551.0,2,True,HOME,False,False,DIRECT_REPORTED_CHAIN_COMPLETE,True
93412552.0,2,True,HOME,False,False,DIRECT_REPORTED_CHAIN_COMPLETE,True
93412781.0,4,True,HOME,False,False,DIRECT_REPORTED_CHAIN_COMPLETE,True
93413041.0,3,True,HOME,False,False,DIRECT_REPORTED_CHAIN_COMPLETE,True
93413042.0,1,True,HOME,False,False,DIRECT_REPORTED_CHAIN_COMPLETE,True
93413211.0,4,False,HOME,True,False,DIRECT_REPORTED_CHAIN_COMPLETE,False
93413212.0,6,True,HOME,False,False,DIRECT_REPORTED_CHAIN_COMPLETE,True
93413481.0,1,True,HOME,False,False,DIRECT_REPORTED_CHAIN_COMPLETE,True
93413482.0,3,True,HOME,False,False,DIRECT_REPORTED_CHAIN_COMPLETE,True
93413781.0,1,False,UNKNOWN,False,False,DIRECT_REPORTED_CHAIN_COMPLETE,False
93413801.0,6,True,HOME,False,False,DIRECT_REPORTED_CHAIN_COMPLETE,True
93414001.0,3,True,HOME,False,False,DIRECT_REPORTED_CHAIN_COMPLETE,True
93414002.0,4,True,HOME,False,False,DIRECT_REPORTED_CHAIN_COMPLETE,True
93415831.0,1,False,NON_HOME_UNKNOWN,False,False,DIRECT_REPORTED_CHAIN_COMPLETE,False
93415832.0,1,False,NON_HOME_UNKNOWN,False,False,DIRECT_REPORTED_CHAIN_COMPLETE,False
93417111.0,2,True,HOME,False,False,DIRECT_REPORTED_CHAIN_COMPLETE,True
93417112.0,1,True,HOME,False,False,DIRECT_REPORTED_CHAIN_COMPLETE,True
93418071.0,3,True,HOME,False,False,DIRECT_ROWS_RBW_COUNT_UNKNOWN,False
93418072.0,2,True,HOME,False,False,DIRECT_REPORTED_CHAIN_COMPLETE,True
93419161.0,2,True,HOME,False,False,DIRECT_REPORTED_CHAIN_COMPLETE,True
93419341.0,3,True,HOME,False,False,DIRECT_REPORTED_CHAIN_COMPLETE,True
93419342.0,2,True,HOME,False,False,DIRECT_REPORTED_CHAIN_COMPLETE,True
93420141.0,5,True,HOME,False,False,DIRECT_REPORTED_CHAIN_COMPLETE,True
93420631.0,2,True,HOME,False,False,DIRECT_REPORTED_CHAIN_COMPLETE,True
93420791.0,4,True,HOME,False,False,MIXED_DIRECT_RBW_UNTIMED,False
93422191.0,6,True,HOME,False,False,DIRECT_REPORTED_CHAIN_COMPLETE,True
93422192.0,2,True,HOME,False,False,DIRECT_REPORTED_CHAIN_COMPLETE,True
93422193.0,3,True,HOME,False,False,DIRECT_REPORTED_CHAIN_COMPLETE,True
93422194.0,4,True,HOME,False,False,DIRECT_REPORTED_CHAIN_COMPLETE,True
93423331.0,2,True,HOME,False,False,DIRECT_REPORTED_CHAIN_COMPLETE,True
93423332.0,2,True,HOME,False,False,DIRECT_REPORTED_CHAIN_COMPLETE,True
93424341.0,7,True,HOME,False,False,DIRECT_REPORTED_CHAIN_COMPLETE,True
93424342.0,2,True,HOME,False,False,DIRECT_REPORTED_CHAIN_COMPLETE,True
93424351.0,4,False,UNKNOWN,False,True,DIRECT_REPORTED_CHAIN_COMPLETE,False
93424353.0,3,False,UNKNOWN,False,False,DIRECT_REPORTED_CHAIN_COMPLETE,False
93424354.0,3,False,UNKNOWN,False,False,DIRECT_REPORTED_CHAIN_COMPLETE,False
93426681.0,4,False,UNKNOWN,False,False,DIRECT_REPORTED_CHAIN_COMPLETE,False
93426682.0,4,True,HOME,False,False,DIRECT_REPORTED_CHAIN_COMPLETE,True
93427411.0,4,True,HOME,False,False,MIXED_DIRECT_RBW_UNTIMED,False
93427511.0,2,True,HOME,False,False,DIRECT_REPORTED_CHAIN_COMPLETE,True
93427512.0,5,True,HOME,False,False,DIRECT_REPORTED_CHAIN_COMPLETE,True
93428501.0,4,True,HOME,False,False,DIRECT_REPORTED_CHAIN_COMPLETE,True
93428502.0,1,True,HOME,False,False,DIRECT_REPORTED_CHAIN_COMPLETE,True
93428881.0,2,True,HOME,False,False,DIRECT_REPORTED_CHAIN_COMPLETE,True
93428882.0,2,False,NON_HOME_UNKNOWN,False,False,DIRECT_REPORTED_CHAIN_COMPLETE,False
93428883.0,2,False,NON_HOME_UNKNOWN,False,False,DIRECT_REPORTED_CHAIN_COMPLETE,False
93429511.0,2,True,HOME,False,False,DIRECT_REPORTED_CHAIN_COMPLETE,True
93430291.0,5,True,HOME,False,False,DIRECT_ROWS_RBW_COUNT_UNKNOWN,False
93430292.0,2,True,HOME,False,False,DIRECT_REPORTED_CHAIN_COMPLETE,True
93430293.0,3,True,HOME,False,False,DIRECT_REPORTED_CHAIN_COMPLETE,True
93430294.0,5,True,HOME,False,False,DIRECT_REPORTED_CHAIN_COMPLETE,True
93430295.0,3,True,HOME,False,False,DIRECT_REPORTED_CHAIN_COMPLETE,True
93430371.0,6,True,HOME,False,False,DIRECT_REPORTED_CHAIN_COMPLETE,True
93430372.0,4,True,HOME,False,False,DIRECT_REPORTED_CHAIN_COMPLETE,True
93430373.0,2,True,HOME,False,False,DIRECT_REPORTED_CHAIN_COMPLETE,True
93430391.0,5,True,HOME,False,False,DIRECT_REPORTED_CHAIN_COMPLETE,True
93430393.0,2,True,HOME,False,False,DIRECT_REPORTED_CHAIN_COMPLETE,True
93430394.0,2,True,HOME,False,False,DIRECT_REPORTED_CHAIN_COMPLETE,True
93435051.0,1,False,UNKNOWN,False,False,DIRECT_REPORTED_CHAIN_COMPLETE,False
93435231.0,2,True,HOME,False,False,DIRECT_REPORTED_CHAIN_COMPLETE,True
93435232.0,2,True,HOME,False,False,DIRECT_REPORTED_CHAIN_COMPLETE,True
93435971.0,3,True,HOME,False,False,DIRECT_REPORTED_CHAIN_COMPLETE,True
93435972.0,4,True,HOME,False,False,DIRECT_REPORTED_CHAIN_COMPLETE,True
93439091.0,2,True,HOME,False,False,DIRECT_REPORTED_CHAIN_COMPLETE,True
93440001.0,1,True,HOME,False,False,DIRECT_REPORTED_CHAIN_COMPLETE,True
93441641.0,4,True,HOME,False,False,DIRECT_REPORTED_CHAIN_COMPLETE,True
93441981.0,2,True,HOME,False,False,DIRECT_REPORTED_CHAIN_COMPLETE,True
93441982.0,2,True,HOME,False,False,DIRECT_REPORTED_CHAIN_COMPLETE,True
93443642.0,4,True,HOME,False,False,DIRECT_REPORTED_CHAIN_COMPLETE,True
93443643.0,3,True,HOME,False,False,DIRECT_REPORTED_CHAIN_COMPLETE,True
93445401.0,5,True,HOME,False,False,DIRECT_REPORTED_CHAIN_COMPLETE,True
93445402.0,5,True,HOME,False,False,DIRECT_REPORTED_CHAIN_COMPLETE,True
93445403.0,2,True,HOME,False,False,DIRECT_REPORTED_CHAIN_COMPLETE,True
93446381.0,3,True,HOME,False,False,DIRECT_REPORTED_CHAIN_COMPLETE,True
93446382.0,5,True,HOME,False,False,DIRECT_REPORTED_CHAIN_COMPLETE,True
93446383.0,3,False,UNKNOWN,False,False,DIRECT_REPORTED_CHAIN_COMPLETE,False
93446641.0,1,False,NON_HOME_UNKNOWN,False,False,DIRECT_REPORTED_CHAIN_COMPLETE,False
93448411.0,2,True,HOME,False,False,DIRECT_REPORTED_CHAIN_COMPLETE,True
93449111.0,2,True,HOME,False,False,DIRECT_REPORTED_CHAIN_COMPLETE,True
93449251.0,4,True,HOME,False,False,MIXED_DIRECT_RBW_UNTIMED,False
93450121.0,5,True,HOME,False,False,DIRECT_REPORTED_CHAIN_COMPLETE,True
93450122.0,5,True,HOME,False,False,DIRECT_REPORTED_CHAIN_COMPLETE,True
93450271.0,6,True,HOME,False,False,DIRECT_REPORTED_CHAIN_COMPLETE,True
93450273.0,3,True,HOME,False,False,DIRECT_REPORTED_CHAIN_COMPLETE,True
93450274.0,4,True,HOME,False,False,DIRECT_REPORTED_CHAIN_COMPLETE,True
93452451.0,2,True,HOME,False,False,DIRECT_REPORTED_CHAIN_COMPLETE,True
93452452.0,2,True,HOME,False,False,DIRECT_REPORTED_CHAIN_COMPLETE,True
93452671.0,4,True,HOME,False,False,DIRECT_REPORTED_CHAIN_COMPLETE,True
93452672.0,4,True,HOME,False,False,DIRECT_REPORTED_CHAIN_COMPLETE,True
93453921.0,3,True,HOME,False,False,DIRECT_REPORTED_CHAIN_COMPLETE,True
93453922.0,6,True,HOME,False,False,DIRECT_REPORTED_CHAIN_COMPLETE,True
93453923.0,4,True,HOME,False,False,DIRECT_REPORTED_CHAIN_COMPLETE,True
93453924.0,4,False,NON_HOME_UNKNOWN,False,False,DIRECT_REPORTED_CHAIN_COMPLETE,False
93453925.0,4,True,HOME,False,False,DIRECT_REPORTED_CHAIN_COMPLETE,True
93453931.0,2,True,HOME,False,False,DIRECT_REPORTED_CHAIN_COMPLETE,True
93453932.0,4,True,HOME,False,False,DIRECT_REPORTED_CHAIN_COMPLETE,True
93455421.0,4,True,HOME,False,False,DIRECT_REPORTED_CHAIN_COMPLETE,True
93455671.0,4,True,HOME,False,False,DIRECT_REPORTED_CHAIN_COMPLETE,True
93455672.0,2,True,HOME,False,False,DIRECT_REPORTED_CHAIN_COMPLETE,True
93457471.0,2,False,UNKNOWN,False,False,DIRECT_REPORTED_CHAIN_COMPLETE,False
93457472.0,2,True,HOME,False,False,DIRECT_REPORTED_CHAIN_COMPLETE,True
93457781.0,1,False,UNKNOWN,False,False,DIRECT_REPORTED_CHAIN_COMPLETE,False
93459181.0,2,True,HOME,False,False,DIRECT_REPORTED_CHAIN_COMPLETE,True
93459411.0,4,True,HOME,False,False,DIRECT_REPORTED_CHAIN_COMPLETE,True
93459412.0,2,True,HOME,False,False,DIRECT_REPORTED_CHAIN_COMPLETE,True
93459413.0,2,True,HOME,False,False,DIRECT_REPORTED_CHAIN_COMPLETE,True
93459421.0,5,True,HOME,False,False,DIRECT_REPORTED_CHAIN_COMPLETE,True
93459422.0,2,True,HOME,False,False,DIRECT_REPORTED_CHAIN_COMPLETE,True
93461851.0,3,True,HOME,False,False,DIRECT_REPORTED_CHAIN_COMPLETE,True
93463171.0,2,True,HOME,False,False,DIRECT_REPORTED_CHAIN_COMPLETE,True
93463172.0,4,True,HOME,False,False,DIRECT_REPORTED_CHAIN_COMPLETE,True
93463174.0,2,True,HOME,False,False,DIRECT_REPORTED_CHAIN_COMPLETE,True
93467061.0,6,True,HOME,False,False,MIXED_DIRECT_RBW_UNTIMED,False
93467251.0,2,True,HOME,False,False,DIRECT_REPORTED_CHAIN_COMPLETE,True
93467253.0,2,True,HOME,False,False,DIRECT_REPORTED_CHAIN_COMPLETE,True
93467441.0,4,True,HOME,False,False,DIRECT_REPORTED_CHAIN_COMPLETE,True
93468271.0,3,True,HOME,False,False,DIRECT_REPORTED_CHAIN_COMPLETE,True
93469711.0,2,True,HOME,False,False,DIRECT_REPORTED_CHAIN_COMPLETE,True
93469712.0,2,True,HOME,False,False,DIRECT_REPORTED_CHAIN_COMPLETE,True
93470932.0,4,True,HOME,False,False,DIRECT_REPORTED_CHAIN_COMPLETE,True
93472471.0,4,True,HOME,False,False,DIRECT_REPORTED_CHAIN_COMPLETE,True
93472472.0,3,True,HOME,False,False,DIRECT_REPORTED_CHAIN_COMPLETE,True
93472911.0,6,True,HOME,False,False,DIRECT_REPORTED_CHAIN_COMPLETE,True
93473501.0,2,False,NON_HOME_UNKNOWN,False,False,DIRECT_REPORTED_CHAIN_COMPLETE,False
93473502.0,1,False,NON_HOME_UNKNOWN,False,False,DIRECT_REPORTED_CHAIN_COMPLETE,False
93474671.0,3,True,HOME,False,False,DIRECT_REPORTED_CHAIN_COMPLETE,True
93474672.0,2,True,HOME,False,False,DIRECT_REPORTED_CHAIN_COMPLETE,True
93478111.0,3,False,UNKNOWN,False,True,DIRECT_REPORTED_CHAIN_COMPLETE,False
93478112.0,5,False,UNKNOWN,False,False,MIXED_DIRECT_RBW_UNTIMED,False
93479861.0,6,True,HOME,False,False,DIRECT_REPORTED_CHAIN_COMPLETE,True
93481401.0,1,True,HOME,False,False,DIRECT_REPORTED_CHAIN_COMPLETE,True
93481402.0,3,True,HOME,False,False,DIRECT_REPORTED_CHAIN_COMPLETE,True
93481403.0,3,True,HOME,False,False,DIRECT_REPORTED_CHAIN_COMPLETE,True
93481404.0,1,True,HOME,False,False,DIRECT_REPORTED_CHAIN_COMPLETE,True
93483941.0,7,True,HOME,False,False,DIRECT_REPORTED_CHAIN_COMPLETE,True
93483943.0,7,True,HOME,False,False,DIRECT_REPORTED_CHAIN_COMPLETE,True
93484031.0,2,True,HOME,False,False,DIRECT_REPORTED_CHAIN_COMPLETE,True
93484032.0,5,True,HOME,False,False,DIRECT_REPORTED_CHAIN_COMPLETE,True
93484033.0,2,True,HOME,False,False,DIRECT_REPORTED_CHAIN_COMPLETE,True
93484034.0,2,True,HOME,False,False,DIRECT_REPORTED_CHAIN_COMPLETE,True
93484411.0,7,True,HOME,False,False,MIXED_DIRECT_RBW_UNTIMED,False
93484412.0,5,True,HOME,False,False,DIRECT_REPORTED_CHAIN_COMPLETE,True
93485381.0,9,True,HOME,False,False,DIRECT_REPORTED_CHAIN_COMPLETE,True
93485711.0,6,False,NON_HOME_UNKNOWN,False,False,DIRECT_REPORTED_CHAIN_COMPLETE,False
93485712.0,6,False,NON_HOME_UNKNOWN,False,False,DIRECT_REPORTED_CHAIN_COMPLETE,False
93487591.0,3,True,HOME,False,False,DIRECT_REPORTED_CHAIN_COMPLETE,True
93487592.0,2,True,HOME,False,False,DIRECT_REPORTED_CHAIN_COMPLETE,True
93487711.0,8,True,HOME,False,False,DIRECT_REPORTED_CHAIN_COMPLETE,True
93487712.0,4,True,HOME,False,False,DIRECT_REPORTED_CHAIN_COMPLETE,True
93488181.0,6,False,NON_HOME_UNKNOWN,False,False,DIRECT_REPORTED_CHAIN_COMPLETE,False
93488182.0,8,True,HOME,False,False,DIRECT_REPORTED_CHAIN_COMPLETE,True
93488183.0,8,True,HOME,False,False,DIRECT_REPORTED_CHAIN_COMPLETE,True
93489771.0,6,True,HOME,False,False,DIRECT_REPORTED_CHAIN_COMPLETE,True
93489773.0,3,False,UNKNOWN,False,False,DIRECT_REPORTED_CHAIN_COMPLETE,False
93489774.0,5,True,HOME,False,False,DIRECT_REPORTED_CHAIN_COMPLETE,True
93489775.0,5,True,HOME,False,False,DIRECT_REPORTED_CHAIN_COMPLETE,True
93489871.0,4,True,HOME,False,False,DIRECT_REPORTED_CHAIN_COMPLETE,True
93491121.0,1,True,HOME,False,False,DIRECT_REPORTED_CHAIN_COMPLETE,True
93492381.0,5,True,HOME,False,False,DIRECT_REPORTED_CHAIN_COMPLETE,True
93492382.0,3,True,HOME,False,False,MIXED_DIRECT_RBW_UNTIMED,False
93492383.0,4,True,HOME,False,False,DIRECT_REPORTED_CHAIN_COMPLETE,True
93494131.0,2,True,HOME,False,False,DIRECT_REPORTED_CHAIN_COMPLETE,True
93496361.0,2,True,HOME,False,False,DIRECT_REPORTED_CHAIN_COMPLETE,True
93496362.0,2,False,HOME,True,False,DIRECT_REPORTED_CHAIN_COMPLETE,False
93496363.0,4,True,HOME,False,False,DIRECT_REPORTED_CHAIN_COMPLETE,True
93499391.0,6,True,HOME,False,False,DIRECT_REPORTED_CHAIN_COMPLETE,True
93499392.0,7,True,HOME,False,False,DIRECT_REPORTED_CHAIN_COMPLETE,True
93499421.0,6,True,HOME,False,False,MIXED_DIRECT_RBW_UNTIMED,False
93502271.0,4,False,UNKNOWN,False,False,DIRECT_REPORTED_CHAIN_COMPLETE,False
93502272.0,2,False,UNKNOWN,False,False,DIRECT_REPORTED_CHAIN_COMPLETE,False
93502631.0,8,True,HOME,False,False,DIRECT_REPORTED_CHAIN_COMPLETE,True
93502721.0,2,True,HOME,False,False,DIRECT_REPORTED_CHAIN_COMPLETE,True
93502722.0,2,True,HOME,False,False,DIRECT_REPORTED_CHAIN_COMPLETE,True
93502723.0,2,True,HOME,False,False,MIXED_DIRECT_RBW_UNTIMED,False
93503281.0,3,True,HOME,False,False,DIRECT_REPORTED_CHAIN_COMPLETE,True
93503471.0,3,True,HOME,False,False,DIRECT_REPORTED_CHAIN_COMPLETE,True
93503472.0,4,True,HOME,False,False,DIRECT_REPORTED_CHAIN_COMPLETE,True
93503473.0,2,False,UNKNOWN,False,False,DIRECT_REPORTED_CHAIN_COMPLETE,False
93503731.0,4,False,UNKNOWN,False,False,DIRECT_REPORTED_CHAIN_COMPLETE,False
93503881.0,6,False,UNKNOWN,False,True,DIRECT_REPORTED_CHAIN_COMPLETE,False
93503882.0,6,False,UNKNOWN,False,True,DIRECT_REPORTED_CHAIN_COMPLETE,False
93504001.0,4,False,UNKNOWN,False,True,DIRECT_REPORTED_CHAIN_COMPLETE,False
93505071.0,3,True,HOME,False,False,DIRECT_REPORTED_CHAIN_COMPLETE,True
93505072.0,2,True,HOME,False,False,DIRECT_REPORTED_CHAIN_COMPLETE,True
93505073.0,2,True,HOME,False,False,DIRECT_REPORTED_CHAIN_COMPLETE,True
93505181.0,4,True,HOME,False,False,DIRECT_REPORTED_CHAIN_COMPLETE,True
93505182.0,4,True,HOME,False,False,DIRECT_REPORTED_CHAIN_COMPLETE,True
93505551.0,2,True,HOME,False,False,DIRECT_REPORTED_CHAIN_COMPLETE,True
93505611.0,2,True,HOME,False,False,DIRECT_REPORTED_CHAIN_COMPLETE,True
93505612.0,3,True,HOME,False,False,DIRECT_REPORTED_CHAIN_COMPLETE,True
93506551.0,2,True,HOME,False,False,DIRECT_REPORTED_CHAIN_COMPLETE,True
93506552.0,4,True,HOME,False,False,DIRECT_REPORTED_CHAIN_COMPLETE,True
93506553.0,2,True,HOME,False,False,DIRECT_REPORTED_CHAIN_COMPLETE,True
93506631.0,1,False,UNKNOWN,False,False,DIRECT_REPORTED_CHAIN_COMPLETE,False
93508901.0,2,True,HOME,False,False,DIRECT_REPORTED_CHAIN_COMPLETE,True
93509311.0,2,True,HOME,False,False,DIRECT_REPORTED_CHAIN_COMPLETE,True
93509312.0,3,True,HOME,False,False,DIRECT_REPORTED_CHAIN_COMPLETE,True
93509371.0,2,False,UNKNOWN,False,False,DIRECT_REPORTED_CHAIN_COMPLETE,False
93512683.0,2,True,HOME,False,False,DIRECT_REPORTED_CHAIN_COMPLETE,True
93512684.0,4,True,HOME,False,False,DIRECT_REPORTED_CHAIN_COMPLETE,True
93512686.0,2,True,HOME,False,False,DIRECT_REPORTED_CHAIN_COMPLETE,True
93514151.0,2,True,HOME,False,False,DIRECT_REPORTED_CHAIN_COMPLETE,True
93515011.0,4,True,HOME,False,False,DIRECT_REPORTED_CHAIN_COMPLETE,True
93515012.0,3,True,HOME,False,False,DIRECT_REPORTED_CHAIN_COMPLETE,True
93516611.0,6,True,HOME,False,False,DIRECT_REPORTED_CHAIN_COMPLETE,True
93516612.0,2,True,HOME,False,False,DIRECT_REPORTED_CHAIN_COMPLETE,True
93516891.0,4,True,HOME,False,False,DIRECT_REPORTED_CHAIN_COMPLETE,True
93516892.0,4,True,HOME,False,False,DIRECT_REPORTED_CHAIN_COMPLETE,True
93517691.0,4,True,HOME,False,False,DIRECT_REPORTED_CHAIN_COMPLETE,True
93517692.0,4,True,HOME,False,False,DIRECT_REPORTED_CHAIN_COMPLETE,True
93517693.0,4,True,HOME,False,False,DIRECT_REPORTED_CHAIN_COMPLETE,True
93517694.0,4,True,HOME,False,False,DIRECT_REPORTED_CHAIN_COMPLETE,True
93518671.0,4,True,HOME,False,False,DIRECT_REPORTED_CHAIN_COMPLETE,True
93518672.0,3,True,HOME,False,False,DIRECT_REPORTED_CHAIN_COMPLETE,True
93518673.0,2,True,HOME,False,False,DIRECT_REPORTED_CHAIN_COMPLETE,True
93518811.0,6,True,HOME,False,False,DIRECT_REPORTED_CHAIN_COMPLETE,True
93518812.0,4,True,HOME,False,False,DIRECT_REPORTED_CHAIN_COMPLETE,True
93518813.0,4,True,HOME,False,False,DIRECT_REPORTED_CHAIN_COMPLETE,True
93518814.0,6,True,HOME,False,False,DIRECT_REPORTED_CHAIN_COMPLETE,True
93519231.0,5,True,HOME,False,False,DIRECT_REPORTED_CHAIN_COMPLETE,True
93519232.0,5,True,HOME,False,False,DIRECT_REPORTED_CHAIN_COMPLETE,True
93520781.0,5,True,HOME,False,False,DIRECT_REPORTED_CHAIN_COMPLETE,True
93522511.0,2,False,NON_HOME_UNKNOWN,False,False,DIRECT_REPORTED_CHAIN_COMPLETE,False
93522581.0,2,True,HOME,False,False,DIRECT_REPORTED_CHAIN_COMPLETE,True
93522582.0,2,True,HOME,False,False,DIRECT_REPORTED_CHAIN_COMPLETE,True
93523901.0,2,True,HOME,False,False,DIRECT_REPORTED_CHAIN_COMPLETE,True
93523902.0,1,True,HOME,False,False,DIRECT_REPORTED_CHAIN_COMPLETE,True
93524401.0,2,False,UNKNOWN,False,False,DIRECT_REPORTED_CHAIN_COMPLETE,False
93524402.0,3,False,UNKNOWN,False,False,DIRECT_REPORTED_CHAIN_COMPLETE,False
93526211.0,2,True,HOME,False,False,DIRECT_REPORTED_CHAIN_COMPLETE,True
93526482.0,4,True,HOME,False,False,DIRECT_REPORTED_CHAIN_COMPLETE,True
93526483.0,2,True,HOME,False,False,DIRECT_REPORTED_CHAIN_COMPLETE,True
93526761.0,2,False,UNKNOWN,False,False,DIRECT_REPORTED_CHAIN_COMPLETE,False
93527271.0,2,True,HOME,False,False,DIRECT_REPORTED_CHAIN_COMPLETE,True
93527272.0,2,True,HOME,False,False,DIRECT_REPORTED_CHAIN_COMPLETE,True
93528191.0,1,False,UNKNOWN,False,False,DIRECT_REPORTED_CHAIN_COMPLETE,False
93528251.0,3,True,HOME,False,False,DIRECT_REPORTED_CHAIN_COMPLETE,True
93528252.0,1,True,HOME,False,False,DIRECT_REPORTED_CHAIN_COMPLETE,True
93528253.0,4,True,HOME,False,False,DIRECT_REPORTED_CHAIN_COMPLETE,True
93528531.0,5,False,NON_HOME_UNKNOWN,False,False,DIRECT_REPORTED_CHAIN_COMPLETE,False
93529251.0,5,True,HOME,False,False,MIXED_DIRECT_RBW_UNTIMED,False
93529621.0,2,True,HOME,False,False,DIRECT_REPORTED_CHAIN_COMPLETE,True
93529622.0,6,True,HOME,False,False,DIRECT_REPORTED_CHAIN_COMPLETE,True
93529631.0,3,True,HOME,False,False,DIRECT_REPORTED_CHAIN_COMPLETE,True
93529632.0,2,False,UNKNOWN,False,False,DIRECT_REPORTED_CHAIN_COMPLETE,False
93531251.0,7,True,HOME,False,False,DIRECT_REPORTED_CHAIN_COMPLETE,True
93531252.0,5,True,HOME,False,False,DIRECT_REPORTED_CHAIN_COMPLETE,True
93533641.0,1,True,HOME,False,False,DIRECT_REPORTED_CHAIN_COMPLETE,True
93534481.0,2,True,HOME,False,False,DIRECT_REPORTED_CHAIN_COMPLETE,True
93535261.0,2,True,HOME,False,False,DIRECT_REPORTED_CHAIN_COMPLETE,True
93535341.0,6,True,HOME,False,False,DIRECT_REPORTED_CHAIN_COMPLETE,True
93536441.0,4,True,HOME,False,False,DIRECT_REPORTED_CHAIN_COMPLETE,True
93536442.0,3,False,NON_HOME_UNKNOWN,False,False,DIRECT_REPORTED_CHAIN_COMPLETE,False
93536443.0,5,True,HOME,False,False,DIRECT_REPORTED_CHAIN_COMPLETE,True
93537841.0,2,True,HOME,False,False,DIRECT_REPORTED_CHAIN_COMPLETE,True
93538401.0,4,True,HOME,False,False,DIRECT_REPORTED_CHAIN_COMPLETE,True
93539541.0,3,True,HOME,False,False,DIRECT_REPORTED_CHAIN_COMPLETE,True
93539542.0,2,True,HOME,False,False,DIRECT_REPORTED_CHAIN_COMPLETE,True
93539731.0,2,True,HOME,False,False,DIRECT_REPORTED_CHAIN_COMPLETE,True
93539732.0,2,True,HOME,False,False,DIRECT_REPORTED_CHAIN_COMPLETE,True
93539733.0,2,True,HOME,False,False,DIRECT_REPORTED_CHAIN_COMPLETE,True
93540191.0,6,True,HOME,False,False,DIRECT_REPORTED_CHAIN_COMPLETE,True
93542191.0,4,True,HOME,False,False,MIXED_DIRECT_RBW_UNTIMED,False
93542201.0,2,True,HOME,False,False,DIRECT_REPORTED_CHAIN_COMPLETE,True
93542202.0,2,True,HOME,False,False,DIRECT_REPORTED_CHAIN_COMPLETE,True
93544171.0,2,True,HOME,False,False,DIRECT_REPORTED_CHAIN_COMPLETE,True
93544172.0,4,True,HOME,False,False,DIRECT_REPORTED_CHAIN_COMPLETE,True
93544173.0,2,True,HOME,False,False,DIRECT_REPORTED_CHAIN_COMPLETE,True
93546331.0,5,False,UNKNOWN,False,False,DIRECT_REPORTED_CHAIN_COMPLETE,False
93546332.0,3,True,HOME,False,False,DIRECT_REPORTED_CHAIN_COMPLETE,True
93547811.0,2,True,HOME,False,False,DIRECT_REPORTED_CHAIN_COMPLETE,True
93547871.0,4,True,HOME,False,False,DIRECT_ROWS_RBW_COUNT_UNKNOWN,False
93548201.0,6,False,NON_HOME_UNKNOWN,False,False,DIRECT_REPORTED_CHAIN_COMPLETE,False
93549141.0,2,True,HOME,False,False,DIRECT_REPORTED_CHAIN_COMPLETE,True
93549142.0,2,True,HOME,False,False,DIRECT_REPORTED_CHAIN_COMPLETE,True
93549143.0,4,True,HOME,False,False,DIRECT_REPORTED_CHAIN_COMPLETE,True
93549321.0,5,True,HOME,False,False,DIRECT_REPORTED_CHAIN_COMPLETE,True
93549322.0,3,True,HOME,False,False,DIRECT_REPORTED_CHAIN_COMPLETE,True
93549323.0,5,True,HOME,False,False,MIXED_DIRECT_RBW_UNTIMED,False
93549324.0,2,True,HOME,False,False,DIRECT_REPORTED_CHAIN_COMPLETE,True
93549961.0,2,True,HOME,False,False,DIRECT_REPORTED_CHAIN_COMPLETE,True
93552301.0,5,True,HOME,False,False,DIRECT_REPORTED_CHAIN_COMPLETE,True
93552302.0,4,True,HOME,False,False,DIRECT_REPORTED_CHAIN_COMPLETE,True
93552303.0,4,True,HOME,False,False,DIRECT_REPORTED_CHAIN_COMPLETE,True
93553321.0,4,True,HOME,False,False,DIRECT_REPORTED_CHAIN_COMPLETE,True
93553323.0,4,True,HOME,False,False,DIRECT_REPORTED_CHAIN_COMPLETE,True
93553324.0,4,True,HOME,False,False,DIRECT_REPORTED_CHAIN_COMPLETE,True
93553361.0,1,True,HOME,False,False,DIRECT_REPORTED_CHAIN_COMPLETE,True
93553362.0,1,True,HOME,False,False,DIRECT_REPORTED_CHAIN_COMPLETE,True
93555322.0,1,False,UNKNOWN,False,False,DIRECT_REPORTED_CHAIN_COMPLETE,False
93555881.0,8,True,HOME,False,False,DIRECT_REPORTED_CHAIN_COMPLETE,True
93556831.0,3,True,HOME,False,False,DIRECT_ROWS_RBW_COUNT_UNKNOWN,False
93557161.0,4,True,HOME,False,False,DIRECT_REPORTED_CHAIN_COMPLETE,True
93558111.0,4,True,HOME,False,False,DIRECT_REPORTED_CHAIN_COMPLETE,True
93558521.0,5,True,HOME,False,False,DIRECT_REPORTED_CHAIN_COMPLETE,True
93558641.0,5,False,UNKNOWN,False,False,MIXED_DIRECT_RBW_UNTIMED,False
93558642.0,6,False,UNKNOWN,False,False,DIRECT_REPORTED_CHAIN_COMPLETE,False
93560771.0,4,True,HOME,False,False,DIRECT_REPORTED_CHAIN_COMPLETE,True
93560772.0,2,True,HOME,False,False,DIRECT_REPORTED_CHAIN_COMPLETE,True
93561181.0,3,True,HOME,False,False,DIRECT_REPORTED_CHAIN_COMPLETE,True
93562311.0,3,False,UNKNOWN,False,False,DIRECT_REPORTED_CHAIN_COMPLETE,False
93562312.0,2,True,HOME,False,False,DIRECT_REPORTED_CHAIN_COMPLETE,True
93562351.0,2,True,HOME,False,False,DIRECT_REPORTED_CHAIN_COMPLETE,True
93562352.0,1,True,HOME,False,False,DIRECT_REPORTED_CHAIN_COMPLETE,True
93563361.0,3,False,UNKNOWN,False,False,DIRECT_REPORTED_CHAIN_COMPLETE,False
93563862.0,5,True,HOME,False,False,DIRECT_REPORTED_CHAIN_COMPLETE,True
93563863.0,6,True,HOME,False,False,DIRECT_REPORTED_CHAIN_COMPLETE,True
93565521.0,4,True,HOME,False,False,DIRECT_REPORTED_CHAIN_COMPLETE,True
93566151.0,3,True,HOME,False,False,MIXED_DIRECT_RBW_UNTIMED,False
93566152.0,2,True,HOME,False,False,DIRECT_REPORTED_CHAIN_COMPLETE,True
93566321.0,2,True,HOME,False,False,DIRECT_REPORTED_CHAIN_COMPLETE,True
93567981.0,5,True,HOME,False,False,DIRECT_REPORTED_CHAIN_COMPLETE,True
93568911.0,4,True,HOME,False,False,DIRECT_REPORTED_CHAIN_COMPLETE,True
93568912.0,6,True,HOME,False,False,DIRECT_REPORTED_CHAIN_COMPLETE,True
93569071.0,5,True,HOME,False,False,DIRECT_REPORTED_CHAIN_COMPLETE,True
93569072.0,5,True,HOME,False,False,DIRECT_REPORTED_CHAIN_COMPLETE,True
93569781.0,2,False,UNKNOWN,False,False,DIRECT_REPORTED_CHAIN_COMPLETE,False
93569801.0,3,False,NON_HOME_UNKNOWN,False,False,DIRECT_REPORTED_CHAIN_COMPLETE,False
93569802.0,2,True,HOME,False,False,DIRECT_REPORTED_CHAIN_COMPLETE,True
93570311.0,5,True,HOME,False,False,DIRECT_REPORTED_CHAIN_COMPLETE,True
93570312.0,3,True,HOME,False,False,DIRECT_REPORTED_CHAIN_COMPLETE,True
93570313.0,5,True,HOME,False,False,DIRECT_REPORTED_CHAIN_COMPLETE,True
93570751.0,2,True,HOME,False,False,DIRECT_REPORTED_CHAIN_COMPLETE,True
93570752.0,2,True,HOME,False,False,DIRECT_REPORTED_CHAIN_COMPLETE,True
93570821.0,7,False,NON_HOME_UNKNOWN,False,False,DIRECT_REPORTED_CHAIN_COMPLETE,False
93570822.0,5,False,UNKNOWN,False,False,DIRECT_REPORTED_CHAIN_COMPLETE,False
93572081.0,6,True,HOME,False,False,DIRECT_REPORTED_CHAIN_COMPLETE,True
93572082.0,3,False,UNKNOWN,False,False,DIRECT_REPORTED_CHAIN_COMPLETE,False
93573411.0,8,False,NON_HOME_UNKNOWN,False,False,DIRECT_REPORTED_CHAIN_COMPLETE,False
93574081.0,4,False,UNKNOWN,False,True,DIRECT_REPORTED_CHAIN_COMPLETE,False
93574082.0,2,False,UNKNOWN,False,False,DIRECT_REPORTED_CHAIN_COMPLETE,False
93574951.0,5,False,UNKNOWN,False,False,DIRECT_REPORTED_CHAIN_COMPLETE,False
93577391.0,2,True,HOME,False,False,DIRECT_REPORTED_CHAIN_COMPLETE,True
93578951.0,1,False,UNKNOWN,False,False,DIRECT_REPORTED_CHAIN_COMPLETE,False
93579471.0,6,True,HOME,False,False,DIRECT_REPORTED_CHAIN_COMPLETE,True
93579831.0,6,True,HOME,False,False,DIRECT_REPORTED_CHAIN_COMPLETE,True
93579832.0,6,True,HOME,False,False,DIRECT_REPORTED_CHAIN_COMPLETE,True
93581681.0,4,True,HOME,False,False,DIRECT_REPORTED_CHAIN_COMPLETE,True
93581841.0,3,True,HOME,False,False,DIRECT_REPORTED_CHAIN_COMPLETE,True
93581843.0,4,False,HOME,True,False,DIRECT_REPORTED_CHAIN_COMPLETE,False
93581844.0,4,True,HOME,False,False,DIRECT_REPORTED_CHAIN_COMPLETE,True
93582281.0,2,True,HOME,False,False,DIRECT_REPORTED_CHAIN_COMPLETE,True
93584072.0,3,False,UNKNOWN,False,True,DIRECT_REPORTED_CHAIN_COMPLETE,False
93584331.0,2,True,HOME,False,False,DIRECT_REPORTED_CHAIN_COMPLETE,True
93584332.0,5,True,HOME,False,False,DIRECT_REPORTED_CHAIN_COMPLETE,True
93585021.0,1,True,HOME,False,False,DIRECT_REPORTED_CHAIN_COMPLETE,True
93586071.0,7,True,HOME,False,False,DIRECT_REPORTED_CHAIN_COMPLETE,True
93586141.0,4,True,HOME,False,False,DIRECT_REPORTED_CHAIN_COMPLETE,True
93586142.0,2,True,HOME,False,False,DIRECT_REPORTED_CHAIN_COMPLETE,True
93586151.0,3,False,UNKNOWN,False,False,DIRECT_REPORTED_CHAIN_COMPLETE,False
93587391.0,3,False,UNKNOWN,False,False,DIRECT_REPORTED_CHAIN_COMPLETE,False
93587392.0,2,False,UNKNOWN,False,False,DIRECT_REPORTED_CHAIN_COMPLETE,False
93589861.0,4,True,HOME,False,False,DIRECT_REPORTED_CHAIN_COMPLETE,True
93590241.0,4,True,HOME,False,False,DIRECT_REPORTED_CHAIN_COMPLETE,True
93590971.0,3,True,HOME,False,False,DIRECT_REPORTED_CHAIN_COMPLETE,True
93590972.0,2,True,HOME,False,False,DIRECT_REPORTED_CHAIN_COMPLETE,True
93590973.0,2,True,HOME,False,False,DIRECT_REPORTED_CHAIN_COMPLETE,True
93593061.0,2,True,HOME,False,False,DIRECT_REPORTED_CHAIN_COMPLETE,True
93593931.0,5,False,UNKNOWN,False,False,DIRECT_REPORTED_CHAIN_COMPLETE,False
93594641.0,8,True,HOME,False,False,DIRECT_REPORTED_CHAIN_COMPLETE,True
93594642.0,5,True,HOME,False,False,DIRECT_REPORTED_CHAIN_COMPLETE,True
93594961.0,1,False,UNKNOWN,False,False,DIRECT_REPORTED_CHAIN_COMPLETE,False
93595171.0,2,True,HOME,False,False,DIRECT_REPORTED_CHAIN_COMPLETE,True
93596641.0,7,True,HOME,False,False,DIRECT_REPORTED_CHAIN_COMPLETE,True
93596681.0,2,False,UNKNOWN,False,False,DIRECT_REPORTED_CHAIN_COMPLETE,False
93596682.0,2,False,UNKNOWN,False,True,DIRECT_REPORTED_CHAIN_COMPLETE,False
93598441.0,2,True,HOME,False,False,DIRECT_REPORTED_CHAIN_COMPLETE,True
93599881.0,3,True,HOME,False,False,DIRECT_REPORTED_CHAIN_COMPLETE,True
93602741.0,2,True,HOME,False,False,DIRECT_REPORTED_CHAIN_COMPLETE,True
93605121.0,2,True,HOME,False,False,DIRECT_REPORTED_CHAIN_COMPLETE,True
93605122.0,2,True,HOME,False,False,DIRECT_REPORTED_CHAIN_COMPLETE,True
93605872.0,7,False,UNKNOWN,False,True,DIRECT_REPORTED_CHAIN_COMPLETE,False
93605873.0,2,True,HOME,False,False,DIRECT_REPORTED_CHAIN_COMPLETE,True
93606411.0,4,True,HOME,False,False,MIXED_DIRECT_RBW_UNTIMED,False
93606412.0,4,True,HOME,False,False,DIRECT_REPORTED_CHAIN_COMPLETE,True
93606413.0,4,True,HOME,False,False,DIRECT_REPORTED_CHAIN_COMPLETE,True
93606531.0,4,False,NON_HOME_UNKNOWN,False,False,DIRECT_REPORTED_CHAIN_COMPLETE,False
93606532.0,4,False,NON_HOME_UNKNOWN,False,False,DIRECT_REPORTED_CHAIN_COMPLETE,False
93606962.0,2,False,NON_HOME_UNKNOWN,False,True,DIRECT_REPORTED_CHAIN_COMPLETE,False
93606963.0,2,False,NON_HOME_UNKNOWN,False,False,DIRECT_REPORTED_CHAIN_COMPLETE,False
93609361.0,3,True,HOME,False,False,DIRECT_REPORTED_CHAIN_COMPLETE,True
93609362.0,2,True,HOME,False,False,DIRECT_REPORTED_CHAIN_COMPLETE,True
93609891.0,6,False,NON_HOME_UNKNOWN,False,False,DIRECT_REPORTED_CHAIN_COMPLETE,False
93611701.0,2,True,HOME,False,False,DIRECT_REPORTED_CHAIN_COMPLETE,True
93611702.0,3,True,HOME,False,False,DIRECT_REPORTED_CHAIN_COMPLETE,True
93612361.0,4,True,HOME,False,False,DIRECT_REPORTED_CHAIN_COMPLETE,True
93612362.0,4,True,HOME,False,False,DIRECT_REPORTED_CHAIN_COMPLETE,True
93612621.0,5,True,HOME,False,False,DIRECT_REPORTED_CHAIN_COMPLETE,True
93612622.0,3,True,HOME,False,False,DIRECT_REPORTED_CHAIN_COMPLETE,True
93614412.0,1,True,HOME,False,False,DIRECT_REPORTED_CHAIN_COMPLETE,True
93615221.0,2,True,HOME,False,False,MIXED_DIRECT_RBW_UNTIMED,False
93615222.0,2,True,HOME,False,False,DIRECT_REPORTED_CHAIN_COMPLETE,True
93615491.0,5,True,HOME,False,False,DIRECT_REPORTED_CHAIN_COMPLETE,True
93615492.0,4,False,UNKNOWN,False,False,DIRECT_REPORTED_CHAIN_COMPLETE,False
93616221.0,5,True,HOME,False,False,DIRECT_REPORTED_CHAIN_COMPLETE,True
93616224.0,2,True,HOME,False,False,DIRECT_REPORTED_CHAIN_COMPLETE,True
93616501.0,4,True,HOME,False,False,DIRECT_REPORTED_CHAIN_COMPLETE,True
93616502.0,4,True,HOME,False,False,DIRECT_REPORTED_CHAIN_COMPLETE,True
93617371.0,2,True,HOME,False,False,DIRECT_REPORTED_CHAIN_COMPLETE,True
93618081.0,2,False,UNKNOWN,False,False,DIRECT_REPORTED_CHAIN_COMPLETE,False
93618082.0,2,True,HOME,False,False,DIRECT_REPORTED_CHAIN_COMPLETE,True
93619091.0,4,True,HOME,False,False,DIRECT_REPORTED_CHAIN_COMPLETE,True
93622121.0,1,False,NON_HOME_UNKNOWN,False,False,DIRECT_REPORTED_CHAIN_COMPLETE,False
93626301.0,4,True,HOME,False,False,DIRECT_REPORTED_CHAIN_COMPLETE,True
93626421.0,4,True,HOME,False,False,MIXED_DIRECT_RBW_UNTIMED,False
93626422.0,4,True,HOME,False,False,DIRECT_REPORTED_CHAIN_COMPLETE,True
93626423.0,4,True,HOME,False,False,DIRECT_REPORTED_CHAIN_COMPLETE,True
93626481.0,4,True,HOME,False,False,DIRECT_REPORTED_CHAIN_COMPLETE,True
93626831.0,2,True,HOME,False,False,DIRECT_REPORTED_CHAIN_COMPLETE,True
93626832.0,2,True,HOME,False,False,DIRECT_REPORTED_CHAIN_COMPLETE,True
93627391.0,2,True,HOME,False,False,DIRECT_REPORTED_CHAIN_COMPLETE,True
93627392.0,2,True,HOME,False,False,DIRECT_REPORTED_CHAIN_COMPLETE,True
93627531.0,3,True,HOME,False,False,DIRECT_ROWS_RBW_COUNT_UNKNOWN,False
93627801.0,4,True,HOME,False,False,DIRECT_REPORTED_CHAIN_COMPLETE,True
93627802.0,4,True,HOME,False,False,DIRECT_REPORTED_CHAIN_COMPLETE,True
93627803.0,4,True,HOME,False,False,DIRECT_REPORTED_CHAIN_COMPLETE,True
93628131.0,2,True,HOME,False,False,DIRECT_REPORTED_CHAIN_COMPLETE,True
93630391.0,2,True,HOME,False,False,DIRECT_REPORTED_CHAIN_COMPLETE,True
93630392.0,1,False,NON_HOME_UNKNOWN,False,False,DIRECT_REPORTED_CHAIN_COMPLETE,False
93630911.0,4,True,HOME,False,False,MIXED_DIRECT_RBW_UNTIMED,False
93630912.0,2,True,HOME,False,False,MIXED_DIRECT_RBW_UNTIMED,False
93631811.0,5,False,UNKNOWN,False,False,DIRECT_REPORTED_CHAIN_COMPLETE,False
93631812.0,7,True,HOME,False,False,DIRECT_REPORTED_CHAIN_COMPLETE,True
93632161.0,3,False,NON_HOME_UNKNOWN,False,False,DIRECT_REPORTED_CHAIN_COMPLETE,False
93632162.0,3,True,HOME,False,False,DIRECT_REPORTED_CHAIN_COMPLETE,True
93890861.0,3,True,HOME,False,False,DIRECT_REPORTED_CHAIN_COMPLETE,True
94490301.0,5,True,HOME,False,False,DIRECT_REPORTED_CHAIN_COMPLETE,True
95048841.0,4,True,HOME,False,False,DIRECT_REPORTED_CHAIN_COMPLETE,True
95048842.0,4,True,HOME,False,False,DIRECT_REPORTED_CHAIN_COMPLETE,True
95088941.0,7,True,HOME,False,False,DIRECT_REPORTED_CHAIN_COMPLETE,True
96558071.0,6,True,HOME,False,False,DIRECT_REPORTED_CHAIN_COMPLETE,True
96558072.0,8,True,HOME,False,False,DIRECT_REPORTED_CHAIN_COMPLETE,True
97470141.0,4,True,HOME,False,False,DIRECT_REPORTED_CHAIN_COMPLETE,True
97480291.0,3,True,HOME,False,False,DIRECT_REPORTED_CHAIN_COMPLETE,True
97589241.0,4,True,HOME,False,False,DIRECT_REPORTED_CHAIN_COMPLETE,True
98277761.0,2,True,HOME,False,False,DIRECT_REPORTED_CHAIN_COMPLETE,True
98534551.0,4,True,HOME,False,False,DIRECT_REPORTED_CHAIN_COMPLETE,True
98534552.0,2,True,HOME,False,False,DIRECT_REPORTED_CHAIN_COMPLETE,True
98534553.0,2,True,HOME,False,False,DIRECT_REPORTED_CHAIN_COMPLETE,True
98534554.0,5,True,HOME,False,False,DIRECT_REPORTED_CHAIN_COMPLETE,True
99078271.0,3,True,HOME,False,False,DIRECT_REPORTED_CHAIN_COMPLETE,True
99078272.0,2,True,HOME,False,False,DIRECT_REPORTED_CHAIN_COMPLETE,True
99078273.0,5,False,NON_HOME_UNKNOWN,False,False,DIRECT_REPORTED_CHAIN_COMPLETE,False
