HP_ID,H_ID,P_ID,mobil_diff,P_RBW,P_RBW_ANZ,rbw_trip_count_status,W_ANZWW,additional_trip_count_status,anzwege1,anzwege2,anzwege3,direct_trip_count_observed,additional_undetailed_trip_count,rbw_trip_count_reported,analytic_total_trip_count,direct_wege_row_count,rbw_generated_row_count,wege_row_count,trip_count_fit_tier,chain_coverage_status,P_GEW
1861281,1861280.0,1,6,602,602,NO_OUT_OF_HOME_ACTIVITY_OR_DOMESTIC_TRIPS,803,UNAVAILABLE_NO_TRIP_PROTOCOL,803,803,803,,,,,0,0,0,EXCLUDED_REPORTING_RISK,NO_TRIP_REPORTING_RISK,1.11737020256533
2632351,2632350.0,1,1,404,404,NOT_APPLICABLE_NOT_EMPLOYED,808,KNOWN_ZERO_BELOW_CATI_CAWI_DETAIL_CAP,2,2,2,2.0,,,2.0,2,0,2,CORE_STRICT_COUNT,DIRECT_REPORTED_CHAIN_COMPLETE,0.250020934848989
2632352,2632350.0,2,1,206,206,NOT_OBSERVED_PROXY,808,KNOWN_ZERO_BELOW_CATI_CAWI_DETAIL_CAP,3,3,3,3.0,,,3.0,3,0,3,CORE_STRICT_COUNT,DIRECT_REPORTED_CHAIN_COMPLETE,0.367285508772807
2945351,2945350.0,1,2,1,5,KNOWN_EXACT,802,NOT_APPLICABLE_RBW_ONLY,0,0,5,0.0,,5.0,5.0,0,5,5,CORE_STRICT_COUNT,RBW_ONLY_AGGREGATED_UNTIMED,1.95562947917968
3384741,3384740.0,1,1,404,404,NOT_APPLICABLE_NOT_EMPLOYED,808,KNOWN_ZERO_BELOW_CATI_CAWI_DETAIL_CAP,6,6,6,6.0,,,6.0,6,0,6,CORE_STRICT_COUNT,DIRECT_REPORTED_CHAIN_COMPLETE,2.68311725201542
5013731,5013730.0,1,1,406,406,NOT_OBSERVED_SECONDARY_EMPLOYMENT,808,KNOWN_ZERO_BELOW_CATI_CAWI_DETAIL_CAP,2,2,2,2.0,,,2.0,2,0,2,CORE_STRICT_COUNT,DIRECT_REPORTED_CHAIN_COMPLETE,0.393004284753457
5507551,5507550.0,1,3,1,2,KNOWN_EXACT,99,MISSING_RESPONSE,8,8,10,8.0,,2.0,10.0,8,2,10,ANALYTIC_WITH_COMPONENT_WARNING,MIXED_DIRECT_RBW_ADDITIONAL_UNKNOWN,3.26133427897562
5507552,5507550.0,2,3,1,2,KNOWN_EXACT,807,KNOWN_ZERO_BELOW_PAPI_DETAIL_CAP,7,7,9,7.0,,2.0,9.0,7,2,9,CORE_STRICT_COUNT,MIXED_DIRECT_RBW_UNTIMED,3.1013878734324
5507553,5507550.0,3,1,403,403,NOT_APPLICABLE_UNDER_16,807,KNOWN_ZERO_BELOW_PAPI_DETAIL_CAP,6,6,6,6.0,,,6.0,6,0,6,CORE_STRICT_COUNT,DIRECT_REPORTED_CHAIN_COMPLETE,6.80166558467281
5510281,5510280.0,1,1,404,404,NOT_APPLICABLE_NOT_EMPLOYED,808,KNOWN_ZERO_BELOW_CATI_CAWI_DETAIL_CAP,7,7,7,7.0,,,7.0,7,0,7,CORE_STRICT_COUNT,DIRECT_REPORTED_CHAIN_COMPLETE,5.32745065509755
5513881,5513880.0,1,4,404,404,NOT_APPLICABLE_NOT_EMPLOYED,801,NOT_APPLICABLE_NOT_MOBILE,0,0,0,0.0,,,0.0,0,0,0,EXCLUDED_OUT_OF_SCOPE,OUT_OF_SCOPE_FAR_ABROAD,2.67648094574817
5514101,5514100.0,1,1,404,404,NOT_APPLICABLE_NOT_EMPLOYED,808,KNOWN_ZERO_BELOW_CATI_CAWI_DETAIL_CAP,4,4,4,4.0,,,4.0,4,0,4,CORE_STRICT_COUNT,DIRECT_REPORTED_CHAIN_COMPLETE,32.0910224663472
5520141,5520140.0,1,1,606,606,NOT_OBSERVED_PAPI,807,KNOWN_ZERO_BELOW_PAPI_DETAIL_CAP,5,5,5,5.0,,,5.0,5,0,5,CORE_STRICT_COUNT,DIRECT_REPORTED_CHAIN_COMPLETE,5.75439988544725
5520191,5520190.0,1,1,2,607,EXPLICIT_NO_RBW,807,KNOWN_ZERO_BELOW_PAPI_DETAIL_CAP,4,4,4,4.0,,,4.0,4,0,4,CORE_STRICT_COUNT,DIRECT_REPORTED_CHAIN_COMPLETE,7.45353726088459
5520192,5520190.0,2,1,2,607,EXPLICIT_NO_RBW,807,KNOWN_ZERO_BELOW_PAPI_DETAIL_CAP,6,6,6,6.0,,,6.0,6,0,6,CORE_STRICT_COUNT,DIRECT_REPORTED_CHAIN_COMPLETE,7.45353726088459
5522451,5522450.0,1,0,606,606,NOT_OBSERVED_PAPI,801,NOT_APPLICABLE_NOT_MOBILE,0,0,0,0.0,,,0.0,0,0,0,CORE_STRICT_COUNT,ZERO_TRIP_COMPLETE,3.69362965612605
5522452,5522450.0,2,1,2,607,EXPLICIT_NO_RBW,807,KNOWN_ZERO_BELOW_PAPI_DETAIL_CAP,2,2,2,2.0,,,2.0,2,0,2,CORE_STRICT_COUNT,DIRECT_REPORTED_CHAIN_COMPLETE,6.98885131395536
5528741,5528740.0,1,1,406,406,NOT_OBSERVED_SECONDARY_EMPLOYMENT,808,KNOWN_ZERO_BELOW_CATI_CAWI_DETAIL_CAP,4,4,4,4.0,,,4.0,4,0,4,CORE_STRICT_COUNT,DIRECT_REPORTED_CHAIN_COMPLETE,2.48346403189526
5528742,5528740.0,2,1,206,206,NOT_OBSERVED_PROXY,808,KNOWN_ZERO_BELOW_CATI_CAWI_DETAIL_CAP,3,3,3,3.0,,,3.0,3,0,3,CORE_STRICT_COUNT,DIRECT_REPORTED_CHAIN_COMPLETE,3.00841036205066
5530651,5530650.0,1,1,2,607,EXPLICIT_NO_RBW,808,KNOWN_ZERO_BELOW_CATI_CAWI_DETAIL_CAP,2,2,2,2.0,,,2.0,2,0,2,CORE_STRICT_COUNT,DIRECT_REPORTED_CHAIN_COMPLETE,3.43995857198714
5535421,5535420.0,1,1,2,607,EXPLICIT_NO_RBW,808,KNOWN_ZERO_BELOW_CATI_CAWI_DETAIL_CAP,6,6,6,6.0,,,6.0,6,0,6,CORE_STRICT_COUNT,DIRECT_REPORTED_CHAIN_COMPLETE,3.82389716293809
5540101,5540100.0,1,1,406,406,NOT_OBSERVED_SECONDARY_EMPLOYMENT,808,KNOWN_ZERO_BELOW_CATI_CAWI_DETAIL_CAP,2,2,2,2.0,,,2.0,2,0,2,CORE_STRICT_COUNT,DIRECT_REPORTED_CHAIN_COMPLETE,3.16642489033916
5540102,5540100.0,2,1,206,206,NOT_OBSERVED_PROXY,808,KNOWN_ZERO_BELOW_CATI_CAWI_DETAIL_CAP,2,2,2,2.0,,,2.0,2,0,2,CORE_STRICT_COUNT,DIRECT_REPORTED_CHAIN_COMPLETE,2.51927954411631
5540103,5540100.0,3,1,206,206,NOT_OBSERVED_PROXY,808,KNOWN_ZERO_BELOW_CATI_CAWI_DETAIL_CAP,3,3,3,3.0,,,3.0,3,0,3,CORE_STRICT_COUNT,DIRECT_REPORTED_CHAIN_COMPLETE,1.92684227157272
5540351,5540350.0,1,1,606,606,NOT_OBSERVED_PAPI,807,KNOWN_ZERO_BELOW_PAPI_DETAIL_CAP,6,6,6,6.0,,,6.0,6,0,6,CORE_STRICT_COUNT,DIRECT_REPORTED_CHAIN_COMPLETE,1.11144711508508
5540352,5540350.0,2,1,606,606,NOT_OBSERVED_PAPI,807,KNOWN_ZERO_BELOW_PAPI_DETAIL_CAP,7,7,7,7.0,,,7.0,7,0,7,CORE_STRICT_COUNT,DIRECT_REPORTED_CHAIN_COMPLETE,0.931482113755121
5542531,5542530.0,1,1,2,607,EXPLICIT_NO_RBW,807,KNOWN_ZERO_BELOW_PAPI_DETAIL_CAP,6,6,6,6.0,,,6.0,6,0,6,CORE_STRICT_COUNT,DIRECT_REPORTED_CHAIN_COMPLETE,2.88090155083215
5542532,5542530.0,2,1,2,607,EXPLICIT_NO_RBW,807,KNOWN_ZERO_BELOW_PAPI_DETAIL_CAP,7,7,7,7.0,,,7.0,7,0,7,CORE_STRICT_COUNT,DIRECT_REPORTED_CHAIN_COMPLETE,2.89198477399728
5542533,5542530.0,3,1,606,606,NOT_OBSERVED_PAPI,807,KNOWN_ZERO_BELOW_PAPI_DETAIL_CAP,4,4,4,4.0,,,4.0,4,0,4,CORE_STRICT_COUNT,DIRECT_REPORTED_CHAIN_COMPLETE,2.85501136851769
5542534,5542530.0,4,1,403,403,NOT_APPLICABLE_UNDER_16,807,KNOWN_ZERO_BELOW_PAPI_DETAIL_CAP,2,2,2,2.0,,,2.0,2,0,2,CORE_STRICT_COUNT,DIRECT_REPORTED_CHAIN_COMPLETE,5.04033717755096
5543721,5543720.0,1,1,606,606,NOT_OBSERVED_PAPI,807,KNOWN_ZERO_BELOW_PAPI_DETAIL_CAP,3,3,3,3.0,,,3.0,3,0,3,CORE_STRICT_COUNT,DIRECT_REPORTED_CHAIN_COMPLETE,5.60634208835736
5544581,5544580.0,1,1,2,607,EXPLICIT_NO_RBW,807,KNOWN_ZERO_BELOW_PAPI_DETAIL_CAP,1,1,1,1.0,,,1.0,1,0,1,CORE_STRICT_COUNT,DIRECT_REPORTED_CHAIN_COMPLETE,1.68223501475052
5544582,5544580.0,2,1,2,607,EXPLICIT_NO_RBW,807,KNOWN_ZERO_BELOW_PAPI_DETAIL_CAP,1,1,1,1.0,,,1.0,1,0,1,CORE_STRICT_COUNT,DIRECT_REPORTED_CHAIN_COMPLETE,1.67807424735842
5545491,5545490.0,1,3,1,3,KNOWN_EXACT,808,KNOWN_ZERO_BELOW_CATI_CAWI_DETAIL_CAP,4,4,7,4.0,,3.0,7.0,4,3,7,CORE_STRICT_COUNT,MIXED_DIRECT_RBW_UNTIMED,3.70259906254976
5545492,5545490.0,2,1,206,206,NOT_OBSERVED_PROXY,808,KNOWN_ZERO_BELOW_CATI_CAWI_DETAIL_CAP,4,4,4,4.0,,,4.0,4,0,4,CORE_STRICT_COUNT,DIRECT_REPORTED_CHAIN_COMPLETE,6.17176182545754
5545493,5545490.0,3,1,403,403,NOT_APPLICABLE_UNDER_16,808,KNOWN_ZERO_BELOW_CATI_CAWI_DETAIL_CAP,6,6,6,6.0,,,6.0,6,0,6,CORE_STRICT_COUNT,DIRECT_REPORTED_CHAIN_COMPLETE,8.3402443982119
5546991,5546990.0,1,1,2,607,EXPLICIT_NO_RBW,808,KNOWN_ZERO_BELOW_CATI_CAWI_DETAIL_CAP,2,2,2,2.0,,,2.0,2,0,2,CORE_STRICT_COUNT,DIRECT_REPORTED_CHAIN_COMPLETE,8.33201296590306
5550281,5550280.0,1,1,404,404,NOT_APPLICABLE_NOT_EMPLOYED,808,KNOWN_ZERO_BELOW_CATI_CAWI_DETAIL_CAP,4,4,4,4.0,,,4.0,4,0,4,CORE_STRICT_COUNT,DIRECT_REPORTED_CHAIN_COMPLETE,2.56858305429397
5550282,5550280.0,2,1,206,206,NOT_OBSERVED_PROXY,808,KNOWN_ZERO_BELOW_CATI_CAWI_DETAIL_CAP,4,4,4,4.0,,,4.0,4,0,4,CORE_STRICT_COUNT,DIRECT_REPORTED_CHAIN_COMPLETE,4.53118252111165
5551851,5551850.0,1,1,606,606,NOT_OBSERVED_PAPI,807,KNOWN_ZERO_BELOW_PAPI_DETAIL_CAP,4,4,4,4.0,,,4.0,4,0,4,CORE_STRICT_COUNT,DIRECT_REPORTED_CHAIN_COMPLETE,4.71684855304584
5561591,5561590.0,1,1,2,607,EXPLICIT_NO_RBW,808,KNOWN_ZERO_BELOW_CATI_CAWI_DETAIL_CAP,4,4,4,4.0,,,4.0,4,0,4,CORE_STRICT_COUNT,DIRECT_REPORTED_CHAIN_COMPLETE,3.52101160154023
5561821,5561820.0,1,1,2,607,EXPLICIT_NO_RBW,808,KNOWN_ZERO_BELOW_CATI_CAWI_DETAIL_CAP,2,2,2,2.0,,,2.0,2,0,2,CORE_STRICT_COUNT,DIRECT_REPORTED_CHAIN_COMPLETE,2.19408610392089
5561822,5561820.0,2,1,2,607,EXPLICIT_NO_RBW,808,KNOWN_ZERO_BELOW_CATI_CAWI_DETAIL_CAP,2,2,2,2.0,,,2.0,2,0,2,CORE_STRICT_COUNT,DIRECT_REPORTED_CHAIN_COMPLETE,2.0781797374745
5567421,5567420.0,1,1,1,99,MISSING_RESPONSE,807,KNOWN_ZERO_BELOW_PAPI_DETAIL_CAP,3,3,3,3.0,,,3.0,3,0,3,ANALYTIC_WITH_COMPONENT_WARNING,DIRECT_ROWS_RBW_COUNT_UNKNOWN,4.02626859867107
5567422,5567420.0,2,1,1,99,MISSING_RESPONSE,807,KNOWN_ZERO_BELOW_PAPI_DETAIL_CAP,7,7,7,7.0,,,7.0,7,0,7,ANALYTIC_WITH_COMPONENT_WARNING,DIRECT_ROWS_RBW_COUNT_UNKNOWN,2.55826084565578
5567423,5567420.0,3,1,2,607,EXPLICIT_NO_RBW,807,KNOWN_ZERO_BELOW_PAPI_DETAIL_CAP,2,2,2,2.0,,,2.0,2,0,2,CORE_STRICT_COUNT,DIRECT_REPORTED_CHAIN_COMPLETE,2.69019681864704
5579671,5579670.0,1,1,2,607,EXPLICIT_NO_RBW,808,KNOWN_ZERO_BELOW_CATI_CAWI_DETAIL_CAP,2,2,2,2.0,,,2.0,2,0,2,CORE_STRICT_COUNT,DIRECT_REPORTED_CHAIN_COMPLETE,1.22497160934946
5579672,5579670.0,2,0,206,206,NOT_OBSERVED_PROXY,801,NOT_APPLICABLE_NOT_MOBILE,0,0,0,0.0,,,0.0,0,0,0,CORE_STRICT_COUNT,ZERO_TRIP_COMPLETE,1.7156305781247
5579673,5579670.0,3,1,206,206,NOT_OBSERVED_PROXY,808,KNOWN_ZERO_BELOW_CATI_CAWI_DETAIL_CAP,2,2,2,2.0,,,2.0,2,0,2,CORE_STRICT_COUNT,DIRECT_REPORTED_CHAIN_COMPLETE,4.03554027025354
5579674,5579670.0,4,1,206,206,NOT_OBSERVED_PROXY,808,KNOWN_ZERO_BELOW_CATI_CAWI_DETAIL_CAP,2,2,2,2.0,,,2.0,2,0,2,CORE_STRICT_COUNT,DIRECT_REPORTED_CHAIN_COMPLETE,2.51049134827151
5583441,5583440.0,1,1,2,607,EXPLICIT_NO_RBW,808,KNOWN_ZERO_BELOW_CATI_CAWI_DETAIL_CAP,6,6,6,6.0,,,6.0,6,0,6,CORE_STRICT_COUNT,DIRECT_REPORTED_CHAIN_COMPLETE,4.48680457916405
5583442,5583440.0,2,1,403,403,NOT_APPLICABLE_UNDER_16,808,KNOWN_ZERO_BELOW_CATI_CAWI_DETAIL_CAP,10,10,10,10.0,,,10.0,10,0,10,CORE_STRICT_COUNT,DIRECT_REPORTED_CHAIN_COMPLETE,6.3557279912113
5589001,5589000.0,1,1,2,607,EXPLICIT_NO_RBW,808,KNOWN_ZERO_BELOW_CATI_CAWI_DETAIL_CAP,2,2,2,2.0,,,2.0,2,0,2,CORE_STRICT_COUNT,DIRECT_REPORTED_CHAIN_COMPLETE,4.50406593140805
5592701,5592700.0,1,1,2,607,EXPLICIT_NO_RBW,1,KNOWN_POSITIVE_UNDETAILED,8,9,9,8.0,1.0,,9.0,8,0,8,CORE_STRICT_COUNT,DIRECT_ROWS_PLUS_UNDETAILED_TRIPS,2.90011230977826
5600161,5600160.0,1,1,606,606,NOT_OBSERVED_PAPI,807,KNOWN_ZERO_BELOW_PAPI_DETAIL_CAP,5,5,5,5.0,,,5.0,5,0,5,CORE_STRICT_COUNT,DIRECT_REPORTED_CHAIN_COMPLETE,3.19843767364534
5602221,5602220.0,1,0,606,606,NOT_OBSERVED_PAPI,801,NOT_APPLICABLE_NOT_MOBILE,0,0,0,0.0,,,0.0,0,0,0,CORE_STRICT_COUNT,ZERO_TRIP_COMPLETE,2.90766494102221
5602222,5602220.0,2,1,2,607,EXPLICIT_NO_RBW,807,KNOWN_ZERO_BELOW_PAPI_DETAIL_CAP,2,2,2,2.0,,,2.0,2,0,2,CORE_STRICT_COUNT,DIRECT_REPORTED_CHAIN_COMPLETE,5.368474746308
5602223,5602220.0,3,1,403,403,NOT_APPLICABLE_UNDER_16,807,KNOWN_ZERO_BELOW_PAPI_DETAIL_CAP,3,3,3,3.0,,,3.0,3,0,3,CORE_STRICT_COUNT,DIRECT_REPORTED_CHAIN_COMPLETE,7.02374815242873
5608331,5608330.0,1,1,2,607,EXPLICIT_NO_RBW,807,KNOWN_ZERO_BELOW_PAPI_DETAIL_CAP,2,2,2,2.0,,,2.0,2,0,2,CORE_STRICT_COUNT,DIRECT_REPORTED_CHAIN_COMPLETE,1.89520351097433
5608332,5608330.0,2,1,2,607,EXPLICIT_NO_RBW,807,KNOWN_ZERO_BELOW_PAPI_DETAIL_CAP,2,2,2,2.0,,,2.0,2,0,2,CORE_STRICT_COUNT,DIRECT_REPORTED_CHAIN_COMPLETE,1.64562022606863
5611481,5611480.0,1,1,406,406,NOT_OBSERVED_SECONDARY_EMPLOYMENT,808,KNOWN_ZERO_BELOW_CATI_CAWI_DETAIL_CAP,3,3,3,3.0,,,3.0,3,0,3,CORE_STRICT_COUNT,DIRECT_REPORTED_CHAIN_COMPLETE,1.40615558150287
5616651,5616650.0,1,1,206,206,NOT_OBSERVED_PROXY,808,KNOWN_ZERO_BELOW_CATI_CAWI_DETAIL_CAP,4,4,4,4.0,,,4.0,4,0,4,CORE_STRICT_COUNT,DIRECT_REPORTED_CHAIN_COMPLETE,3.06267290721052
5619501,5619500.0,1,1,206,206,NOT_OBSERVED_PROXY,808,KNOWN_ZERO_BELOW_CATI_CAWI_DETAIL_CAP,3,3,3,3.0,,,3.0,3,0,3,CORE_STRICT_COUNT,DIRECT_REPORTED_CHAIN_COMPLETE,4.70085593200287
5619502,5619500.0,2,1,2,607,EXPLICIT_NO_RBW,808,KNOWN_ZERO_BELOW_CATI_CAWI_DETAIL_CAP,5,5,5,5.0,,,5.0,5,0,5,CORE_STRICT_COUNT,DIRECT_REPORTED_CHAIN_COMPLETE,4.21045130838138
5626231,5626230.0,1,3,1,2,KNOWN_EXACT,807,KNOWN_ZERO_BELOW_PAPI_DETAIL_CAP,2,2,4,2.0,,2.0,4.0,2,2,4,CORE_STRICT_COUNT,MIXED_DIRECT_RBW_UNTIMED,3.29045459447288
5626251,5626250.0,1,1,2,607,EXPLICIT_NO_RBW,808,KNOWN_ZERO_BELOW_CATI_CAWI_DETAIL_CAP,2,2,2,2.0,,,2.0,2,0,2,CORE_STRICT_COUNT,DIRECT_REPORTED_CHAIN_COMPLETE,9.32335283178073
5626252,5626250.0,2,1,404,404,NOT_APPLICABLE_NOT_EMPLOYED,808,KNOWN_ZERO_BELOW_CATI_CAWI_DETAIL_CAP,3,3,3,3.0,,,3.0,3,0,3,CORE_STRICT_COUNT,DIRECT_REPORTED_CHAIN_COMPLETE,6.07137843081232
5626841,5626840.0,1,1,2,607,EXPLICIT_NO_RBW,807,KNOWN_ZERO_BELOW_PAPI_DETAIL_CAP,2,2,2,2.0,,,2.0,2,0,2,CORE_STRICT_COUNT,DIRECT_REPORTED_CHAIN_COMPLETE,6.96669777859375
5629691,5629690.0,1,1,2,607,EXPLICIT_NO_RBW,807,KNOWN_ZERO_BELOW_PAPI_DETAIL_CAP,2,2,2,2.0,,,2.0,2,0,2,CORE_STRICT_COUNT,DIRECT_REPORTED_CHAIN_COMPLETE,1.98538656979683
5629692,5629690.0,2,1,2,607,EXPLICIT_NO_RBW,807,KNOWN_ZERO_BELOW_PAPI_DETAIL_CAP,4,4,4,4.0,,,4.0,4,0,4,CORE_STRICT_COUNT,DIRECT_REPORTED_CHAIN_COMPLETE,2.1277219898267
5629693,5629690.0,3,0,606,606,NOT_OBSERVED_PAPI,801,NOT_APPLICABLE_NOT_MOBILE,0,0,0,0.0,,,0.0,0,0,0,CORE_STRICT_COUNT,ZERO_TRIP_COMPLETE,3.36715605471037
5629694,5629690.0,4,1,2,607,EXPLICIT_NO_RBW,807,KNOWN_ZERO_BELOW_PAPI_DETAIL_CAP,3,3,3,3.0,,,3.0,3,0,3,CORE_STRICT_COUNT,DIRECT_REPORTED_CHAIN_COMPLETE,1.85463754329923
5640111,5640110.0,1,1,404,404,NOT_APPLICABLE_NOT_EMPLOYED,808,KNOWN_ZERO_BELOW_CATI_CAWI_DETAIL_CAP,4,4,4,4.0,,,4.0,4,0,4,CORE_STRICT_COUNT,DIRECT_REPORTED_CHAIN_COMPLETE,1.32880742474769
5640112,5640110.0,2,1,206,206,NOT_OBSERVED_PROXY,808,KNOWN_ZERO_BELOW_CATI_CAWI_DETAIL_CAP,4,4,4,4.0,,,4.0,4,0,4,CORE_STRICT_COUNT,DIRECT_REPORTED_CHAIN_COMPLETE,1.10143371336831
5641231,5641230.0,1,3,1,2,KNOWN_EXACT,807,KNOWN_ZERO_BELOW_PAPI_DETAIL_CAP,3,3,5,3.0,,2.0,5.0,3,2,5,CORE_STRICT_COUNT,MIXED_DIRECT_RBW_UNTIMED,10.1508863456555
5641232,5641230.0,2,1,1,99,MISSING_RESPONSE,807,KNOWN_ZERO_BELOW_PAPI_DETAIL_CAP,3,3,3,3.0,,,3.0,3,0,3,ANALYTIC_WITH_COMPONENT_WARNING,DIRECT_ROWS_RBW_COUNT_UNKNOWN,7.66165353046057
5641233,5641230.0,3,1,403,403,NOT_APPLICABLE_UNDER_16,807,KNOWN_ZERO_BELOW_PAPI_DETAIL_CAP,2,2,2,2.0,,,2.0,2,0,2,CORE_STRICT_COUNT,DIRECT_REPORTED_CHAIN_COMPLETE,8.3402443982119
5646861,5646860.0,1,1,2,607,EXPLICIT_NO_RBW,807,KNOWN_ZERO_BELOW_PAPI_DETAIL_CAP,3,3,3,3.0,,,3.0,3,0,3,CORE_STRICT_COUNT,DIRECT_REPORTED_CHAIN_COMPLETE,1.24970041743073
5646862,5646860.0,2,1,2,607,EXPLICIT_NO_RBW,807,KNOWN_ZERO_BELOW_PAPI_DETAIL_CAP,2,2,2,2.0,,,2.0,2,0,2,CORE_STRICT_COUNT,DIRECT_REPORTED_CHAIN_COMPLETE,2.90221159688428
5652441,5652440.0,1,1,2,607,EXPLICIT_NO_RBW,808,KNOWN_ZERO_BELOW_CATI_CAWI_DETAIL_CAP,5,5,5,5.0,,,5.0,5,0,5,CORE_STRICT_COUNT,DIRECT_REPORTED_CHAIN_COMPLETE,3.84123956168802
5652442,5652440.0,2,1,2,607,EXPLICIT_NO_RBW,808,KNOWN_ZERO_BELOW_CATI_CAWI_DETAIL_CAP,5,5,5,5.0,,,5.0,5,0,5,CORE_STRICT_COUNT,DIRECT_REPORTED_CHAIN_COMPLETE,3.98059687959243
5652443,5652440.0,3,1,403,403,NOT_APPLICABLE_UNDER_16,808,KNOWN_ZERO_BELOW_CATI_CAWI_DETAIL_CAP,3,3,3,3.0,,,3.0,3,0,3,CORE_STRICT_COUNT,DIRECT_REPORTED_CHAIN_COMPLETE,6.94403957474667
5652444,5652440.0,4,1,403,403,NOT_APPLICABLE_UNDER_16,808,KNOWN_ZERO_BELOW_CATI_CAWI_DETAIL_CAP,3,3,3,3.0,,,3.0,3,0,3,CORE_STRICT_COUNT,DIRECT_REPORTED_CHAIN_COMPLETE,6.85267149471393
5652691,5652690.0,1,1,2,607,EXPLICIT_NO_RBW,807,KNOWN_ZERO_BELOW_PAPI_DETAIL_CAP,3,3,3,3.0,,,3.0,3,0,3,CORE_STRICT_COUNT,DIRECT_REPORTED_CHAIN_COMPLETE,2.54396970274941
5652692,5652690.0,2,1,2,607,EXPLICIT_NO_RBW,807,KNOWN_ZERO_BELOW_PAPI_DETAIL_CAP,5,5,5,5.0,,,5.0,5,0,5,CORE_STRICT_COUNT,DIRECT_REPORTED_CHAIN_COMPLETE,3.46977098556958
5652693,5652690.0,3,1,403,403,NOT_APPLICABLE_UNDER_16,807,KNOWN_ZERO_BELOW_PAPI_DETAIL_CAP,2,2,2,2.0,,,2.0,2,0,2,CORE_STRICT_COUNT,DIRECT_REPORTED_CHAIN_COMPLETE,3.74391077807515
5659321,5659320.0,1,1,2,607,EXPLICIT_NO_RBW,808,KNOWN_ZERO_BELOW_CATI_CAWI_DETAIL_CAP,2,2,2,2.0,,,2.0,2,0,2,CORE_STRICT_COUNT,DIRECT_REPORTED_CHAIN_COMPLETE,4.39907568840898
5662121,5662120.0,1,1,404,404,NOT_APPLICABLE_NOT_EMPLOYED,808,KNOWN_ZERO_BELOW_CATI_CAWI_DETAIL_CAP,2,2,2,2.0,,,2.0,2,0,2,CORE_STRICT_COUNT,DIRECT_REPORTED_CHAIN_COMPLETE,1.95586475667109
5662122,5662120.0,2,1,404,404,NOT_APPLICABLE_NOT_EMPLOYED,808,KNOWN_ZERO_BELOW_CATI_CAWI_DETAIL_CAP,2,2,2,2.0,,,2.0,2,0,2,CORE_STRICT_COUNT,DIRECT_REPORTED_CHAIN_COMPLETE,1.95102720529951
5669351,5669350.0,1,0,602,602,NO_OUT_OF_HOME_ACTIVITY_OR_DOMESTIC_TRIPS,801,NOT_APPLICABLE_NOT_MOBILE,0,0,0,0.0,,,0.0,0,0,0,CORE_STRICT_COUNT,ZERO_TRIP_COMPLETE,5.51084841623137
5674421,5674420.0,1,0,602,602,NO_OUT_OF_HOME_ACTIVITY_OR_DOMESTIC_TRIPS,801,NOT_APPLICABLE_NOT_MOBILE,0,0,0,0.0,,,0.0,0,0,0,CORE_STRICT_COUNT,ZERO_TRIP_COMPLETE,2.70539957179701
5677051,5677050.0,1,1,2,607,EXPLICIT_NO_RBW,808,KNOWN_ZERO_BELOW_CATI_CAWI_DETAIL_CAP,2,2,2,2.0,,,2.0,2,0,2,CORE_STRICT_COUNT,DIRECT_REPORTED_CHAIN_COMPLETE,4.50406593140805
5687951,5687950.0,1,1,606,606,NOT_OBSERVED_PAPI,807,KNOWN_ZERO_BELOW_PAPI_DETAIL_CAP,2,2,2,2.0,,,2.0,2,0,2,CORE_STRICT_COUNT,DIRECT_REPORTED_CHAIN_COMPLETE,3.9318014168437
5689001,5689000.0,1,0,606,606,NOT_OBSERVED_PAPI,801,NOT_APPLICABLE_NOT_MOBILE,0,0,0,0.0,,,0.0,0,0,0,CORE_STRICT_COUNT,ZERO_TRIP_COMPLETE,3.9318014168437
5690471,5690470.0,1,1,2,607,EXPLICIT_NO_RBW,808,KNOWN_ZERO_BELOW_CATI_CAWI_DETAIL_CAP,5,5,5,5.0,,,5.0,5,0,5,CORE_STRICT_COUNT,DIRECT_REPORTED_CHAIN_COMPLETE,4.37100000464347
5690472,5690470.0,2,1,2,607,EXPLICIT_NO_RBW,808,KNOWN_ZERO_BELOW_CATI_CAWI_DETAIL_CAP,7,7,7,7.0,,,7.0,7,0,7,CORE_STRICT_COUNT,DIRECT_REPORTED_CHAIN_COMPLETE,4.5586708866126
5690473,5690470.0,3,1,403,403,NOT_APPLICABLE_UNDER_16,808,KNOWN_ZERO_BELOW_CATI_CAWI_DETAIL_CAP,3,3,3,3.0,,,3.0,3,0,3,CORE_STRICT_COUNT,DIRECT_REPORTED_CHAIN_COMPLETE,7.95247346124749
5690474,5690470.0,4,1,403,403,NOT_APPLICABLE_UNDER_16,808,KNOWN_ZERO_BELOW_CATI_CAWI_DETAIL_CAP,4,4,4,4.0,,,4.0,4,0,4,CORE_STRICT_COUNT,DIRECT_REPORTED_CHAIN_COMPLETE,7.95247346124749
5702031,5702030.0,1,0,602,602,NO_OUT_OF_HOME_ACTIVITY_OR_DOMESTIC_TRIPS,801,NOT_APPLICABLE_NOT_MOBILE,0,0,0,0.0,,,0.0,0,0,0,CORE_STRICT_COUNT,ZERO_TRIP_COMPLETE,4.39907568840898
5704081,5704080.0,1,1,2,607,EXPLICIT_NO_RBW,807,KNOWN_ZERO_BELOW_PAPI_DETAIL_CAP,4,4,4,4.0,,,4.0,4,0,4,CORE_STRICT_COUNT,DIRECT_REPORTED_CHAIN_COMPLETE,1.19237649650658
5704082,5704080.0,2,1,2,607,EXPLICIT_NO_RBW,807,KNOWN_ZERO_BELOW_PAPI_DETAIL_CAP,3,3,3,3.0,,,3.0,3,0,3,CORE_STRICT_COUNT,DIRECT_REPORTED_CHAIN_COMPLETE,1.44492023960301
5704083,5704080.0,3,1,403,403,NOT_APPLICABLE_UNDER_16,807,KNOWN_ZERO_BELOW_PAPI_DETAIL_CAP,2,2,2,2.0,,,2.0,2,0,2,CORE_STRICT_COUNT,DIRECT_REPORTED_CHAIN_COMPLETE,2.52798822652001
5704084,5704080.0,4,1,403,403,NOT_APPLICABLE_UNDER_16,807,KNOWN_ZERO_BELOW_PAPI_DETAIL_CAP,6,6,6,6.0,,,6.0,6,0,6,CORE_STRICT_COUNT,DIRECT_REPORTED_CHAIN_COMPLETE,2.6858731468214
5705821,5705820.0,1,1,606,606,NOT_OBSERVED_PAPI,807,KNOWN_ZERO_BELOW_PAPI_DETAIL_CAP,2,2,2,2.0,,,2.0,2,0,2,CORE_STRICT_COUNT,DIRECT_REPORTED_CHAIN_COMPLETE,1.05571227201325
5705822,5705820.0,2,1,2,607,EXPLICIT_NO_RBW,807,KNOWN_ZERO_BELOW_PAPI_DETAIL_CAP,2,2,2,2.0,,,2.0,2,0,2,CORE_STRICT_COUNT,DIRECT_REPORTED_CHAIN_COMPLETE,3.760364460059
5794551,5794550.0,1,9,606,606,NOT_OBSERVED_PAPI,804,UNAVAILABLE_MOBILITY_UNKNOWN,804,804,804,,,,,0,0,0,EXCLUDED_UNKNOWN,MOBILITY_UNKNOWN,0.154663513741485
5794552,5794550.0,2,9,606,606,NOT_OBSERVED_PAPI,804,UNAVAILABLE_MOBILITY_UNKNOWN,804,804,804,,,,,0,0,0,EXCLUDED_UNKNOWN,MOBILITY_UNKNOWN,0.202011223595813
5841361,5841360.0,1,1,2,607,EXPLICIT_NO_RBW,808,KNOWN_ZERO_BELOW_CATI_CAWI_DETAIL_CAP,2,2,2,2.0,,,2.0,2,0,2,CORE_STRICT_COUNT,DIRECT_REPORTED_CHAIN_COMPLETE,0.45634602611959
5977561,5977560.0,1,1,2,607,EXPLICIT_NO_RBW,808,KNOWN_ZERO_BELOW_CATI_CAWI_DETAIL_CAP,5,5,5,5.0,,,5.0,5,0,5,CORE_STRICT_COUNT,DIRECT_REPORTED_CHAIN_COMPLETE,3.51833166603625
10118761,10118760.0,1,1,404,404,NOT_APPLICABLE_NOT_EMPLOYED,808,KNOWN_ZERO_BELOW_CATI_CAWI_DETAIL_CAP,6,6,6,6.0,,,6.0,6,0,6,CORE_STRICT_COUNT,DIRECT_REPORTED_CHAIN_COMPLETE,7.48721438974686
10232021,10232020.0,1,1,2,607,EXPLICIT_NO_RBW,807,KNOWN_ZERO_BELOW_PAPI_DETAIL_CAP,5,5,5,5.0,,,5.0,5,0,5,CORE_STRICT_COUNT,DIRECT_REPORTED_CHAIN_COMPLETE,8.53302225065987
10232022,10232020.0,2,1,606,606,NOT_OBSERVED_PAPI,807,KNOWN_ZERO_BELOW_PAPI_DETAIL_CAP,1,1,1,1.0,,,1.0,1,0,1,CORE_STRICT_COUNT,DIRECT_REPORTED_CHAIN_COMPLETE,4.3015691979065
10232023,10232020.0,3,3,1,2,KNOWN_EXACT,807,KNOWN_ZERO_BELOW_PAPI_DETAIL_CAP,4,4,6,4.0,,2.0,6.0,4,2,6,CORE_STRICT_COUNT,MIXED_DIRECT_RBW_UNTIMED,2.50700113549771
10232024,10232020.0,4,1,2,607,EXPLICIT_NO_RBW,807,KNOWN_ZERO_BELOW_PAPI_DETAIL_CAP,2,2,2,2.0,,,2.0,2,0,2,CORE_STRICT_COUNT,DIRECT_REPORTED_CHAIN_COMPLETE,3.44258342972661
10232025,10232020.0,5,1,606,606,NOT_OBSERVED_PAPI,807,KNOWN_ZERO_BELOW_PAPI_DETAIL_CAP,3,3,3,3.0,,,3.0,3,0,3,CORE_STRICT_COUNT,DIRECT_REPORTED_CHAIN_COMPLETE,7.01879108252922
15,0.0,15,1,403,403,NOT_APPLICABLE_UNDER_16,807,KNOWN_ZERO_BELOW_PAPI_DETAIL_CAP,3,3,3,3.0,,,3.0,3,0,3,CORE_STRICT_COUNT,DIRECT_REPORTED_CHAIN_COMPLETE,6.02303860146135
10248631,10248630.0,1,1,404,404,NOT_APPLICABLE_NOT_EMPLOYED,808,KNOWN_ZERO_BELOW_CATI_CAWI_DETAIL_CAP,4,4,4,4.0,,,4.0,4,0,4,CORE_STRICT_COUNT,DIRECT_REPORTED_CHAIN_COMPLETE,3.76060667234938
10248632,10248630.0,2,1,404,404,NOT_APPLICABLE_NOT_EMPLOYED,808,KNOWN_ZERO_BELOW_CATI_CAWI_DETAIL_CAP,4,4,4,4.0,,,4.0,4,0,4,CORE_STRICT_COUNT,DIRECT_REPORTED_CHAIN_COMPLETE,3.62071523399779
10307411,10307410.0,1,1,2,607,EXPLICIT_NO_RBW,808,KNOWN_ZERO_BELOW_CATI_CAWI_DETAIL_CAP,9,9,9,9.0,,,9.0,9,0,9,CORE_STRICT_COUNT,DIRECT_REPORTED_CHAIN_COMPLETE,4.39907568840898
10307412,10307410.0,2,1,206,206,NOT_OBSERVED_PROXY,808,KNOWN_ZERO_BELOW_CATI_CAWI_DETAIL_CAP,2,2,2,2.0,,,2.0,2,0,2,CORE_STRICT_COUNT,DIRECT_REPORTED_CHAIN_COMPLETE,9.39089578821591
10307413,10307410.0,3,1,403,403,NOT_APPLICABLE_UNDER_16,808,KNOWN_ZERO_BELOW_CATI_CAWI_DETAIL_CAP,5,5,5,5.0,,,5.0,5,0,5,CORE_STRICT_COUNT,DIRECT_REPORTED_CHAIN_COMPLETE,6.3557279912113
10307414,10307410.0,4,1,403,403,NOT_APPLICABLE_UNDER_16,808,KNOWN_ZERO_BELOW_CATI_CAWI_DETAIL_CAP,5,5,5,5.0,,,5.0,5,0,5,CORE_STRICT_COUNT,DIRECT_REPORTED_CHAIN_COMPLETE,7.72194398468614
17,0.0,17,1,403,403,NOT_APPLICABLE_UNDER_16,808,KNOWN_ZERO_BELOW_CATI_CAWI_DETAIL_CAP,3,3,3,3.0,,,3.0,3,0,3,CORE_STRICT_COUNT,DIRECT_REPORTED_CHAIN_COMPLETE,7.84997596402908
10400821,10400820.0,1,1,2,607,EXPLICIT_NO_RBW,808,KNOWN_ZERO_BELOW_CATI_CAWI_DETAIL_CAP,4,4,4,4.0,,,4.0,4,0,4,CORE_STRICT_COUNT,DIRECT_REPORTED_CHAIN_COMPLETE,4.48680457916405
10493521,10493520.0,1,1,404,404,NOT_APPLICABLE_NOT_EMPLOYED,808,KNOWN_ZERO_BELOW_CATI_CAWI_DETAIL_CAP,6,6,6,6.0,,,6.0,6,0,6,CORE_STRICT_COUNT,DIRECT_REPORTED_CHAIN_COMPLETE,2.67648094574817
10535231,10535230.0,1,5,404,404,NOT_APPLICABLE_NOT_EMPLOYED,803,UNAVAILABLE_NO_TRIP_PROTOCOL,803,803,803,,,,,0,0,0,EXCLUDED_COUNT_UNOBSERVED,TRIP_DAY_NO_ROWS,2.70616051848926
10843011,10843010.0,1,3,1,1,KNOWN_EXACT,808,KNOWN_ZERO_BELOW_CATI_CAWI_DETAIL_CAP,4,4,5,4.0,,1.0,5.0,4,1,5,CORE_STRICT_COUNT,MIXED_DIRECT_RBW_UNTIMED,2.71958136736505
10843012,10843010.0,2,1,206,206,NOT_OBSERVED_PROXY,808,KNOWN_ZERO_BELOW_CATI_CAWI_DETAIL_CAP,2,2,2,2.0,,,2.0,2,0,2,CORE_STRICT_COUNT,DIRECT_REPORTED_CHAIN_COMPLETE,4.53319632527823
11203491,11203490.0,1,5,2,607,EXPLICIT_NO_RBW,803,UNAVAILABLE_NO_TRIP_PROTOCOL,803,803,803,,,,,0,0,0,EXCLUDED_COUNT_UNOBSERVED,TRIP_DAY_NO_ROWS,7.71985190080928
11356091,11356090.0,1,0,404,404,NOT_APPLICABLE_NOT_EMPLOYED,801,NOT_APPLICABLE_NOT_MOBILE,0,0,0,0.0,,,0.0,0,0,0,CORE_STRICT_COUNT,ZERO_TRIP_COMPLETE,5.60634208835736
11546491,11546490.0,1,0,602,602,NO_OUT_OF_HOME_ACTIVITY_OR_DOMESTIC_TRIPS,801,NOT_APPLICABLE_NOT_MOBILE,0,0,0,0.0,,,0.0,0,0,0,CORE_STRICT_COUNT,ZERO_TRIP_COMPLETE,1.42259336539747
11546492,11546490.0,2,1,206,206,NOT_OBSERVED_PROXY,808,KNOWN_ZERO_BELOW_CATI_CAWI_DETAIL_CAP,2,2,2,2.0,,,2.0,2,0,2,CORE_STRICT_COUNT,DIRECT_REPORTED_CHAIN_COMPLETE,1.4959600981735
11629551,11629550.0,1,5,2,607,EXPLICIT_NO_RBW,803,UNAVAILABLE_NO_TRIP_PROTOCOL,803,803,803,,,,,0,0,0,EXCLUDED_COUNT_UNOBSERVED,TRIP_DAY_NO_ROWS,7.71244169857267
11629552,11629550.0,2,5,2,607,EXPLICIT_NO_RBW,803,UNAVAILABLE_NO_TRIP_PROTOCOL,803,803,803,,,,,0,0,0,EXCLUDED_COUNT_UNOBSERVED,TRIP_DAY_NO_ROWS,7.71086564700451
11704201,11704200.0,1,1,404,404,NOT_APPLICABLE_NOT_EMPLOYED,808,KNOWN_ZERO_BELOW_CATI_CAWI_DETAIL_CAP,7,7,7,7.0,,,7.0,7,0,7,CORE_STRICT_COUNT,DIRECT_REPORTED_CHAIN_COMPLETE,5.03949706910757
11704202,11704200.0,2,1,2,607,EXPLICIT_NO_RBW,808,KNOWN_ZERO_BELOW_CATI_CAWI_DETAIL_CAP,6,6,6,6.0,,,6.0,6,0,6,CORE_STRICT_COUNT,DIRECT_REPORTED_CHAIN_COMPLETE,2.27218498851921
11828581,11828580.0,1,0,404,404,NOT_APPLICABLE_NOT_EMPLOYED,801,NOT_APPLICABLE_NOT_MOBILE,0,0,0,0.0,,,0.0,0,0,0,CORE_STRICT_COUNT,ZERO_TRIP_COMPLETE,4.05409176925111
11828582,11828580.0,2,0,404,404,NOT_APPLICABLE_NOT_EMPLOYED,801,NOT_APPLICABLE_NOT_MOBILE,0,0,0,0.0,,,0.0,0,0,0,CORE_STRICT_COUNT,ZERO_TRIP_COMPLETE,5.55372863651589
11863961,11863960.0,1,1,404,404,NOT_APPLICABLE_NOT_EMPLOYED,808,KNOWN_ZERO_BELOW_CATI_CAWI_DETAIL_CAP,5,5,5,5.0,,,5.0,5,0,5,CORE_STRICT_COUNT,DIRECT_REPORTED_CHAIN_COMPLETE,5.58041423536824
11865951,11865950.0,1,1,404,404,NOT_APPLICABLE_NOT_EMPLOYED,808,KNOWN_ZERO_BELOW_CATI_CAWI_DETAIL_CAP,6,6,6,6.0,,,6.0,6,0,6,CORE_STRICT_COUNT,DIRECT_REPORTED_CHAIN_COMPLETE,2.67648094574817
12128811,12128810.0,1,1,2,607,EXPLICIT_NO_RBW,808,KNOWN_ZERO_BELOW_CATI_CAWI_DETAIL_CAP,4,4,4,4.0,,,4.0,4,0,4,CORE_STRICT_COUNT,DIRECT_REPORTED_CHAIN_COMPLETE,7.45353726088459
12294221,12294220.0,1,1,404,404,NOT_APPLICABLE_NOT_EMPLOYED,808,KNOWN_ZERO_BELOW_CATI_CAWI_DETAIL_CAP,8,8,8,8.0,,,8.0,8,0,8,CORE_STRICT_COUNT,DIRECT_REPORTED_CHAIN_COMPLETE,0.995499994413422
12294222,12294220.0,2,1,2,607,EXPLICIT_NO_RBW,808,KNOWN_ZERO_BELOW_CATI_CAWI_DETAIL_CAP,2,2,2,2.0,,,2.0,2,0,2,CORE_STRICT_COUNT,DIRECT_REPORTED_CHAIN_COMPLETE,1.3423130380156
12371661,12371660.0,1,1,2,607,EXPLICIT_NO_RBW,808,KNOWN_ZERO_BELOW_CATI_CAWI_DETAIL_CAP,2,2,2,2.0,,,2.0,2,0,2,CORE_STRICT_COUNT,DIRECT_REPORTED_CHAIN_COMPLETE,5.84448150165113
12388611,12388610.0,1,1,404,404,NOT_APPLICABLE_NOT_EMPLOYED,808,KNOWN_ZERO_BELOW_CATI_CAWI_DETAIL_CAP,4,4,4,4.0,,,4.0,4,0,4,CORE_STRICT_COUNT,DIRECT_REPORTED_CHAIN_COMPLETE,3.83876740224351
12388612,12388610.0,2,1,206,206,NOT_OBSERVED_PROXY,808,KNOWN_ZERO_BELOW_CATI_CAWI_DETAIL_CAP,5,5,5,5.0,,,5.0,5,0,5,CORE_STRICT_COUNT,DIRECT_REPORTED_CHAIN_COMPLETE,3.78367894069389
12421632,12421630.0,2,1,404,404,NOT_APPLICABLE_NOT_EMPLOYED,808,KNOWN_ZERO_BELOW_CATI_CAWI_DETAIL_CAP,3,3,3,3.0,,,3.0,3,0,3,CORE_STRICT_COUNT,DIRECT_REPORTED_CHAIN_COMPLETE,5.9807221943342
12534001,12534000.0,1,1,2,607,EXPLICIT_NO_RBW,808,KNOWN_ZERO_BELOW_CATI_CAWI_DETAIL_CAP,4,4,4,4.0,,,4.0,4,0,4,CORE_STRICT_COUNT,DIRECT_REPORTED_CHAIN_COMPLETE,4.37100000464347
12734501,12734500.0,1,0,602,602,NO_OUT_OF_HOME_ACTIVITY_OR_DOMESTIC_TRIPS,801,NOT_APPLICABLE_NOT_MOBILE,0,0,0,0.0,,,0.0,0,0,0,CORE_STRICT_COUNT,ZERO_TRIP_COMPLETE,5.78593038817973
12833281,12833280.0,1,0,404,404,NOT_APPLICABLE_NOT_EMPLOYED,801,NOT_APPLICABLE_NOT_MOBILE,0,0,0,0.0,,,0.0,0,0,0,CORE_STRICT_COUNT,ZERO_TRIP_COMPLETE,10.6759931918152
12964961,12964960.0,1,1,2,607,EXPLICIT_NO_RBW,808,KNOWN_ZERO_BELOW_CATI_CAWI_DETAIL_CAP,2,2,2,2.0,,,2.0,2,0,2,CORE_STRICT_COUNT,DIRECT_REPORTED_CHAIN_COMPLETE,4.48680457916405
13005911,13005910.0,1,3,1,5,KNOWN_EXACT,808,KNOWN_ZERO_BELOW_CATI_CAWI_DETAIL_CAP,3,3,8,3.0,,5.0,8.0,3,5,8,CORE_STRICT_COUNT,MIXED_DIRECT_RBW_UNTIMED,4.48680457916405
13270531,13270530.0,1,5,2,607,EXPLICIT_NO_RBW,803,UNAVAILABLE_NO_TRIP_PROTOCOL,803,803,803,,,,,0,0,0,EXCLUDED_COUNT_UNOBSERVED,TRIP_DAY_NO_ROWS,4.17400025194161
13393891,13393890.0,1,1,2,607,EXPLICIT_NO_RBW,808,KNOWN_ZERO_BELOW_CATI_CAWI_DETAIL_CAP,2,2,2,2.0,,,2.0,2,0,2,CORE_STRICT_COUNT,DIRECT_REPORTED_CHAIN_COMPLETE,2.28928976820562
13414961,13414960.0,1,1,404,404,NOT_APPLICABLE_NOT_EMPLOYED,808,KNOWN_ZERO_BELOW_CATI_CAWI_DETAIL_CAP,2,2,2,2.0,,,2.0,2,0,2,CORE_STRICT_COUNT,DIRECT_REPORTED_CHAIN_COMPLETE,7.37692954937943
13475601,13475600.0,1,1,2,607,EXPLICIT_NO_RBW,808,KNOWN_ZERO_BELOW_CATI_CAWI_DETAIL_CAP,4,4,4,4.0,,,4.0,4,0,4,CORE_STRICT_COUNT,DIRECT_REPORTED_CHAIN_COMPLETE,4.48680457916405
13475602,13475600.0,2,1,404,404,NOT_APPLICABLE_NOT_EMPLOYED,808,KNOWN_ZERO_BELOW_CATI_CAWI_DETAIL_CAP,5,5,5,5.0,,,5.0,5,0,5,CORE_STRICT_COUNT,DIRECT_REPORTED_CHAIN_COMPLETE,5.82445182866943
13475603,13475600.0,3,1,403,403,NOT_APPLICABLE_UNDER_16,808,KNOWN_ZERO_BELOW_CATI_CAWI_DETAIL_CAP,4,4,4,4.0,,,4.0,4,0,4,CORE_STRICT_COUNT,DIRECT_REPORTED_CHAIN_COMPLETE,12.6186031850589
13475604,13475600.0,4,1,403,403,NOT_APPLICABLE_UNDER_16,808,KNOWN_ZERO_BELOW_CATI_CAWI_DETAIL_CAP,3,3,3,3.0,,,3.0,3,0,3,CORE_STRICT_COUNT,DIRECT_REPORTED_CHAIN_COMPLETE,6.3557279912113
13681261,13681260.0,1,1,2,607,EXPLICIT_NO_RBW,808,KNOWN_ZERO_BELOW_CATI_CAWI_DETAIL_CAP,3,3,3,3.0,,,3.0,3,0,3,CORE_STRICT_COUNT,DIRECT_REPORTED_CHAIN_COMPLETE,1.24935751827514
13681262,13681260.0,2,1,206,206,NOT_OBSERVED_PROXY,808,KNOWN_ZERO_BELOW_CATI_CAWI_DETAIL_CAP,2,2,2,2.0,,,2.0,2,0,2,CORE_STRICT_COUNT,DIRECT_REPORTED_CHAIN_COMPLETE,1.51396976537603
13681263,13681260.0,3,1,206,206,NOT_OBSERVED_PROXY,808,KNOWN_ZERO_BELOW_CATI_CAWI_DETAIL_CAP,2,2,2,2.0,,,2.0,2,0,2,CORE_STRICT_COUNT,DIRECT_REPORTED_CHAIN_COMPLETE,1.96532828941205
13681264,13681260.0,4,1,206,206,NOT_OBSERVED_PROXY,808,KNOWN_ZERO_BELOW_CATI_CAWI_DETAIL_CAP,2,2,2,2.0,,,2.0,2,0,2,CORE_STRICT_COUNT,DIRECT_REPORTED_CHAIN_COMPLETE,2.64879516341289
13681265,13681260.0,5,1,403,403,NOT_APPLICABLE_UNDER_16,808,KNOWN_ZERO_BELOW_CATI_CAWI_DETAIL_CAP,2,2,2,2.0,,,2.0,2,0,2,CORE_STRICT_COUNT,DIRECT_REPORTED_CHAIN_COMPLETE,2.14459530070302
13793171,13793170.0,1,1,404,404,NOT_APPLICABLE_NOT_EMPLOYED,808,KNOWN_ZERO_BELOW_CATI_CAWI_DETAIL_CAP,2,2,2,2.0,,,2.0,2,0,2,CORE_STRICT_COUNT,DIRECT_REPORTED_CHAIN_COMPLETE,3.45788838004272
13813161,13813160.0,1,1,2,607,EXPLICIT_NO_RBW,808,KNOWN_ZERO_BELOW_CATI_CAWI_DETAIL_CAP,2,2,2,2.0,,,2.0,2,0,2,CORE_STRICT_COUNT,DIRECT_REPORTED_CHAIN_COMPLETE,1.30770589134543
13813162,13813160.0,2,1,206,206,NOT_OBSERVED_PROXY,808,KNOWN_ZERO_BELOW_CATI_CAWI_DETAIL_CAP,2,2,2,2.0,,,2.0,2,0,2,CORE_STRICT_COUNT,DIRECT_REPORTED_CHAIN_COMPLETE,1.21352809487857
13848991,13848990.0,1,1,206,206,NOT_OBSERVED_PROXY,808,KNOWN_ZERO_BELOW_CATI_CAWI_DETAIL_CAP,2,2,2,2.0,,,2.0,2,0,2,CORE_STRICT_COUNT,DIRECT_REPORTED_CHAIN_COMPLETE,2.26995485795317
13848992,13848990.0,2,1,2,607,EXPLICIT_NO_RBW,808,KNOWN_ZERO_BELOW_CATI_CAWI_DETAIL_CAP,2,2,2,2.0,,,2.0,2,0,2,CORE_STRICT_COUNT,DIRECT_REPORTED_CHAIN_COMPLETE,4.0384071856273
13848993,13848990.0,3,0,206,206,NOT_OBSERVED_PROXY,801,NOT_APPLICABLE_NOT_MOBILE,0,0,0,0.0,,,0.0,0,0,0,CORE_STRICT_COUNT,ZERO_TRIP_COMPLETE,5.37155097705643
13927111,13927110.0,1,1,2,607,EXPLICIT_NO_RBW,808,KNOWN_ZERO_BELOW_CATI_CAWI_DETAIL_CAP,5,5,5,5.0,,,5.0,5,0,5,CORE_STRICT_COUNT,DIRECT_REPORTED_CHAIN_COMPLETE,0.779353913349685
13927112,13927110.0,2,1,206,206,NOT_OBSERVED_PROXY,808,KNOWN_ZERO_BELOW_CATI_CAWI_DETAIL_CAP,4,4,4,4.0,,,4.0,4,0,4,CORE_STRICT_COUNT,DIRECT_REPORTED_CHAIN_COMPLETE,0.712485634802788
14135461,14135460.0,1,1,2,607,EXPLICIT_NO_RBW,808,KNOWN_ZERO_BELOW_CATI_CAWI_DETAIL_CAP,4,4,4,4.0,,,4.0,4,0,4,CORE_STRICT_COUNT,DIRECT_REPORTED_CHAIN_COMPLETE,3.52101160154023
14233842,14233840.0,2,2,1,2,KNOWN_EXACT,802,NOT_APPLICABLE_RBW_ONLY,0,0,2,0.0,,2.0,2.0,0,2,2,CORE_STRICT_COUNT,RBW_ONLY_AGGREGATED_UNTIMED,3.26743691310159
14292241,14292240.0,1,0,602,602,NO_OUT_OF_HOME_ACTIVITY_OR_DOMESTIC_TRIPS,801,NOT_APPLICABLE_NOT_MOBILE,0,0,0,0.0,,,0.0,0,0,0,CORE_STRICT_COUNT,ZERO_TRIP_COMPLETE,3.24486067919656
14559341,14559340.0,1,1,404,404,NOT_APPLICABLE_NOT_EMPLOYED,808,KNOWN_ZERO_BELOW_CATI_CAWI_DETAIL_CAP,4,4,4,4.0,,,4.0,4,0,4,CORE_STRICT_COUNT,DIRECT_REPORTED_CHAIN_COMPLETE,11.155919218126
14828701,14828700.0,1,1,606,606,NOT_OBSERVED_PAPI,807,KNOWN_ZERO_BELOW_PAPI_DETAIL_CAP,2,2,2,2.0,,,2.0,2,0,2,CORE_STRICT_COUNT,DIRECT_REPORTED_CHAIN_COMPLETE,1.20565276558283
14828702,14828700.0,2,1,606,606,NOT_OBSERVED_PAPI,807,KNOWN_ZERO_BELOW_PAPI_DETAIL_CAP,5,5,5,5.0,,,5.0,5,0,5,CORE_STRICT_COUNT,DIRECT_REPORTED_CHAIN_COMPLETE,1.01043402902155
14949881,14949880.0,1,1,404,404,NOT_APPLICABLE_NOT_EMPLOYED,808,KNOWN_ZERO_BELOW_CATI_CAWI_DETAIL_CAP,4,4,4,4.0,,,4.0,4,0,4,CORE_STRICT_COUNT,DIRECT_REPORTED_CHAIN_COMPLETE,1.57039110168915
14949882,14949880.0,2,1,404,404,NOT_APPLICABLE_NOT_EMPLOYED,808,KNOWN_ZERO_BELOW_CATI_CAWI_DETAIL_CAP,4,4,4,4.0,,,4.0,4,0,4,CORE_STRICT_COUNT,DIRECT_REPORTED_CHAIN_COMPLETE,1.06900664998936
15040121,15040120.0,1,1,404,404,NOT_APPLICABLE_NOT_EMPLOYED,808,KNOWN_ZERO_BELOW_CATI_CAWI_DETAIL_CAP,6,6,6,6.0,,,6.0,6,0,6,CORE_STRICT_COUNT,DIRECT_REPORTED_CHAIN_COMPLETE,3.74973378017328
15040122,15040120.0,2,1,404,404,NOT_APPLICABLE_NOT_EMPLOYED,808,KNOWN_ZERO_BELOW_CATI_CAWI_DETAIL_CAP,2,2,2,2.0,,,2.0,2,0,2,CORE_STRICT_COUNT,DIRECT_REPORTED_CHAIN_COMPLETE,6.13216025428391
15467212,15467210.0,2,5,2,607,EXPLICIT_NO_RBW,803,UNAVAILABLE_NO_TRIP_PROTOCOL,803,803,803,,,,,0,0,0,EXCLUDED_COUNT_UNOBSERVED,TRIP_DAY_NO_ROWS,3.83032496671695
15674321,15674320.0,1,1,404,404,NOT_APPLICABLE_NOT_EMPLOYED,808,KNOWN_ZERO_BELOW_CATI_CAWI_DETAIL_CAP,5,5,5,5.0,,,5.0,5,0,5,CORE_STRICT_COUNT,DIRECT_REPORTED_CHAIN_COMPLETE,26.6639044507507
16327201,16327200.0,1,1,404,404,NOT_APPLICABLE_NOT_EMPLOYED,808,KNOWN_ZERO_BELOW_CATI_CAWI_DETAIL_CAP,5,5,5,5.0,,,5.0,5,0,5,CORE_STRICT_COUNT,DIRECT_REPORTED_CHAIN_COMPLETE,3.19263730027248
16437511,16437510.0,1,1,606,606,NOT_OBSERVED_PAPI,807,KNOWN_ZERO_BELOW_PAPI_DETAIL_CAP,3,3,3,3.0,,,3.0,3,0,3,CORE_STRICT_COUNT,DIRECT_REPORTED_CHAIN_COMPLETE,7.59639352673536
16458181,16458180.0,1,1,404,404,NOT_APPLICABLE_NOT_EMPLOYED,808,KNOWN_ZERO_BELOW_CATI_CAWI_DETAIL_CAP,2,2,2,2.0,,,2.0,2,0,2,CORE_STRICT_COUNT,DIRECT_REPORTED_CHAIN_COMPLETE,4.50876810094113
16794612,16794610.0,2,0,404,404,NOT_APPLICABLE_NOT_EMPLOYED,801,NOT_APPLICABLE_NOT_MOBILE,0,0,0,0.0,,,0.0,0,0,0,CORE_STRICT_COUNT,ZERO_TRIP_COMPLETE,2.70616051848926
16806841,16806840.0,1,1,2,607,EXPLICIT_NO_RBW,808,KNOWN_ZERO_BELOW_CATI_CAWI_DETAIL_CAP,2,2,2,2.0,,,2.0,2,0,2,CORE_STRICT_COUNT,DIRECT_REPORTED_CHAIN_COMPLETE,2.96258711305531
16806842,16806840.0,2,4,206,206,NOT_OBSERVED_PROXY,801,NOT_APPLICABLE_NOT_MOBILE,0,0,0,0.0,,,0.0,0,0,0,EXCLUDED_OUT_OF_SCOPE,OUT_OF_SCOPE_FAR_ABROAD,5.22735766692033
16806843,16806840.0,3,4,403,403,NOT_APPLICABLE_UNDER_16,801,NOT_APPLICABLE_NOT_MOBILE,0,0,0,0.0,,,0.0,0,0,0,EXCLUDED_OUT_OF_SCOPE,OUT_OF_SCOPE_FAR_ABROAD,4.30780091989119
16806844,16806840.0,4,1,403,403,NOT_APPLICABLE_UNDER_16,808,KNOWN_ZERO_BELOW_CATI_CAWI_DETAIL_CAP,2,2,2,2.0,,,2.0,2,0,2,CORE_STRICT_COUNT,DIRECT_REPORTED_CHAIN_COMPLETE,4.8422985305997
16855761,16855760.0,1,1,2,607,EXPLICIT_NO_RBW,808,KNOWN_ZERO_BELOW_CATI_CAWI_DETAIL_CAP,6,6,6,6.0,,,6.0,6,0,6,CORE_STRICT_COUNT,DIRECT_REPORTED_CHAIN_COMPLETE,2.30113170561075
16855762,16855760.0,2,1,2,607,EXPLICIT_NO_RBW,808,KNOWN_ZERO_BELOW_CATI_CAWI_DETAIL_CAP,6,6,6,6.0,,,6.0,6,0,6,CORE_STRICT_COUNT,DIRECT_REPORTED_CHAIN_COMPLETE,3.15988603562454
16855763,16855760.0,3,1,206,206,NOT_OBSERVED_PROXY,808,KNOWN_ZERO_BELOW_CATI_CAWI_DETAIL_CAP,7,7,7,7.0,,,7.0,7,0,7,CORE_STRICT_COUNT,DIRECT_REPORTED_CHAIN_COMPLETE,3.90265033173168
16855764,16855760.0,4,0,206,206,NOT_OBSERVED_PROXY,801,NOT_APPLICABLE_NOT_MOBILE,0,0,0,0.0,,,0.0,0,0,0,CORE_STRICT_COUNT,ZERO_TRIP_COMPLETE,8.88680291063266
17341661,17341660.0,1,5,404,404,NOT_APPLICABLE_NOT_EMPLOYED,803,UNAVAILABLE_NO_TRIP_PROTOCOL,803,803,803,,,,,0,0,0,EXCLUDED_COUNT_UNOBSERVED,TRIP_DAY_NO_ROWS,2.13072653882609
17341662,17341660.0,2,5,404,404,NOT_APPLICABLE_NOT_EMPLOYED,803,UNAVAILABLE_NO_TRIP_PROTOCOL,803,803,803,,,,,0,0,0,EXCLUDED_COUNT_UNOBSERVED,TRIP_DAY_NO_ROWS,4.19462940854661
17378911,17378910.0,1,1,404,404,NOT_APPLICABLE_NOT_EMPLOYED,808,KNOWN_ZERO_BELOW_CATI_CAWI_DETAIL_CAP,6,6,6,6.0,,,6.0,6,0,6,CORE_STRICT_COUNT,DIRECT_REPORTED_CHAIN_COMPLETE,5.60634208835736
17459821,17459820.0,1,1,404,404,NOT_APPLICABLE_NOT_EMPLOYED,808,KNOWN_ZERO_BELOW_CATI_CAWI_DETAIL_CAP,6,6,6,6.0,,,6.0,6,0,6,CORE_STRICT_COUNT,DIRECT_REPORTED_CHAIN_COMPLETE,7.76373983291823
17465781,17465780.0,1,1,2,607,EXPLICIT_NO_RBW,808,KNOWN_ZERO_BELOW_CATI_CAWI_DETAIL_CAP,4,4,4,4.0,,,4.0,4,0,4,CORE_STRICT_COUNT,DIRECT_REPORTED_CHAIN_COMPLETE,3.46366272494078
17465782,17465780.0,2,1,206,206,NOT_OBSERVED_PROXY,808,KNOWN_ZERO_BELOW_CATI_CAWI_DETAIL_CAP,3,3,3,3.0,,,3.0,3,0,3,CORE_STRICT_COUNT,DIRECT_REPORTED_CHAIN_COMPLETE,4.72415863043092
17703101,17703100.0,1,1,404,404,NOT_APPLICABLE_NOT_EMPLOYED,808,KNOWN_ZERO_BELOW_CATI_CAWI_DETAIL_CAP,7,7,7,7.0,,,7.0,7,0,7,CORE_STRICT_COUNT,DIRECT_REPORTED_CHAIN_COMPLETE,1.14002213079357
17703102,17703100.0,2,1,404,404,NOT_APPLICABLE_NOT_EMPLOYED,808,KNOWN_ZERO_BELOW_CATI_CAWI_DETAIL_CAP,3,3,3,3.0,,,3.0,3,0,3,CORE_STRICT_COUNT,DIRECT_REPORTED_CHAIN_COMPLETE,2.86760444408084
17813551,17813550.0,1,5,404,404,NOT_APPLICABLE_NOT_EMPLOYED,803,UNAVAILABLE_NO_TRIP_PROTOCOL,803,803,803,,,,,0,0,0,EXCLUDED_COUNT_UNOBSERVED,TRIP_DAY_NO_ROWS,5.18117996788613
18125801,18125800.0,1,1,2,607,EXPLICIT_NO_RBW,808,KNOWN_ZERO_BELOW_CATI_CAWI_DETAIL_CAP,2,2,2,2.0,,,2.0,2,0,2,CORE_STRICT_COUNT,DIRECT_REPORTED_CHAIN_COMPLETE,4.48680457916405
18635821,18635820.0,1,1,404,404,NOT_APPLICABLE_NOT_EMPLOYED,808,KNOWN_ZERO_BELOW_CATI_CAWI_DETAIL_CAP,4,4,4,4.0,,,4.0,4,0,4,CORE_STRICT_COUNT,DIRECT_REPORTED_CHAIN_COMPLETE,2.5251681371392
18635822,18635820.0,2,1,206,206,NOT_OBSERVED_PROXY,808,KNOWN_ZERO_BELOW_CATI_CAWI_DETAIL_CAP,2,2,2,2.0,,,2.0,2,0,2,CORE_STRICT_COUNT,DIRECT_REPORTED_CHAIN_COMPLETE,3.62371940361465
18672972,18672970.0,2,1,606,606,NOT_OBSERVED_PAPI,807,KNOWN_ZERO_BELOW_PAPI_DETAIL_CAP,2,2,2,2.0,,,2.0,2,0,2,CORE_STRICT_COUNT,DIRECT_REPORTED_CHAIN_COMPLETE,4.62277792041116
18955111,18955110.0,1,1,404,404,NOT_APPLICABLE_NOT_EMPLOYED,808,KNOWN_ZERO_BELOW_CATI_CAWI_DETAIL_CAP,2,2,2,2.0,,,2.0,2,0,2,CORE_STRICT_COUNT,DIRECT_REPORTED_CHAIN_COMPLETE,1.04423628828524
18955112,18955110.0,2,1,206,206,NOT_OBSERVED_PROXY,808,KNOWN_ZERO_BELOW_CATI_CAWI_DETAIL_CAP,4,4,4,4.0,,,4.0,4,0,4,CORE_STRICT_COUNT,DIRECT_REPORTED_CHAIN_COMPLETE,2.49707428811977
18957991,18957990.0,1,1,2,607,EXPLICIT_NO_RBW,808,KNOWN_ZERO_BELOW_CATI_CAWI_DETAIL_CAP,2,2,2,2.0,,,2.0,2,0,2,CORE_STRICT_COUNT,DIRECT_REPORTED_CHAIN_COMPLETE,2.48851679030319
18957992,18957990.0,2,1,206,206,NOT_OBSERVED_PROXY,808,KNOWN_ZERO_BELOW_CATI_CAWI_DETAIL_CAP,3,3,3,3.0,,,3.0,3,0,3,CORE_STRICT_COUNT,DIRECT_REPORTED_CHAIN_COMPLETE,1.8128884065893
18957993,18957990.0,3,1,403,403,NOT_APPLICABLE_UNDER_16,808,KNOWN_ZERO_BELOW_CATI_CAWI_DETAIL_CAP,3,3,3,3.0,,,3.0,3,0,3,CORE_STRICT_COUNT,DIRECT_REPORTED_CHAIN_COMPLETE,2.68512961558115
19487351,19487350.0,1,0,406,406,NOT_OBSERVED_SECONDARY_EMPLOYMENT,801,NOT_APPLICABLE_NOT_MOBILE,0,0,0,0.0,,,0.0,0,0,0,CORE_STRICT_COUNT,ZERO_TRIP_COMPLETE,8.9559167437867
19636441,19636440.0,1,1,404,404,NOT_APPLICABLE_NOT_EMPLOYED,808,KNOWN_ZERO_BELOW_CATI_CAWI_DETAIL_CAP,4,4,4,4.0,,,4.0,4,0,4,CORE_STRICT_COUNT,DIRECT_REPORTED_CHAIN_COMPLETE,4.70306903333447
19843951,19843950.0,1,5,206,206,NOT_OBSERVED_PROXY,803,UNAVAILABLE_NO_TRIP_PROTOCOL,803,803,803,,,,,0,0,0,EXCLUDED_COUNT_UNOBSERVED,TRIP_DAY_NO_ROWS,5.64229560631061
19988771,19988770.0,1,1,606,606,NOT_OBSERVED_PAPI,807,KNOWN_ZERO_BELOW_PAPI_DETAIL_CAP,2,2,2,2.0,,,2.0,2,0,2,CORE_STRICT_COUNT,DIRECT_REPORTED_CHAIN_COMPLETE,4.67824268956518
19988772,19988770.0,2,1,606,606,NOT_OBSERVED_PAPI,807,KNOWN_ZERO_BELOW_PAPI_DETAIL_CAP,2,2,2,2.0,,,2.0,2,0,2,CORE_STRICT_COUNT,DIRECT_REPORTED_CHAIN_COMPLETE,6.84861668295882
20073251,20073250.0,1,1,2,607,EXPLICIT_NO_RBW,808,KNOWN_ZERO_BELOW_CATI_CAWI_DETAIL_CAP,5,5,5,5.0,,,5.0,5,0,5,CORE_STRICT_COUNT,DIRECT_REPORTED_CHAIN_COMPLETE,3.56534893421745
20073252,20073250.0,2,1,206,206,NOT_OBSERVED_PROXY,808,KNOWN_ZERO_BELOW_CATI_CAWI_DETAIL_CAP,4,4,4,4.0,,,4.0,4,0,4,CORE_STRICT_COUNT,DIRECT_REPORTED_CHAIN_COMPLETE,5.47503445237809
20335871,20335870.0,1,4,602,602,NO_OUT_OF_HOME_ACTIVITY_OR_DOMESTIC_TRIPS,801,NOT_APPLICABLE_NOT_MOBILE,0,0,0,0.0,,,0.0,0,0,0,EXCLUDED_OUT_OF_SCOPE,OUT_OF_SCOPE_FAR_ABROAD,2.56091433155748
20335872,20335870.0,2,4,602,602,NO_OUT_OF_HOME_ACTIVITY_OR_DOMESTIC_TRIPS,801,NOT_APPLICABLE_NOT_MOBILE,0,0,0,0.0,,,0.0,0,0,0,EXCLUDED_OUT_OF_SCOPE,OUT_OF_SCOPE_FAR_ABROAD,2.41288226783459
20391421,20391420.0,1,1,606,606,NOT_OBSERVED_PAPI,807,KNOWN_ZERO_BELOW_PAPI_DETAIL_CAP,5,5,5,5.0,,,5.0,5,0,5,CORE_STRICT_COUNT,DIRECT_REPORTED_CHAIN_COMPLETE,2.67648094574817
20391422,20391420.0,2,1,606,606,NOT_OBSERVED_PAPI,807,KNOWN_ZERO_BELOW_PAPI_DETAIL_CAP,4,4,4,4.0,,,4.0,4,0,4,CORE_STRICT_COUNT,DIRECT_REPORTED_CHAIN_COMPLETE,2.24310639249801
20422021,20422020.0,1,1,2,607,EXPLICIT_NO_RBW,808,KNOWN_ZERO_BELOW_CATI_CAWI_DETAIL_CAP,4,4,4,4.0,,,4.0,4,0,4,CORE_STRICT_COUNT,DIRECT_REPORTED_CHAIN_COMPLETE,4.52303246440444
20704711,20704710.0,1,5,2,607,EXPLICIT_NO_RBW,803,UNAVAILABLE_NO_TRIP_PROTOCOL,803,803,803,,,,,0,0,0,EXCLUDED_COUNT_UNOBSERVED,TRIP_DAY_NO_ROWS,4.50406593140805
20704712,20704710.0,2,1,2,607,EXPLICIT_NO_RBW,808,KNOWN_ZERO_BELOW_CATI_CAWI_DETAIL_CAP,6,6,6,6.0,,,6.0,6,0,6,CORE_STRICT_COUNT,DIRECT_REPORTED_CHAIN_COMPLETE,4.48680457916405
20749801,20749800.0,1,1,2,607,EXPLICIT_NO_RBW,808,KNOWN_ZERO_BELOW_CATI_CAWI_DETAIL_CAP,4,4,4,4.0,,,4.0,4,0,4,CORE_STRICT_COUNT,DIRECT_REPORTED_CHAIN_COMPLETE,8.33201296590306
20749802,20749800.0,2,1,206,206,NOT_OBSERVED_PROXY,808,KNOWN_ZERO_BELOW_CATI_CAWI_DETAIL_CAP,1,1,1,1.0,,,1.0,1,0,1,CORE_STRICT_COUNT,DIRECT_REPORTED_CHAIN_COMPLETE,8.33201296590306
20923811,20923810.0,1,1,2,607,EXPLICIT_NO_RBW,808,KNOWN_ZERO_BELOW_CATI_CAWI_DETAIL_CAP,2,2,2,2.0,,,2.0,2,0,2,CORE_STRICT_COUNT,DIRECT_REPORTED_CHAIN_COMPLETE,4.39298123625631
20983911,20983910.0,1,0,602,602,NO_OUT_OF_HOME_ACTIVITY_OR_DOMESTIC_TRIPS,801,NOT_APPLICABLE_NOT_MOBILE,0,0,0,0.0,,,0.0,0,0,0,CORE_STRICT_COUNT,ZERO_TRIP_COMPLETE,2.67173791274332
20983912,20983910.0,2,1,2,607,EXPLICIT_NO_RBW,808,KNOWN_ZERO_BELOW_CATI_CAWI_DETAIL_CAP,2,2,2,2.0,,,2.0,2,0,2,CORE_STRICT_COUNT,DIRECT_REPORTED_CHAIN_COMPLETE,2.9568608992846
20983913,20983910.0,3,1,404,404,NOT_APPLICABLE_NOT_EMPLOYED,808,KNOWN_ZERO_BELOW_CATI_CAWI_DETAIL_CAP,4,4,4,4.0,,,4.0,4,0,4,CORE_STRICT_COUNT,DIRECT_REPORTED_CHAIN_COMPLETE,4.44397797362608
21097591,21097590.0,1,1,206,206,NOT_OBSERVED_PROXY,808,KNOWN_ZERO_BELOW_CATI_CAWI_DETAIL_CAP,5,5,5,5.0,,,5.0,5,0,5,CORE_STRICT_COUNT,DIRECT_REPORTED_CHAIN_COMPLETE,5.99819326488907
21097592,21097590.0,2,1,2,607,EXPLICIT_NO_RBW,808,KNOWN_ZERO_BELOW_CATI_CAWI_DETAIL_CAP,6,6,6,6.0,,,6.0,6,0,6,CORE_STRICT_COUNT,DIRECT_REPORTED_CHAIN_COMPLETE,4.21232185833852
21097593,21097590.0,3,1,403,403,NOT_APPLICABLE_UNDER_16,808,KNOWN_ZERO_BELOW_CATI_CAWI_DETAIL_CAP,3,3,3,3.0,,,3.0,3,0,3,CORE_STRICT_COUNT,DIRECT_REPORTED_CHAIN_COMPLETE,6.08590845880993
21302681,21302680.0,1,1,2,607,EXPLICIT_NO_RBW,808,KNOWN_ZERO_BELOW_CATI_CAWI_DETAIL_CAP,4,4,4,4.0,,,4.0,4,0,4,CORE_STRICT_COUNT,DIRECT_REPORTED_CHAIN_COMPLETE,7.86464015280706
21302682,21302680.0,2,0,602,602,NO_OUT_OF_HOME_ACTIVITY_OR_DOMESTIC_TRIPS,801,NOT_APPLICABLE_NOT_MOBILE,0,0,0,0.0,,,0.0,0,0,0,CORE_STRICT_COUNT,ZERO_TRIP_COMPLETE,3.26743691310159
21489481,21489480.0,1,1,404,404,NOT_APPLICABLE_NOT_EMPLOYED,808,KNOWN_ZERO_BELOW_CATI_CAWI_DETAIL_CAP,5,5,5,5.0,,,5.0,5,0,5,CORE_STRICT_COUNT,DIRECT_REPORTED_CHAIN_COMPLETE,4.52811877954232
21749481,21749480.0,1,5,2,607,EXPLICIT_NO_RBW,803,UNAVAILABLE_NO_TRIP_PROTOCOL,803,803,803,,,,,0,0,0,EXCLUDED_COUNT_UNOBSERVED,TRIP_DAY_NO_ROWS,7.35233477990958
21749482,21749480.0,2,2,1,10,KNOWN_EXACT,802,NOT_APPLICABLE_RBW_ONLY,0,0,10,0.0,,10.0,10.0,0,10,10,CORE_STRICT_COUNT,RBW_ONLY_AGGREGATED_UNTIMED,7.26575135564673
21749483,21749480.0,3,1,403,403,NOT_APPLICABLE_UNDER_16,808,KNOWN_ZERO_BELOW_CATI_CAWI_DETAIL_CAP,2,2,2,2.0,,,2.0,2,0,2,CORE_STRICT_COUNT,DIRECT_REPORTED_CHAIN_COMPLETE,7.48497690712669
21749484,21749480.0,4,1,403,403,NOT_APPLICABLE_UNDER_16,808,KNOWN_ZERO_BELOW_CATI_CAWI_DETAIL_CAP,2,2,2,2.0,,,2.0,2,0,2,CORE_STRICT_COUNT,DIRECT_REPORTED_CHAIN_COMPLETE,6.06020673950932
21855581,21855580.0,1,1,403,403,NOT_APPLICABLE_UNDER_16,808,KNOWN_ZERO_BELOW_CATI_CAWI_DETAIL_CAP,3,3,3,3.0,,,3.0,3,0,3,CORE_STRICT_COUNT,DIRECT_REPORTED_CHAIN_COMPLETE,2.99453001521114
21855582,21855580.0,2,1,403,403,NOT_APPLICABLE_UNDER_16,808,KNOWN_ZERO_BELOW_CATI_CAWI_DETAIL_CAP,3,3,3,3.0,,,3.0,3,0,3,CORE_STRICT_COUNT,DIRECT_REPORTED_CHAIN_COMPLETE,3.74684387182798
21855583,21855580.0,3,1,2,607,EXPLICIT_NO_RBW,808,KNOWN_ZERO_BELOW_CATI_CAWI_DETAIL_CAP,5,5,5,5.0,,,5.0,5,0,5,CORE_STRICT_COUNT,DIRECT_REPORTED_CHAIN_COMPLETE,2.11397828907604
21855584,21855580.0,4,1,2,607,EXPLICIT_NO_RBW,808,KNOWN_ZERO_BELOW_CATI_CAWI_DETAIL_CAP,2,2,2,2.0,,,2.0,2,0,2,CORE_STRICT_COUNT,DIRECT_REPORTED_CHAIN_COMPLETE,4.39273989317631
21906261,21906260.0,1,1,2,607,EXPLICIT_NO_RBW,808,KNOWN_ZERO_BELOW_CATI_CAWI_DETAIL_CAP,2,2,2,2.0,,,2.0,2,0,2,CORE_STRICT_COUNT,DIRECT_REPORTED_CHAIN_COMPLETE,4.5586708866126
22207161,22207160.0,1,5,2,607,EXPLICIT_NO_RBW,803,UNAVAILABLE_NO_TRIP_PROTOCOL,803,803,803,,,,,0,0,0,EXCLUDED_COUNT_UNOBSERVED,TRIP_DAY_NO_ROWS,8.33201296590306
22268171,22268170.0,1,0,404,404,NOT_APPLICABLE_NOT_EMPLOYED,801,NOT_APPLICABLE_NOT_MOBILE,0,0,0,0.0,,,0.0,0,0,0,CORE_STRICT_COUNT,ZERO_TRIP_COMPLETE,3.9318014168437
22274631,22274630.0,1,1,404,404,NOT_APPLICABLE_NOT_EMPLOYED,808,KNOWN_ZERO_BELOW_CATI_CAWI_DETAIL_CAP,2,2,2,2.0,,,2.0,2,0,2,CORE_STRICT_COUNT,DIRECT_REPORTED_CHAIN_COMPLETE,0.744899566926953
22274632,22274630.0,2,1,206,206,NOT_OBSERVED_PROXY,808,KNOWN_ZERO_BELOW_CATI_CAWI_DETAIL_CAP,4,4,4,4.0,,,4.0,4,0,4,CORE_STRICT_COUNT,DIRECT_REPORTED_CHAIN_COMPLETE,1.33071994254973
22274633,22274630.0,3,1,404,404,NOT_APPLICABLE_NOT_EMPLOYED,808,KNOWN_ZERO_BELOW_CATI_CAWI_DETAIL_CAP,2,2,2,2.0,,,2.0,2,0,2,CORE_STRICT_COUNT,DIRECT_REPORTED_CHAIN_COMPLETE,1.32398588957846
22274634,22274630.0,4,0,404,404,NOT_APPLICABLE_NOT_EMPLOYED,801,NOT_APPLICABLE_NOT_MOBILE,0,0,0,0.0,,,0.0,0,0,0,CORE_STRICT_COUNT,ZERO_TRIP_COMPLETE,2.17514883980082
22339471,22339470.0,1,5,406,406,NOT_OBSERVED_SECONDARY_EMPLOYMENT,803,UNAVAILABLE_NO_TRIP_PROTOCOL,803,803,803,,,,,0,0,0,EXCLUDED_COUNT_UNOBSERVED,TRIP_DAY_NO_ROWS,2.24310639249801
22346911,22346910.0,1,1,406,406,NOT_OBSERVED_SECONDARY_EMPLOYMENT,808,KNOWN_ZERO_BELOW_CATI_CAWI_DETAIL_CAP,4,4,4,4.0,,,4.0,4,0,4,CORE_STRICT_COUNT,DIRECT_REPORTED_CHAIN_COMPLETE,4.37100000464347
22432681,22432680.0,1,0,606,606,NOT_OBSERVED_PAPI,801,NOT_APPLICABLE_NOT_MOBILE,0,0,0,0.0,,,0.0,0,0,0,CORE_STRICT_COUNT,ZERO_TRIP_COMPLETE,1.13263921853644
22432682,22432680.0,2,0,606,606,NOT_OBSERVED_PAPI,801,NOT_APPLICABLE_NOT_MOBILE,0,0,0,0.0,,,0.0,0,0,0,CORE_STRICT_COUNT,ZERO_TRIP_COMPLETE,0.938832066366622
22434271,22434270.0,1,5,404,404,NOT_APPLICABLE_NOT_EMPLOYED,803,UNAVAILABLE_NO_TRIP_PROTOCOL,803,803,803,,,,,0,0,0,EXCLUDED_COUNT_UNOBSERVED,TRIP_DAY_NO_ROWS,3.70287876394685
22525951,22525950.0,1,1,2,607,EXPLICIT_NO_RBW,808,KNOWN_ZERO_BELOW_CATI_CAWI_DETAIL_CAP,6,6,6,6.0,,,6.0,6,0,6,CORE_STRICT_COUNT,DIRECT_REPORTED_CHAIN_COMPLETE,1.85654023001761
22525952,22525950.0,2,1,2,607,EXPLICIT_NO_RBW,808,KNOWN_ZERO_BELOW_CATI_CAWI_DETAIL_CAP,2,2,2,2.0,,,2.0,2,0,2,CORE_STRICT_COUNT,DIRECT_REPORTED_CHAIN_COMPLETE,1.69724976248051
22623381,22623380.0,1,1,606,606,NOT_OBSERVED_PAPI,807,KNOWN_ZERO_BELOW_PAPI_DETAIL_CAP,4,4,4,4.0,,,4.0,4,0,4,CORE_STRICT_COUNT,DIRECT_REPORTED_CHAIN_COMPLETE,3.52756901235331
22656241,22656240.0,1,5,404,404,NOT_APPLICABLE_NOT_EMPLOYED,803,UNAVAILABLE_NO_TRIP_PROTOCOL,803,803,803,,,,,0,0,0,EXCLUDED_COUNT_UNOBSERVED,TRIP_DAY_NO_ROWS,2.24310639249801
22781921,22781920.0,1,1,2,607,EXPLICIT_NO_RBW,808,KNOWN_ZERO_BELOW_CATI_CAWI_DETAIL_CAP,3,3,3,3.0,,,3.0,3,0,3,CORE_STRICT_COUNT,DIRECT_REPORTED_CHAIN_COMPLETE,5.03107014569592
22781922,22781920.0,2,1,206,206,NOT_OBSERVED_PROXY,808,KNOWN_ZERO_BELOW_CATI_CAWI_DETAIL_CAP,6,6,6,6.0,,,6.0,6,0,6,CORE_STRICT_COUNT,DIRECT_REPORTED_CHAIN_COMPLETE,7.63020983993438
22781923,22781920.0,3,1,403,403,NOT_APPLICABLE_UNDER_16,808,KNOWN_ZERO_BELOW_CATI_CAWI_DETAIL_CAP,4,4,4,4.0,,,4.0,4,0,4,CORE_STRICT_COUNT,DIRECT_REPORTED_CHAIN_COMPLETE,6.52233566055293
22786681,22786680.0,1,1,404,404,NOT_APPLICABLE_NOT_EMPLOYED,808,KNOWN_ZERO_BELOW_CATI_CAWI_DETAIL_CAP,3,3,3,3.0,,,3.0,3,0,3,CORE_STRICT_COUNT,DIRECT_REPORTED_CHAIN_COMPLETE,1.64831210680945
22786682,22786680.0,2,0,206,206,NOT_OBSERVED_PROXY,801,NOT_APPLICABLE_NOT_MOBILE,0,0,0,0.0,,,0.0,0,0,0,CORE_STRICT_COUNT,ZERO_TRIP_COMPLETE,5.51550573143894
22790801,22790800.0,1,1,2,607,EXPLICIT_NO_RBW,808,KNOWN_ZERO_BELOW_CATI_CAWI_DETAIL_CAP,10,10,10,10.0,,,10.0,10,0,10,CORE_STRICT_COUNT,DIRECT_REPORTED_CHAIN_COMPLETE,3.60891540897997
22950141,22950140.0,1,1,2,607,EXPLICIT_NO_RBW,808,KNOWN_ZERO_BELOW_CATI_CAWI_DETAIL_CAP,4,4,4,4.0,,,4.0,4,0,4,CORE_STRICT_COUNT,DIRECT_REPORTED_CHAIN_COMPLETE,4.5586708866126
22950142,22950140.0,2,1,403,403,NOT_APPLICABLE_UNDER_16,808,KNOWN_ZERO_BELOW_CATI_CAWI_DETAIL_CAP,2,2,2,2.0,,,2.0,2,0,2,CORE_STRICT_COUNT,DIRECT_REPORTED_CHAIN_COMPLETE,7.95247346124749
23256871,23256870.0,1,1,404,404,NOT_APPLICABLE_NOT_EMPLOYED,808,KNOWN_ZERO_BELOW_CATI_CAWI_DETAIL_CAP,8,8,8,8.0,,,8.0,8,0,8,CORE_STRICT_COUNT,DIRECT_REPORTED_CHAIN_COMPLETE,18.9122192690393
23256872,23256870.0,2,1,206,206,NOT_OBSERVED_PROXY,808,KNOWN_ZERO_BELOW_CATI_CAWI_DETAIL_CAP,5,5,5,5.0,,,5.0,5,0,5,CORE_STRICT_COUNT,DIRECT_REPORTED_CHAIN_COMPLETE,4.50406593140805
23256873,23256870.0,3,1,403,403,NOT_APPLICABLE_UNDER_16,808,KNOWN_ZERO_BELOW_CATI_CAWI_DETAIL_CAP,4,4,4,4.0,,,4.0,4,0,4,CORE_STRICT_COUNT,DIRECT_REPORTED_CHAIN_COMPLETE,6.3557279912113
23256874,23256870.0,4,1,403,403,NOT_APPLICABLE_UNDER_16,808,KNOWN_ZERO_BELOW_CATI_CAWI_DETAIL_CAP,2,2,2,2.0,,,2.0,2,0,2,CORE_STRICT_COUNT,DIRECT_REPORTED_CHAIN_COMPLETE,8.3402443982119
23283941,23283940.0,1,1,2,607,EXPLICIT_NO_RBW,808,KNOWN_ZERO_BELOW_CATI_CAWI_DETAIL_CAP,4,4,4,4.0,,,4.0,4,0,4,CORE_STRICT_COUNT,DIRECT_REPORTED_CHAIN_COMPLETE,3.60891540897997
23541181,23541180.0,1,5,404,404,NOT_APPLICABLE_NOT_EMPLOYED,803,UNAVAILABLE_NO_TRIP_PROTOCOL,803,803,803,,,,,0,0,0,EXCLUDED_COUNT_UNOBSERVED,TRIP_DAY_NO_ROWS,1.72945893553079
23545521,23545520.0,1,0,404,404,NOT_APPLICABLE_NOT_EMPLOYED,801,NOT_APPLICABLE_NOT_MOBILE,0,0,0,0.0,,,0.0,0,0,0,CORE_STRICT_COUNT,ZERO_TRIP_COMPLETE,2.99149807595727
23545522,23545520.0,2,0,206,206,NOT_OBSERVED_PROXY,801,NOT_APPLICABLE_NOT_MOBILE,0,0,0,0.0,,,0.0,0,0,0,CORE_STRICT_COUNT,ZERO_TRIP_COMPLETE,2.53107135743105
23740631,23740630.0,1,1,2,607,EXPLICIT_NO_RBW,808,KNOWN_ZERO_BELOW_CATI_CAWI_DETAIL_CAP,4,4,4,4.0,,,4.0,4,0,4,CORE_STRICT_COUNT,DIRECT_REPORTED_CHAIN_COMPLETE,1.76481248498914
23740632,23740630.0,2,1,206,206,NOT_OBSERVED_PROXY,808,KNOWN_ZERO_BELOW_CATI_CAWI_DETAIL_CAP,4,4,4,4.0,,,4.0,4,0,4,CORE_STRICT_COUNT,DIRECT_REPORTED_CHAIN_COMPLETE,2.98513147853481
23860261,23860260.0,1,1,2,607,EXPLICIT_NO_RBW,808,KNOWN_ZERO_BELOW_CATI_CAWI_DETAIL_CAP,4,4,4,4.0,,,4.0,4,0,4,CORE_STRICT_COUNT,DIRECT_REPORTED_CHAIN_COMPLETE,4.78448400265529
23860262,23860260.0,2,1,2,607,EXPLICIT_NO_RBW,808,KNOWN_ZERO_BELOW_CATI_CAWI_DETAIL_CAP,2,2,2,2.0,,,2.0,2,0,2,CORE_STRICT_COUNT,DIRECT_REPORTED_CHAIN_COMPLETE,6.56595255913673
23944791,23944790.0,1,1,404,404,NOT_APPLICABLE_NOT_EMPLOYED,808,KNOWN_ZERO_BELOW_CATI_CAWI_DETAIL_CAP,6,6,6,6.0,,,6.0,6,0,6,CORE_STRICT_COUNT,DIRECT_REPORTED_CHAIN_COMPLETE,1.49667651557388
23972401,23972400.0,1,5,404,404,NOT_APPLICABLE_NOT_EMPLOYED,803,UNAVAILABLE_NO_TRIP_PROTOCOL,803,803,803,,,,,0,0,0,EXCLUDED_COUNT_UNOBSERVED,TRIP_DAY_NO_ROWS,3.9318014168437
24113631,24113630.0,1,5,2,607,EXPLICIT_NO_RBW,803,UNAVAILABLE_NO_TRIP_PROTOCOL,803,803,803,,,,,0,0,0,EXCLUDED_COUNT_UNOBSERVED,TRIP_DAY_NO_ROWS,2.56280071875793
24186811,24186810.0,1,0,602,602,NO_OUT_OF_HOME_ACTIVITY_OR_DOMESTIC_TRIPS,801,NOT_APPLICABLE_NOT_MOBILE,0,0,0,0.0,,,0.0,0,0,0,CORE_STRICT_COUNT,ZERO_TRIP_COMPLETE,3.87537786509479
24186812,24186810.0,2,1,2,607,EXPLICIT_NO_RBW,808,KNOWN_ZERO_BELOW_CATI_CAWI_DETAIL_CAP,4,4,4,4.0,,,4.0,4,0,4,CORE_STRICT_COUNT,DIRECT_REPORTED_CHAIN_COMPLETE,6.32584293181676
24376661,24376660.0,1,1,2,607,EXPLICIT_NO_RBW,807,KNOWN_ZERO_BELOW_PAPI_DETAIL_CAP,6,6,6,6.0,,,6.0,6,0,6,CORE_STRICT_COUNT,DIRECT_REPORTED_CHAIN_COMPLETE,3.19843767364534
24386701,24386700.0,1,1,606,606,NOT_OBSERVED_PAPI,807,KNOWN_ZERO_BELOW_PAPI_DETAIL_CAP,4,4,4,4.0,,,4.0,4,0,4,CORE_STRICT_COUNT,DIRECT_REPORTED_CHAIN_COMPLETE,3.60480162201589
24386702,24386700.0,2,1,606,606,NOT_OBSERVED_PAPI,807,KNOWN_ZERO_BELOW_PAPI_DETAIL_CAP,4,4,4,4.0,,,4.0,4,0,4,CORE_STRICT_COUNT,DIRECT_REPORTED_CHAIN_COMPLETE,5.98110761582526
24445911,24445910.0,1,0,602,602,NO_OUT_OF_HOME_ACTIVITY_OR_DOMESTIC_TRIPS,801,NOT_APPLICABLE_NOT_MOBILE,0,0,0,0.0,,,0.0,0,0,0,CORE_STRICT_COUNT,ZERO_TRIP_COMPLETE,4.37100000464347
24539561,24539560.0,1,1,2,607,EXPLICIT_NO_RBW,808,KNOWN_ZERO_BELOW_CATI_CAWI_DETAIL_CAP,3,3,3,3.0,,,3.0,3,0,3,CORE_STRICT_COUNT,DIRECT_REPORTED_CHAIN_COMPLETE,1.50229468829007
24539562,24539560.0,2,1,206,206,NOT_OBSERVED_PROXY,808,KNOWN_ZERO_BELOW_CATI_CAWI_DETAIL_CAP,6,6,6,6.0,,,6.0,6,0,6,CORE_STRICT_COUNT,DIRECT_REPORTED_CHAIN_COMPLETE,2.6231869841171
24666131,24666130.0,1,1,2,607,EXPLICIT_NO_RBW,808,KNOWN_ZERO_BELOW_CATI_CAWI_DETAIL_CAP,2,2,2,2.0,,,2.0,2,0,2,CORE_STRICT_COUNT,DIRECT_REPORTED_CHAIN_COMPLETE,3.37082696099806
24666132,24666130.0,2,1,2,607,EXPLICIT_NO_RBW,808,KNOWN_ZERO_BELOW_CATI_CAWI_DETAIL_CAP,2,2,2,2.0,,,2.0,2,0,2,CORE_STRICT_COUNT,DIRECT_REPORTED_CHAIN_COMPLETE,2.8371461711137
24732931,24732930.0,1,1,2,607,EXPLICIT_NO_RBW,808,KNOWN_ZERO_BELOW_CATI_CAWI_DETAIL_CAP,3,3,3,3.0,,,3.0,3,0,3,CORE_STRICT_COUNT,DIRECT_REPORTED_CHAIN_COMPLETE,4.45946411580644
24732932,24732930.0,2,1,2,607,EXPLICIT_NO_RBW,808,KNOWN_ZERO_BELOW_CATI_CAWI_DETAIL_CAP,2,2,2,2.0,,,2.0,2,0,2,CORE_STRICT_COUNT,DIRECT_REPORTED_CHAIN_COMPLETE,6.11991383131546
24793041,24793040.0,1,0,602,602,NO_OUT_OF_HOME_ACTIVITY_OR_DOMESTIC_TRIPS,801,NOT_APPLICABLE_NOT_MOBILE,0,0,0,0.0,,,0.0,0,0,0,CORE_STRICT_COUNT,ZERO_TRIP_COMPLETE,6.07137843081232
24816421,24816420.0,1,1,2,607,EXPLICIT_NO_RBW,808,KNOWN_ZERO_BELOW_CATI_CAWI_DETAIL_CAP,1,1,1,1.0,,,1.0,1,0,1,CORE_STRICT_COUNT,DIRECT_REPORTED_CHAIN_COMPLETE,2.36874300249036
24816422,24816420.0,2,1,2,607,EXPLICIT_NO_RBW,808,KNOWN_ZERO_BELOW_CATI_CAWI_DETAIL_CAP,1,1,1,1.0,,,1.0,1,0,1,CORE_STRICT_COUNT,DIRECT_REPORTED_CHAIN_COMPLETE,2.11899745028876
24990021,24990020.0,1,1,2,607,EXPLICIT_NO_RBW,808,KNOWN_ZERO_BELOW_CATI_CAWI_DETAIL_CAP,4,4,4,4.0,,,4.0,4,0,4,CORE_STRICT_COUNT,DIRECT_REPORTED_CHAIN_COMPLETE,1.22817585833202
24990022,24990020.0,2,1,206,206,NOT_OBSERVED_PROXY,808,KNOWN_ZERO_BELOW_CATI_CAWI_DETAIL_CAP,4,4,4,4.0,,,4.0,4,0,4,CORE_STRICT_COUNT,DIRECT_REPORTED_CHAIN_COMPLETE,1.1571819150036
25060091,25060090.0,1,5,404,404,NOT_APPLICABLE_NOT_EMPLOYED,803,UNAVAILABLE_NO_TRIP_PROTOCOL,803,803,803,,,,,0,0,0,EXCLUDED_COUNT_UNOBSERVED,TRIP_DAY_NO_ROWS,5.39900840381983
25060092,25060090.0,2,1,206,206,NOT_OBSERVED_PROXY,808,KNOWN_ZERO_BELOW_CATI_CAWI_DETAIL_CAP,2,2,2,2.0,,,2.0,2,0,2,CORE_STRICT_COUNT,DIRECT_REPORTED_CHAIN_COMPLETE,4.82438544537758
25114951,25114950.0,1,1,2,607,EXPLICIT_NO_RBW,808,KNOWN_ZERO_BELOW_CATI_CAWI_DETAIL_CAP,3,3,3,3.0,,,3.0,3,0,3,CORE_STRICT_COUNT,DIRECT_REPORTED_CHAIN_COMPLETE,3.7928348131334
25114952,25114950.0,2,1,206,206,NOT_OBSERVED_PROXY,808,KNOWN_ZERO_BELOW_CATI_CAWI_DETAIL_CAP,2,2,2,2.0,,,2.0,2,0,2,CORE_STRICT_COUNT,DIRECT_REPORTED_CHAIN_COMPLETE,5.53555401996779
25180011,25180010.0,1,1,2,607,EXPLICIT_NO_RBW,808,KNOWN_ZERO_BELOW_CATI_CAWI_DETAIL_CAP,1,1,1,1.0,,,1.0,1,0,1,CORE_STRICT_COUNT,DIRECT_REPORTED_CHAIN_COMPLETE,2.03402870628233
25180012,25180010.0,2,1,2,607,EXPLICIT_NO_RBW,808,KNOWN_ZERO_BELOW_CATI_CAWI_DETAIL_CAP,3,3,3,3.0,,,3.0,3,0,3,CORE_STRICT_COUNT,DIRECT_REPORTED_CHAIN_COMPLETE,3.21100461836086
25284751,25284750.0,1,1,2,607,EXPLICIT_NO_RBW,808,KNOWN_ZERO_BELOW_CATI_CAWI_DETAIL_CAP,2,2,2,2.0,,,2.0,2,0,2,CORE_STRICT_COUNT,DIRECT_REPORTED_CHAIN_COMPLETE,6.23852831760479
25284752,25284750.0,2,1,2,607,EXPLICIT_NO_RBW,808,KNOWN_ZERO_BELOW_CATI_CAWI_DETAIL_CAP,2,2,2,2.0,,,2.0,2,0,2,CORE_STRICT_COUNT,DIRECT_REPORTED_CHAIN_COMPLETE,8.21264366611814
25284753,25284750.0,3,5,206,206,NOT_OBSERVED_PROXY,803,UNAVAILABLE_NO_TRIP_PROTOCOL,803,803,803,,,,,0,0,0,EXCLUDED_COUNT_UNOBSERVED,TRIP_DAY_NO_ROWS,5.14214497662378
25691341,25691340.0,1,1,404,404,NOT_APPLICABLE_NOT_EMPLOYED,808,KNOWN_ZERO_BELOW_CATI_CAWI_DETAIL_CAP,6,6,6,6.0,,,6.0,6,0,6,CORE_STRICT_COUNT,DIRECT_REPORTED_CHAIN_COMPLETE,4.37574968228137
25979091,25979090.0,1,1,2,607,EXPLICIT_NO_RBW,808,KNOWN_ZERO_BELOW_CATI_CAWI_DETAIL_CAP,6,6,6,6.0,,,6.0,6,0,6,CORE_STRICT_COUNT,DIRECT_REPORTED_CHAIN_COMPLETE,5.99998701653939
26014961,26014960.0,1,1,404,404,NOT_APPLICABLE_NOT_EMPLOYED,808,KNOWN_ZERO_BELOW_CATI_CAWI_DETAIL_CAP,4,4,4,4.0,,,4.0,4,0,4,CORE_STRICT_COUNT,DIRECT_REPORTED_CHAIN_COMPLETE,5.58041423536824
26221141,26221140.0,1,0,404,404,NOT_APPLICABLE_NOT_EMPLOYED,801,NOT_APPLICABLE_NOT_MOBILE,0,0,0,0.0,,,0.0,0,0,0,CORE_STRICT_COUNT,ZERO_TRIP_COMPLETE,2.35840565662411
26248571,26248570.0,1,1,2,607,EXPLICIT_NO_RBW,808,KNOWN_ZERO_BELOW_CATI_CAWI_DETAIL_CAP,2,2,2,2.0,,,2.0,2,0,2,CORE_STRICT_COUNT,DIRECT_REPORTED_CHAIN_COMPLETE,1.96451025772149
26248572,26248570.0,2,0,404,404,NOT_APPLICABLE_NOT_EMPLOYED,801,NOT_APPLICABLE_NOT_MOBILE,0,0,0,0.0,,,0.0,0,0,0,CORE_STRICT_COUNT,ZERO_TRIP_COMPLETE,3.98576042187723
26270251,26270250.0,1,5,404,404,NOT_APPLICABLE_NOT_EMPLOYED,803,UNAVAILABLE_NO_TRIP_PROTOCOL,803,803,803,,,,,0,0,0,EXCLUDED_COUNT_UNOBSERVED,TRIP_DAY_NO_ROWS,3.19843767364534
26275911,26275910.0,1,1,404,404,NOT_APPLICABLE_NOT_EMPLOYED,808,KNOWN_ZERO_BELOW_CATI_CAWI_DETAIL_CAP,4,4,4,4.0,,,4.0,4,0,4,CORE_STRICT_COUNT,DIRECT_REPORTED_CHAIN_COMPLETE,2.26320839199694
26275912,26275910.0,2,1,206,206,NOT_OBSERVED_PROXY,808,KNOWN_ZERO_BELOW_CATI_CAWI_DETAIL_CAP,4,4,4,4.0,,,4.0,4,0,4,CORE_STRICT_COUNT,DIRECT_REPORTED_CHAIN_COMPLETE,0.899743219048207
26453701,26453700.0,1,1,406,406,NOT_OBSERVED_SECONDARY_EMPLOYMENT,808,KNOWN_ZERO_BELOW_CATI_CAWI_DETAIL_CAP,5,5,5,5.0,,,5.0,5,0,5,CORE_STRICT_COUNT,DIRECT_REPORTED_CHAIN_COMPLETE,5.6962029964437
26522541,26522540.0,1,1,404,404,NOT_APPLICABLE_NOT_EMPLOYED,808,KNOWN_ZERO_BELOW_CATI_CAWI_DETAIL_CAP,4,4,4,4.0,,,4.0,4,0,4,CORE_STRICT_COUNT,DIRECT_REPORTED_CHAIN_COMPLETE,1.2782810013647
26522542,26522540.0,2,1,404,404,NOT_APPLICABLE_NOT_EMPLOYED,808,KNOWN_ZERO_BELOW_CATI_CAWI_DETAIL_CAP,1,1,1,1.0,,,1.0,1,0,1,CORE_STRICT_COUNT,DIRECT_REPORTED_CHAIN_COMPLETE,2.24617470300638
26582261,26582260.0,1,1,2,607,EXPLICIT_NO_RBW,808,KNOWN_ZERO_BELOW_CATI_CAWI_DETAIL_CAP,2,2,2,2.0,,,2.0,2,0,2,CORE_STRICT_COUNT,DIRECT_REPORTED_CHAIN_COMPLETE,5.69465761406414
26582262,26582260.0,2,1,404,404,NOT_APPLICABLE_NOT_EMPLOYED,808,KNOWN_ZERO_BELOW_CATI_CAWI_DETAIL_CAP,2,2,2,2.0,,,2.0,2,0,2,CORE_STRICT_COUNT,DIRECT_REPORTED_CHAIN_COMPLETE,5.55686611415131
26597331,26597330.0,1,2,1,7,KNOWN_EXACT,802,NOT_APPLICABLE_RBW_ONLY,0,0,7,0.0,,7.0,7.0,0,7,7,CORE_STRICT_COUNT,RBW_ONLY_AGGREGATED_UNTIMED,2.4409476124677
26597334,26597330.0,4,1,206,206,NOT_OBSERVED_PROXY,808,KNOWN_ZERO_BELOW_CATI_CAWI_DETAIL_CAP,4,4,4,4.0,,,4.0,4,0,4,CORE_STRICT_COUNT,DIRECT_REPORTED_CHAIN_COMPLETE,2.36953542498227
26597335,26597330.0,5,1,403,403,NOT_APPLICABLE_UNDER_16,808,KNOWN_ZERO_BELOW_CATI_CAWI_DETAIL_CAP,4,4,4,4.0,,,4.0,4,0,4,CORE_STRICT_COUNT,DIRECT_REPORTED_CHAIN_COMPLETE,2.58567210610221
26756371,26756370.0,1,1,404,404,NOT_APPLICABLE_NOT_EMPLOYED,808,KNOWN_ZERO_BELOW_CATI_CAWI_DETAIL_CAP,4,4,4,4.0,,,4.0,4,0,4,CORE_STRICT_COUNT,DIRECT_REPORTED_CHAIN_COMPLETE,1.64516521069755
26756372,26756370.0,2,1,404,404,NOT_APPLICABLE_NOT_EMPLOYED,808,KNOWN_ZERO_BELOW_CATI_CAWI_DETAIL_CAP,2,2,2,2.0,,,2.0,2,0,2,CORE_STRICT_COUNT,DIRECT_REPORTED_CHAIN_COMPLETE,1.98478375991063
26845811,26845810.0,1,1,2,607,EXPLICIT_NO_RBW,808,KNOWN_ZERO_BELOW_CATI_CAWI_DETAIL_CAP,3,3,3,3.0,,,3.0,3,0,3,CORE_STRICT_COUNT,DIRECT_REPORTED_CHAIN_COMPLETE,1.08333473697965
26845812,26845810.0,2,1,206,206,NOT_OBSERVED_PROXY,808,KNOWN_ZERO_BELOW_CATI_CAWI_DETAIL_CAP,3,3,3,3.0,,,3.0,3,0,3,CORE_STRICT_COUNT,DIRECT_REPORTED_CHAIN_COMPLETE,1.04964443245307
26845813,26845810.0,3,1,206,206,NOT_OBSERVED_PROXY,808,KNOWN_ZERO_BELOW_CATI_CAWI_DETAIL_CAP,4,4,4,4.0,,,4.0,4,0,4,CORE_STRICT_COUNT,DIRECT_REPORTED_CHAIN_COMPLETE,0.792654357383627
26845814,26845810.0,4,1,404,404,NOT_APPLICABLE_NOT_EMPLOYED,808,KNOWN_ZERO_BELOW_CATI_CAWI_DETAIL_CAP,3,3,3,3.0,,,3.0,3,0,3,CORE_STRICT_COUNT,DIRECT_REPORTED_CHAIN_COMPLETE,1.18377698465338
27382331,27382330.0,1,2,1,4,KNOWN_EXACT,802,NOT_APPLICABLE_RBW_ONLY,0,0,4,0.0,,4.0,4.0,0,4,4,CORE_STRICT_COUNT,RBW_ONLY_AGGREGATED_UNTIMED,3.70259906254976
27496821,27496820.0,1,1,404,404,NOT_APPLICABLE_NOT_EMPLOYED,808,KNOWN_ZERO_BELOW_CATI_CAWI_DETAIL_CAP,6,6,6,6.0,,,6.0,6,0,6,CORE_STRICT_COUNT,DIRECT_REPORTED_CHAIN_COMPLETE,32.2944467437616
27496822,27496820.0,2,1,206,206,NOT_OBSERVED_PROXY,808,KNOWN_ZERO_BELOW_CATI_CAWI_DETAIL_CAP,4,4,4,4.0,,,4.0,4,0,4,CORE_STRICT_COUNT,DIRECT_REPORTED_CHAIN_COMPLETE,5.82445182866943
27496823,27496820.0,3,1,403,403,NOT_APPLICABLE_UNDER_16,808,KNOWN_ZERO_BELOW_CATI_CAWI_DETAIL_CAP,4,4,4,4.0,,,4.0,4,0,4,CORE_STRICT_COUNT,DIRECT_REPORTED_CHAIN_COMPLETE,6.3557279912113
27951791,27951790.0,1,1,2,607,EXPLICIT_NO_RBW,808,KNOWN_ZERO_BELOW_CATI_CAWI_DETAIL_CAP,1,1,1,1.0,,,1.0,1,0,1,CORE_STRICT_COUNT,DIRECT_REPORTED_CHAIN_COMPLETE,3.27366356221615
27951792,27951790.0,2,1,206,206,NOT_OBSERVED_PROXY,808,KNOWN_ZERO_BELOW_CATI_CAWI_DETAIL_CAP,4,4,4,4.0,,,4.0,4,0,4,CORE_STRICT_COUNT,DIRECT_REPORTED_CHAIN_COMPLETE,4.49369454334218
27951793,27951790.0,3,1,403,403,NOT_APPLICABLE_UNDER_16,808,KNOWN_ZERO_BELOW_CATI_CAWI_DETAIL_CAP,2,2,2,2.0,,,2.0,2,0,2,CORE_STRICT_COUNT,DIRECT_REPORTED_CHAIN_COMPLETE,6.24643197378141
27951794,27951790.0,4,1,403,403,NOT_APPLICABLE_UNDER_16,808,KNOWN_ZERO_BELOW_CATI_CAWI_DETAIL_CAP,2,2,2,2.0,,,2.0,2,0,2,CORE_STRICT_COUNT,DIRECT_REPORTED_CHAIN_COMPLETE,6.24643197378141
28020051,28020050.0,1,1,2,607,EXPLICIT_NO_RBW,808,KNOWN_ZERO_BELOW_CATI_CAWI_DETAIL_CAP,2,2,2,2.0,,,2.0,2,0,2,CORE_STRICT_COUNT,DIRECT_REPORTED_CHAIN_COMPLETE,1.26296674895778
28020052,28020050.0,2,0,206,206,NOT_OBSERVED_PROXY,801,NOT_APPLICABLE_NOT_MOBILE,0,0,0,0.0,,,0.0,0,0,0,CORE_STRICT_COUNT,ZERO_TRIP_COMPLETE,2.68265044032972
28020053,28020050.0,3,1,206,206,NOT_OBSERVED_PROXY,808,KNOWN_ZERO_BELOW_CATI_CAWI_DETAIL_CAP,2,2,2,2.0,,,2.0,2,0,2,CORE_STRICT_COUNT,DIRECT_REPORTED_CHAIN_COMPLETE,1.98673657780546
28020054,28020050.0,4,0,206,206,NOT_OBSERVED_PROXY,801,NOT_APPLICABLE_NOT_MOBILE,0,0,0,0.0,,,0.0,0,0,0,CORE_STRICT_COUNT,ZERO_TRIP_COMPLETE,2.67764844510578
28020055,28020050.0,5,1,403,403,NOT_APPLICABLE_UNDER_16,808,KNOWN_ZERO_BELOW_CATI_CAWI_DETAIL_CAP,2,2,2,2.0,,,2.0,2,0,2,CORE_STRICT_COUNT,DIRECT_REPORTED_CHAIN_COMPLETE,2.67764844510578
28245991,28245990.0,1,1,404,404,NOT_APPLICABLE_NOT_EMPLOYED,808,KNOWN_ZERO_BELOW_CATI_CAWI_DETAIL_CAP,4,4,4,4.0,,,4.0,4,0,4,CORE_STRICT_COUNT,DIRECT_REPORTED_CHAIN_COMPLETE,1.98471080920796
28245992,28245990.0,2,1,404,404,NOT_APPLICABLE_NOT_EMPLOYED,808,KNOWN_ZERO_BELOW_CATI_CAWI_DETAIL_CAP,6,6,6,6.0,,,6.0,6,0,6,CORE_STRICT_COUNT,DIRECT_REPORTED_CHAIN_COMPLETE,1.72334012237585
28376891,28376890.0,1,1,2,607,EXPLICIT_NO_RBW,808,KNOWN_ZERO_BELOW_CATI_CAWI_DETAIL_CAP,4,4,4,4.0,,,4.0,4,0,4,CORE_STRICT_COUNT,DIRECT_REPORTED_CHAIN_COMPLETE,8.5825298927822
28376892,28376890.0,2,1,206,206,NOT_OBSERVED_PROXY,808,KNOWN_ZERO_BELOW_CATI_CAWI_DETAIL_CAP,4,4,4,4.0,,,4.0,4,0,4,CORE_STRICT_COUNT,DIRECT_REPORTED_CHAIN_COMPLETE,8.67196623709772
28376893,28376890.0,3,1,403,403,NOT_APPLICABLE_UNDER_16,808,KNOWN_ZERO_BELOW_CATI_CAWI_DETAIL_CAP,2,2,2,2.0,,,2.0,2,0,2,CORE_STRICT_COUNT,DIRECT_REPORTED_CHAIN_COMPLETE,7.2995386530288
28643891,28643890.0,1,1,2,607,EXPLICIT_NO_RBW,808,KNOWN_ZERO_BELOW_CATI_CAWI_DETAIL_CAP,3,3,3,3.0,,,3.0,3,0,3,CORE_STRICT_COUNT,DIRECT_REPORTED_CHAIN_COMPLETE,7.66165353046057
28962801,28962800.0,1,1,2,607,EXPLICIT_NO_RBW,808,KNOWN_ZERO_BELOW_CATI_CAWI_DETAIL_CAP,2,2,2,2.0,,,2.0,2,0,2,CORE_STRICT_COUNT,DIRECT_REPORTED_CHAIN_COMPLETE,4.37100000464347
28962803,28962800.0,3,1,403,403,NOT_APPLICABLE_UNDER_16,808,KNOWN_ZERO_BELOW_CATI_CAWI_DETAIL_CAP,2,2,2,2.0,,,2.0,2,0,2,CORE_STRICT_COUNT,DIRECT_REPORTED_CHAIN_COMPLETE,8.3402443982119
29223041,29223040.0,1,1,2,607,EXPLICIT_NO_RBW,808,KNOWN_ZERO_BELOW_CATI_CAWI_DETAIL_CAP,2,2,2,2.0,,,2.0,2,0,2,CORE_STRICT_COUNT,DIRECT_REPORTED_CHAIN_COMPLETE,1.43339872849483
29223042,29223040.0,2,1,206,206,NOT_OBSERVED_PROXY,808,KNOWN_ZERO_BELOW_CATI_CAWI_DETAIL_CAP,2,2,2,2.0,,,2.0,2,0,2,CORE_STRICT_COUNT,DIRECT_REPORTED_CHAIN_COMPLETE,1.73699065713846
29258111,29258110.0,1,0,602,602,NO_OUT_OF_HOME_ACTIVITY_OR_DOMESTIC_TRIPS,801,NOT_APPLICABLE_NOT_MOBILE,0,0,0,0.0,,,0.0,0,0,0,CORE_STRICT_COUNT,ZERO_TRIP_COMPLETE,6.46143946247057
29398201,29398200.0,1,1,2,607,EXPLICIT_NO_RBW,808,KNOWN_ZERO_BELOW_CATI_CAWI_DETAIL_CAP,2,2,2,2.0,,,2.0,2,0,2,CORE_STRICT_COUNT,DIRECT_REPORTED_CHAIN_COMPLETE,3.39069604940628
29398202,29398200.0,2,0,206,206,NOT_OBSERVED_PROXY,801,NOT_APPLICABLE_NOT_MOBILE,0,0,0,0.0,,,0.0,0,0,0,CORE_STRICT_COUNT,ZERO_TRIP_COMPLETE,2.63837203302489
29414091,29414090.0,1,0,404,404,NOT_APPLICABLE_NOT_EMPLOYED,801,NOT_APPLICABLE_NOT_MOBILE,0,0,0,0.0,,,0.0,0,0,0,CORE_STRICT_COUNT,ZERO_TRIP_COMPLETE,3.1483886709089
29632281,29632280.0,1,5,406,406,NOT_OBSERVED_SECONDARY_EMPLOYMENT,803,UNAVAILABLE_NO_TRIP_PROTOCOL,803,803,803,,,,,0,0,0,EXCLUDED_COUNT_UNOBSERVED,TRIP_DAY_NO_ROWS,7.45353726088459
30105721,30105720.0,1,1,2,607,EXPLICIT_NO_RBW,808,KNOWN_ZERO_BELOW_CATI_CAWI_DETAIL_CAP,2,2,2,2.0,,,2.0,2,0,2,CORE_STRICT_COUNT,DIRECT_REPORTED_CHAIN_COMPLETE,4.86218827176979
30239311,30239310.0,1,0,404,404,NOT_APPLICABLE_NOT_EMPLOYED,801,NOT_APPLICABLE_NOT_MOBILE,0,0,0,0.0,,,0.0,0,0,0,CORE_STRICT_COUNT,ZERO_TRIP_COMPLETE,5.60634208835736
30482271,30482270.0,1,1,2,607,EXPLICIT_NO_RBW,808,KNOWN_ZERO_BELOW_CATI_CAWI_DETAIL_CAP,6,6,6,6.0,,,6.0,6,0,6,CORE_STRICT_COUNT,DIRECT_REPORTED_CHAIN_COMPLETE,6.1657496510512
30482272,30482270.0,2,1,206,206,NOT_OBSERVED_PROXY,808,KNOWN_ZERO_BELOW_CATI_CAWI_DETAIL_CAP,2,2,2,2.0,,,2.0,2,0,2,CORE_STRICT_COUNT,DIRECT_REPORTED_CHAIN_COMPLETE,4.61467303849428
30482273,30482270.0,3,1,403,403,NOT_APPLICABLE_UNDER_16,808,KNOWN_ZERO_BELOW_CATI_CAWI_DETAIL_CAP,4,4,4,4.0,,,4.0,4,0,4,CORE_STRICT_COUNT,DIRECT_REPORTED_CHAIN_COMPLETE,4.60606864779485
30482274,30482270.0,4,1,403,403,NOT_APPLICABLE_UNDER_16,808,KNOWN_ZERO_BELOW_CATI_CAWI_DETAIL_CAP,6,6,6,6.0,,,6.0,6,0,6,CORE_STRICT_COUNT,DIRECT_REPORTED_CHAIN_COMPLETE,4.89373960042461
30521971,30521970.0,1,1,404,404,NOT_APPLICABLE_NOT_EMPLOYED,808,KNOWN_ZERO_BELOW_CATI_CAWI_DETAIL_CAP,2,2,2,2.0,,,2.0,2,0,2,CORE_STRICT_COUNT,DIRECT_REPORTED_CHAIN_COMPLETE,3.08731773102138
30526191,30526190.0,1,0,404,404,NOT_APPLICABLE_NOT_EMPLOYED,801,NOT_APPLICABLE_NOT_MOBILE,0,0,0,0.0,,,0.0,0,0,0,CORE_STRICT_COUNT,ZERO_TRIP_COMPLETE,1.38661371137136
30526192,30526190.0,2,0,206,206,NOT_OBSERVED_PROXY,801,NOT_APPLICABLE_NOT_MOBILE,0,0,0,0.0,,,0.0,0,0,0,CORE_STRICT_COUNT,ZERO_TRIP_COMPLETE,1.43807720323992
30526193,30526190.0,3,0,206,206,NOT_OBSERVED_PROXY,801,NOT_APPLICABLE_NOT_MOBILE,0,0,0,0.0,,,0.0,0,0,0,CORE_STRICT_COUNT,ZERO_TRIP_COMPLETE,1.89154914303472
30686712,30686710.0,2,0,404,404,NOT_APPLICABLE_NOT_EMPLOYED,801,NOT_APPLICABLE_NOT_MOBILE,0,0,0,0.0,,,0.0,0,0,0,CORE_STRICT_COUNT,ZERO_TRIP_COMPLETE,8.06421602057791
30946981,30946980.0,1,1,2,607,EXPLICIT_NO_RBW,808,KNOWN_ZERO_BELOW_CATI_CAWI_DETAIL_CAP,4,4,4,4.0,,,4.0,4,0,4,CORE_STRICT_COUNT,DIRECT_REPORTED_CHAIN_COMPLETE,3.52101160154023
30973601,30973600.0,1,1,2,607,EXPLICIT_NO_RBW,808,KNOWN_ZERO_BELOW_CATI_CAWI_DETAIL_CAP,7,7,7,7.0,,,7.0,7,0,7,CORE_STRICT_COUNT,DIRECT_REPORTED_CHAIN_COMPLETE,3.8850830192331
31066411,31066410.0,1,1,2,607,EXPLICIT_NO_RBW,808,KNOWN_ZERO_BELOW_CATI_CAWI_DETAIL_CAP,5,5,5,5.0,,,5.0,5,0,5,CORE_STRICT_COUNT,DIRECT_REPORTED_CHAIN_COMPLETE,4.37100000464347
31173661,31173660.0,1,0,404,404,NOT_APPLICABLE_NOT_EMPLOYED,801,NOT_APPLICABLE_NOT_MOBILE,0,0,0,0.0,,,0.0,0,0,0,CORE_STRICT_COUNT,ZERO_TRIP_COMPLETE,2.68311725201542
31262001,31262000.0,1,1,406,406,NOT_OBSERVED_SECONDARY_EMPLOYMENT,808,KNOWN_ZERO_BELOW_CATI_CAWI_DETAIL_CAP,4,4,4,4.0,,,4.0,4,0,4,CORE_STRICT_COUNT,DIRECT_REPORTED_CHAIN_COMPLETE,2.02480209041597
31262002,31262000.0,2,1,404,404,NOT_APPLICABLE_NOT_EMPLOYED,808,KNOWN_ZERO_BELOW_CATI_CAWI_DETAIL_CAP,1,1,1,1.0,,,1.0,1,0,1,CORE_STRICT_COUNT,DIRECT_REPORTED_CHAIN_COMPLETE,1.17197513911184
31328361,31328360.0,1,5,2,607,EXPLICIT_NO_RBW,803,UNAVAILABLE_NO_TRIP_PROTOCOL,803,803,803,,,,,0,0,0,EXCLUDED_COUNT_UNOBSERVED,TRIP_DAY_NO_ROWS,14.9764041159403
31331751,31331750.0,1,3,1,2,KNOWN_EXACT,807,KNOWN_ZERO_BELOW_PAPI_DETAIL_CAP,3,3,5,3.0,,2.0,5.0,3,2,5,CORE_STRICT_COUNT,MIXED_DIRECT_RBW_UNTIMED,5.41901092614417
31457401,31457400.0,1,1,404,404,NOT_APPLICABLE_NOT_EMPLOYED,808,KNOWN_ZERO_BELOW_CATI_CAWI_DETAIL_CAP,5,5,5,5.0,,,5.0,5,0,5,CORE_STRICT_COUNT,DIRECT_REPORTED_CHAIN_COMPLETE,1.90312484178168
31457403,31457400.0,3,1,403,403,NOT_APPLICABLE_UNDER_16,808,KNOWN_ZERO_BELOW_CATI_CAWI_DETAIL_CAP,3,3,3,3.0,,,3.0,3,0,3,CORE_STRICT_COUNT,DIRECT_REPORTED_CHAIN_COMPLETE,2.80320915725966
31457404,31457400.0,4,1,403,403,NOT_APPLICABLE_UNDER_16,808,KNOWN_ZERO_BELOW_CATI_CAWI_DETAIL_CAP,3,3,3,3.0,,,3.0,3,0,3,CORE_STRICT_COUNT,DIRECT_REPORTED_CHAIN_COMPLETE,2.76632517411525
31457405,31457400.0,5,1,403,403,NOT_APPLICABLE_UNDER_16,808,KNOWN_ZERO_BELOW_CATI_CAWI_DETAIL_CAP,5,5,5,5.0,,,5.0,5,0,5,CORE_STRICT_COUNT,DIRECT_REPORTED_CHAIN_COMPLETE,2.76632517411525
31574881,31574880.0,1,5,2,607,EXPLICIT_NO_RBW,803,UNAVAILABLE_NO_TRIP_PROTOCOL,803,803,803,,,,,0,0,0,EXCLUDED_COUNT_UNOBSERVED,TRIP_DAY_NO_ROWS,2.53449247696899
31574882,31574880.0,2,5,404,404,NOT_APPLICABLE_NOT_EMPLOYED,803,UNAVAILABLE_NO_TRIP_PROTOCOL,803,803,803,,,,,0,0,0,EXCLUDED_COUNT_UNOBSERVED,TRIP_DAY_NO_ROWS,2.32985088883947
31735671,31735670.0,1,1,2,607,EXPLICIT_NO_RBW,808,KNOWN_ZERO_BELOW_CATI_CAWI_DETAIL_CAP,6,6,6,6.0,,,6.0,6,0,6,CORE_STRICT_COUNT,DIRECT_REPORTED_CHAIN_COMPLETE,5.99998701653939
31851901,31851900.0,1,1,2,607,EXPLICIT_NO_RBW,808,KNOWN_ZERO_BELOW_CATI_CAWI_DETAIL_CAP,6,6,6,6.0,,,6.0,6,0,6,CORE_STRICT_COUNT,DIRECT_REPORTED_CHAIN_COMPLETE,4.02039203180152
31851902,31851900.0,2,1,206,206,NOT_OBSERVED_PROXY,808,KNOWN_ZERO_BELOW_CATI_CAWI_DETAIL_CAP,4,4,4,4.0,,,4.0,4,0,4,CORE_STRICT_COUNT,DIRECT_REPORTED_CHAIN_COMPLETE,2.48558936607087
31851903,31851900.0,3,1,403,403,NOT_APPLICABLE_UNDER_16,808,KNOWN_ZERO_BELOW_CATI_CAWI_DETAIL_CAP,4,4,4,4.0,,,4.0,4,0,4,CORE_STRICT_COUNT,DIRECT_REPORTED_CHAIN_COMPLETE,3.37482687928755
32017551,32017550.0,1,0,206,206,NOT_OBSERVED_PROXY,801,NOT_APPLICABLE_NOT_MOBILE,0,0,0,0.0,,,0.0,0,0,0,CORE_STRICT_COUNT,ZERO_TRIP_COMPLETE,0.686667885074717
32017552,32017550.0,2,0,404,404,NOT_APPLICABLE_NOT_EMPLOYED,801,NOT_APPLICABLE_NOT_MOBILE,0,0,0,0.0,,,0.0,0,0,0,CORE_STRICT_COUNT,ZERO_TRIP_COMPLETE,1.00872818382166
32501121,32501120.0,1,5,2,607,EXPLICIT_NO_RBW,803,UNAVAILABLE_NO_TRIP_PROTOCOL,803,803,803,,,,,0,0,0,EXCLUDED_COUNT_UNOBSERVED,TRIP_DAY_NO_ROWS,1.90976273600241
32501122,32501120.0,2,5,404,404,NOT_APPLICABLE_NOT_EMPLOYED,803,UNAVAILABLE_NO_TRIP_PROTOCOL,803,803,803,,,,,0,0,0,EXCLUDED_COUNT_UNOBSERVED,TRIP_DAY_NO_ROWS,4.31096490251793
32501123,32501120.0,3,5,404,404,NOT_APPLICABLE_NOT_EMPLOYED,803,UNAVAILABLE_NO_TRIP_PROTOCOL,803,803,803,,,,,0,0,0,EXCLUDED_COUNT_UNOBSERVED,TRIP_DAY_NO_ROWS,3.56610610744335
32501124,32501120.0,4,5,404,404,NOT_APPLICABLE_NOT_EMPLOYED,803,UNAVAILABLE_NO_TRIP_PROTOCOL,803,803,803,,,,,0,0,0,EXCLUDED_COUNT_UNOBSERVED,TRIP_DAY_NO_ROWS,7.67132645984339
32561361,32561360.0,1,1,2,607,EXPLICIT_NO_RBW,808,KNOWN_ZERO_BELOW_CATI_CAWI_DETAIL_CAP,4,4,4,4.0,,,4.0,4,0,4,CORE_STRICT_COUNT,DIRECT_REPORTED_CHAIN_COMPLETE,3.74080514997759
32561362,32561360.0,2,0,206,206,NOT_OBSERVED_PROXY,801,NOT_APPLICABLE_NOT_MOBILE,0,0,0,0.0,,,0.0,0,0,0,CORE_STRICT_COUNT,ZERO_TRIP_COMPLETE,2.39374612076242
32561363,32561360.0,3,1,206,206,NOT_OBSERVED_PROXY,808,KNOWN_ZERO_BELOW_CATI_CAWI_DETAIL_CAP,2,2,2,2.0,,,2.0,2,0,2,CORE_STRICT_COUNT,DIRECT_REPORTED_CHAIN_COMPLETE,3.74080514997759
32561364,32561360.0,4,0,206,206,NOT_OBSERVED_PROXY,801,NOT_APPLICABLE_NOT_MOBILE,0,0,0,0.0,,,0.0,0,0,0,CORE_STRICT_COUNT,ZERO_TRIP_COMPLETE,2.34501891876924
32691661,32691660.0,1,1,2,607,EXPLICIT_NO_RBW,808,KNOWN_ZERO_BELOW_CATI_CAWI_DETAIL_CAP,2,2,2,2.0,,,2.0,2,0,2,CORE_STRICT_COUNT,DIRECT_REPORTED_CHAIN_COMPLETE,2.72420623669595
32691662,32691660.0,2,1,2,607,EXPLICIT_NO_RBW,808,KNOWN_ZERO_BELOW_CATI_CAWI_DETAIL_CAP,3,3,3,3.0,,,3.0,3,0,3,CORE_STRICT_COUNT,DIRECT_REPORTED_CHAIN_COMPLETE,3.42025508803787
32795461,32795460.0,1,1,2,607,EXPLICIT_NO_RBW,808,KNOWN_ZERO_BELOW_CATI_CAWI_DETAIL_CAP,2,2,2,2.0,,,2.0,2,0,2,CORE_STRICT_COUNT,DIRECT_REPORTED_CHAIN_COMPLETE,1.22771950275641
32795462,32795460.0,2,1,2,607,EXPLICIT_NO_RBW,808,KNOWN_ZERO_BELOW_CATI_CAWI_DETAIL_CAP,3,3,3,3.0,,,3.0,3,0,3,CORE_STRICT_COUNT,DIRECT_REPORTED_CHAIN_COMPLETE,1.67451110147978
32799191,32799190.0,1,1,406,406,NOT_OBSERVED_SECONDARY_EMPLOYMENT,808,KNOWN_ZERO_BELOW_CATI_CAWI_DETAIL_CAP,2,2,2,2.0,,,2.0,2,0,2,CORE_STRICT_COUNT,DIRECT_REPORTED_CHAIN_COMPLETE,2.43217924942274
32799192,32799190.0,2,0,602,602,NO_OUT_OF_HOME_ACTIVITY_OR_DOMESTIC_TRIPS,801,NOT_APPLICABLE_NOT_MOBILE,0,0,0,0.0,,,0.0,0,0,0,CORE_STRICT_COUNT,ZERO_TRIP_COMPLETE,1.23668734276456
33168471,33168470.0,1,1,2,607,EXPLICIT_NO_RBW,808,KNOWN_ZERO_BELOW_CATI_CAWI_DETAIL_CAP,1,1,1,1.0,,,1.0,1,0,1,CORE_STRICT_COUNT,DIRECT_REPORTED_CHAIN_COMPLETE,2.94574464489401
33168472,33168470.0,2,1,2,607,EXPLICIT_NO_RBW,808,KNOWN_ZERO_BELOW_CATI_CAWI_DETAIL_CAP,1,1,1,1.0,,,1.0,1,0,1,CORE_STRICT_COUNT,DIRECT_REPORTED_CHAIN_COMPLETE,4.65027835155515
33218351,33218350.0,1,0,404,404,NOT_APPLICABLE_NOT_EMPLOYED,801,NOT_APPLICABLE_NOT_MOBILE,0,0,0,0.0,,,0.0,0,0,0,CORE_STRICT_COUNT,ZERO_TRIP_COMPLETE,3.19843767364534
33282061,33282060.0,1,1,2,607,EXPLICIT_NO_RBW,808,KNOWN_ZERO_BELOW_CATI_CAWI_DETAIL_CAP,6,6,6,6.0,,,6.0,6,0,6,CORE_STRICT_COUNT,DIRECT_REPORTED_CHAIN_COMPLETE,3.05480250192221
33531111,33531110.0,1,1,2,607,EXPLICIT_NO_RBW,808,KNOWN_ZERO_BELOW_CATI_CAWI_DETAIL_CAP,4,4,4,4.0,,,4.0,4,0,4,CORE_STRICT_COUNT,DIRECT_REPORTED_CHAIN_COMPLETE,6.32584293181676
33626161,33626160.0,1,1,2,607,EXPLICIT_NO_RBW,808,KNOWN_ZERO_BELOW_CATI_CAWI_DETAIL_CAP,1,1,1,1.0,,,1.0,1,0,1,CORE_STRICT_COUNT,DIRECT_REPORTED_CHAIN_COMPLETE,2.01042395890095
33626162,33626160.0,2,1,407,407,EMPLOYMENT_STATUS_UNKNOWN,808,KNOWN_ZERO_BELOW_CATI_CAWI_DETAIL_CAP,3,3,3,3.0,,,3.0,3,0,3,CORE_STRICT_COUNT,DIRECT_REPORTED_CHAIN_COMPLETE,1.87593527100071
33626164,33626160.0,4,1,206,206,NOT_OBSERVED_PROXY,808,KNOWN_ZERO_BELOW_CATI_CAWI_DETAIL_CAP,3,3,3,3.0,,,3.0,3,0,3,CORE_STRICT_COUNT,DIRECT_REPORTED_CHAIN_COMPLETE,3.18152993582564
34241451,34241450.0,1,1,404,404,NOT_APPLICABLE_NOT_EMPLOYED,808,KNOWN_ZERO_BELOW_CATI_CAWI_DETAIL_CAP,3,3,3,3.0,,,3.0,3,0,3,CORE_STRICT_COUNT,DIRECT_REPORTED_CHAIN_COMPLETE,5.5414749715266
34438971,34438970.0,1,1,404,404,NOT_APPLICABLE_NOT_EMPLOYED,808,KNOWN_ZERO_BELOW_CATI_CAWI_DETAIL_CAP,2,2,2,2.0,,,2.0,2,0,2,CORE_STRICT_COUNT,DIRECT_REPORTED_CHAIN_COMPLETE,2.70616051848926
34622671,34622670.0,1,1,2,607,EXPLICIT_NO_RBW,808,KNOWN_ZERO_BELOW_CATI_CAWI_DETAIL_CAP,3,3,3,3.0,,,3.0,3,0,3,CORE_STRICT_COUNT,DIRECT_REPORTED_CHAIN_COMPLETE,4.37100000464347
34927751,34927750.0,1,1,2,607,EXPLICIT_NO_RBW,808,KNOWN_ZERO_BELOW_CATI_CAWI_DETAIL_CAP,2,2,2,2.0,,,2.0,2,0,2,CORE_STRICT_COUNT,DIRECT_REPORTED_CHAIN_COMPLETE,4.5586708866126
35082251,35082250.0,1,1,404,404,NOT_APPLICABLE_NOT_EMPLOYED,808,KNOWN_ZERO_BELOW_CATI_CAWI_DETAIL_CAP,3,3,3,3.0,,,3.0,3,0,3,CORE_STRICT_COUNT,DIRECT_REPORTED_CHAIN_COMPLETE,3.20769613248198
35187171,35187170.0,1,1,2,607,EXPLICIT_NO_RBW,808,KNOWN_ZERO_BELOW_CATI_CAWI_DETAIL_CAP,2,2,2,2.0,,,2.0,2,0,2,CORE_STRICT_COUNT,DIRECT_REPORTED_CHAIN_COMPLETE,6.26412393291325
35195611,35195610.0,1,1,2,607,EXPLICIT_NO_RBW,808,KNOWN_ZERO_BELOW_CATI_CAWI_DETAIL_CAP,2,2,2,2.0,,,2.0,2,0,2,CORE_STRICT_COUNT,DIRECT_REPORTED_CHAIN_COMPLETE,7.32383718710474
35370031,35370030.0,1,5,2,607,EXPLICIT_NO_RBW,803,UNAVAILABLE_NO_TRIP_PROTOCOL,803,803,803,,,,,0,0,0,EXCLUDED_COUNT_UNOBSERVED,TRIP_DAY_NO_ROWS,3.75435177713344
35379811,35379810.0,1,3,1,1,KNOWN_EXACT,808,KNOWN_ZERO_BELOW_CATI_CAWI_DETAIL_CAP,3,3,4,3.0,,1.0,4.0,3,1,4,CORE_STRICT_COUNT,MIXED_DIRECT_RBW_UNTIMED,7.06733868819442
35379812,35379810.0,2,1,206,206,NOT_OBSERVED_PROXY,808,KNOWN_ZERO_BELOW_CATI_CAWI_DETAIL_CAP,3,3,3,3.0,,,3.0,3,0,3,CORE_STRICT_COUNT,DIRECT_REPORTED_CHAIN_COMPLETE,7.06733868819442
35783511,35783510.0,1,5,2,607,EXPLICIT_NO_RBW,803,UNAVAILABLE_NO_TRIP_PROTOCOL,803,803,803,,,,,0,0,0,EXCLUDED_COUNT_UNOBSERVED,TRIP_DAY_NO_ROWS,9.32335283178073
36120391,36120390.0,1,1,404,404,NOT_APPLICABLE_NOT_EMPLOYED,808,KNOWN_ZERO_BELOW_CATI_CAWI_DETAIL_CAP,2,2,2,2.0,,,2.0,2,0,2,CORE_STRICT_COUNT,DIRECT_REPORTED_CHAIN_COMPLETE,1.03394155617707
36120392,36120390.0,2,1,206,206,NOT_OBSERVED_PROXY,808,KNOWN_ZERO_BELOW_CATI_CAWI_DETAIL_CAP,3,3,3,3.0,,,3.0,3,0,3,CORE_STRICT_COUNT,DIRECT_REPORTED_CHAIN_COMPLETE,1.51887981192939
36185391,36185390.0,1,0,404,404,NOT_APPLICABLE_NOT_EMPLOYED,801,NOT_APPLICABLE_NOT_MOBILE,0,0,0,0.0,,,0.0,0,0,0,CORE_STRICT_COUNT,ZERO_TRIP_COMPLETE,7.57463529209499
36224001,36224000.0,1,1,2,607,EXPLICIT_NO_RBW,808,KNOWN_ZERO_BELOW_CATI_CAWI_DETAIL_CAP,2,2,2,2.0,,,2.0,2,0,2,CORE_STRICT_COUNT,DIRECT_REPORTED_CHAIN_COMPLETE,4.39907568840898
36629351,36629350.0,1,1,2,607,EXPLICIT_NO_RBW,808,KNOWN_ZERO_BELOW_CATI_CAWI_DETAIL_CAP,2,2,2,2.0,,,2.0,2,0,2,CORE_STRICT_COUNT,DIRECT_REPORTED_CHAIN_COMPLETE,3.10479630808997
36629352,36629350.0,2,1,2,607,EXPLICIT_NO_RBW,808,KNOWN_ZERO_BELOW_CATI_CAWI_DETAIL_CAP,2,2,2,2.0,,,2.0,2,0,2,CORE_STRICT_COUNT,DIRECT_REPORTED_CHAIN_COMPLETE,5.49879007771066
36694191,36694190.0,1,3,1,4,KNOWN_EXACT,808,KNOWN_ZERO_BELOW_CATI_CAWI_DETAIL_CAP,5,5,9,5.0,,4.0,9.0,5,4,9,CORE_STRICT_COUNT,MIXED_DIRECT_RBW_UNTIMED,0.450619002900477
36694192,36694190.0,2,0,206,206,NOT_OBSERVED_PROXY,801,NOT_APPLICABLE_NOT_MOBILE,0,0,0,0.0,,,0.0,0,0,0,CORE_STRICT_COUNT,ZERO_TRIP_COMPLETE,0.478264803046364
36776861,36776860.0,1,1,404,404,NOT_APPLICABLE_NOT_EMPLOYED,808,KNOWN_ZERO_BELOW_CATI_CAWI_DETAIL_CAP,2,2,2,2.0,,,2.0,2,0,2,CORE_STRICT_COUNT,DIRECT_REPORTED_CHAIN_COMPLETE,3.19843767364534
36855532,36855530.0,2,5,2,607,EXPLICIT_NO_RBW,803,UNAVAILABLE_NO_TRIP_PROTOCOL,803,803,803,,,,,0,0,0,EXCLUDED_COUNT_UNOBSERVED,TRIP_DAY_NO_ROWS,3.52101160154023
36890091,36890090.0,1,1,404,404,NOT_APPLICABLE_NOT_EMPLOYED,808,KNOWN_ZERO_BELOW_CATI_CAWI_DETAIL_CAP,4,4,4,4.0,,,4.0,4,0,4,CORE_STRICT_COUNT,DIRECT_REPORTED_CHAIN_COMPLETE,2.60737223089376
37031131,37031130.0,1,1,2,607,EXPLICIT_NO_RBW,808,KNOWN_ZERO_BELOW_CATI_CAWI_DETAIL_CAP,4,4,4,4.0,,,4.0,4,0,4,CORE_STRICT_COUNT,DIRECT_REPORTED_CHAIN_COMPLETE,4.39907568840898
37031132,37031130.0,2,1,206,206,NOT_OBSERVED_PROXY,808,KNOWN_ZERO_BELOW_CATI_CAWI_DETAIL_CAP,4,4,4,4.0,,,4.0,4,0,4,CORE_STRICT_COUNT,DIRECT_REPORTED_CHAIN_COMPLETE,5.99998701653939
37031133,37031130.0,3,1,403,403,NOT_APPLICABLE_UNDER_16,808,KNOWN_ZERO_BELOW_CATI_CAWI_DETAIL_CAP,2,2,2,2.0,,,2.0,2,0,2,CORE_STRICT_COUNT,DIRECT_REPORTED_CHAIN_COMPLETE,7.14432558167317
37426451,37426450.0,1,0,602,602,NO_OUT_OF_HOME_ACTIVITY_OR_DOMESTIC_TRIPS,801,NOT_APPLICABLE_NOT_MOBILE,0,0,0,0.0,,,0.0,0,0,0,CORE_STRICT_COUNT,ZERO_TRIP_COMPLETE,1.89796096263642
37426452,37426450.0,2,0,206,206,NOT_OBSERVED_PROXY,801,NOT_APPLICABLE_NOT_MOBILE,0,0,0,0.0,,,0.0,0,0,0,CORE_STRICT_COUNT,ZERO_TRIP_COMPLETE,2.0963160868496
37824221,37824220.0,1,5,2,607,EXPLICIT_NO_RBW,803,UNAVAILABLE_NO_TRIP_PROTOCOL,803,803,803,,,,,0,0,0,EXCLUDED_COUNT_UNOBSERVED,TRIP_DAY_NO_ROWS,0.930191850872206
37824222,37824220.0,2,1,2,607,EXPLICIT_NO_RBW,808,KNOWN_ZERO_BELOW_CATI_CAWI_DETAIL_CAP,2,2,2,2.0,,,2.0,2,0,2,CORE_STRICT_COUNT,DIRECT_REPORTED_CHAIN_COMPLETE,0.926626989825116
37901331,37901330.0,1,1,2,607,EXPLICIT_NO_RBW,808,KNOWN_ZERO_BELOW_CATI_CAWI_DETAIL_CAP,5,5,5,5.0,,,5.0,5,0,5,CORE_STRICT_COUNT,DIRECT_REPORTED_CHAIN_COMPLETE,4.50406593140805
37901332,37901330.0,2,9,603,603,OUT_OF_HOME_ACTIVITY_INFO_UNKNOWN,804,UNAVAILABLE_MOBILITY_UNKNOWN,804,804,804,,,,,0,0,0,EXCLUDED_UNKNOWN,MOBILITY_UNKNOWN,4.37100000464347
37907931,37907930.0,1,1,2,607,EXPLICIT_NO_RBW,808,KNOWN_ZERO_BELOW_CATI_CAWI_DETAIL_CAP,6,6,6,6.0,,,6.0,6,0,6,CORE_STRICT_COUNT,DIRECT_REPORTED_CHAIN_COMPLETE,4.50406593140805
38702041,38702040.0,1,0,602,602,NO_OUT_OF_HOME_ACTIVITY_OR_DOMESTIC_TRIPS,801,NOT_APPLICABLE_NOT_MOBILE,0,0,0,0.0,,,0.0,0,0,0,CORE_STRICT_COUNT,ZERO_TRIP_COMPLETE,2.83717994449229
38702042,38702040.0,2,0,602,602,NO_OUT_OF_HOME_ACTIVITY_OR_DOMESTIC_TRIPS,801,NOT_APPLICABLE_NOT_MOBILE,0,0,0,0.0,,,0.0,0,0,0,CORE_STRICT_COUNT,ZERO_TRIP_COMPLETE,1.51034227004663
38746481,38746480.0,1,1,2,607,EXPLICIT_NO_RBW,808,KNOWN_ZERO_BELOW_CATI_CAWI_DETAIL_CAP,6,6,6,6.0,,,6.0,6,0,6,CORE_STRICT_COUNT,DIRECT_REPORTED_CHAIN_COMPLETE,1.63008165281902
38746482,38746480.0,2,0,206,206,NOT_OBSERVED_PROXY,801,NOT_APPLICABLE_NOT_MOBILE,0,0,0,0.0,,,0.0,0,0,0,CORE_STRICT_COUNT,ZERO_TRIP_COMPLETE,1.63008165281902
38803591,38803590.0,1,1,2,607,EXPLICIT_NO_RBW,808,KNOWN_ZERO_BELOW_CATI_CAWI_DETAIL_CAP,1,1,1,1.0,,,1.0,1,0,1,CORE_STRICT_COUNT,DIRECT_REPORTED_CHAIN_COMPLETE,4.20193799055369
38803592,38803590.0,2,1,206,206,NOT_OBSERVED_PROXY,808,KNOWN_ZERO_BELOW_CATI_CAWI_DETAIL_CAP,1,1,1,1.0,,,1.0,1,0,1,CORE_STRICT_COUNT,DIRECT_REPORTED_CHAIN_COMPLETE,2.62220442092262
38887001,38887000.0,1,1,404,404,NOT_APPLICABLE_NOT_EMPLOYED,808,KNOWN_ZERO_BELOW_CATI_CAWI_DETAIL_CAP,8,8,8,8.0,,,8.0,8,0,8,CORE_STRICT_COUNT,DIRECT_REPORTED_CHAIN_COMPLETE,5.0371127619455
38887003,38887000.0,3,1,403,403,NOT_APPLICABLE_UNDER_16,808,KNOWN_ZERO_BELOW_CATI_CAWI_DETAIL_CAP,8,8,8,8.0,,,8.0,8,0,8,CORE_STRICT_COUNT,DIRECT_REPORTED_CHAIN_COMPLETE,7.36882514488232
38977091,38977090.0,1,1,2,607,EXPLICIT_NO_RBW,808,KNOWN_ZERO_BELOW_CATI_CAWI_DETAIL_CAP,6,6,6,6.0,,,6.0,6,0,6,CORE_STRICT_COUNT,DIRECT_REPORTED_CHAIN_COMPLETE,3.50168449617806
39131321,39131320.0,1,1,2,607,EXPLICIT_NO_RBW,808,KNOWN_ZERO_BELOW_CATI_CAWI_DETAIL_CAP,2,2,2,2.0,,,2.0,2,0,2,CORE_STRICT_COUNT,DIRECT_REPORTED_CHAIN_COMPLETE,3.8850830192331
39257841,39257840.0,1,0,404,404,NOT_APPLICABLE_NOT_EMPLOYED,801,NOT_APPLICABLE_NOT_MOBILE,0,0,0,0.0,,,0.0,0,0,0,CORE_STRICT_COUNT,ZERO_TRIP_COMPLETE,1.80193165290318
39320191,39320190.0,1,0,404,404,NOT_APPLICABLE_NOT_EMPLOYED,801,NOT_APPLICABLE_NOT_MOBILE,0,0,0,0.0,,,0.0,0,0,0,CORE_STRICT_COUNT,ZERO_TRIP_COMPLETE,6.48570397923038
39342371,39342370.0,1,1,2,607,EXPLICIT_NO_RBW,808,KNOWN_ZERO_BELOW_CATI_CAWI_DETAIL_CAP,6,6,6,6.0,,,6.0,6,0,6,CORE_STRICT_COUNT,DIRECT_REPORTED_CHAIN_COMPLETE,2.90366650206748
39342372,39342370.0,2,1,206,206,NOT_OBSERVED_PROXY,808,KNOWN_ZERO_BELOW_CATI_CAWI_DETAIL_CAP,4,4,4,4.0,,,4.0,4,0,4,CORE_STRICT_COUNT,DIRECT_REPORTED_CHAIN_COMPLETE,2.47462159504146
39477771,39477770.0,1,1,404,404,NOT_APPLICABLE_NOT_EMPLOYED,808,KNOWN_ZERO_BELOW_CATI_CAWI_DETAIL_CAP,6,6,6,6.0,,,6.0,6,0,6,CORE_STRICT_COUNT,DIRECT_REPORTED_CHAIN_COMPLETE,4.52811877954232
39554201,39554200.0,1,0,404,404,NOT_APPLICABLE_NOT_EMPLOYED,801,NOT_APPLICABLE_NOT_MOBILE,0,0,0,0.0,,,0.0,0,0,0,CORE_STRICT_COUNT,ZERO_TRIP_COMPLETE,1.57173343683335
39554202,39554200.0,2,0,404,404,NOT_APPLICABLE_NOT_EMPLOYED,801,NOT_APPLICABLE_NOT_MOBILE,0,0,0,0.0,,,0.0,0,0,0,CORE_STRICT_COUNT,ZERO_TRIP_COMPLETE,2.761824576846
39622371,39622370.0,1,1,404,404,NOT_APPLICABLE_NOT_EMPLOYED,808,KNOWN_ZERO_BELOW_CATI_CAWI_DETAIL_CAP,5,5,5,5.0,,,5.0,5,0,5,CORE_STRICT_COUNT,DIRECT_REPORTED_CHAIN_COMPLETE,5.5414749715266
39708531,39708530.0,1,1,2,607,EXPLICIT_NO_RBW,808,KNOWN_ZERO_BELOW_CATI_CAWI_DETAIL_CAP,2,2,2,2.0,,,2.0,2,0,2,CORE_STRICT_COUNT,DIRECT_REPORTED_CHAIN_COMPLETE,11.6881939420362
39940711,39940710.0,1,1,2,607,EXPLICIT_NO_RBW,808,KNOWN_ZERO_BELOW_CATI_CAWI_DETAIL_CAP,5,5,5,5.0,,,5.0,5,0,5,CORE_STRICT_COUNT,DIRECT_REPORTED_CHAIN_COMPLETE,5.51084841623137
39940712,39940710.0,2,0,206,206,NOT_OBSERVED_PROXY,801,NOT_APPLICABLE_NOT_MOBILE,0,0,0,0.0,,,0.0,0,0,0,CORE_STRICT_COUNT,ZERO_TRIP_COMPLETE,3.8850830192331
39940713,39940710.0,3,1,403,403,NOT_APPLICABLE_UNDER_16,808,KNOWN_ZERO_BELOW_CATI_CAWI_DETAIL_CAP,4,4,4,4.0,,,4.0,4,0,4,CORE_STRICT_COUNT,DIRECT_REPORTED_CHAIN_COMPLETE,6.3557279912113
39996631,39996630.0,1,1,2,607,EXPLICIT_NO_RBW,808,KNOWN_ZERO_BELOW_CATI_CAWI_DETAIL_CAP,2,2,2,2.0,,,2.0,2,0,2,CORE_STRICT_COUNT,DIRECT_REPORTED_CHAIN_COMPLETE,7.71086564700451
39996632,39996630.0,2,1,403,403,NOT_APPLICABLE_UNDER_16,808,KNOWN_ZERO_BELOW_CATI_CAWI_DETAIL_CAP,2,2,2,2.0,,,2.0,2,0,2,CORE_STRICT_COUNT,DIRECT_REPORTED_CHAIN_COMPLETE,6.3557279912113
39996633,39996630.0,3,0,403,403,NOT_APPLICABLE_UNDER_16,801,NOT_APPLICABLE_NOT_MOBILE,0,0,0,0.0,,,0.0,0,0,0,CORE_STRICT_COUNT,ZERO_TRIP_COMPLETE,6.3557279912113
39996634,39996630.0,4,1,403,403,NOT_APPLICABLE_UNDER_16,808,KNOWN_ZERO_BELOW_CATI_CAWI_DETAIL_CAP,2,2,2,2.0,,,2.0,2,0,2,CORE_STRICT_COUNT,DIRECT_REPORTED_CHAIN_COMPLETE,6.47403420944949
40306391,40306390.0,1,0,404,404,NOT_APPLICABLE_NOT_EMPLOYED,801,NOT_APPLICABLE_NOT_MOBILE,0,0,0,0.0,,,0.0,0,0,0,CORE_STRICT_COUNT,ZERO_TRIP_COMPLETE,1.7686383720307
40306392,40306390.0,2,0,404,404,NOT_APPLICABLE_NOT_EMPLOYED,801,NOT_APPLICABLE_NOT_MOBILE,0,0,0,0.0,,,0.0,0,0,0,CORE_STRICT_COUNT,ZERO_TRIP_COMPLETE,2.89235838195076
40375971,40375970.0,1,1,404,404,NOT_APPLICABLE_NOT_EMPLOYED,808,KNOWN_ZERO_BELOW_CATI_CAWI_DETAIL_CAP,3,3,3,3.0,,,3.0,3,0,3,CORE_STRICT_COUNT,DIRECT_REPORTED_CHAIN_COMPLETE,4.32623835194386
40477671,40477670.0,1,1,2,607,EXPLICIT_NO_RBW,808,KNOWN_ZERO_BELOW_CATI_CAWI_DETAIL_CAP,4,4,4,4.0,,,4.0,4,0,4,CORE_STRICT_COUNT,DIRECT_REPORTED_CHAIN_COMPLETE,4.48680457916405
40477672,40477670.0,2,1,403,403,NOT_APPLICABLE_UNDER_16,808,KNOWN_ZERO_BELOW_CATI_CAWI_DETAIL_CAP,2,2,2,2.0,,,2.0,2,0,2,CORE_STRICT_COUNT,DIRECT_REPORTED_CHAIN_COMPLETE,7.84997596402908
40477673,40477670.0,3,1,403,403,NOT_APPLICABLE_UNDER_16,808,KNOWN_ZERO_BELOW_CATI_CAWI_DETAIL_CAP,4,4,4,4.0,,,4.0,4,0,4,CORE_STRICT_COUNT,DIRECT_REPORTED_CHAIN_COMPLETE,7.84997596402908
40607371,40607370.0,1,1,2,607,EXPLICIT_NO_RBW,808,KNOWN_ZERO_BELOW_CATI_CAWI_DETAIL_CAP,2,2,2,2.0,,,2.0,2,0,2,CORE_STRICT_COUNT,DIRECT_REPORTED_CHAIN_COMPLETE,5.51084841623137
40699641,40699640.0,1,1,404,404,NOT_APPLICABLE_NOT_EMPLOYED,808,KNOWN_ZERO_BELOW_CATI_CAWI_DETAIL_CAP,5,5,5,5.0,,,5.0,5,0,5,CORE_STRICT_COUNT,DIRECT_REPORTED_CHAIN_COMPLETE,4.31061366533075
40699642,40699640.0,2,1,206,206,NOT_OBSERVED_PROXY,808,KNOWN_ZERO_BELOW_CATI_CAWI_DETAIL_CAP,4,4,4,4.0,,,4.0,4,0,4,CORE_STRICT_COUNT,DIRECT_REPORTED_CHAIN_COMPLETE,1.94623666678016
40919061,40919060.0,1,1,404,404,NOT_APPLICABLE_NOT_EMPLOYED,808,KNOWN_ZERO_BELOW_CATI_CAWI_DETAIL_CAP,1,1,1,1.0,,,1.0,1,0,1,CORE_STRICT_COUNT,DIRECT_REPORTED_CHAIN_COMPLETE,2.28043316108838
40960951,40960950.0,1,1,404,404,NOT_APPLICABLE_NOT_EMPLOYED,808,KNOWN_ZERO_BELOW_CATI_CAWI_DETAIL_CAP,4,4,4,4.0,,,4.0,4,0,4,CORE_STRICT_COUNT,DIRECT_REPORTED_CHAIN_COMPLETE,2.6453657285341
41060122,41060120.0,2,2,1,10,KNOWN_EXACT,802,NOT_APPLICABLE_RBW_ONLY,0,0,10,0.0,,10.0,10.0,0,10,10,CORE_STRICT_COUNT,RBW_ONLY_AGGREGATED_UNTIMED,4.50406593140805
41176431,41176430.0,1,1,606,606,NOT_OBSERVED_PAPI,807,KNOWN_ZERO_BELOW_PAPI_DETAIL_CAP,2,2,2,2.0,,,2.0,2,0,2,CORE_STRICT_COUNT,DIRECT_REPORTED_CHAIN_COMPLETE,4.70306903333447
41519311,41519310.0,1,1,2,607,EXPLICIT_NO_RBW,808,KNOWN_ZERO_BELOW_CATI_CAWI_DETAIL_CAP,4,4,4,4.0,,,4.0,4,0,4,CORE_STRICT_COUNT,DIRECT_REPORTED_CHAIN_COMPLETE,1.38657571889462
41519312,41519310.0,2,0,206,206,NOT_OBSERVED_PROXY,801,NOT_APPLICABLE_NOT_MOBILE,0,0,0,0.0,,,0.0,0,0,0,CORE_STRICT_COUNT,ZERO_TRIP_COMPLETE,1.52612528937182
41519313,41519310.0,3,1,206,206,NOT_OBSERVED_PROXY,808,KNOWN_ZERO_BELOW_CATI_CAWI_DETAIL_CAP,2,2,2,2.0,,,2.0,2,0,2,CORE_STRICT_COUNT,DIRECT_REPORTED_CHAIN_COMPLETE,3.07529726090614
41539951,41539950.0,1,1,2,607,EXPLICIT_NO_RBW,808,KNOWN_ZERO_BELOW_CATI_CAWI_DETAIL_CAP,4,4,4,4.0,,,4.0,4,0,4,CORE_STRICT_COUNT,DIRECT_REPORTED_CHAIN_COMPLETE,4.37100000464347
41740171,41740170.0,1,1,2,607,EXPLICIT_NO_RBW,808,KNOWN_ZERO_BELOW_CATI_CAWI_DETAIL_CAP,1,1,1,1.0,,,1.0,1,0,1,CORE_STRICT_COUNT,DIRECT_REPORTED_CHAIN_COMPLETE,2.76626586688987
41740172,41740170.0,2,1,2,607,EXPLICIT_NO_RBW,808,KNOWN_ZERO_BELOW_CATI_CAWI_DETAIL_CAP,1,1,1,1.0,,,1.0,1,0,1,CORE_STRICT_COUNT,DIRECT_REPORTED_CHAIN_COMPLETE,2.90892918416668
41740173,41740170.0,3,1,404,404,NOT_APPLICABLE_NOT_EMPLOYED,808,KNOWN_ZERO_BELOW_CATI_CAWI_DETAIL_CAP,1,1,1,1.0,,,1.0,1,0,1,CORE_STRICT_COUNT,DIRECT_REPORTED_CHAIN_COMPLETE,9.91374503378144
41740174,41740170.0,4,1,406,406,NOT_OBSERVED_SECONDARY_EMPLOYMENT,808,KNOWN_ZERO_BELOW_CATI_CAWI_DETAIL_CAP,1,1,1,1.0,,,1.0,1,0,1,CORE_STRICT_COUNT,DIRECT_REPORTED_CHAIN_COMPLETE,3.47214248342495
42034721,42034720.0,1,1,404,404,NOT_APPLICABLE_NOT_EMPLOYED,808,KNOWN_ZERO_BELOW_CATI_CAWI_DETAIL_CAP,3,3,3,3.0,,,3.0,3,0,3,CORE_STRICT_COUNT,DIRECT_REPORTED_CHAIN_COMPLETE,2.24310639249801
42335581,42335580.0,1,0,404,404,NOT_APPLICABLE_NOT_EMPLOYED,801,NOT_APPLICABLE_NOT_MOBILE,0,0,0,0.0,,,0.0,0,0,0,CORE_STRICT_COUNT,ZERO_TRIP_COMPLETE,3.9318014168437
42366401,42366400.0,1,1,2,607,EXPLICIT_NO_RBW,808,KNOWN_ZERO_BELOW_CATI_CAWI_DETAIL_CAP,2,2,2,2.0,,,2.0,2,0,2,CORE_STRICT_COUNT,DIRECT_REPORTED_CHAIN_COMPLETE,6.32584293181676
42522571,42522570.0,1,1,2,607,EXPLICIT_NO_RBW,808,KNOWN_ZERO_BELOW_CATI_CAWI_DETAIL_CAP,5,5,5,5.0,,,5.0,5,0,5,CORE_STRICT_COUNT,DIRECT_REPORTED_CHAIN_COMPLETE,2.43653667199112
42522572,42522570.0,2,1,2,607,EXPLICIT_NO_RBW,808,KNOWN_ZERO_BELOW_CATI_CAWI_DETAIL_CAP,6,6,6,6.0,,,6.0,6,0,6,CORE_STRICT_COUNT,DIRECT_REPORTED_CHAIN_COMPLETE,3.46649791098643
42889081,42889080.0,1,5,404,404,NOT_APPLICABLE_NOT_EMPLOYED,803,UNAVAILABLE_NO_TRIP_PROTOCOL,803,803,803,,,,,0,0,0,EXCLUDED_COUNT_UNOBSERVED,TRIP_DAY_NO_ROWS,3.1014399991934
42956941,42956940.0,1,1,2,607,EXPLICIT_NO_RBW,807,KNOWN_ZERO_BELOW_PAPI_DETAIL_CAP,2,2,2,2.0,,,2.0,2,0,2,CORE_STRICT_COUNT,DIRECT_REPORTED_CHAIN_COMPLETE,3.98471335177001
42956942,42956940.0,2,1,2,607,EXPLICIT_NO_RBW,807,KNOWN_ZERO_BELOW_PAPI_DETAIL_CAP,2,2,2,2.0,,,2.0,2,0,2,CORE_STRICT_COUNT,DIRECT_REPORTED_CHAIN_COMPLETE,5.46973881259498
42956943,42956940.0,3,1,403,403,NOT_APPLICABLE_UNDER_16,807,KNOWN_ZERO_BELOW_PAPI_DETAIL_CAP,2,2,2,2.0,,,2.0,2,0,2,CORE_STRICT_COUNT,DIRECT_REPORTED_CHAIN_COMPLETE,7.15623518684754
42956944,42956940.0,4,1,403,403,NOT_APPLICABLE_UNDER_16,807,KNOWN_ZERO_BELOW_PAPI_DETAIL_CAP,2,2,2,2.0,,,2.0,2,0,2,CORE_STRICT_COUNT,DIRECT_REPORTED_CHAIN_COMPLETE,7.60317620116104
42978191,42978190.0,1,0,602,602,NO_OUT_OF_HOME_ACTIVITY_OR_DOMESTIC_TRIPS,801,NOT_APPLICABLE_NOT_MOBILE,0,0,0,0.0,,,0.0,0,0,0,CORE_STRICT_COUNT,ZERO_TRIP_COMPLETE,2.4861280261715
42978192,42978190.0,2,0,206,206,NOT_OBSERVED_PROXY,801,NOT_APPLICABLE_NOT_MOBILE,0,0,0,0.0,,,0.0,0,0,0,CORE_STRICT_COUNT,ZERO_TRIP_COMPLETE,1.81736403268984
42978193,42978190.0,3,1,206,206,NOT_OBSERVED_PROXY,808,KNOWN_ZERO_BELOW_CATI_CAWI_DETAIL_CAP,2,2,2,2.0,,,2.0,2,0,2,CORE_STRICT_COUNT,DIRECT_REPORTED_CHAIN_COMPLETE,2.35917323270864
43022591,43022590.0,1,1,603,603,OUT_OF_HOME_ACTIVITY_INFO_UNKNOWN,808,KNOWN_ZERO_BELOW_CATI_CAWI_DETAIL_CAP,1,1,1,1.0,,,1.0,1,0,1,CORE_STRICT_COUNT,DIRECT_REPORTED_CHAIN_COMPLETE,2.46171824694347
43071551,43071550.0,1,1,2,607,EXPLICIT_NO_RBW,808,KNOWN_ZERO_BELOW_CATI_CAWI_DETAIL_CAP,4,4,4,4.0,,,4.0,4,0,4,CORE_STRICT_COUNT,DIRECT_REPORTED_CHAIN_COMPLETE,10.0706457614543
43201881,43201880.0,1,1,404,404,NOT_APPLICABLE_NOT_EMPLOYED,808,KNOWN_ZERO_BELOW_CATI_CAWI_DETAIL_CAP,3,3,3,3.0,,,3.0,3,0,3,CORE_STRICT_COUNT,DIRECT_REPORTED_CHAIN_COMPLETE,3.32106560389818
43201882,43201880.0,2,1,2,607,EXPLICIT_NO_RBW,808,KNOWN_ZERO_BELOW_CATI_CAWI_DETAIL_CAP,2,2,2,2.0,,,2.0,2,0,2,CORE_STRICT_COUNT,DIRECT_REPORTED_CHAIN_COMPLETE,2.56824621926899
43381461,43381460.0,1,1,404,404,NOT_APPLICABLE_NOT_EMPLOYED,808,KNOWN_ZERO_BELOW_CATI_CAWI_DETAIL_CAP,3,3,3,3.0,,,3.0,3,0,3,CORE_STRICT_COUNT,DIRECT_REPORTED_CHAIN_COMPLETE,3.9318014168437
43778321,43778320.0,1,1,406,406,NOT_OBSERVED_SECONDARY_EMPLOYMENT,808,KNOWN_ZERO_BELOW_CATI_CAWI_DETAIL_CAP,5,5,5,5.0,,,5.0,5,0,5,CORE_STRICT_COUNT,DIRECT_REPORTED_CHAIN_COMPLETE,7.0553964782975
43778322,43778320.0,2,1,2,607,EXPLICIT_NO_RBW,808,KNOWN_ZERO_BELOW_CATI_CAWI_DETAIL_CAP,2,2,2,2.0,,,2.0,2,0,2,CORE_STRICT_COUNT,DIRECT_REPORTED_CHAIN_COMPLETE,5.63812212934297
43814101,43814100.0,1,1,2,607,EXPLICIT_NO_RBW,808,KNOWN_ZERO_BELOW_CATI_CAWI_DETAIL_CAP,6,6,6,6.0,,,6.0,6,0,6,CORE_STRICT_COUNT,DIRECT_REPORTED_CHAIN_COMPLETE,4.37100000464347
44018621,44018620.0,1,1,404,404,NOT_APPLICABLE_NOT_EMPLOYED,808,KNOWN_ZERO_BELOW_CATI_CAWI_DETAIL_CAP,4,4,4,4.0,,,4.0,4,0,4,CORE_STRICT_COUNT,DIRECT_REPORTED_CHAIN_COMPLETE,7.59639352673536
44053531,44053530.0,1,1,404,404,NOT_APPLICABLE_NOT_EMPLOYED,808,KNOWN_ZERO_BELOW_CATI_CAWI_DETAIL_CAP,2,2,2,2.0,,,2.0,2,0,2,CORE_STRICT_COUNT,DIRECT_REPORTED_CHAIN_COMPLETE,7.48721438974686
44336531,44336530.0,1,5,2,607,EXPLICIT_NO_RBW,803,UNAVAILABLE_NO_TRIP_PROTOCOL,803,803,803,,,,,0,0,0,EXCLUDED_COUNT_UNOBSERVED,TRIP_DAY_NO_ROWS,8.57129150184929
44408491,44408490.0,1,1,2,607,EXPLICIT_NO_RBW,808,KNOWN_ZERO_BELOW_CATI_CAWI_DETAIL_CAP,1,1,1,1.0,,,1.0,1,0,1,CORE_STRICT_COUNT,DIRECT_REPORTED_CHAIN_COMPLETE,4.03634760325601
44413091,44413090.0,1,1,2,607,EXPLICIT_NO_RBW,808,KNOWN_ZERO_BELOW_CATI_CAWI_DETAIL_CAP,3,3,3,3.0,,,3.0,3,0,3,CORE_STRICT_COUNT,DIRECT_REPORTED_CHAIN_COMPLETE,1.60301383566069
44413092,44413090.0,2,1,2,607,EXPLICIT_NO_RBW,808,KNOWN_ZERO_BELOW_CATI_CAWI_DETAIL_CAP,3,3,3,3.0,,,3.0,3,0,3,CORE_STRICT_COUNT,DIRECT_REPORTED_CHAIN_COMPLETE,2.20123907808778
44416951,44416950.0,1,0,602,602,NO_OUT_OF_HOME_ACTIVITY_OR_DOMESTIC_TRIPS,801,NOT_APPLICABLE_NOT_MOBILE,0,0,0,0.0,,,0.0,0,0,0,CORE_STRICT_COUNT,ZERO_TRIP_COMPLETE,3.50168449617806
44657871,44657870.0,1,1,404,404,NOT_APPLICABLE_NOT_EMPLOYED,808,KNOWN_ZERO_BELOW_CATI_CAWI_DETAIL_CAP,2,2,2,2.0,,,2.0,2,0,2,CORE_STRICT_COUNT,DIRECT_REPORTED_CHAIN_COMPLETE,8.5510627912774
44764281,44764280.0,1,1,404,404,NOT_APPLICABLE_NOT_EMPLOYED,808,KNOWN_ZERO_BELOW_CATI_CAWI_DETAIL_CAP,5,5,5,5.0,,,5.0,5,0,5,CORE_STRICT_COUNT,DIRECT_REPORTED_CHAIN_COMPLETE,1.14627072661953
44764282,44764280.0,2,1,404,404,NOT_APPLICABLE_NOT_EMPLOYED,808,KNOWN_ZERO_BELOW_CATI_CAWI_DETAIL_CAP,4,4,4,4.0,,,4.0,4,0,4,CORE_STRICT_COUNT,DIRECT_REPORTED_CHAIN_COMPLETE,1.11496955318986
44962631,44962630.0,1,5,404,404,NOT_APPLICABLE_NOT_EMPLOYED,803,UNAVAILABLE_NO_TRIP_PROTOCOL,803,803,803,,,,,0,0,0,EXCLUDED_COUNT_UNOBSERVED,TRIP_DAY_NO_ROWS,1.05278066806065
45005651,45005650.0,1,1,404,404,NOT_APPLICABLE_NOT_EMPLOYED,808,KNOWN_ZERO_BELOW_CATI_CAWI_DETAIL_CAP,6,6,6,6.0,,,6.0,6,0,6,CORE_STRICT_COUNT,DIRECT_REPORTED_CHAIN_COMPLETE,2.37952070795753
45005652,45005650.0,2,1,2,607,EXPLICIT_NO_RBW,808,KNOWN_ZERO_BELOW_CATI_CAWI_DETAIL_CAP,2,2,2,2.0,,,2.0,2,0,2,CORE_STRICT_COUNT,DIRECT_REPORTED_CHAIN_COMPLETE,3.39692108858214
45080791,45080790.0,1,1,2,607,EXPLICIT_NO_RBW,808,KNOWN_ZERO_BELOW_CATI_CAWI_DETAIL_CAP,4,4,4,4.0,,,4.0,4,0,4,CORE_STRICT_COUNT,DIRECT_REPORTED_CHAIN_COMPLETE,3.70408459714111
45080792,45080790.0,2,1,2,607,EXPLICIT_NO_RBW,808,KNOWN_ZERO_BELOW_CATI_CAWI_DETAIL_CAP,2,2,2,2.0,,,2.0,2,0,2,CORE_STRICT_COUNT,DIRECT_REPORTED_CHAIN_COMPLETE,3.61774200183603
45080793,45080790.0,3,1,403,403,NOT_APPLICABLE_UNDER_16,808,KNOWN_ZERO_BELOW_CATI_CAWI_DETAIL_CAP,4,4,4,4.0,,,4.0,4,0,4,CORE_STRICT_COUNT,DIRECT_REPORTED_CHAIN_COMPLETE,5.32416060550201
45320851,45320850.0,1,1,2,607,EXPLICIT_NO_RBW,808,KNOWN_ZERO_BELOW_CATI_CAWI_DETAIL_CAP,2,2,2,2.0,,,2.0,2,0,2,CORE_STRICT_COUNT,DIRECT_REPORTED_CHAIN_COMPLETE,1.45685759946642
45320852,45320850.0,2,6,404,404,NOT_APPLICABLE_NOT_EMPLOYED,803,UNAVAILABLE_NO_TRIP_PROTOCOL,803,803,803,,,,,0,0,0,EXCLUDED_REPORTING_RISK,NO_TRIP_REPORTING_RISK,0.938852577759697
45320853,45320850.0,3,1,206,206,NOT_OBSERVED_PROXY,808,KNOWN_ZERO_BELOW_CATI_CAWI_DETAIL_CAP,2,2,2,2.0,,,2.0,2,0,2,CORE_STRICT_COUNT,DIRECT_REPORTED_CHAIN_COMPLETE,4.44169137177368
45356151,45356150.0,1,1,2,607,EXPLICIT_NO_RBW,808,KNOWN_ZERO_BELOW_CATI_CAWI_DETAIL_CAP,4,4,4,4.0,,,4.0,4,0,4,CORE_STRICT_COUNT,DIRECT_REPORTED_CHAIN_COMPLETE,0.869086797697787
45356152,45356150.0,2,4,404,404,NOT_APPLICABLE_NOT_EMPLOYED,801,NOT_APPLICABLE_NOT_MOBILE,0,0,0,0.0,,,0.0,0,0,0,EXCLUDED_OUT_OF_SCOPE,OUT_OF_SCOPE_FAR_ABROAD,3.13182453915868
45356153,45356150.0,3,1,403,403,NOT_APPLICABLE_UNDER_16,808,KNOWN_ZERO_BELOW_CATI_CAWI_DETAIL_CAP,2,2,2,2.0,,,2.0,2,0,2,CORE_STRICT_COUNT,DIRECT_REPORTED_CHAIN_COMPLETE,1.94829387971101
45356154,45356150.0,4,1,404,404,NOT_APPLICABLE_NOT_EMPLOYED,808,KNOWN_ZERO_BELOW_CATI_CAWI_DETAIL_CAP,4,4,4,4.0,,,4.0,4,0,4,CORE_STRICT_COUNT,DIRECT_REPORTED_CHAIN_COMPLETE,1.38500894153564
45645051,45645050.0,1,1,2,607,EXPLICIT_NO_RBW,808,KNOWN_ZERO_BELOW_CATI_CAWI_DETAIL_CAP,2,2,2,2.0,,,2.0,2,0,2,CORE_STRICT_COUNT,DIRECT_REPORTED_CHAIN_COMPLETE,1.46289803151975
45645052,45645050.0,2,1,404,404,NOT_APPLICABLE_NOT_EMPLOYED,808,KNOWN_ZERO_BELOW_CATI_CAWI_DETAIL_CAP,2,2,2,2.0,,,2.0,2,0,2,CORE_STRICT_COUNT,DIRECT_REPORTED_CHAIN_COMPLETE,0.846739605866651
45800861,45800860.0,1,0,404,404,NOT_APPLICABLE_NOT_EMPLOYED,801,NOT_APPLICABLE_NOT_MOBILE,0,0,0,0.0,,,0.0,0,0,0,CORE_STRICT_COUNT,ZERO_TRIP_COMPLETE,5.64229560631061
45950291,45950290.0,1,1,404,404,NOT_APPLICABLE_NOT_EMPLOYED,808,KNOWN_ZERO_BELOW_CATI_CAWI_DETAIL_CAP,3,3,3,3.0,,,3.0,3,0,3,CORE_STRICT_COUNT,DIRECT_REPORTED_CHAIN_COMPLETE,2.00784823137133
45950292,45950290.0,2,1,206,206,NOT_OBSERVED_PROXY,808,KNOWN_ZERO_BELOW_CATI_CAWI_DETAIL_CAP,3,3,3,3.0,,,3.0,3,0,3,CORE_STRICT_COUNT,DIRECT_REPORTED_CHAIN_COMPLETE,2.77843059484184
45950293,45950290.0,3,1,403,403,NOT_APPLICABLE_UNDER_16,808,KNOWN_ZERO_BELOW_CATI_CAWI_DETAIL_CAP,3,3,3,3.0,,,3.0,3,0,3,CORE_STRICT_COUNT,DIRECT_REPORTED_CHAIN_COMPLETE,2.8155795727271
45950294,45950290.0,4,1,206,206,NOT_OBSERVED_PROXY,808,KNOWN_ZERO_BELOW_CATI_CAWI_DETAIL_CAP,4,4,4,4.0,,,4.0,4,0,4,CORE_STRICT_COUNT,DIRECT_REPORTED_CHAIN_COMPLETE,2.12371491215903
46052711,46052710.0,1,1,404,404,NOT_APPLICABLE_NOT_EMPLOYED,808,KNOWN_ZERO_BELOW_CATI_CAWI_DETAIL_CAP,2,2,2,2.0,,,2.0,2,0,2,CORE_STRICT_COUNT,DIRECT_REPORTED_CHAIN_COMPLETE,1.95425390426096
46192861,46192860.0,1,1,606,606,NOT_OBSERVED_PAPI,807,KNOWN_ZERO_BELOW_PAPI_DETAIL_CAP,3,3,3,3.0,,,3.0,3,0,3,CORE_STRICT_COUNT,DIRECT_REPORTED_CHAIN_COMPLETE,9.01138034184184
46192862,46192860.0,2,1,606,606,NOT_OBSERVED_PAPI,807,KNOWN_ZERO_BELOW_PAPI_DETAIL_CAP,1,1,1,1.0,,,1.0,1,0,1,CORE_STRICT_COUNT,DIRECT_REPORTED_CHAIN_COMPLETE,2.88502278690755
46244721,46244720.0,1,1,406,406,NOT_OBSERVED_SECONDARY_EMPLOYMENT,808,KNOWN_ZERO_BELOW_CATI_CAWI_DETAIL_CAP,2,2,2,2.0,,,2.0,2,0,2,CORE_STRICT_COUNT,DIRECT_REPORTED_CHAIN_COMPLETE,3.65092676337153
46244722,46244720.0,2,1,206,206,NOT_OBSERVED_PROXY,808,KNOWN_ZERO_BELOW_CATI_CAWI_DETAIL_CAP,2,2,2,2.0,,,2.0,2,0,2,CORE_STRICT_COUNT,DIRECT_REPORTED_CHAIN_COMPLETE,0.866584457956562
46253581,46253580.0,1,1,2,607,EXPLICIT_NO_RBW,808,KNOWN_ZERO_BELOW_CATI_CAWI_DETAIL_CAP,6,6,6,6.0,,,6.0,6,0,6,CORE_STRICT_COUNT,DIRECT_REPORTED_CHAIN_COMPLETE,4.02135365369713
46253582,46253580.0,2,1,206,206,NOT_OBSERVED_PROXY,808,KNOWN_ZERO_BELOW_CATI_CAWI_DETAIL_CAP,2,2,2,2.0,,,2.0,2,0,2,CORE_STRICT_COUNT,DIRECT_REPORTED_CHAIN_COMPLETE,3.99304660244016
46635011,46635010.0,1,1,2,607,EXPLICIT_NO_RBW,808,KNOWN_ZERO_BELOW_CATI_CAWI_DETAIL_CAP,2,2,2,2.0,,,2.0,2,0,2,CORE_STRICT_COUNT,DIRECT_REPORTED_CHAIN_COMPLETE,2.07126822498878
46635012,46635010.0,2,1,2,607,EXPLICIT_NO_RBW,808,KNOWN_ZERO_BELOW_CATI_CAWI_DETAIL_CAP,3,3,3,3.0,,,3.0,3,0,3,CORE_STRICT_COUNT,DIRECT_REPORTED_CHAIN_COMPLETE,5.03659737769357
46635013,46635010.0,3,1,403,403,NOT_APPLICABLE_UNDER_16,808,KNOWN_ZERO_BELOW_CATI_CAWI_DETAIL_CAP,2,2,2,2.0,,,2.0,2,0,2,CORE_STRICT_COUNT,DIRECT_REPORTED_CHAIN_COMPLETE,2.23491506040912
47030011,47030010.0,1,0,602,602,NO_OUT_OF_HOME_ACTIVITY_OR_DOMESTIC_TRIPS,801,NOT_APPLICABLE_NOT_MOBILE,0,0,0,0.0,,,0.0,0,0,0,CORE_STRICT_COUNT,ZERO_TRIP_COMPLETE,5.31052166985883
47501401,47501400.0,1,1,404,404,NOT_APPLICABLE_NOT_EMPLOYED,808,KNOWN_ZERO_BELOW_CATI_CAWI_DETAIL_CAP,2,2,2,2.0,,,2.0,2,0,2,CORE_STRICT_COUNT,DIRECT_REPORTED_CHAIN_COMPLETE,2.06832239220186
47564921,47564920.0,1,5,2,607,EXPLICIT_NO_RBW,803,UNAVAILABLE_NO_TRIP_PROTOCOL,803,803,803,,,,,0,0,0,EXCLUDED_COUNT_UNOBSERVED,TRIP_DAY_NO_ROWS,14.0962499442526
47641571,47641570.0,1,1,404,404,NOT_APPLICABLE_NOT_EMPLOYED,808,KNOWN_ZERO_BELOW_CATI_CAWI_DETAIL_CAP,1,1,1,1.0,,,1.0,1,0,1,CORE_STRICT_COUNT,DIRECT_REPORTED_CHAIN_COMPLETE,5.58041423536824
47727921,47727920.0,1,1,2,607,EXPLICIT_NO_RBW,808,KNOWN_ZERO_BELOW_CATI_CAWI_DETAIL_CAP,7,7,7,7.0,,,7.0,7,0,7,CORE_STRICT_COUNT,DIRECT_REPORTED_CHAIN_COMPLETE,5.51084841623137
47768511,47768510.0,1,1,404,404,NOT_APPLICABLE_NOT_EMPLOYED,808,KNOWN_ZERO_BELOW_CATI_CAWI_DETAIL_CAP,4,4,4,4.0,,,4.0,4,0,4,CORE_STRICT_COUNT,DIRECT_REPORTED_CHAIN_COMPLETE,6.54999181096303
47768512,47768510.0,2,1,2,607,EXPLICIT_NO_RBW,808,KNOWN_ZERO_BELOW_CATI_CAWI_DETAIL_CAP,6,6,6,6.0,,,6.0,6,0,6,CORE_STRICT_COUNT,DIRECT_REPORTED_CHAIN_COMPLETE,2.00465517719339
47781721,47781720.0,1,1,2,607,EXPLICIT_NO_RBW,808,KNOWN_ZERO_BELOW_CATI_CAWI_DETAIL_CAP,5,5,5,5.0,,,5.0,5,0,5,CORE_STRICT_COUNT,DIRECT_REPORTED_CHAIN_COMPLETE,3.52758340568676
47936281,47936280.0,1,1,404,404,NOT_APPLICABLE_NOT_EMPLOYED,808,KNOWN_ZERO_BELOW_CATI_CAWI_DETAIL_CAP,2,2,2,2.0,,,2.0,2,0,2,CORE_STRICT_COUNT,DIRECT_REPORTED_CHAIN_COMPLETE,2.68311725201542
48316481,48316480.0,1,0,404,404,NOT_APPLICABLE_NOT_EMPLOYED,801,NOT_APPLICABLE_NOT_MOBILE,0,0,0,0.0,,,0.0,0,0,0,CORE_STRICT_COUNT,ZERO_TRIP_COMPLETE,2.06583348638614
48316482,48316480.0,2,0,206,206,NOT_OBSERVED_PROXY,801,NOT_APPLICABLE_NOT_MOBILE,0,0,0,0.0,,,0.0,0,0,0,CORE_STRICT_COUNT,ZERO_TRIP_COMPLETE,4.27977909777883
48583551,48583550.0,1,1,404,404,NOT_APPLICABLE_NOT_EMPLOYED,808,KNOWN_ZERO_BELOW_CATI_CAWI_DETAIL_CAP,2,2,2,2.0,,,2.0,2,0,2,CORE_STRICT_COUNT,DIRECT_REPORTED_CHAIN_COMPLETE,3.9318014168437
48587881,48587880.0,1,5,2,607,EXPLICIT_NO_RBW,803,UNAVAILABLE_NO_TRIP_PROTOCOL,803,803,803,,,,,0,0,0,EXCLUDED_COUNT_UNOBSERVED,TRIP_DAY_NO_ROWS,3.50168449617806
48709361,48709360.0,1,2,1,4,KNOWN_EXACT,802,NOT_APPLICABLE_RBW_ONLY,0,0,4,0.0,,4.0,4.0,0,4,4,CORE_STRICT_COUNT,RBW_ONLY_AGGREGATED_UNTIMED,2.49764939200171
48719191,48719190.0,1,0,404,404,NOT_APPLICABLE_NOT_EMPLOYED,801,NOT_APPLICABLE_NOT_MOBILE,0,0,0,0.0,,,0.0,0,0,0,CORE_STRICT_COUNT,ZERO_TRIP_COMPLETE,5.51553957173434
48951311,48951310.0,1,1,2,607,EXPLICIT_NO_RBW,808,KNOWN_ZERO_BELOW_CATI_CAWI_DETAIL_CAP,3,3,3,3.0,,,3.0,3,0,3,CORE_STRICT_COUNT,DIRECT_REPORTED_CHAIN_COMPLETE,7.71086564700451
48951312,48951310.0,2,5,206,206,NOT_OBSERVED_PROXY,803,UNAVAILABLE_NO_TRIP_PROTOCOL,803,803,803,,,,,0,0,0,EXCLUDED_COUNT_UNOBSERVED,TRIP_DAY_NO_ROWS,7.71244169857267
49082711,49082710.0,1,1,2,607,EXPLICIT_NO_RBW,808,KNOWN_ZERO_BELOW_CATI_CAWI_DETAIL_CAP,3,3,3,3.0,,,3.0,3,0,3,CORE_STRICT_COUNT,DIRECT_REPORTED_CHAIN_COMPLETE,5.31865599313201
49213101,49213100.0,1,0,404,404,NOT_APPLICABLE_NOT_EMPLOYED,801,NOT_APPLICABLE_NOT_MOBILE,0,0,0,0.0,,,0.0,0,0,0,CORE_STRICT_COUNT,ZERO_TRIP_COMPLETE,3.19843767364534
49672181,49672180.0,1,1,404,404,NOT_APPLICABLE_NOT_EMPLOYED,808,KNOWN_ZERO_BELOW_CATI_CAWI_DETAIL_CAP,2,2,2,2.0,,,2.0,2,0,2,CORE_STRICT_COUNT,DIRECT_REPORTED_CHAIN_COMPLETE,2.70616051848926
49797151,49797150.0,1,0,404,404,NOT_APPLICABLE_NOT_EMPLOYED,801,NOT_APPLICABLE_NOT_MOBILE,0,0,0,0.0,,,0.0,0,0,0,CORE_STRICT_COUNT,ZERO_TRIP_COMPLETE,2.67648094574817
49887431,49887430.0,1,1,404,404,NOT_APPLICABLE_NOT_EMPLOYED,808,KNOWN_ZERO_BELOW_CATI_CAWI_DETAIL_CAP,5,5,5,5.0,,,5.0,5,0,5,CORE_STRICT_COUNT,DIRECT_REPORTED_CHAIN_COMPLETE,2.67648094574817
49994861,49994860.0,1,1,2,607,EXPLICIT_NO_RBW,808,KNOWN_ZERO_BELOW_CATI_CAWI_DETAIL_CAP,4,4,4,4.0,,,4.0,4,0,4,CORE_STRICT_COUNT,DIRECT_REPORTED_CHAIN_COMPLETE,1.70178257051444
49994862,49994860.0,2,1,206,206,NOT_OBSERVED_PROXY,808,KNOWN_ZERO_BELOW_CATI_CAWI_DETAIL_CAP,2,2,2,2.0,,,2.0,2,0,2,CORE_STRICT_COUNT,DIRECT_REPORTED_CHAIN_COMPLETE,1.11101496350721
50086961,50086960.0,1,1,2,607,EXPLICIT_NO_RBW,808,KNOWN_ZERO_BELOW_CATI_CAWI_DETAIL_CAP,2,2,2,2.0,,,2.0,2,0,2,CORE_STRICT_COUNT,DIRECT_REPORTED_CHAIN_COMPLETE,2.89099990231447
50086962,50086960.0,2,1,206,206,NOT_OBSERVED_PROXY,808,KNOWN_ZERO_BELOW_CATI_CAWI_DETAIL_CAP,2,2,2,2.0,,,2.0,2,0,2,CORE_STRICT_COUNT,DIRECT_REPORTED_CHAIN_COMPLETE,2.10609798848018
50086963,50086960.0,3,1,403,403,NOT_APPLICABLE_UNDER_16,808,KNOWN_ZERO_BELOW_CATI_CAWI_DETAIL_CAP,2,2,2,2.0,,,2.0,2,0,2,CORE_STRICT_COUNT,DIRECT_REPORTED_CHAIN_COMPLETE,3.06240812706408
50086964,50086960.0,4,1,403,403,NOT_APPLICABLE_UNDER_16,808,KNOWN_ZERO_BELOW_CATI_CAWI_DETAIL_CAP,2,2,2,2.0,,,2.0,2,0,2,CORE_STRICT_COUNT,DIRECT_REPORTED_CHAIN_COMPLETE,4.01861631934268
50229511,50229510.0,1,1,404,404,NOT_APPLICABLE_NOT_EMPLOYED,808,KNOWN_ZERO_BELOW_CATI_CAWI_DETAIL_CAP,3,3,3,3.0,,,3.0,3,0,3,CORE_STRICT_COUNT,DIRECT_REPORTED_CHAIN_COMPLETE,4.47547749337125
50304041,50304040.0,1,1,404,404,NOT_APPLICABLE_NOT_EMPLOYED,808,KNOWN_ZERO_BELOW_CATI_CAWI_DETAIL_CAP,4,4,4,4.0,,,4.0,4,0,4,CORE_STRICT_COUNT,DIRECT_REPORTED_CHAIN_COMPLETE,3.9318014168437
50369911,50369910.0,1,1,2,607,EXPLICIT_NO_RBW,808,KNOWN_ZERO_BELOW_CATI_CAWI_DETAIL_CAP,3,3,3,3.0,,,3.0,3,0,3,CORE_STRICT_COUNT,DIRECT_REPORTED_CHAIN_COMPLETE,10.7852124930496
50369912,50369910.0,2,1,206,206,NOT_OBSERVED_PROXY,808,KNOWN_ZERO_BELOW_CATI_CAWI_DETAIL_CAP,4,4,4,4.0,,,4.0,4,0,4,CORE_STRICT_COUNT,DIRECT_REPORTED_CHAIN_COMPLETE,5.88790034803056
50369913,50369910.0,3,1,206,206,NOT_OBSERVED_PROXY,808,KNOWN_ZERO_BELOW_CATI_CAWI_DETAIL_CAP,2,2,2,2.0,,,2.0,2,0,2,CORE_STRICT_COUNT,DIRECT_REPORTED_CHAIN_COMPLETE,5.36085441575688
50374121,50374120.0,1,1,404,404,NOT_APPLICABLE_NOT_EMPLOYED,808,KNOWN_ZERO_BELOW_CATI_CAWI_DETAIL_CAP,4,4,4,4.0,,,4.0,4,0,4,CORE_STRICT_COUNT,DIRECT_REPORTED_CHAIN_COMPLETE,14.759863915235
50443081,50443080.0,1,1,2,607,EXPLICIT_NO_RBW,808,KNOWN_ZERO_BELOW_CATI_CAWI_DETAIL_CAP,3,3,3,3.0,,,3.0,3,0,3,CORE_STRICT_COUNT,DIRECT_REPORTED_CHAIN_COMPLETE,6.13788454683152
50514001,50514000.0,1,3,1,2,KNOWN_EXACT,808,KNOWN_ZERO_BELOW_CATI_CAWI_DETAIL_CAP,2,2,4,2.0,,2.0,4.0,2,2,4,CORE_STRICT_COUNT,MIXED_DIRECT_RBW_UNTIMED,5.03239713768175
50514002,50514000.0,2,1,206,206,NOT_OBSERVED_PROXY,808,KNOWN_ZERO_BELOW_CATI_CAWI_DETAIL_CAP,2,2,2,2.0,,,2.0,2,0,2,CORE_STRICT_COUNT,DIRECT_REPORTED_CHAIN_COMPLETE,2.19119650160737
50515121,50515120.0,1,3,1,2,KNOWN_EXACT,808,KNOWN_ZERO_BELOW_CATI_CAWI_DETAIL_CAP,4,4,6,4.0,,2.0,6.0,4,2,6,CORE_STRICT_COUNT,MIXED_DIRECT_RBW_UNTIMED,2.19742011092344
50515122,50515120.0,2,1,206,206,NOT_OBSERVED_PROXY,808,KNOWN_ZERO_BELOW_CATI_CAWI_DETAIL_CAP,4,4,4,4.0,,,4.0,4,0,4,CORE_STRICT_COUNT,DIRECT_REPORTED_CHAIN_COMPLETE,1.52138346628042
50545251,50545250.0,1,1,2,607,EXPLICIT_NO_RBW,808,KNOWN_ZERO_BELOW_CATI_CAWI_DETAIL_CAP,3,3,3,3.0,,,3.0,3,0,3,CORE_STRICT_COUNT,DIRECT_REPORTED_CHAIN_COMPLETE,2.17187417749524
50545252,50545250.0,2,1,206,206,NOT_OBSERVED_PROXY,808,KNOWN_ZERO_BELOW_CATI_CAWI_DETAIL_CAP,1,1,1,1.0,,,1.0,1,0,1,CORE_STRICT_COUNT,DIRECT_REPORTED_CHAIN_COMPLETE,5.71026627507055
50635221,50635220.0,1,1,2,607,EXPLICIT_NO_RBW,808,KNOWN_ZERO_BELOW_CATI_CAWI_DETAIL_CAP,7,7,7,7.0,,,7.0,7,0,7,CORE_STRICT_COUNT,DIRECT_REPORTED_CHAIN_COMPLETE,3.42276909287814
50685101,50685100.0,1,0,404,404,NOT_APPLICABLE_NOT_EMPLOYED,801,NOT_APPLICABLE_NOT_MOBILE,0,0,0,0.0,,,0.0,0,0,0,CORE_STRICT_COUNT,ZERO_TRIP_COMPLETE,3.78490033674263
50685102,50685100.0,2,1,404,404,NOT_APPLICABLE_NOT_EMPLOYED,808,KNOWN_ZERO_BELOW_CATI_CAWI_DETAIL_CAP,5,5,5,5.0,,,5.0,5,0,5,CORE_STRICT_COUNT,DIRECT_REPORTED_CHAIN_COMPLETE,2.66673330669598
50937211,50937210.0,1,0,602,602,NO_OUT_OF_HOME_ACTIVITY_OR_DOMESTIC_TRIPS,801,NOT_APPLICABLE_NOT_MOBILE,0,0,0,0.0,,,0.0,0,0,0,CORE_STRICT_COUNT,ZERO_TRIP_COMPLETE,3.83032496671695
51021121,51021120.0,1,1,2,607,EXPLICIT_NO_RBW,808,KNOWN_ZERO_BELOW_CATI_CAWI_DETAIL_CAP,2,2,2,2.0,,,2.0,2,0,2,CORE_STRICT_COUNT,DIRECT_REPORTED_CHAIN_COMPLETE,0.831639536627273
51021122,51021120.0,2,1,206,206,NOT_OBSERVED_PROXY,808,KNOWN_ZERO_BELOW_CATI_CAWI_DETAIL_CAP,4,4,4,4.0,,,4.0,4,0,4,CORE_STRICT_COUNT,DIRECT_REPORTED_CHAIN_COMPLETE,0.603982645597216
51021123,51021120.0,3,1,206,206,NOT_OBSERVED_PROXY,808,KNOWN_ZERO_BELOW_CATI_CAWI_DETAIL_CAP,4,4,4,4.0,,,4.0,4,0,4,CORE_STRICT_COUNT,DIRECT_REPORTED_CHAIN_COMPLETE,1.81415057911646
51057661,51057660.0,1,1,2,607,EXPLICIT_NO_RBW,808,KNOWN_ZERO_BELOW_CATI_CAWI_DETAIL_CAP,2,2,2,2.0,,,2.0,2,0,2,CORE_STRICT_COUNT,DIRECT_REPORTED_CHAIN_COMPLETE,12.0461175947177
51077351,51077350.0,1,1,404,404,NOT_APPLICABLE_NOT_EMPLOYED,808,KNOWN_ZERO_BELOW_CATI_CAWI_DETAIL_CAP,2,2,2,2.0,,,2.0,2,0,2,CORE_STRICT_COUNT,DIRECT_REPORTED_CHAIN_COMPLETE,3.19843767364534
51096601,51096600.0,1,1,404,404,NOT_APPLICABLE_NOT_EMPLOYED,808,KNOWN_ZERO_BELOW_CATI_CAWI_DETAIL_CAP,7,7,7,7.0,,,7.0,7,0,7,CORE_STRICT_COUNT,DIRECT_REPORTED_CHAIN_COMPLETE,3.90067155602425
51111021,51111020.0,1,1,206,206,NOT_OBSERVED_PROXY,808,KNOWN_ZERO_BELOW_CATI_CAWI_DETAIL_CAP,2,2,2,2.0,,,2.0,2,0,2,CORE_STRICT_COUNT,DIRECT_REPORTED_CHAIN_COMPLETE,1.83530492066632
51111022,51111020.0,2,1,2,607,EXPLICIT_NO_RBW,808,KNOWN_ZERO_BELOW_CATI_CAWI_DETAIL_CAP,4,4,4,4.0,,,4.0,4,0,4,CORE_STRICT_COUNT,DIRECT_REPORTED_CHAIN_COMPLETE,1.84236559027022
51111023,51111020.0,3,1,404,404,NOT_APPLICABLE_NOT_EMPLOYED,808,KNOWN_ZERO_BELOW_CATI_CAWI_DETAIL_CAP,1,1,1,1.0,,,1.0,1,0,1,CORE_STRICT_COUNT,DIRECT_REPORTED_CHAIN_COMPLETE,5.16157637553921
51111024,51111020.0,4,0,403,403,NOT_APPLICABLE_UNDER_16,801,NOT_APPLICABLE_NOT_MOBILE,0,0,0,0.0,,,0.0,0,0,0,CORE_STRICT_COUNT,ZERO_TRIP_COMPLETE,2.59977867341395
51115311,51115310.0,1,1,404,404,NOT_APPLICABLE_NOT_EMPLOYED,808,KNOWN_ZERO_BELOW_CATI_CAWI_DETAIL_CAP,2,2,2,2.0,,,2.0,2,0,2,CORE_STRICT_COUNT,DIRECT_REPORTED_CHAIN_COMPLETE,2.0350346712259
51210061,51210060.0,1,1,2,607,EXPLICIT_NO_RBW,808,KNOWN_ZERO_BELOW_CATI_CAWI_DETAIL_CAP,4,4,4,4.0,,,4.0,4,0,4,CORE_STRICT_COUNT,DIRECT_REPORTED_CHAIN_COMPLETE,4.39907568840898
51210062,51210060.0,2,1,2,607,EXPLICIT_NO_RBW,808,KNOWN_ZERO_BELOW_CATI_CAWI_DETAIL_CAP,7,7,7,7.0,,,7.0,7,0,7,CORE_STRICT_COUNT,DIRECT_REPORTED_CHAIN_COMPLETE,4.5586708866126
51210063,51210060.0,3,1,403,403,NOT_APPLICABLE_UNDER_16,808,KNOWN_ZERO_BELOW_CATI_CAWI_DETAIL_CAP,5,5,5,5.0,,,5.0,5,0,5,CORE_STRICT_COUNT,DIRECT_REPORTED_CHAIN_COMPLETE,7.72194398468614
51210064,51210060.0,4,1,403,403,NOT_APPLICABLE_UNDER_16,808,KNOWN_ZERO_BELOW_CATI_CAWI_DETAIL_CAP,5,5,5,5.0,,,5.0,5,0,5,CORE_STRICT_COUNT,DIRECT_REPORTED_CHAIN_COMPLETE,7.95247346124749
51460331,51460330.0,1,1,404,404,NOT_APPLICABLE_NOT_EMPLOYED,808,KNOWN_ZERO_BELOW_CATI_CAWI_DETAIL_CAP,2,2,2,2.0,,,2.0,2,0,2,CORE_STRICT_COUNT,DIRECT_REPORTED_CHAIN_COMPLETE,4.76818253562796
51460332,51460330.0,2,1,403,403,NOT_APPLICABLE_UNDER_16,808,KNOWN_ZERO_BELOW_CATI_CAWI_DETAIL_CAP,2,2,2,2.0,,,2.0,2,0,2,CORE_STRICT_COUNT,DIRECT_REPORTED_CHAIN_COMPLETE,6.47403420944949
51460333,51460330.0,3,1,206,206,NOT_OBSERVED_PROXY,808,KNOWN_ZERO_BELOW_CATI_CAWI_DETAIL_CAP,3,3,3,3.0,,,3.0,3,0,3,CORE_STRICT_COUNT,DIRECT_REPORTED_CHAIN_COMPLETE,3.80599809732075
51645351,51645350.0,1,3,1,4,KNOWN_EXACT,808,KNOWN_ZERO_BELOW_CATI_CAWI_DETAIL_CAP,2,2,6,2.0,,4.0,6.0,2,4,6,CORE_STRICT_COUNT,MIXED_DIRECT_RBW_UNTIMED,3.26743691310159
51826771,51826770.0,1,1,404,404,NOT_APPLICABLE_NOT_EMPLOYED,808,KNOWN_ZERO_BELOW_CATI_CAWI_DETAIL_CAP,2,2,2,2.0,,,2.0,2,0,2,CORE_STRICT_COUNT,DIRECT_REPORTED_CHAIN_COMPLETE,3.9318014168437
52052461,52052460.0,1,1,404,404,NOT_APPLICABLE_NOT_EMPLOYED,808,KNOWN_ZERO_BELOW_CATI_CAWI_DETAIL_CAP,1,1,1,1.0,,,1.0,1,0,1,CORE_STRICT_COUNT,DIRECT_REPORTED_CHAIN_COMPLETE,2.70616051848926
52359251,52359250.0,1,1,2,607,EXPLICIT_NO_RBW,808,KNOWN_ZERO_BELOW_CATI_CAWI_DETAIL_CAP,4,4,4,4.0,,,4.0,4,0,4,CORE_STRICT_COUNT,DIRECT_REPORTED_CHAIN_COMPLETE,2.04310532276598
52359252,52359250.0,2,1,206,206,NOT_OBSERVED_PROXY,808,KNOWN_ZERO_BELOW_CATI_CAWI_DETAIL_CAP,3,3,3,3.0,,,3.0,3,0,3,CORE_STRICT_COUNT,DIRECT_REPORTED_CHAIN_COMPLETE,1.74417164584441
52359253,52359250.0,3,1,403,403,NOT_APPLICABLE_UNDER_16,808,KNOWN_ZERO_BELOW_CATI_CAWI_DETAIL_CAP,2,2,2,2.0,,,2.0,2,0,2,CORE_STRICT_COUNT,DIRECT_REPORTED_CHAIN_COMPLETE,3.57455453936461
52359254,52359250.0,4,1,403,403,NOT_APPLICABLE_UNDER_16,808,KNOWN_ZERO_BELOW_CATI_CAWI_DETAIL_CAP,2,2,2,2.0,,,2.0,2,0,2,CORE_STRICT_COUNT,DIRECT_REPORTED_CHAIN_COMPLETE,2.89413578411651
52359255,52359250.0,5,1,403,403,NOT_APPLICABLE_UNDER_16,808,KNOWN_ZERO_BELOW_CATI_CAWI_DETAIL_CAP,4,4,4,4.0,,,4.0,4,0,4,CORE_STRICT_COUNT,DIRECT_REPORTED_CHAIN_COMPLETE,2.89413578411651
52411361,52411360.0,1,3,1,5,KNOWN_EXACT,808,KNOWN_ZERO_BELOW_CATI_CAWI_DETAIL_CAP,4,4,9,4.0,,5.0,9.0,4,5,9,CORE_STRICT_COUNT,MIXED_DIRECT_RBW_UNTIMED,4.48680457916405
52411362,52411360.0,2,1,403,403,NOT_APPLICABLE_UNDER_16,808,KNOWN_ZERO_BELOW_CATI_CAWI_DETAIL_CAP,2,2,2,2.0,,,2.0,2,0,2,CORE_STRICT_COUNT,DIRECT_REPORTED_CHAIN_COMPLETE,6.3557279912113
52549393,52549390.0,3,5,2,607,EXPLICIT_NO_RBW,803,UNAVAILABLE_NO_TRIP_PROTOCOL,803,803,803,,,,,0,0,0,EXCLUDED_COUNT_UNOBSERVED,TRIP_DAY_NO_ROWS,6.07137843081232
52667011,52667010.0,1,1,2,607,EXPLICIT_NO_RBW,808,KNOWN_ZERO_BELOW_CATI_CAWI_DETAIL_CAP,2,2,2,2.0,,,2.0,2,0,2,CORE_STRICT_COUNT,DIRECT_REPORTED_CHAIN_COMPLETE,6.07137843081232
52834511,52834510.0,1,1,2,607,EXPLICIT_NO_RBW,808,KNOWN_ZERO_BELOW_CATI_CAWI_DETAIL_CAP,6,6,6,6.0,,,6.0,6,0,6,CORE_STRICT_COUNT,DIRECT_REPORTED_CHAIN_COMPLETE,1.74173287363479
52834512,52834510.0,2,1,2,607,EXPLICIT_NO_RBW,808,KNOWN_ZERO_BELOW_CATI_CAWI_DETAIL_CAP,2,2,2,2.0,,,2.0,2,0,2,CORE_STRICT_COUNT,DIRECT_REPORTED_CHAIN_COMPLETE,1.65631264721082
52853811,52853810.0,1,5,404,404,NOT_APPLICABLE_NOT_EMPLOYED,803,UNAVAILABLE_NO_TRIP_PROTOCOL,803,803,803,,,,,0,0,0,EXCLUDED_COUNT_UNOBSERVED,TRIP_DAY_NO_ROWS,2.88843934897403
52859711,52859710.0,1,0,602,602,NO_OUT_OF_HOME_ACTIVITY_OR_DOMESTIC_TRIPS,801,NOT_APPLICABLE_NOT_MOBILE,0,0,0,0.0,,,0.0,0,0,0,CORE_STRICT_COUNT,ZERO_TRIP_COMPLETE,3.8850830192331
53095641,53095640.0,1,0,404,404,NOT_APPLICABLE_NOT_EMPLOYED,801,NOT_APPLICABLE_NOT_MOBILE,0,0,0,0.0,,,0.0,0,0,0,CORE_STRICT_COUNT,ZERO_TRIP_COMPLETE,1.58290315071853
53095642,53095640.0,2,1,206,206,NOT_OBSERVED_PROXY,808,KNOWN_ZERO_BELOW_CATI_CAWI_DETAIL_CAP,2,2,2,2.0,,,2.0,2,0,2,CORE_STRICT_COUNT,DIRECT_REPORTED_CHAIN_COMPLETE,3.85769810553382
53246271,53246270.0,1,1,404,404,NOT_APPLICABLE_NOT_EMPLOYED,808,KNOWN_ZERO_BELOW_CATI_CAWI_DETAIL_CAP,3,3,3,3.0,,,3.0,3,0,3,CORE_STRICT_COUNT,DIRECT_REPORTED_CHAIN_COMPLETE,1.7366583614055
53246272,53246270.0,2,1,206,206,NOT_OBSERVED_PROXY,808,KNOWN_ZERO_BELOW_CATI_CAWI_DETAIL_CAP,5,5,5,5.0,,,5.0,5,0,5,CORE_STRICT_COUNT,DIRECT_REPORTED_CHAIN_COMPLETE,0.860293128716808
53304731,53304730.0,1,1,404,404,NOT_APPLICABLE_NOT_EMPLOYED,808,KNOWN_ZERO_BELOW_CATI_CAWI_DETAIL_CAP,4,4,4,4.0,,,4.0,4,0,4,CORE_STRICT_COUNT,DIRECT_REPORTED_CHAIN_COMPLETE,3.12635636557179
53356791,53356790.0,1,1,406,406,NOT_OBSERVED_SECONDARY_EMPLOYMENT,808,KNOWN_ZERO_BELOW_CATI_CAWI_DETAIL_CAP,4,4,4,4.0,,,4.0,4,0,4,CORE_STRICT_COUNT,DIRECT_REPORTED_CHAIN_COMPLETE,2.45540081448937
53369671,53369670.0,1,1,404,404,NOT_APPLICABLE_NOT_EMPLOYED,808,KNOWN_ZERO_BELOW_CATI_CAWI_DETAIL_CAP,2,2,2,2.0,,,2.0,2,0,2,CORE_STRICT_COUNT,DIRECT_REPORTED_CHAIN_COMPLETE,4.27140080131526
53369672,53369670.0,2,1,2,607,EXPLICIT_NO_RBW,808,KNOWN_ZERO_BELOW_CATI_CAWI_DETAIL_CAP,2,2,2,2.0,,,2.0,2,0,2,CORE_STRICT_COUNT,DIRECT_REPORTED_CHAIN_COMPLETE,1.85270490619563
53382651,53382650.0,1,0,406,406,NOT_OBSERVED_SECONDARY_EMPLOYMENT,801,NOT_APPLICABLE_NOT_MOBILE,0,0,0,0.0,,,0.0,0,0,0,CORE_STRICT_COUNT,ZERO_TRIP_COMPLETE,3.34788754875341
53382652,53382650.0,2,1,404,404,NOT_APPLICABLE_NOT_EMPLOYED,808,KNOWN_ZERO_BELOW_CATI_CAWI_DETAIL_CAP,2,2,2,2.0,,,2.0,2,0,2,CORE_STRICT_COUNT,DIRECT_REPORTED_CHAIN_COMPLETE,2.62615935881183
54033841,54033840.0,1,1,406,406,NOT_OBSERVED_SECONDARY_EMPLOYMENT,808,KNOWN_ZERO_BELOW_CATI_CAWI_DETAIL_CAP,5,5,5,5.0,,,5.0,5,0,5,CORE_STRICT_COUNT,DIRECT_REPORTED_CHAIN_COMPLETE,6.55643423004195
54200241,54200240.0,1,1,404,404,NOT_APPLICABLE_NOT_EMPLOYED,808,KNOWN_ZERO_BELOW_CATI_CAWI_DETAIL_CAP,7,7,7,7.0,,,7.0,7,0,7,CORE_STRICT_COUNT,DIRECT_REPORTED_CHAIN_COMPLETE,3.38005745116239
54200242,54200240.0,2,1,206,206,NOT_OBSERVED_PROXY,808,KNOWN_ZERO_BELOW_CATI_CAWI_DETAIL_CAP,5,5,5,5.0,,,5.0,5,0,5,CORE_STRICT_COUNT,DIRECT_REPORTED_CHAIN_COMPLETE,1.22167972605234
54244931,54244930.0,1,1,404,404,NOT_APPLICABLE_NOT_EMPLOYED,808,KNOWN_ZERO_BELOW_CATI_CAWI_DETAIL_CAP,4,4,4,4.0,,,4.0,4,0,4,CORE_STRICT_COUNT,DIRECT_REPORTED_CHAIN_COMPLETE,3.9318014168437
54286391,54286390.0,1,5,2,607,EXPLICIT_NO_RBW,803,UNAVAILABLE_NO_TRIP_PROTOCOL,803,803,803,,,,,0,0,0,EXCLUDED_COUNT_UNOBSERVED,TRIP_DAY_NO_ROWS,3.07512678957009
54362201,54362200.0,1,1,404,404,NOT_APPLICABLE_NOT_EMPLOYED,808,KNOWN_ZERO_BELOW_CATI_CAWI_DETAIL_CAP,4,4,4,4.0,,,4.0,4,0,4,CORE_STRICT_COUNT,DIRECT_REPORTED_CHAIN_COMPLETE,1.69731458394892
54362202,54362200.0,2,1,206,206,NOT_OBSERVED_PROXY,808,KNOWN_ZERO_BELOW_CATI_CAWI_DETAIL_CAP,4,4,4,4.0,,,4.0,4,0,4,CORE_STRICT_COUNT,DIRECT_REPORTED_CHAIN_COMPLETE,0.739634513481392
54455421,54455420.0,1,1,406,406,NOT_OBSERVED_SECONDARY_EMPLOYMENT,808,KNOWN_ZERO_BELOW_CATI_CAWI_DETAIL_CAP,5,5,5,5.0,,,5.0,5,0,5,CORE_STRICT_COUNT,DIRECT_REPORTED_CHAIN_COMPLETE,4.4090201213689
54455422,54455420.0,2,1,206,206,NOT_OBSERVED_PROXY,808,KNOWN_ZERO_BELOW_CATI_CAWI_DETAIL_CAP,2,2,2,2.0,,,2.0,2,0,2,CORE_STRICT_COUNT,DIRECT_REPORTED_CHAIN_COMPLETE,5.62071890915733
54457141,54457140.0,1,5,2,607,EXPLICIT_NO_RBW,803,UNAVAILABLE_NO_TRIP_PROTOCOL,803,803,803,,,,,0,0,0,EXCLUDED_COUNT_UNOBSERVED,TRIP_DAY_NO_ROWS,6.13788454683152
54670601,54670600.0,1,1,606,606,NOT_OBSERVED_PAPI,807,KNOWN_ZERO_BELOW_PAPI_DETAIL_CAP,2,2,2,2.0,,,2.0,2,0,2,CORE_STRICT_COUNT,DIRECT_REPORTED_CHAIN_COMPLETE,10.6759931918152
54825291,54825290.0,1,5,2,607,EXPLICIT_NO_RBW,803,UNAVAILABLE_NO_TRIP_PROTOCOL,803,803,803,,,,,0,0,0,EXCLUDED_COUNT_UNOBSERVED,TRIP_DAY_NO_ROWS,5.99998701653939
55051131,55051130.0,1,1,404,404,NOT_APPLICABLE_NOT_EMPLOYED,808,KNOWN_ZERO_BELOW_CATI_CAWI_DETAIL_CAP,6,6,6,6.0,,,6.0,6,0,6,CORE_STRICT_COUNT,DIRECT_REPORTED_CHAIN_COMPLETE,3.9318014168437
55288681,55288680.0,1,1,2,607,EXPLICIT_NO_RBW,808,KNOWN_ZERO_BELOW_CATI_CAWI_DETAIL_CAP,1,1,1,1.0,,,1.0,1,0,1,CORE_STRICT_COUNT,DIRECT_REPORTED_CHAIN_COMPLETE,2.39328780302974
55288682,55288680.0,2,1,206,206,NOT_OBSERVED_PROXY,808,KNOWN_ZERO_BELOW_CATI_CAWI_DETAIL_CAP,1,1,1,1.0,,,1.0,1,0,1,CORE_STRICT_COUNT,DIRECT_REPORTED_CHAIN_COMPLETE,3.28521979633167
55288683,55288680.0,3,1,206,206,NOT_OBSERVED_PROXY,808,KNOWN_ZERO_BELOW_CATI_CAWI_DETAIL_CAP,1,1,1,1.0,,,1.0,1,0,1,CORE_STRICT_COUNT,DIRECT_REPORTED_CHAIN_COMPLETE,3.4800014332147
55288684,55288680.0,4,0,206,206,NOT_OBSERVED_PROXY,801,NOT_APPLICABLE_NOT_MOBILE,0,0,0,0.0,,,0.0,0,0,0,CORE_STRICT_COUNT,ZERO_TRIP_COMPLETE,4.2055207547706
55308011,55308010.0,1,1,2,607,EXPLICIT_NO_RBW,808,KNOWN_ZERO_BELOW_CATI_CAWI_DETAIL_CAP,2,2,2,2.0,,,2.0,2,0,2,CORE_STRICT_COUNT,DIRECT_REPORTED_CHAIN_COMPLETE,6.40452037090506
55308012,55308010.0,2,0,206,206,NOT_OBSERVED_PROXY,801,NOT_APPLICABLE_NOT_MOBILE,0,0,0,0.0,,,0.0,0,0,0,CORE_STRICT_COUNT,ZERO_TRIP_COMPLETE,2.23776679712178
55308013,55308010.0,3,1,406,406,NOT_OBSERVED_SECONDARY_EMPLOYMENT,808,KNOWN_ZERO_BELOW_CATI_CAWI_DETAIL_CAP,3,3,3,3.0,,,3.0,3,0,3,CORE_STRICT_COUNT,DIRECT_REPORTED_CHAIN_COMPLETE,3.82788383803078
55340831,55340830.0,1,3,1,8,KNOWN_EXACT,808,KNOWN_ZERO_BELOW_CATI_CAWI_DETAIL_CAP,2,2,10,2.0,,8.0,10.0,2,8,10,CORE_STRICT_COUNT,MIXED_DIRECT_RBW_UNTIMED,3.50464274867462
55451161,55451160.0,1,0,602,602,NO_OUT_OF_HOME_ACTIVITY_OR_DOMESTIC_TRIPS,801,NOT_APPLICABLE_NOT_MOBILE,0,0,0,0.0,,,0.0,0,0,0,CORE_STRICT_COUNT,ZERO_TRIP_COMPLETE,3.50168449617806
55512611,55512610.0,1,6,602,602,NO_OUT_OF_HOME_ACTIVITY_OR_DOMESTIC_TRIPS,803,UNAVAILABLE_NO_TRIP_PROTOCOL,803,803,803,,,,,0,0,0,EXCLUDED_REPORTING_RISK,NO_TRIP_REPORTING_RISK,6.4802129232766
55677712,55677710.0,2,1,2,607,EXPLICIT_NO_RBW,808,KNOWN_ZERO_BELOW_CATI_CAWI_DETAIL_CAP,2,2,2,2.0,,,2.0,2,0,2,CORE_STRICT_COUNT,DIRECT_REPORTED_CHAIN_COMPLETE,2.07020875786762
55690011,55690010.0,1,1,2,607,EXPLICIT_NO_RBW,808,KNOWN_ZERO_BELOW_CATI_CAWI_DETAIL_CAP,4,4,4,4.0,,,4.0,4,0,4,CORE_STRICT_COUNT,DIRECT_REPORTED_CHAIN_COMPLETE,6.42559606875433
55690012,55690010.0,2,1,206,206,NOT_OBSERVED_PROXY,808,KNOWN_ZERO_BELOW_CATI_CAWI_DETAIL_CAP,4,4,4,4.0,,,4.0,4,0,4,CORE_STRICT_COUNT,DIRECT_REPORTED_CHAIN_COMPLETE,4.85108444426356
55706881,55706880.0,1,1,2,607,EXPLICIT_NO_RBW,808,KNOWN_ZERO_BELOW_CATI_CAWI_DETAIL_CAP,6,6,6,6.0,,,6.0,6,0,6,CORE_STRICT_COUNT,DIRECT_REPORTED_CHAIN_COMPLETE,3.37535960132696
55706882,55706880.0,2,1,206,206,NOT_OBSERVED_PROXY,808,KNOWN_ZERO_BELOW_CATI_CAWI_DETAIL_CAP,4,4,4,4.0,,,4.0,4,0,4,CORE_STRICT_COUNT,DIRECT_REPORTED_CHAIN_COMPLETE,2.0249652609877
56399671,56399670.0,1,1,2,607,EXPLICIT_NO_RBW,808,KNOWN_ZERO_BELOW_CATI_CAWI_DETAIL_CAP,2,2,2,2.0,,,2.0,2,0,2,CORE_STRICT_COUNT,DIRECT_REPORTED_CHAIN_COMPLETE,3.76541033687189
56399672,56399670.0,2,1,206,206,NOT_OBSERVED_PROXY,808,KNOWN_ZERO_BELOW_CATI_CAWI_DETAIL_CAP,2,2,2,2.0,,,2.0,2,0,2,CORE_STRICT_COUNT,DIRECT_REPORTED_CHAIN_COMPLETE,1.91979218863584
56399673,56399670.0,3,0,403,403,NOT_APPLICABLE_UNDER_16,801,NOT_APPLICABLE_NOT_MOBILE,0,0,0,0.0,,,0.0,0,0,0,CORE_STRICT_COUNT,ZERO_TRIP_COMPLETE,3.19910803520377
56526791,56526790.0,1,1,406,406,NOT_OBSERVED_SECONDARY_EMPLOYMENT,808,KNOWN_ZERO_BELOW_CATI_CAWI_DETAIL_CAP,2,2,2,2.0,,,2.0,2,0,2,CORE_STRICT_COUNT,DIRECT_REPORTED_CHAIN_COMPLETE,7.26761462118277
56600301,56600300.0,1,3,1,3,KNOWN_EXACT,808,KNOWN_ZERO_BELOW_CATI_CAWI_DETAIL_CAP,4,4,7,4.0,,3.0,7.0,4,3,7,CORE_STRICT_COUNT,MIXED_DIRECT_RBW_UNTIMED,3.56800461042549
56618271,56618270.0,1,1,404,404,NOT_APPLICABLE_NOT_EMPLOYED,808,KNOWN_ZERO_BELOW_CATI_CAWI_DETAIL_CAP,1,1,1,1.0,,,1.0,1,0,1,CORE_STRICT_COUNT,DIRECT_REPORTED_CHAIN_COMPLETE,2.24310639249801
56684521,56684520.0,1,1,2,607,EXPLICIT_NO_RBW,808,KNOWN_ZERO_BELOW_CATI_CAWI_DETAIL_CAP,3,3,3,3.0,,,3.0,3,0,3,CORE_STRICT_COUNT,DIRECT_REPORTED_CHAIN_COMPLETE,7.66165353046057
56684871,56684870.0,1,1,2,607,EXPLICIT_NO_RBW,808,KNOWN_ZERO_BELOW_CATI_CAWI_DETAIL_CAP,7,7,7,7.0,,,7.0,7,0,7,CORE_STRICT_COUNT,DIRECT_REPORTED_CHAIN_COMPLETE,4.5586708866126
56730562,56730560.0,2,6,602,602,NO_OUT_OF_HOME_ACTIVITY_OR_DOMESTIC_TRIPS,803,UNAVAILABLE_NO_TRIP_PROTOCOL,803,803,803,,,,,0,0,0,EXCLUDED_REPORTING_RISK,NO_TRIP_REPORTING_RISK,0.371821396883023
56747141,56747140.0,1,1,2,607,EXPLICIT_NO_RBW,9,KNOWN_POSITIVE_UNDETAILED,12,21,21,12.0,9.0,,21.0,12,0,12,CORE_STRICT_COUNT,DIRECT_ROWS_PLUS_UNDETAILED_TRIPS,6.4802129232766
56788141,56788140.0,1,1,404,404,NOT_APPLICABLE_NOT_EMPLOYED,808,KNOWN_ZERO_BELOW_CATI_CAWI_DETAIL_CAP,3,3,3,3.0,,,3.0,3,0,3,CORE_STRICT_COUNT,DIRECT_REPORTED_CHAIN_COMPLETE,2.24310639249801
56809051,56809050.0,1,1,404,404,NOT_APPLICABLE_NOT_EMPLOYED,808,KNOWN_ZERO_BELOW_CATI_CAWI_DETAIL_CAP,7,7,7,7.0,,,7.0,7,0,7,CORE_STRICT_COUNT,DIRECT_REPORTED_CHAIN_COMPLETE,2.92929176499026
56809052,56809050.0,2,1,206,206,NOT_OBSERVED_PROXY,808,KNOWN_ZERO_BELOW_CATI_CAWI_DETAIL_CAP,2,2,2,2.0,,,2.0,2,0,2,CORE_STRICT_COUNT,DIRECT_REPORTED_CHAIN_COMPLETE,2.26527970171428
56990471,56990470.0,1,3,1,3,KNOWN_EXACT,808,KNOWN_ZERO_BELOW_CATI_CAWI_DETAIL_CAP,6,6,9,6.0,,3.0,9.0,6,3,9,CORE_STRICT_COUNT,MIXED_DIRECT_RBW_UNTIMED,1.1724050988515
56990472,56990470.0,2,1,206,206,NOT_OBSERVED_PROXY,808,KNOWN_ZERO_BELOW_CATI_CAWI_DETAIL_CAP,4,4,4,4.0,,,4.0,4,0,4,CORE_STRICT_COUNT,DIRECT_REPORTED_CHAIN_COMPLETE,1.26339147917703
56996631,56996630.0,1,1,404,404,NOT_APPLICABLE_NOT_EMPLOYED,808,KNOWN_ZERO_BELOW_CATI_CAWI_DETAIL_CAP,4,4,4,4.0,,,4.0,4,0,4,CORE_STRICT_COUNT,DIRECT_REPORTED_CHAIN_COMPLETE,2.18434889217614
56996632,56996630.0,2,1,206,206,NOT_OBSERVED_PROXY,808,KNOWN_ZERO_BELOW_CATI_CAWI_DETAIL_CAP,4,4,4,4.0,,,4.0,4,0,4,CORE_STRICT_COUNT,DIRECT_REPORTED_CHAIN_COMPLETE,2.48639319949494
57289481,57289480.0,1,0,404,404,NOT_APPLICABLE_NOT_EMPLOYED,801,NOT_APPLICABLE_NOT_MOBILE,0,0,0,0.0,,,0.0,0,0,0,CORE_STRICT_COUNT,ZERO_TRIP_COMPLETE,1.96319896765467
57289482,57289480.0,2,1,206,206,NOT_OBSERVED_PROXY,808,KNOWN_ZERO_BELOW_CATI_CAWI_DETAIL_CAP,2,2,2,2.0,,,2.0,2,0,2,CORE_STRICT_COUNT,DIRECT_REPORTED_CHAIN_COMPLETE,1.16328508056176
57402101,57402100.0,1,1,404,404,NOT_APPLICABLE_NOT_EMPLOYED,808,KNOWN_ZERO_BELOW_CATI_CAWI_DETAIL_CAP,4,4,4,4.0,,,4.0,4,0,4,CORE_STRICT_COUNT,DIRECT_REPORTED_CHAIN_COMPLETE,7.80927949788967
57402102,57402100.0,2,1,206,206,NOT_OBSERVED_PROXY,808,KNOWN_ZERO_BELOW_CATI_CAWI_DETAIL_CAP,4,4,4,4.0,,,4.0,4,0,4,CORE_STRICT_COUNT,DIRECT_REPORTED_CHAIN_COMPLETE,9.40318710748829
57402103,57402100.0,3,1,403,403,NOT_APPLICABLE_UNDER_16,808,KNOWN_ZERO_BELOW_CATI_CAWI_DETAIL_CAP,6,6,6,6.0,,,6.0,6,0,6,CORE_STRICT_COUNT,DIRECT_REPORTED_CHAIN_COMPLETE,7.84997596402908
57448501,57448500.0,1,1,404,404,NOT_APPLICABLE_NOT_EMPLOYED,808,KNOWN_ZERO_BELOW_CATI_CAWI_DETAIL_CAP,6,6,6,6.0,,,6.0,6,0,6,CORE_STRICT_COUNT,DIRECT_REPORTED_CHAIN_COMPLETE,2.24310639249801
57475931,57475930.0,1,1,404,404,NOT_APPLICABLE_NOT_EMPLOYED,808,KNOWN_ZERO_BELOW_CATI_CAWI_DETAIL_CAP,6,6,6,6.0,,,6.0,6,0,6,CORE_STRICT_COUNT,DIRECT_REPORTED_CHAIN_COMPLETE,0.418598024682868
57475932,57475930.0,2,1,404,404,NOT_APPLICABLE_NOT_EMPLOYED,808,KNOWN_ZERO_BELOW_CATI_CAWI_DETAIL_CAP,3,3,3,3.0,,,3.0,3,0,3,CORE_STRICT_COUNT,DIRECT_REPORTED_CHAIN_COMPLETE,0.346971252679928
57530511,57530510.0,1,5,2,607,EXPLICIT_NO_RBW,803,UNAVAILABLE_NO_TRIP_PROTOCOL,803,803,803,,,,,0,0,0,EXCLUDED_COUNT_UNOBSERVED,TRIP_DAY_NO_ROWS,4.5586708866126
57534231,57534230.0,1,1,404,404,NOT_APPLICABLE_NOT_EMPLOYED,808,KNOWN_ZERO_BELOW_CATI_CAWI_DETAIL_CAP,2,2,2,2.0,,,2.0,2,0,2,CORE_STRICT_COUNT,DIRECT_REPORTED_CHAIN_COMPLETE,3.9318014168437
57599951,57599950.0,1,2,1,8,KNOWN_EXACT,802,NOT_APPLICABLE_RBW_ONLY,0,0,8,0.0,,8.0,8.0,0,8,8,CORE_STRICT_COUNT,RBW_ONLY_AGGREGATED_UNTIMED,2.29118183693132
57599952,57599950.0,2,2,1,6,KNOWN_EXACT,802,NOT_APPLICABLE_RBW_ONLY,0,0,6,0.0,,6.0,6.0,0,6,6,CORE_STRICT_COUNT,RBW_ONLY_AGGREGATED_UNTIMED,3.61695753711246
57608371,57608370.0,1,1,606,606,NOT_OBSERVED_PAPI,807,KNOWN_ZERO_BELOW_PAPI_DETAIL_CAP,5,5,5,5.0,,,5.0,5,0,5,CORE_STRICT_COUNT,DIRECT_REPORTED_CHAIN_COMPLETE,3.19843767364534
57720211,57720210.0,1,1,404,404,NOT_APPLICABLE_NOT_EMPLOYED,808,KNOWN_ZERO_BELOW_CATI_CAWI_DETAIL_CAP,5,5,5,5.0,,,5.0,5,0,5,CORE_STRICT_COUNT,DIRECT_REPORTED_CHAIN_COMPLETE,10.7425584258511
57720212,57720210.0,2,1,403,403,NOT_APPLICABLE_UNDER_16,808,KNOWN_ZERO_BELOW_CATI_CAWI_DETAIL_CAP,2,2,2,2.0,,,2.0,2,0,2,CORE_STRICT_COUNT,DIRECT_REPORTED_CHAIN_COMPLETE,6.3557279912113
57789511,57789510.0,1,1,2,607,EXPLICIT_NO_RBW,808,KNOWN_ZERO_BELOW_CATI_CAWI_DETAIL_CAP,2,2,2,2.0,,,2.0,2,0,2,CORE_STRICT_COUNT,DIRECT_REPORTED_CHAIN_COMPLETE,4.94042859084323
57862701,57862700.0,1,1,2,607,EXPLICIT_NO_RBW,808,KNOWN_ZERO_BELOW_CATI_CAWI_DETAIL_CAP,3,3,3,3.0,,,3.0,3,0,3,CORE_STRICT_COUNT,DIRECT_REPORTED_CHAIN_COMPLETE,2.41750536338732
57862702,57862700.0,2,1,206,206,NOT_OBSERVED_PROXY,808,KNOWN_ZERO_BELOW_CATI_CAWI_DETAIL_CAP,2,2,2,2.0,,,2.0,2,0,2,CORE_STRICT_COUNT,DIRECT_REPORTED_CHAIN_COMPLETE,2.37818476064649
58369382,58369380.0,2,1,2,607,EXPLICIT_NO_RBW,808,KNOWN_ZERO_BELOW_CATI_CAWI_DETAIL_CAP,2,2,2,2.0,,,2.0,2,0,2,CORE_STRICT_COUNT,DIRECT_REPORTED_CHAIN_COMPLETE,3.52101160154023
58527521,58527520.0,1,1,606,606,NOT_OBSERVED_PAPI,807,KNOWN_ZERO_BELOW_PAPI_DETAIL_CAP,2,2,2,2.0,,,2.0,2,0,2,CORE_STRICT_COUNT,DIRECT_REPORTED_CHAIN_COMPLETE,4.52811877954232
58658591,58658590.0,1,1,2,607,EXPLICIT_NO_RBW,808,KNOWN_ZERO_BELOW_CATI_CAWI_DETAIL_CAP,7,7,7,7.0,,,7.0,7,0,7,CORE_STRICT_COUNT,DIRECT_REPORTED_CHAIN_COMPLETE,2.94240489668202
58658592,58658590.0,2,1,206,206,NOT_OBSERVED_PROXY,808,KNOWN_ZERO_BELOW_CATI_CAWI_DETAIL_CAP,6,6,6,6.0,,,6.0,6,0,6,CORE_STRICT_COUNT,DIRECT_REPORTED_CHAIN_COMPLETE,3.56560230831371
58658593,58658590.0,3,1,206,206,NOT_OBSERVED_PROXY,808,KNOWN_ZERO_BELOW_CATI_CAWI_DETAIL_CAP,4,4,4,4.0,,,4.0,4,0,4,CORE_STRICT_COUNT,DIRECT_REPORTED_CHAIN_COMPLETE,6.2382686661972
58795321,58795320.0,1,1,404,404,NOT_APPLICABLE_NOT_EMPLOYED,808,KNOWN_ZERO_BELOW_CATI_CAWI_DETAIL_CAP,4,4,4,4.0,,,4.0,4,0,4,CORE_STRICT_COUNT,DIRECT_REPORTED_CHAIN_COMPLETE,3.19843767364534
58806911,58806910.0,1,1,2,607,EXPLICIT_NO_RBW,808,KNOWN_ZERO_BELOW_CATI_CAWI_DETAIL_CAP,5,5,5,5.0,,,5.0,5,0,5,CORE_STRICT_COUNT,DIRECT_REPORTED_CHAIN_COMPLETE,9.32335283178073
58806912,58806910.0,2,1,2,607,EXPLICIT_NO_RBW,808,KNOWN_ZERO_BELOW_CATI_CAWI_DETAIL_CAP,2,2,2,2.0,,,2.0,2,0,2,CORE_STRICT_COUNT,DIRECT_REPORTED_CHAIN_COMPLETE,3.8850830192331
58806913,58806910.0,3,1,403,403,NOT_APPLICABLE_UNDER_16,808,KNOWN_ZERO_BELOW_CATI_CAWI_DETAIL_CAP,2,2,2,2.0,,,2.0,2,0,2,CORE_STRICT_COUNT,DIRECT_REPORTED_CHAIN_COMPLETE,7.14432558167317
59060101,59060100.0,1,1,2,607,EXPLICIT_NO_RBW,808,KNOWN_ZERO_BELOW_CATI_CAWI_DETAIL_CAP,4,4,4,4.0,,,4.0,4,0,4,CORE_STRICT_COUNT,DIRECT_REPORTED_CHAIN_COMPLETE,3.8850830192331
59208531,59208530.0,1,1,2,607,EXPLICIT_NO_RBW,808,KNOWN_ZERO_BELOW_CATI_CAWI_DETAIL_CAP,2,2,2,2.0,,,2.0,2,0,2,CORE_STRICT_COUNT,DIRECT_REPORTED_CHAIN_COMPLETE,5.08521383143825
59208532,59208530.0,2,1,406,406,NOT_OBSERVED_SECONDARY_EMPLOYMENT,808,KNOWN_ZERO_BELOW_CATI_CAWI_DETAIL_CAP,4,4,4,4.0,,,4.0,4,0,4,CORE_STRICT_COUNT,DIRECT_REPORTED_CHAIN_COMPLETE,3.40412464400655
59281001,59281000.0,1,1,2,607,EXPLICIT_NO_RBW,808,KNOWN_ZERO_BELOW_CATI_CAWI_DETAIL_CAP,1,1,1,1.0,,,1.0,1,0,1,CORE_STRICT_COUNT,DIRECT_REPORTED_CHAIN_COMPLETE,4.5586708866126
59363021,59363020.0,1,1,404,404,NOT_APPLICABLE_NOT_EMPLOYED,808,KNOWN_ZERO_BELOW_CATI_CAWI_DETAIL_CAP,2,2,2,2.0,,,2.0,2,0,2,CORE_STRICT_COUNT,DIRECT_REPORTED_CHAIN_COMPLETE,2.44972430495749
59363022,59363020.0,2,1,404,404,NOT_APPLICABLE_NOT_EMPLOYED,808,KNOWN_ZERO_BELOW_CATI_CAWI_DETAIL_CAP,2,2,2,2.0,,,2.0,2,0,2,CORE_STRICT_COUNT,DIRECT_REPORTED_CHAIN_COMPLETE,2.12711502547683
59413201,59413200.0,1,1,606,606,NOT_OBSERVED_PAPI,807,KNOWN_ZERO_BELOW_PAPI_DETAIL_CAP,3,3,3,3.0,,,3.0,3,0,3,CORE_STRICT_COUNT,DIRECT_REPORTED_CHAIN_COMPLETE,4.49373970673191
59413202,59413200.0,2,1,606,606,NOT_OBSERVED_PAPI,807,KNOWN_ZERO_BELOW_PAPI_DETAIL_CAP,2,2,2,2.0,,,2.0,2,0,2,CORE_STRICT_COUNT,DIRECT_REPORTED_CHAIN_COMPLETE,6.05005791984247
59612201,59612200.0,1,0,404,404,NOT_APPLICABLE_NOT_EMPLOYED,801,NOT_APPLICABLE_NOT_MOBILE,0,0,0,0.0,,,0.0,0,0,0,CORE_STRICT_COUNT,ZERO_TRIP_COMPLETE,1.64203779556598
59612202,59612200.0,2,1,206,206,NOT_OBSERVED_PROXY,808,KNOWN_ZERO_BELOW_CATI_CAWI_DETAIL_CAP,2,2,2,2.0,,,2.0,2,0,2,CORE_STRICT_COUNT,DIRECT_REPORTED_CHAIN_COMPLETE,0.766225256207472
59612203,59612200.0,3,1,206,206,NOT_OBSERVED_PROXY,808,KNOWN_ZERO_BELOW_CATI_CAWI_DETAIL_CAP,3,3,3,3.0,,,3.0,3,0,3,CORE_STRICT_COUNT,DIRECT_REPORTED_CHAIN_COMPLETE,3.20081767813413
59612204,59612200.0,4,1,206,206,NOT_OBSERVED_PROXY,808,KNOWN_ZERO_BELOW_CATI_CAWI_DETAIL_CAP,4,4,4,4.0,,,4.0,4,0,4,CORE_STRICT_COUNT,DIRECT_REPORTED_CHAIN_COMPLETE,0.990847417123654
59932211,59932210.0,1,1,2,607,EXPLICIT_NO_RBW,808,KNOWN_ZERO_BELOW_CATI_CAWI_DETAIL_CAP,2,2,2,2.0,,,2.0,2,0,2,CORE_STRICT_COUNT,DIRECT_REPORTED_CHAIN_COMPLETE,1.36557472760206
60031791,60031790.0,1,1,2,607,EXPLICIT_NO_RBW,808,KNOWN_ZERO_BELOW_CATI_CAWI_DETAIL_CAP,4,4,4,4.0,,,4.0,4,0,4,CORE_STRICT_COUNT,DIRECT_REPORTED_CHAIN_COMPLETE,2.40370822790428
60031792,60031790.0,2,1,206,206,NOT_OBSERVED_PROXY,808,KNOWN_ZERO_BELOW_CATI_CAWI_DETAIL_CAP,2,2,2,2.0,,,2.0,2,0,2,CORE_STRICT_COUNT,DIRECT_REPORTED_CHAIN_COMPLETE,7.59223867676814
60110281,60110280.0,1,1,2,607,EXPLICIT_NO_RBW,808,KNOWN_ZERO_BELOW_CATI_CAWI_DETAIL_CAP,4,4,4,4.0,,,4.0,4,0,4,CORE_STRICT_COUNT,DIRECT_REPORTED_CHAIN_COMPLETE,1.45401336702218
60110282,60110280.0,2,1,206,206,NOT_OBSERVED_PROXY,808,KNOWN_ZERO_BELOW_CATI_CAWI_DETAIL_CAP,2,2,2,2.0,,,2.0,2,0,2,CORE_STRICT_COUNT,DIRECT_REPORTED_CHAIN_COMPLETE,3.2979103550388
60110283,60110280.0,3,1,206,206,NOT_OBSERVED_PROXY,808,KNOWN_ZERO_BELOW_CATI_CAWI_DETAIL_CAP,3,3,3,3.0,,,3.0,3,0,3,CORE_STRICT_COUNT,DIRECT_REPORTED_CHAIN_COMPLETE,3.64128472503136
60181531,60181530.0,1,1,404,404,NOT_APPLICABLE_NOT_EMPLOYED,808,KNOWN_ZERO_BELOW_CATI_CAWI_DETAIL_CAP,5,5,5,5.0,,,5.0,5,0,5,CORE_STRICT_COUNT,DIRECT_REPORTED_CHAIN_COMPLETE,2.88843934897403
60189061,60189060.0,1,1,404,404,NOT_APPLICABLE_NOT_EMPLOYED,808,KNOWN_ZERO_BELOW_CATI_CAWI_DETAIL_CAP,2,2,2,2.0,,,2.0,2,0,2,CORE_STRICT_COUNT,DIRECT_REPORTED_CHAIN_COMPLETE,3.19843767364534
60292201,60292200.0,1,1,2,607,EXPLICIT_NO_RBW,808,KNOWN_ZERO_BELOW_CATI_CAWI_DETAIL_CAP,6,6,6,6.0,,,6.0,6,0,6,CORE_STRICT_COUNT,DIRECT_REPORTED_CHAIN_COMPLETE,3.21472243930348
60456241,60456240.0,1,1,2,607,EXPLICIT_NO_RBW,808,KNOWN_ZERO_BELOW_CATI_CAWI_DETAIL_CAP,4,4,4,4.0,,,4.0,4,0,4,CORE_STRICT_COUNT,DIRECT_REPORTED_CHAIN_COMPLETE,4.48680457916405
60456243,60456240.0,3,1,404,404,NOT_APPLICABLE_NOT_EMPLOYED,808,KNOWN_ZERO_BELOW_CATI_CAWI_DETAIL_CAP,6,6,6,6.0,,,6.0,6,0,6,CORE_STRICT_COUNT,DIRECT_REPORTED_CHAIN_COMPLETE,5.82445182866943
60698141,60698140.0,1,1,404,404,NOT_APPLICABLE_NOT_EMPLOYED,808,KNOWN_ZERO_BELOW_CATI_CAWI_DETAIL_CAP,2,2,2,2.0,,,2.0,2,0,2,CORE_STRICT_COUNT,DIRECT_REPORTED_CHAIN_COMPLETE,3.21123907241877
60698142,60698140.0,2,0,206,206,NOT_OBSERVED_PROXY,801,NOT_APPLICABLE_NOT_MOBILE,0,0,0,0.0,,,0.0,0,0,0,CORE_STRICT_COUNT,ZERO_TRIP_COMPLETE,1.56970340097687
60724111,60724110.0,1,1,606,606,NOT_OBSERVED_PAPI,807,KNOWN_ZERO_BELOW_PAPI_DETAIL_CAP,2,2,2,2.0,,,2.0,2,0,2,CORE_STRICT_COUNT,DIRECT_REPORTED_CHAIN_COMPLETE,4.25998624862259
60724112,60724110.0,2,1,606,606,NOT_OBSERVED_PAPI,807,KNOWN_ZERO_BELOW_PAPI_DETAIL_CAP,2,2,2,2.0,,,2.0,2,0,2,CORE_STRICT_COUNT,DIRECT_REPORTED_CHAIN_COMPLETE,3.00146535035203
60891651,60891650.0,1,0,404,404,NOT_APPLICABLE_NOT_EMPLOYED,801,NOT_APPLICABLE_NOT_MOBILE,0,0,0,0.0,,,0.0,0,0,0,CORE_STRICT_COUNT,ZERO_TRIP_COMPLETE,3.19843767364534
61172001,61172000.0,1,5,2,607,EXPLICIT_NO_RBW,803,UNAVAILABLE_NO_TRIP_PROTOCOL,803,803,803,,,,,0,0,0,EXCLUDED_COUNT_UNOBSERVED,TRIP_DAY_NO_ROWS,2.57846599533657
61172002,61172000.0,2,5,404,404,NOT_APPLICABLE_NOT_EMPLOYED,803,UNAVAILABLE_NO_TRIP_PROTOCOL,803,803,803,,,,,0,0,0,EXCLUDED_COUNT_UNOBSERVED,TRIP_DAY_NO_ROWS,4.48781783964817
61172003,61172000.0,3,5,403,403,NOT_APPLICABLE_UNDER_16,803,UNAVAILABLE_NO_TRIP_PROTOCOL,803,803,803,,,,,0,0,0,EXCLUDED_COUNT_UNOBSERVED,TRIP_DAY_NO_ROWS,3.65249437808152
61173231,61173230.0,1,1,2,607,EXPLICIT_NO_RBW,807,KNOWN_ZERO_BELOW_PAPI_DETAIL_CAP,7,7,7,7.0,,,7.0,7,0,7,CORE_STRICT_COUNT,DIRECT_REPORTED_CHAIN_COMPLETE,3.83032496671695
61282471,61282470.0,1,1,2,607,EXPLICIT_NO_RBW,808,KNOWN_ZERO_BELOW_CATI_CAWI_DETAIL_CAP,3,3,3,3.0,,,3.0,3,0,3,CORE_STRICT_COUNT,DIRECT_REPORTED_CHAIN_COMPLETE,1.57175737824447
61282472,61282470.0,2,1,206,206,NOT_OBSERVED_PROXY,808,KNOWN_ZERO_BELOW_CATI_CAWI_DETAIL_CAP,2,2,2,2.0,,,2.0,2,0,2,CORE_STRICT_COUNT,DIRECT_REPORTED_CHAIN_COMPLETE,1.68443908467928
61363921,61363920.0,1,1,404,404,NOT_APPLICABLE_NOT_EMPLOYED,808,KNOWN_ZERO_BELOW_CATI_CAWI_DETAIL_CAP,3,3,3,3.0,,,3.0,3,0,3,CORE_STRICT_COUNT,DIRECT_REPORTED_CHAIN_COMPLETE,5.24707585655614
61363922,61363920.0,2,1,206,206,NOT_OBSERVED_PROXY,808,KNOWN_ZERO_BELOW_CATI_CAWI_DETAIL_CAP,1,1,1,1.0,,,1.0,1,0,1,CORE_STRICT_COUNT,DIRECT_REPORTED_CHAIN_COMPLETE,5.28072539720806
61411061,61411060.0,1,1,2,607,EXPLICIT_NO_RBW,99,MISSING_RESPONSE,8,8,8,8.0,,,8.0,8,0,8,ANALYTIC_WITH_COMPONENT_WARNING,DIRECT_ROWS_ADDITIONAL_COUNT_UNKNOWN,1.34186635635338
61411062,61411060.0,2,1,2,607,EXPLICIT_NO_RBW,807,KNOWN_ZERO_BELOW_PAPI_DETAIL_CAP,3,3,3,3.0,,,3.0,3,0,3,CORE_STRICT_COUNT,DIRECT_REPORTED_CHAIN_COMPLETE,1.15237447700078
61441981,61441980.0,1,1,404,404,NOT_APPLICABLE_NOT_EMPLOYED,808,KNOWN_ZERO_BELOW_CATI_CAWI_DETAIL_CAP,8,8,8,8.0,,,8.0,8,0,8,CORE_STRICT_COUNT,DIRECT_REPORTED_CHAIN_COMPLETE,2.67648094574817
61505271,61505270.0,1,1,2,607,EXPLICIT_NO_RBW,808,KNOWN_ZERO_BELOW_CATI_CAWI_DETAIL_CAP,5,5,5,5.0,,,5.0,5,0,5,CORE_STRICT_COUNT,DIRECT_REPORTED_CHAIN_COMPLETE,2.24430304091307
61505272,61505270.0,2,1,206,206,NOT_OBSERVED_PROXY,808,KNOWN_ZERO_BELOW_CATI_CAWI_DETAIL_CAP,7,7,7,7.0,,,7.0,7,0,7,CORE_STRICT_COUNT,DIRECT_REPORTED_CHAIN_COMPLETE,1.64548005145475
61505273,61505270.0,3,1,403,403,NOT_APPLICABLE_UNDER_16,808,KNOWN_ZERO_BELOW_CATI_CAWI_DETAIL_CAP,2,2,2,2.0,,,2.0,2,0,2,CORE_STRICT_COUNT,DIRECT_REPORTED_CHAIN_COMPLETE,3.11967939484995
61505274,61505270.0,4,1,403,403,NOT_APPLICABLE_UNDER_16,808,KNOWN_ZERO_BELOW_CATI_CAWI_DETAIL_CAP,5,5,5,5.0,,,5.0,5,0,5,CORE_STRICT_COUNT,DIRECT_REPORTED_CHAIN_COMPLETE,2.93629384173674
61519351,61519350.0,1,1,2,607,EXPLICIT_NO_RBW,808,KNOWN_ZERO_BELOW_CATI_CAWI_DETAIL_CAP,4,4,4,4.0,,,4.0,4,0,4,CORE_STRICT_COUNT,DIRECT_REPORTED_CHAIN_COMPLETE,8.7650337223235
61575861,61575860.0,1,1,2,607,EXPLICIT_NO_RBW,808,KNOWN_ZERO_BELOW_CATI_CAWI_DETAIL_CAP,5,5,5,5.0,,,5.0,5,0,5,CORE_STRICT_COUNT,DIRECT_REPORTED_CHAIN_COMPLETE,3.19380060976361
61582201,61582200.0,1,1,404,404,NOT_APPLICABLE_NOT_EMPLOYED,808,KNOWN_ZERO_BELOW_CATI_CAWI_DETAIL_CAP,4,4,4,4.0,,,4.0,4,0,4,CORE_STRICT_COUNT,DIRECT_REPORTED_CHAIN_COMPLETE,1.76031069382806
61582202,61582200.0,2,1,404,404,NOT_APPLICABLE_NOT_EMPLOYED,808,KNOWN_ZERO_BELOW_CATI_CAWI_DETAIL_CAP,3,3,3,3.0,,,3.0,3,0,3,CORE_STRICT_COUNT,DIRECT_REPORTED_CHAIN_COMPLETE,1.68051473662523
61805441,61805440.0,1,1,404,404,NOT_APPLICABLE_NOT_EMPLOYED,808,KNOWN_ZERO_BELOW_CATI_CAWI_DETAIL_CAP,2,2,2,2.0,,,2.0,2,0,2,CORE_STRICT_COUNT,DIRECT_REPORTED_CHAIN_COMPLETE,1.57244656972983
61806851,61806850.0,1,3,1,4,KNOWN_EXACT,808,KNOWN_ZERO_BELOW_CATI_CAWI_DETAIL_CAP,8,8,12,8.0,,4.0,12.0,8,4,12,CORE_STRICT_COUNT,MIXED_DIRECT_RBW_UNTIMED,2.51127745138489
61806852,61806850.0,2,0,206,206,NOT_OBSERVED_PROXY,801,NOT_APPLICABLE_NOT_MOBILE,0,0,0,0.0,,,0.0,0,0,0,CORE_STRICT_COUNT,ZERO_TRIP_COMPLETE,5.64072057295766
61841601,61841600.0,1,1,2,607,EXPLICIT_NO_RBW,808,KNOWN_ZERO_BELOW_CATI_CAWI_DETAIL_CAP,4,4,4,4.0,,,4.0,4,0,4,CORE_STRICT_COUNT,DIRECT_REPORTED_CHAIN_COMPLETE,3.8850830192331
61854511,61854510.0,1,3,1,8,KNOWN_EXACT,808,KNOWN_ZERO_BELOW_CATI_CAWI_DETAIL_CAP,4,4,12,4.0,,8.0,12.0,4,8,12,CORE_STRICT_COUNT,MIXED_DIRECT_RBW_UNTIMED,2.62436240005313
61908031,61908030.0,1,1,2,607,EXPLICIT_NO_RBW,807,KNOWN_ZERO_BELOW_PAPI_DETAIL_CAP,6,6,6,6.0,,,6.0,6,0,6,CORE_STRICT_COUNT,DIRECT_REPORTED_CHAIN_COMPLETE,4.32135579679881
62004501,62004500.0,1,1,2,607,EXPLICIT_NO_RBW,807,KNOWN_ZERO_BELOW_PAPI_DETAIL_CAP,2,2,2,2.0,,,2.0,2,0,2,CORE_STRICT_COUNT,DIRECT_REPORTED_CHAIN_COMPLETE,2.67648094574817
62141471,62141470.0,1,5,2,607,EXPLICIT_NO_RBW,803,UNAVAILABLE_NO_TRIP_PROTOCOL,803,803,803,,,,,0,0,0,EXCLUDED_COUNT_UNOBSERVED,TRIP_DAY_NO_ROWS,7.86464015280706
62381521,62381520.0,1,1,404,404,NOT_APPLICABLE_NOT_EMPLOYED,808,KNOWN_ZERO_BELOW_CATI_CAWI_DETAIL_CAP,1,1,1,1.0,,,1.0,1,0,1,CORE_STRICT_COUNT,DIRECT_REPORTED_CHAIN_COMPLETE,2.8044299503756
62425511,62425510.0,1,1,2,607,EXPLICIT_NO_RBW,808,KNOWN_ZERO_BELOW_CATI_CAWI_DETAIL_CAP,1,1,1,1.0,,,1.0,1,0,1,CORE_STRICT_COUNT,DIRECT_REPORTED_CHAIN_COMPLETE,3.8850830192331
62433751,62433750.0,1,5,404,404,NOT_APPLICABLE_NOT_EMPLOYED,803,UNAVAILABLE_NO_TRIP_PROTOCOL,803,803,803,,,,,0,0,0,EXCLUDED_COUNT_UNOBSERVED,TRIP_DAY_NO_ROWS,3.72100979965793
62559981,62559980.0,1,1,606,606,NOT_OBSERVED_PAPI,807,KNOWN_ZERO_BELOW_PAPI_DETAIL_CAP,4,4,4,4.0,,,4.0,4,0,4,CORE_STRICT_COUNT,DIRECT_REPORTED_CHAIN_COMPLETE,4.52811877954232
62598021,62598020.0,1,1,2,607,EXPLICIT_NO_RBW,808,KNOWN_ZERO_BELOW_CATI_CAWI_DETAIL_CAP,5,5,5,5.0,,,5.0,5,0,5,CORE_STRICT_COUNT,DIRECT_REPORTED_CHAIN_COMPLETE,4.48680457916405
62598022,62598020.0,2,1,2,607,EXPLICIT_NO_RBW,808,KNOWN_ZERO_BELOW_CATI_CAWI_DETAIL_CAP,7,7,7,7.0,,,7.0,7,0,7,CORE_STRICT_COUNT,DIRECT_REPORTED_CHAIN_COMPLETE,4.50406593140805
62598023,62598020.0,3,1,403,403,NOT_APPLICABLE_UNDER_16,808,KNOWN_ZERO_BELOW_CATI_CAWI_DETAIL_CAP,2,2,2,2.0,,,2.0,2,0,2,CORE_STRICT_COUNT,DIRECT_REPORTED_CHAIN_COMPLETE,7.95247346124749
62661971,62661970.0,1,1,2,607,EXPLICIT_NO_RBW,807,KNOWN_ZERO_BELOW_PAPI_DETAIL_CAP,4,4,4,4.0,,,4.0,4,0,4,CORE_STRICT_COUNT,DIRECT_REPORTED_CHAIN_COMPLETE,29.3489123514891
62672321,62672320.0,1,1,2,607,EXPLICIT_NO_RBW,808,KNOWN_ZERO_BELOW_CATI_CAWI_DETAIL_CAP,4,4,4,4.0,,,4.0,4,0,4,CORE_STRICT_COUNT,DIRECT_REPORTED_CHAIN_COMPLETE,5.2884527158245
62684851,62684850.0,1,1,2,607,EXPLICIT_NO_RBW,808,KNOWN_ZERO_BELOW_CATI_CAWI_DETAIL_CAP,2,2,2,2.0,,,2.0,2,0,2,CORE_STRICT_COUNT,DIRECT_REPORTED_CHAIN_COMPLETE,4.5586708866126
62749241,62749240.0,1,1,2,607,EXPLICIT_NO_RBW,808,KNOWN_ZERO_BELOW_CATI_CAWI_DETAIL_CAP,2,2,2,2.0,,,2.0,2,0,2,CORE_STRICT_COUNT,DIRECT_REPORTED_CHAIN_COMPLETE,5.52790875297986
63228341,63228340.0,1,1,404,404,NOT_APPLICABLE_NOT_EMPLOYED,808,KNOWN_ZERO_BELOW_CATI_CAWI_DETAIL_CAP,4,4,4,4.0,,,4.0,4,0,4,CORE_STRICT_COUNT,DIRECT_REPORTED_CHAIN_COMPLETE,0.237641496396077
63292391,63292390.0,1,1,2,607,EXPLICIT_NO_RBW,808,KNOWN_ZERO_BELOW_CATI_CAWI_DETAIL_CAP,6,6,6,6.0,,,6.0,6,0,6,CORE_STRICT_COUNT,DIRECT_REPORTED_CHAIN_COMPLETE,10.1508863456555
63308271,63308270.0,1,0,606,606,NOT_OBSERVED_PAPI,801,NOT_APPLICABLE_NOT_MOBILE,0,0,0,0.0,,,0.0,0,0,0,CORE_STRICT_COUNT,ZERO_TRIP_COMPLETE,3.73828863491068
63308272,63308270.0,2,1,606,606,NOT_OBSERVED_PAPI,807,KNOWN_ZERO_BELOW_PAPI_DETAIL_CAP,3,3,3,3.0,,,3.0,3,0,3,CORE_STRICT_COUNT,DIRECT_REPORTED_CHAIN_COMPLETE,4.96063489283081
63405571,63405570.0,1,1,404,404,NOT_APPLICABLE_NOT_EMPLOYED,808,KNOWN_ZERO_BELOW_CATI_CAWI_DETAIL_CAP,7,7,7,7.0,,,7.0,7,0,7,CORE_STRICT_COUNT,DIRECT_REPORTED_CHAIN_COMPLETE,5.49818197377386
63675941,63675940.0,1,1,606,606,NOT_OBSERVED_PAPI,807,KNOWN_ZERO_BELOW_PAPI_DETAIL_CAP,2,2,2,2.0,,,2.0,2,0,2,CORE_STRICT_COUNT,DIRECT_REPORTED_CHAIN_COMPLETE,2.24310639249801
63708701,63708700.0,1,0,206,206,NOT_OBSERVED_PROXY,801,NOT_APPLICABLE_NOT_MOBILE,0,0,0,0.0,,,0.0,0,0,0,CORE_STRICT_COUNT,ZERO_TRIP_COMPLETE,2.4081806866743
63708702,63708700.0,2,0,404,404,NOT_APPLICABLE_NOT_EMPLOYED,801,NOT_APPLICABLE_NOT_MOBILE,0,0,0,0.0,,,0.0,0,0,0,CORE_STRICT_COUNT,ZERO_TRIP_COMPLETE,3.23104420745362
63741641,63741640.0,1,1,606,606,NOT_OBSERVED_PAPI,807,KNOWN_ZERO_BELOW_PAPI_DETAIL_CAP,3,3,3,3.0,,,3.0,3,0,3,CORE_STRICT_COUNT,DIRECT_REPORTED_CHAIN_COMPLETE,2.34677179665376
63866091,63866090.0,1,1,404,404,NOT_APPLICABLE_NOT_EMPLOYED,808,KNOWN_ZERO_BELOW_CATI_CAWI_DETAIL_CAP,4,4,4,4.0,,,4.0,4,0,4,CORE_STRICT_COUNT,DIRECT_REPORTED_CHAIN_COMPLETE,1.82671635929045
63866092,63866090.0,2,1,206,206,NOT_OBSERVED_PROXY,808,KNOWN_ZERO_BELOW_CATI_CAWI_DETAIL_CAP,4,4,4,4.0,,,4.0,4,0,4,CORE_STRICT_COUNT,DIRECT_REPORTED_CHAIN_COMPLETE,1.54556323880345
64356881,64356880.0,1,1,2,607,EXPLICIT_NO_RBW,808,KNOWN_ZERO_BELOW_CATI_CAWI_DETAIL_CAP,3,3,3,3.0,,,3.0,3,0,3,CORE_STRICT_COUNT,DIRECT_REPORTED_CHAIN_COMPLETE,4.37100000464347
64373591,64373590.0,1,0,602,602,NO_OUT_OF_HOME_ACTIVITY_OR_DOMESTIC_TRIPS,801,NOT_APPLICABLE_NOT_MOBILE,0,0,0,0.0,,,0.0,0,0,0,CORE_STRICT_COUNT,ZERO_TRIP_COMPLETE,6.17176182545754
64435131,64435130.0,1,1,2,607,EXPLICIT_NO_RBW,808,KNOWN_ZERO_BELOW_CATI_CAWI_DETAIL_CAP,4,4,4,4.0,,,4.0,4,0,4,CORE_STRICT_COUNT,DIRECT_REPORTED_CHAIN_COMPLETE,3.70259906254976
64666131,64666130.0,1,1,2,607,EXPLICIT_NO_RBW,808,KNOWN_ZERO_BELOW_CATI_CAWI_DETAIL_CAP,4,4,4,4.0,,,4.0,4,0,4,CORE_STRICT_COUNT,DIRECT_REPORTED_CHAIN_COMPLETE,1.57743275006958
64666132,64666130.0,2,1,206,206,NOT_OBSERVED_PROXY,808,KNOWN_ZERO_BELOW_CATI_CAWI_DETAIL_CAP,4,4,4,4.0,,,4.0,4,0,4,CORE_STRICT_COUNT,DIRECT_REPORTED_CHAIN_COMPLETE,1.69985195165475
64666133,64666130.0,3,1,404,404,NOT_APPLICABLE_NOT_EMPLOYED,808,KNOWN_ZERO_BELOW_CATI_CAWI_DETAIL_CAP,1,1,1,1.0,,,1.0,1,0,1,CORE_STRICT_COUNT,DIRECT_REPORTED_CHAIN_COMPLETE,5.20325422125707
64666134,64666130.0,4,1,206,206,NOT_OBSERVED_PROXY,808,KNOWN_ZERO_BELOW_CATI_CAWI_DETAIL_CAP,2,2,2,2.0,,,2.0,2,0,2,CORE_STRICT_COUNT,DIRECT_REPORTED_CHAIN_COMPLETE,2.81189241295083
64821142,64821140.0,2,5,404,404,NOT_APPLICABLE_NOT_EMPLOYED,803,UNAVAILABLE_NO_TRIP_PROTOCOL,803,803,803,,,,,0,0,0,EXCLUDED_COUNT_UNOBSERVED,TRIP_DAY_NO_ROWS,7.34017136218007
64842391,64842390.0,1,0,606,606,NOT_OBSERVED_PAPI,801,NOT_APPLICABLE_NOT_MOBILE,0,0,0,0.0,,,0.0,0,0,0,CORE_STRICT_COUNT,ZERO_TRIP_COMPLETE,9.12357008612774
64842392,64842390.0,2,0,606,606,NOT_OBSERVED_PAPI,801,NOT_APPLICABLE_NOT_MOBILE,0,0,0,0.0,,,0.0,0,0,0,CORE_STRICT_COUNT,ZERO_TRIP_COMPLETE,4.82183516661393
64843541,64843540.0,1,1,2,607,EXPLICIT_NO_RBW,808,KNOWN_ZERO_BELOW_CATI_CAWI_DETAIL_CAP,2,2,2,2.0,,,2.0,2,0,2,CORE_STRICT_COUNT,DIRECT_REPORTED_CHAIN_COMPLETE,1.1084280394181
64843542,64843540.0,2,1,206,206,NOT_OBSERVED_PROXY,808,KNOWN_ZERO_BELOW_CATI_CAWI_DETAIL_CAP,2,2,2,2.0,,,2.0,2,0,2,CORE_STRICT_COUNT,DIRECT_REPORTED_CHAIN_COMPLETE,1.740207007119
64940191,64940190.0,1,1,404,404,NOT_APPLICABLE_NOT_EMPLOYED,808,KNOWN_ZERO_BELOW_CATI_CAWI_DETAIL_CAP,2,2,2,2.0,,,2.0,2,0,2,CORE_STRICT_COUNT,DIRECT_REPORTED_CHAIN_COMPLETE,3.9318014168437
64940192,64940190.0,2,1,206,206,NOT_OBSERVED_PROXY,808,KNOWN_ZERO_BELOW_CATI_CAWI_DETAIL_CAP,2,2,2,2.0,,,2.0,2,0,2,CORE_STRICT_COUNT,DIRECT_REPORTED_CHAIN_COMPLETE,2.67648094574817
64947771,64947770.0,1,1,2,607,EXPLICIT_NO_RBW,808,KNOWN_ZERO_BELOW_CATI_CAWI_DETAIL_CAP,2,2,2,2.0,,,2.0,2,0,2,CORE_STRICT_COUNT,DIRECT_REPORTED_CHAIN_COMPLETE,2.49430162905033
64947772,64947770.0,2,1,206,206,NOT_OBSERVED_PROXY,808,KNOWN_ZERO_BELOW_CATI_CAWI_DETAIL_CAP,2,2,2,2.0,,,2.0,2,0,2,CORE_STRICT_COUNT,DIRECT_REPORTED_CHAIN_COMPLETE,3.5703977087824
65007941,65007940.0,1,1,2,607,EXPLICIT_NO_RBW,807,KNOWN_ZERO_BELOW_PAPI_DETAIL_CAP,2,2,2,2.0,,,2.0,2,0,2,CORE_STRICT_COUNT,DIRECT_REPORTED_CHAIN_COMPLETE,4.67444777796026
65007942,65007940.0,2,1,606,606,NOT_OBSERVED_PAPI,807,KNOWN_ZERO_BELOW_PAPI_DETAIL_CAP,4,4,4,4.0,,,4.0,4,0,4,CORE_STRICT_COUNT,DIRECT_REPORTED_CHAIN_COMPLETE,6.29335067128437
65054971,65054970.0,1,1,2,607,EXPLICIT_NO_RBW,808,KNOWN_ZERO_BELOW_CATI_CAWI_DETAIL_CAP,1,1,1,1.0,,,1.0,1,0,1,CORE_STRICT_COUNT,DIRECT_REPORTED_CHAIN_COMPLETE,2.45377688150497
65054972,65054970.0,2,1,206,206,NOT_OBSERVED_PROXY,808,KNOWN_ZERO_BELOW_CATI_CAWI_DETAIL_CAP,1,1,1,1.0,,,1.0,1,0,1,CORE_STRICT_COUNT,DIRECT_REPORTED_CHAIN_COMPLETE,2.20799844530084
65054973,65054970.0,3,1,403,403,NOT_APPLICABLE_UNDER_16,808,KNOWN_ZERO_BELOW_CATI_CAWI_DETAIL_CAP,1,1,1,1.0,,,1.0,1,0,1,CORE_STRICT_COUNT,DIRECT_REPORTED_CHAIN_COMPLETE,2.64764497480229
65057931,65057930.0,1,1,404,404,NOT_APPLICABLE_NOT_EMPLOYED,808,KNOWN_ZERO_BELOW_CATI_CAWI_DETAIL_CAP,5,5,5,5.0,,,5.0,5,0,5,CORE_STRICT_COUNT,DIRECT_REPORTED_CHAIN_COMPLETE,2.88934495681995
65057932,65057930.0,2,1,206,206,NOT_OBSERVED_PROXY,808,KNOWN_ZERO_BELOW_CATI_CAWI_DETAIL_CAP,7,7,7,7.0,,,7.0,7,0,7,CORE_STRICT_COUNT,DIRECT_REPORTED_CHAIN_COMPLETE,3.90035593641576
65100991,65100990.0,1,6,602,602,NO_OUT_OF_HOME_ACTIVITY_OR_DOMESTIC_TRIPS,803,UNAVAILABLE_NO_TRIP_PROTOCOL,803,803,803,,,,,0,0,0,EXCLUDED_REPORTING_RISK,NO_TRIP_REPORTING_RISK,7.71086564700451
65100994,65100990.0,4,0,403,403,NOT_APPLICABLE_UNDER_16,801,NOT_APPLICABLE_NOT_MOBILE,0,0,0,0.0,,,0.0,0,0,0,CORE_STRICT_COUNT,ZERO_TRIP_COMPLETE,8.3402443982119
65422721,65422720.0,1,1,2,607,EXPLICIT_NO_RBW,808,KNOWN_ZERO_BELOW_CATI_CAWI_DETAIL_CAP,3,3,3,3.0,,,3.0,3,0,3,CORE_STRICT_COUNT,DIRECT_REPORTED_CHAIN_COMPLETE,5.51084841623137
65422722,65422720.0,2,1,206,206,NOT_OBSERVED_PROXY,808,KNOWN_ZERO_BELOW_CATI_CAWI_DETAIL_CAP,2,2,2,2.0,,,2.0,2,0,2,CORE_STRICT_COUNT,DIRECT_REPORTED_CHAIN_COMPLETE,6.80991992651979
65693051,65693050.0,1,1,2,607,EXPLICIT_NO_RBW,807,KNOWN_ZERO_BELOW_PAPI_DETAIL_CAP,4,4,4,4.0,,,4.0,4,0,4,CORE_STRICT_COUNT,DIRECT_REPORTED_CHAIN_COMPLETE,3.52101160154023
65861931,65861930.0,1,1,404,404,NOT_APPLICABLE_NOT_EMPLOYED,808,KNOWN_ZERO_BELOW_CATI_CAWI_DETAIL_CAP,5,5,5,5.0,,,5.0,5,0,5,CORE_STRICT_COUNT,DIRECT_REPORTED_CHAIN_COMPLETE,3.9318014168437
65968641,65968640.0,1,3,1,2,KNOWN_EXACT,807,KNOWN_ZERO_BELOW_PAPI_DETAIL_CAP,3,3,5,3.0,,2.0,5.0,3,2,5,CORE_STRICT_COUNT,MIXED_DIRECT_RBW_UNTIMED,3.41961365728008
65968642,65968640.0,2,1,2,607,EXPLICIT_NO_RBW,807,KNOWN_ZERO_BELOW_PAPI_DETAIL_CAP,5,5,5,5.0,,,5.0,5,0,5,CORE_STRICT_COUNT,DIRECT_REPORTED_CHAIN_COMPLETE,2.94966440424267
65968643,65968640.0,3,1,403,403,NOT_APPLICABLE_UNDER_16,807,KNOWN_ZERO_BELOW_PAPI_DETAIL_CAP,3,3,3,3.0,,,3.0,3,0,3,CORE_STRICT_COUNT,DIRECT_REPORTED_CHAIN_COMPLETE,6.03774173632885
66082881,66082880.0,1,1,606,606,NOT_OBSERVED_PAPI,807,KNOWN_ZERO_BELOW_PAPI_DETAIL_CAP,3,3,3,3.0,,,3.0,3,0,3,CORE_STRICT_COUNT,DIRECT_REPORTED_CHAIN_COMPLETE,2.2872870986317
66082882,66082880.0,2,1,2,607,EXPLICIT_NO_RBW,807,KNOWN_ZERO_BELOW_PAPI_DETAIL_CAP,3,3,3,3.0,,,3.0,3,0,3,CORE_STRICT_COUNT,DIRECT_REPORTED_CHAIN_COMPLETE,6.39847965499733
67247951,67247950.0,1,1,404,404,NOT_APPLICABLE_NOT_EMPLOYED,808,KNOWN_ZERO_BELOW_CATI_CAWI_DETAIL_CAP,3,3,3,3.0,,,3.0,3,0,3,CORE_STRICT_COUNT,DIRECT_REPORTED_CHAIN_COMPLETE,1.04394615135017
67318951,67318950.0,1,1,2,607,EXPLICIT_NO_RBW,808,KNOWN_ZERO_BELOW_CATI_CAWI_DETAIL_CAP,5,5,5,5.0,,,5.0,5,0,5,CORE_STRICT_COUNT,DIRECT_REPORTED_CHAIN_COMPLETE,3.6820442326033
67572661,67572660.0,1,3,1,2,KNOWN_EXACT,808,KNOWN_ZERO_BELOW_CATI_CAWI_DETAIL_CAP,5,5,7,5.0,,2.0,7.0,5,2,7,CORE_STRICT_COUNT,MIXED_DIRECT_RBW_UNTIMED,3.8850830192331
67585991,67585990.0,1,1,2,607,EXPLICIT_NO_RBW,808,KNOWN_ZERO_BELOW_CATI_CAWI_DETAIL_CAP,2,2,2,2.0,,,2.0,2,0,2,CORE_STRICT_COUNT,DIRECT_REPORTED_CHAIN_COMPLETE,1.16670257977381
68439591,68439590.0,1,1,2,607,EXPLICIT_NO_RBW,808,KNOWN_ZERO_BELOW_CATI_CAWI_DETAIL_CAP,3,3,3,3.0,,,3.0,3,0,3,CORE_STRICT_COUNT,DIRECT_REPORTED_CHAIN_COMPLETE,3.70259906254976
68459211,68459210.0,1,1,606,606,NOT_OBSERVED_PAPI,807,KNOWN_ZERO_BELOW_PAPI_DETAIL_CAP,2,2,2,2.0,,,2.0,2,0,2,CORE_STRICT_COUNT,DIRECT_REPORTED_CHAIN_COMPLETE,3.9318014168437
68763941,68763940.0,1,0,602,602,NO_OUT_OF_HOME_ACTIVITY_OR_DOMESTIC_TRIPS,801,NOT_APPLICABLE_NOT_MOBILE,0,0,0,0.0,,,0.0,0,0,0,CORE_STRICT_COUNT,ZERO_TRIP_COMPLETE,1.22806531075527
68763942,68763940.0,2,1,2,607,EXPLICIT_NO_RBW,808,KNOWN_ZERO_BELOW_CATI_CAWI_DETAIL_CAP,4,4,4,4.0,,,4.0,4,0,4,CORE_STRICT_COUNT,DIRECT_REPORTED_CHAIN_COMPLETE,1.16783700680805
68763943,68763940.0,3,4,206,206,NOT_OBSERVED_PROXY,801,NOT_APPLICABLE_NOT_MOBILE,0,0,0,0.0,,,0.0,0,0,0,EXCLUDED_OUT_OF_SCOPE,OUT_OF_SCOPE_FAR_ABROAD,1.47479397987576
68763944,68763940.0,4,1,404,404,NOT_APPLICABLE_NOT_EMPLOYED,808,KNOWN_ZERO_BELOW_CATI_CAWI_DETAIL_CAP,4,4,4,4.0,,,4.0,4,0,4,CORE_STRICT_COUNT,DIRECT_REPORTED_CHAIN_COMPLETE,4.18529486449049
69110301,69110300.0,1,1,404,404,NOT_APPLICABLE_NOT_EMPLOYED,808,KNOWN_ZERO_BELOW_CATI_CAWI_DETAIL_CAP,3,3,3,3.0,,,3.0,3,0,3,CORE_STRICT_COUNT,DIRECT_REPORTED_CHAIN_COMPLETE,7.48721438974686
69160461,69160460.0,1,1,404,404,NOT_APPLICABLE_NOT_EMPLOYED,808,KNOWN_ZERO_BELOW_CATI_CAWI_DETAIL_CAP,4,4,4,4.0,,,4.0,4,0,4,CORE_STRICT_COUNT,DIRECT_REPORTED_CHAIN_COMPLETE,3.19843767364534
69548641,69548640.0,1,1,2,607,EXPLICIT_NO_RBW,807,KNOWN_ZERO_BELOW_PAPI_DETAIL_CAP,2,2,2,2.0,,,2.0,2,0,2,CORE_STRICT_COUNT,DIRECT_REPORTED_CHAIN_COMPLETE,1.47926451012371
69548642,69548640.0,2,3,1,2,KNOWN_EXACT,807,KNOWN_ZERO_BELOW_PAPI_DETAIL_CAP,4,4,6,4.0,,2.0,6.0,4,2,6,CORE_STRICT_COUNT,MIXED_DIRECT_RBW_UNTIMED,2.3224118971685
69617491,69617490.0,1,0,602,602,NO_OUT_OF_HOME_ACTIVITY_OR_DOMESTIC_TRIPS,801,NOT_APPLICABLE_NOT_MOBILE,0,0,0,0.0,,,0.0,0,0,0,CORE_STRICT_COUNT,ZERO_TRIP_COMPLETE,6.13788454683152
70030861,70030860.0,1,1,2,607,EXPLICIT_NO_RBW,808,KNOWN_ZERO_BELOW_CATI_CAWI_DETAIL_CAP,4,4,4,4.0,,,4.0,4,0,4,CORE_STRICT_COUNT,DIRECT_REPORTED_CHAIN_COMPLETE,3.70259906254976
70155271,70155270.0,1,3,1,2,KNOWN_EXACT,807,KNOWN_ZERO_BELOW_PAPI_DETAIL_CAP,2,2,4,2.0,,2.0,4.0,2,2,4,CORE_STRICT_COUNT,MIXED_DIRECT_RBW_UNTIMED,3.26743691310159
70242911,70242910.0,1,1,2,607,EXPLICIT_NO_RBW,808,KNOWN_ZERO_BELOW_CATI_CAWI_DETAIL_CAP,1,1,1,1.0,,,1.0,1,0,1,CORE_STRICT_COUNT,DIRECT_REPORTED_CHAIN_COMPLETE,1.60613338775288
70242912,70242910.0,2,0,206,206,NOT_OBSERVED_PROXY,801,NOT_APPLICABLE_NOT_MOBILE,0,0,0,0.0,,,0.0,0,0,0,CORE_STRICT_COUNT,ZERO_TRIP_COMPLETE,1.45415974712246
70340951,70340950.0,1,1,404,404,NOT_APPLICABLE_NOT_EMPLOYED,808,KNOWN_ZERO_BELOW_CATI_CAWI_DETAIL_CAP,2,2,2,2.0,,,2.0,2,0,2,CORE_STRICT_COUNT,DIRECT_REPORTED_CHAIN_COMPLETE,2.24310639249801
70461331,70461330.0,1,5,404,404,NOT_APPLICABLE_NOT_EMPLOYED,803,UNAVAILABLE_NO_TRIP_PROTOCOL,803,803,803,,,,,0,0,0,EXCLUDED_COUNT_UNOBSERVED,TRIP_DAY_NO_ROWS,4.42924059549536
70677151,70677150.0,1,1,606,606,NOT_OBSERVED_PAPI,807,KNOWN_ZERO_BELOW_PAPI_DETAIL_CAP,2,2,2,2.0,,,2.0,2,0,2,CORE_STRICT_COUNT,DIRECT_REPORTED_CHAIN_COMPLETE,10.6759931918152
70709061,70709060.0,1,1,404,404,NOT_APPLICABLE_NOT_EMPLOYED,808,KNOWN_ZERO_BELOW_CATI_CAWI_DETAIL_CAP,2,2,2,2.0,,,2.0,2,0,2,CORE_STRICT_COUNT,DIRECT_REPORTED_CHAIN_COMPLETE,14.7526228131597
70829541,70829540.0,1,3,1,1,KNOWN_EXACT,807,KNOWN_ZERO_BELOW_PAPI_DETAIL_CAP,4,4,5,4.0,,1.0,5.0,4,1,5,CORE_STRICT_COUNT,MIXED_DIRECT_RBW_UNTIMED,1.8239102274908
70829542,70829540.0,2,1,2,607,EXPLICIT_NO_RBW,807,KNOWN_ZERO_BELOW_PAPI_DETAIL_CAP,6,6,6,6.0,,,6.0,6,0,6,CORE_STRICT_COUNT,DIRECT_REPORTED_CHAIN_COMPLETE,2.88873776695578
70936031,70936030.0,1,1,404,404,NOT_APPLICABLE_NOT_EMPLOYED,808,KNOWN_ZERO_BELOW_CATI_CAWI_DETAIL_CAP,4,4,4,4.0,,,4.0,4,0,4,CORE_STRICT_COUNT,DIRECT_REPORTED_CHAIN_COMPLETE,2.40411755309587
71091571,71091570.0,1,1,2,607,EXPLICIT_NO_RBW,808,KNOWN_ZERO_BELOW_CATI_CAWI_DETAIL_CAP,9,9,9,9.0,,,9.0,9,0,9,CORE_STRICT_COUNT,DIRECT_REPORTED_CHAIN_COMPLETE,0.563827684706277
71758851,71758850.0,1,1,2,607,EXPLICIT_NO_RBW,808,KNOWN_ZERO_BELOW_CATI_CAWI_DETAIL_CAP,6,6,6,6.0,,,6.0,6,0,6,CORE_STRICT_COUNT,DIRECT_REPORTED_CHAIN_COMPLETE,3.26743691310159
72262701,72262700.0,1,5,404,404,NOT_APPLICABLE_NOT_EMPLOYED,803,UNAVAILABLE_NO_TRIP_PROTOCOL,803,803,803,,,,,0,0,0,EXCLUDED_COUNT_UNOBSERVED,TRIP_DAY_NO_ROWS,3.19843767364534
72285711,72285710.0,1,1,2,607,EXPLICIT_NO_RBW,808,KNOWN_ZERO_BELOW_CATI_CAWI_DETAIL_CAP,2,2,2,2.0,,,2.0,2,0,2,CORE_STRICT_COUNT,DIRECT_REPORTED_CHAIN_COMPLETE,2.47988783396185
72285712,72285710.0,2,1,2,607,EXPLICIT_NO_RBW,808,KNOWN_ZERO_BELOW_CATI_CAWI_DETAIL_CAP,2,2,2,2.0,,,2.0,2,0,2,CORE_STRICT_COUNT,DIRECT_REPORTED_CHAIN_COMPLETE,1.32014165258637
72326451,72326450.0,1,4,406,406,NOT_OBSERVED_SECONDARY_EMPLOYMENT,801,NOT_APPLICABLE_NOT_MOBILE,0,0,0,0.0,,,0.0,0,0,0,EXCLUDED_OUT_OF_SCOPE,OUT_OF_SCOPE_FAR_ABROAD,4.74496914399032
72326452,72326450.0,2,4,602,602,NO_OUT_OF_HOME_ACTIVITY_OR_DOMESTIC_TRIPS,801,NOT_APPLICABLE_NOT_MOBILE,0,0,0,0.0,,,0.0,0,0,0,EXCLUDED_OUT_OF_SCOPE,OUT_OF_SCOPE_FAR_ABROAD,7.13440819162375
72333891,72333890.0,1,5,404,404,NOT_APPLICABLE_NOT_EMPLOYED,803,UNAVAILABLE_NO_TRIP_PROTOCOL,803,803,803,,,,,0,0,0,EXCLUDED_COUNT_UNOBSERVED,TRIP_DAY_NO_ROWS,10.6759931918152
72531301,72531300.0,1,1,2,607,EXPLICIT_NO_RBW,808,KNOWN_ZERO_BELOW_CATI_CAWI_DETAIL_CAP,2,2,2,2.0,,,2.0,2,0,2,CORE_STRICT_COUNT,DIRECT_REPORTED_CHAIN_COMPLETE,2.01396595583548
72531302,72531300.0,2,1,206,206,NOT_OBSERVED_PROXY,808,KNOWN_ZERO_BELOW_CATI_CAWI_DETAIL_CAP,6,6,6,6.0,,,6.0,6,0,6,CORE_STRICT_COUNT,DIRECT_REPORTED_CHAIN_COMPLETE,4.20457848513603
72531303,72531300.0,3,1,403,403,NOT_APPLICABLE_UNDER_16,808,KNOWN_ZERO_BELOW_CATI_CAWI_DETAIL_CAP,2,2,2,2.0,,,2.0,2,0,2,CORE_STRICT_COUNT,DIRECT_REPORTED_CHAIN_COMPLETE,3.51006947643392
72531304,72531300.0,4,1,403,403,NOT_APPLICABLE_UNDER_16,808,KNOWN_ZERO_BELOW_CATI_CAWI_DETAIL_CAP,2,2,2,2.0,,,2.0,2,0,2,CORE_STRICT_COUNT,DIRECT_REPORTED_CHAIN_COMPLETE,3.72929005417451
72585141,72585140.0,1,1,404,404,NOT_APPLICABLE_NOT_EMPLOYED,808,KNOWN_ZERO_BELOW_CATI_CAWI_DETAIL_CAP,2,2,2,2.0,,,2.0,2,0,2,CORE_STRICT_COUNT,DIRECT_REPORTED_CHAIN_COMPLETE,0.207681796610667
72585142,72585140.0,2,1,404,404,NOT_APPLICABLE_NOT_EMPLOYED,808,KNOWN_ZERO_BELOW_CATI_CAWI_DETAIL_CAP,2,2,2,2.0,,,2.0,2,0,2,CORE_STRICT_COUNT,DIRECT_REPORTED_CHAIN_COMPLETE,0.143600374338386
72933491,72933490.0,1,0,606,606,NOT_OBSERVED_PAPI,801,NOT_APPLICABLE_NOT_MOBILE,0,0,0,0.0,,,0.0,0,0,0,CORE_STRICT_COUNT,ZERO_TRIP_COMPLETE,2.68210331426927
72933492,72933490.0,2,1,606,606,NOT_OBSERVED_PAPI,807,KNOWN_ZERO_BELOW_PAPI_DETAIL_CAP,1,1,1,1.0,,,1.0,1,0,1,CORE_STRICT_COUNT,DIRECT_REPORTED_CHAIN_COMPLETE,2.26929608645846
72992151,72992150.0,1,1,2,607,EXPLICIT_NO_RBW,808,KNOWN_ZERO_BELOW_CATI_CAWI_DETAIL_CAP,7,7,7,7.0,,,7.0,7,0,7,CORE_STRICT_COUNT,DIRECT_REPORTED_CHAIN_COMPLETE,4.39907568840898
72992153,72992150.0,3,1,403,403,NOT_APPLICABLE_UNDER_16,808,KNOWN_ZERO_BELOW_CATI_CAWI_DETAIL_CAP,1,1,1,1.0,,,1.0,1,0,1,CORE_STRICT_COUNT,DIRECT_REPORTED_CHAIN_COMPLETE,7.72194398468614
73027631,73027630.0,1,1,2,607,EXPLICIT_NO_RBW,808,KNOWN_ZERO_BELOW_CATI_CAWI_DETAIL_CAP,4,4,4,4.0,,,4.0,4,0,4,CORE_STRICT_COUNT,DIRECT_REPORTED_CHAIN_COMPLETE,3.50168449617806
73102031,73102030.0,1,1,2,607,EXPLICIT_NO_RBW,807,KNOWN_ZERO_BELOW_PAPI_DETAIL_CAP,3,3,3,3.0,,,3.0,3,0,3,CORE_STRICT_COUNT,DIRECT_REPORTED_CHAIN_COMPLETE,2.67648094574817
73102032,73102030.0,2,0,606,606,NOT_OBSERVED_PAPI,801,NOT_APPLICABLE_NOT_MOBILE,0,0,0,0.0,,,0.0,0,0,0,CORE_STRICT_COUNT,ZERO_TRIP_COMPLETE,6.32584293181676
74168021,74168020.0,1,1,2,607,EXPLICIT_NO_RBW,808,KNOWN_ZERO_BELOW_CATI_CAWI_DETAIL_CAP,5,5,5,5.0,,,5.0,5,0,5,CORE_STRICT_COUNT,DIRECT_REPORTED_CHAIN_COMPLETE,2.20519579579292
74908381,74908380.0,1,3,1,6,KNOWN_EXACT,808,KNOWN_ZERO_BELOW_CATI_CAWI_DETAIL_CAP,2,2,8,2.0,,6.0,8.0,2,6,8,CORE_STRICT_COUNT,MIXED_DIRECT_RBW_UNTIMED,4.42702763954443
74908382,74908380.0,2,5,2,607,EXPLICIT_NO_RBW,803,UNAVAILABLE_NO_TRIP_PROTOCOL,803,803,803,,,,,0,0,0,EXCLUDED_COUNT_UNOBSERVED,TRIP_DAY_NO_ROWS,3.22589033806512
75181821,75181820.0,1,1,2,607,EXPLICIT_NO_RBW,808,KNOWN_ZERO_BELOW_CATI_CAWI_DETAIL_CAP,2,2,2,2.0,,,2.0,2,0,2,CORE_STRICT_COUNT,DIRECT_REPORTED_CHAIN_COMPLETE,2.90048745222958
75181822,75181820.0,2,1,206,206,NOT_OBSERVED_PROXY,808,KNOWN_ZERO_BELOW_CATI_CAWI_DETAIL_CAP,2,2,2,2.0,,,2.0,2,0,2,CORE_STRICT_COUNT,DIRECT_REPORTED_CHAIN_COMPLETE,6.16088582483706
75181823,75181820.0,3,1,206,206,NOT_OBSERVED_PROXY,808,KNOWN_ZERO_BELOW_CATI_CAWI_DETAIL_CAP,2,2,2,2.0,,,2.0,2,0,2,CORE_STRICT_COUNT,DIRECT_REPORTED_CHAIN_COMPLETE,4.56267318166974
75181824,75181820.0,4,1,403,403,NOT_APPLICABLE_UNDER_16,808,KNOWN_ZERO_BELOW_CATI_CAWI_DETAIL_CAP,4,4,4,4.0,,,4.0,4,0,4,CORE_STRICT_COUNT,DIRECT_REPORTED_CHAIN_COMPLETE,4.97885646727242
75181825,75181820.0,5,1,403,403,NOT_APPLICABLE_UNDER_16,808,KNOWN_ZERO_BELOW_CATI_CAWI_DETAIL_CAP,2,2,2,2.0,,,2.0,2,0,2,CORE_STRICT_COUNT,DIRECT_REPORTED_CHAIN_COMPLETE,4.97885646727242
75181826,75181820.0,6,1,403,403,NOT_APPLICABLE_UNDER_16,808,KNOWN_ZERO_BELOW_CATI_CAWI_DETAIL_CAP,3,3,3,3.0,,,3.0,3,0,3,CORE_STRICT_COUNT,DIRECT_REPORTED_CHAIN_COMPLETE,4.97885646727242
75566901,75566900.0,1,1,206,206,NOT_OBSERVED_PROXY,808,KNOWN_ZERO_BELOW_CATI_CAWI_DETAIL_CAP,7,7,7,7.0,,,7.0,7,0,7,CORE_STRICT_COUNT,DIRECT_REPORTED_CHAIN_COMPLETE,1.42857372569714
75566902,75566900.0,2,1,404,404,NOT_APPLICABLE_NOT_EMPLOYED,808,KNOWN_ZERO_BELOW_CATI_CAWI_DETAIL_CAP,4,4,4,4.0,,,4.0,4,0,4,CORE_STRICT_COUNT,DIRECT_REPORTED_CHAIN_COMPLETE,3.99630633382447
75957811,75957810.0,1,1,404,404,NOT_APPLICABLE_NOT_EMPLOYED,808,KNOWN_ZERO_BELOW_CATI_CAWI_DETAIL_CAP,2,2,2,2.0,,,2.0,2,0,2,CORE_STRICT_COUNT,DIRECT_REPORTED_CHAIN_COMPLETE,2.70616051848926
75957812,75957810.0,2,1,404,404,NOT_APPLICABLE_NOT_EMPLOYED,808,KNOWN_ZERO_BELOW_CATI_CAWI_DETAIL_CAP,2,2,2,2.0,,,2.0,2,0,2,CORE_STRICT_COUNT,DIRECT_REPORTED_CHAIN_COMPLETE,3.19843767364534
76153071,76153070.0,1,1,2,607,EXPLICIT_NO_RBW,808,KNOWN_ZERO_BELOW_CATI_CAWI_DETAIL_CAP,5,5,5,5.0,,,5.0,5,0,5,CORE_STRICT_COUNT,DIRECT_REPORTED_CHAIN_COMPLETE,4.5586708866126
76153072,76153070.0,2,1,2,607,EXPLICIT_NO_RBW,808,KNOWN_ZERO_BELOW_CATI_CAWI_DETAIL_CAP,5,5,5,5.0,,,5.0,5,0,5,CORE_STRICT_COUNT,DIRECT_REPORTED_CHAIN_COMPLETE,4.39907568840898
76159741,76159740.0,1,1,404,404,NOT_APPLICABLE_NOT_EMPLOYED,808,KNOWN_ZERO_BELOW_CATI_CAWI_DETAIL_CAP,3,3,3,3.0,,,3.0,3,0,3,CORE_STRICT_COUNT,DIRECT_REPORTED_CHAIN_COMPLETE,2.37851817176647
76799921,76799920.0,1,1,2,607,EXPLICIT_NO_RBW,807,KNOWN_ZERO_BELOW_PAPI_DETAIL_CAP,7,7,7,7.0,,,7.0,7,0,7,CORE_STRICT_COUNT,DIRECT_REPORTED_CHAIN_COMPLETE,3.5294549244831
76799922,76799920.0,2,1,2,607,EXPLICIT_NO_RBW,807,KNOWN_ZERO_BELOW_PAPI_DETAIL_CAP,3,3,3,3.0,,,3.0,3,0,3,CORE_STRICT_COUNT,DIRECT_REPORTED_CHAIN_COMPLETE,3.65750092735316
76799923,76799920.0,3,1,403,403,NOT_APPLICABLE_UNDER_16,807,KNOWN_ZERO_BELOW_PAPI_DETAIL_CAP,5,5,5,5.0,,,5.0,5,0,5,CORE_STRICT_COUNT,DIRECT_REPORTED_CHAIN_COMPLETE,6.19544994307434
76799924,76799920.0,4,1,403,403,NOT_APPLICABLE_UNDER_16,807,KNOWN_ZERO_BELOW_PAPI_DETAIL_CAP,4,4,4,4.0,,,4.0,4,0,4,CORE_STRICT_COUNT,DIRECT_REPORTED_CHAIN_COMPLETE,6.6915231170546
76815841,76815840.0,1,1,2,607,EXPLICIT_NO_RBW,808,KNOWN_ZERO_BELOW_CATI_CAWI_DETAIL_CAP,4,4,4,4.0,,,4.0,4,0,4,CORE_STRICT_COUNT,DIRECT_REPORTED_CHAIN_COMPLETE,1.30983926592187
76815842,76815840.0,2,1,206,206,NOT_OBSERVED_PROXY,808,KNOWN_ZERO_BELOW_CATI_CAWI_DETAIL_CAP,2,2,2,2.0,,,2.0,2,0,2,CORE_STRICT_COUNT,DIRECT_REPORTED_CHAIN_COMPLETE,1.19745553962623
76989401,76989400.0,1,5,404,404,NOT_APPLICABLE_NOT_EMPLOYED,803,UNAVAILABLE_NO_TRIP_PROTOCOL,803,803,803,,,,,0,0,0,EXCLUDED_COUNT_UNOBSERVED,TRIP_DAY_NO_ROWS,5.64229560631061
77188661,77188660.0,1,1,404,404,NOT_APPLICABLE_NOT_EMPLOYED,808,KNOWN_ZERO_BELOW_CATI_CAWI_DETAIL_CAP,7,7,7,7.0,,,7.0,7,0,7,CORE_STRICT_COUNT,DIRECT_REPORTED_CHAIN_COMPLETE,2.24310639249801
77302451,77302450.0,1,1,2,607,EXPLICIT_NO_RBW,808,KNOWN_ZERO_BELOW_CATI_CAWI_DETAIL_CAP,2,2,2,2.0,,,2.0,2,0,2,CORE_STRICT_COUNT,DIRECT_REPORTED_CHAIN_COMPLETE,4.39907568840898
77302452,77302450.0,2,1,206,206,NOT_OBSERVED_PROXY,808,KNOWN_ZERO_BELOW_CATI_CAWI_DETAIL_CAP,6,6,6,6.0,,,6.0,6,0,6,CORE_STRICT_COUNT,DIRECT_REPORTED_CHAIN_COMPLETE,5.99998701653939
77302453,77302450.0,3,1,403,403,NOT_APPLICABLE_UNDER_16,808,KNOWN_ZERO_BELOW_CATI_CAWI_DETAIL_CAP,2,2,2,2.0,,,2.0,2,0,2,CORE_STRICT_COUNT,DIRECT_REPORTED_CHAIN_COMPLETE,7.14432558167317
77802541,77802540.0,1,1,2,607,EXPLICIT_NO_RBW,808,KNOWN_ZERO_BELOW_CATI_CAWI_DETAIL_CAP,4,4,4,4.0,,,4.0,4,0,4,CORE_STRICT_COUNT,DIRECT_REPORTED_CHAIN_COMPLETE,4.37100000464347
78118181,78118180.0,1,1,404,404,NOT_APPLICABLE_NOT_EMPLOYED,808,KNOWN_ZERO_BELOW_CATI_CAWI_DETAIL_CAP,4,4,4,4.0,,,4.0,4,0,4,CORE_STRICT_COUNT,DIRECT_REPORTED_CHAIN_COMPLETE,2.70616051848926
78118182,78118180.0,2,1,206,206,NOT_OBSERVED_PROXY,808,KNOWN_ZERO_BELOW_CATI_CAWI_DETAIL_CAP,2,2,2,2.0,,,2.0,2,0,2,CORE_STRICT_COUNT,DIRECT_REPORTED_CHAIN_COMPLETE,2.24310639249801
78216331,78216330.0,1,3,1,20,KNOWN_EXACT,808,KNOWN_ZERO_BELOW_CATI_CAWI_DETAIL_CAP,2,2,22,2.0,,20.0,22.0,2,20,22,CORE_STRICT_COUNT,MIXED_DIRECT_RBW_UNTIMED,10.1508863456555
78534231,78534230.0,1,1,404,404,NOT_APPLICABLE_NOT_EMPLOYED,808,KNOWN_ZERO_BELOW_CATI_CAWI_DETAIL_CAP,4,4,4,4.0,,,4.0,4,0,4,CORE_STRICT_COUNT,DIRECT_REPORTED_CHAIN_COMPLETE,2.00128935352814
78534232,78534230.0,2,1,206,206,NOT_OBSERVED_PROXY,808,KNOWN_ZERO_BELOW_CATI_CAWI_DETAIL_CAP,2,2,2,2.0,,,2.0,2,0,2,CORE_STRICT_COUNT,DIRECT_REPORTED_CHAIN_COMPLETE,1.81321245422997
78534233,78534230.0,3,1,206,206,NOT_OBSERVED_PROXY,808,KNOWN_ZERO_BELOW_CATI_CAWI_DETAIL_CAP,1,1,1,1.0,,,1.0,1,0,1,CORE_STRICT_COUNT,DIRECT_REPORTED_CHAIN_COMPLETE,3.18620376513819
78534234,78534230.0,4,1,403,403,NOT_APPLICABLE_UNDER_16,808,KNOWN_ZERO_BELOW_CATI_CAWI_DETAIL_CAP,4,4,4,4.0,,,4.0,4,0,4,CORE_STRICT_COUNT,DIRECT_REPORTED_CHAIN_COMPLETE,3.25638850795298
78534235,78534230.0,5,0,403,403,NOT_APPLICABLE_UNDER_16,801,NOT_APPLICABLE_NOT_MOBILE,0,0,0,0.0,,,0.0,0,0,0,CORE_STRICT_COUNT,ZERO_TRIP_COMPLETE,3.45976549944961
78534236,78534230.0,6,0,403,403,NOT_APPLICABLE_UNDER_16,801,NOT_APPLICABLE_NOT_MOBILE,0,0,0,0.0,,,0.0,0,0,0,CORE_STRICT_COUNT,ZERO_TRIP_COMPLETE,3.45976549944961
135,0.0,135,0,403,403,NOT_APPLICABLE_UNDER_16,801,NOT_APPLICABLE_NOT_MOBILE,0,0,0,0.0,,,0.0,0,0,0,CORE_STRICT_COUNT,ZERO_TRIP_COMPLETE,3.29890732247744
78632901,78632900.0,1,1,2,607,EXPLICIT_NO_RBW,808,KNOWN_ZERO_BELOW_CATI_CAWI_DETAIL_CAP,2,2,2,2.0,,,2.0,2,0,2,CORE_STRICT_COUNT,DIRECT_REPORTED_CHAIN_COMPLETE,0.955040231375442
78632902,78632900.0,2,1,206,206,NOT_OBSERVED_PROXY,808,KNOWN_ZERO_BELOW_CATI_CAWI_DETAIL_CAP,2,2,2,2.0,,,2.0,2,0,2,CORE_STRICT_COUNT,DIRECT_REPORTED_CHAIN_COMPLETE,1.00429406817097
78632903,78632900.0,3,1,206,206,NOT_OBSERVED_PROXY,808,KNOWN_ZERO_BELOW_CATI_CAWI_DETAIL_CAP,4,4,4,4.0,,,4.0,4,0,4,CORE_STRICT_COUNT,DIRECT_REPORTED_CHAIN_COMPLETE,2.083338649165
78632904,78632900.0,4,0,206,206,NOT_OBSERVED_PROXY,801,NOT_APPLICABLE_NOT_MOBILE,0,0,0,0.0,,,0.0,0,0,0,CORE_STRICT_COUNT,ZERO_TRIP_COMPLETE,0.827895246386076
78632905,78632900.0,5,1,206,206,NOT_OBSERVED_PROXY,808,KNOWN_ZERO_BELOW_CATI_CAWI_DETAIL_CAP,2,2,2,2.0,,,2.0,2,0,2,CORE_STRICT_COUNT,DIRECT_REPORTED_CHAIN_COMPLETE,2.083338649165
79066631,79066630.0,1,1,404,404,NOT_APPLICABLE_NOT_EMPLOYED,808,KNOWN_ZERO_BELOW_CATI_CAWI_DETAIL_CAP,2,2,2,2.0,,,2.0,2,0,2,CORE_STRICT_COUNT,DIRECT_REPORTED_CHAIN_COMPLETE,2.82047912248993
79066632,79066630.0,2,1,206,206,NOT_OBSERVED_PROXY,808,KNOWN_ZERO_BELOW_CATI_CAWI_DETAIL_CAP,2,2,2,2.0,,,2.0,2,0,2,CORE_STRICT_COUNT,DIRECT_REPORTED_CHAIN_COMPLETE,3.82317162235343
79514231,79514230.0,1,1,2,607,EXPLICIT_NO_RBW,808,KNOWN_ZERO_BELOW_CATI_CAWI_DETAIL_CAP,5,5,5,5.0,,,5.0,5,0,5,CORE_STRICT_COUNT,DIRECT_REPORTED_CHAIN_COMPLETE,4.5586708866126
79514232,79514230.0,2,1,2,607,EXPLICIT_NO_RBW,808,KNOWN_ZERO_BELOW_CATI_CAWI_DETAIL_CAP,3,3,3,3.0,,,3.0,3,0,3,CORE_STRICT_COUNT,DIRECT_REPORTED_CHAIN_COMPLETE,3.8850830192331
79814881,79814880.0,1,5,2,607,EXPLICIT_NO_RBW,803,UNAVAILABLE_NO_TRIP_PROTOCOL,803,803,803,,,,,0,0,0,EXCLUDED_COUNT_UNOBSERVED,TRIP_DAY_NO_ROWS,4.1226265759723
79847641,79847640.0,1,1,2,607,EXPLICIT_NO_RBW,808,KNOWN_ZERO_BELOW_CATI_CAWI_DETAIL_CAP,2,2,2,2.0,,,2.0,2,0,2,CORE_STRICT_COUNT,DIRECT_REPORTED_CHAIN_COMPLETE,3.70259906254976
79847642,79847640.0,2,3,1,3,KNOWN_EXACT,808,KNOWN_ZERO_BELOW_CATI_CAWI_DETAIL_CAP,4,4,7,4.0,,3.0,7.0,4,3,7,CORE_STRICT_COUNT,MIXED_DIRECT_RBW_UNTIMED,4.48680457916405
79847643,79847640.0,3,1,403,403,NOT_APPLICABLE_UNDER_16,808,KNOWN_ZERO_BELOW_CATI_CAWI_DETAIL_CAP,1,1,1,1.0,,,1.0,1,0,1,CORE_STRICT_COUNT,DIRECT_REPORTED_CHAIN_COMPLETE,6.3557279912113
80076551,80076550.0,1,1,404,404,NOT_APPLICABLE_NOT_EMPLOYED,808,KNOWN_ZERO_BELOW_CATI_CAWI_DETAIL_CAP,4,4,4,4.0,,,4.0,4,0,4,CORE_STRICT_COUNT,DIRECT_REPORTED_CHAIN_COMPLETE,4.57833121647793
80360381,80360380.0,1,1,2,607,EXPLICIT_NO_RBW,808,KNOWN_ZERO_BELOW_CATI_CAWI_DETAIL_CAP,1,1,1,1.0,,,1.0,1,0,1,CORE_STRICT_COUNT,DIRECT_REPORTED_CHAIN_COMPLETE,3.69875065456094
80360382,80360380.0,2,1,2,607,EXPLICIT_NO_RBW,808,KNOWN_ZERO_BELOW_CATI_CAWI_DETAIL_CAP,1,1,1,1.0,,,1.0,1,0,1,CORE_STRICT_COUNT,DIRECT_REPORTED_CHAIN_COMPLETE,3.58947656949745
80360383,80360380.0,3,1,403,403,NOT_APPLICABLE_UNDER_16,808,KNOWN_ZERO_BELOW_CATI_CAWI_DETAIL_CAP,1,1,1,1.0,,,1.0,1,0,1,CORE_STRICT_COUNT,DIRECT_REPORTED_CHAIN_COMPLETE,5.21934035285202
80360384,80360380.0,4,1,403,403,NOT_APPLICABLE_UNDER_16,808,KNOWN_ZERO_BELOW_CATI_CAWI_DETAIL_CAP,1,1,1,1.0,,,1.0,1,0,1,CORE_STRICT_COUNT,DIRECT_REPORTED_CHAIN_COMPLETE,6.44642067354536
81184831,81184830.0,1,3,1,9,KNOWN_EXACT,2,KNOWN_POSITIVE_UNDETAILED,12,14,23,12.0,2.0,9.0,23.0,12,9,21,CORE_STRICT_COUNT,MIXED_DIRECT_RBW_PLUS_UNDETAILED,7.16566476747156
81613021,81613020.0,1,1,2,607,EXPLICIT_NO_RBW,808,KNOWN_ZERO_BELOW_CATI_CAWI_DETAIL_CAP,7,7,7,7.0,,,7.0,7,0,7,CORE_STRICT_COUNT,DIRECT_REPORTED_CHAIN_COMPLETE,1.39177689349233
81613022,81613020.0,2,1,206,206,NOT_OBSERVED_PROXY,808,KNOWN_ZERO_BELOW_CATI_CAWI_DETAIL_CAP,7,7,7,7.0,,,7.0,7,0,7,CORE_STRICT_COUNT,DIRECT_REPORTED_CHAIN_COMPLETE,1.49978797420465
82037271,82037270.0,1,1,2,607,EXPLICIT_NO_RBW,808,KNOWN_ZERO_BELOW_CATI_CAWI_DETAIL_CAP,2,2,2,2.0,,,2.0,2,0,2,CORE_STRICT_COUNT,DIRECT_REPORTED_CHAIN_COMPLETE,0.638093542219132
82037272,82037270.0,2,1,206,206,NOT_OBSERVED_PROXY,808,KNOWN_ZERO_BELOW_CATI_CAWI_DETAIL_CAP,4,4,4,4.0,,,4.0,4,0,4,CORE_STRICT_COUNT,DIRECT_REPORTED_CHAIN_COMPLETE,0.635648116782515
82037273,82037270.0,3,1,206,206,NOT_OBSERVED_PROXY,808,KNOWN_ZERO_BELOW_CATI_CAWI_DETAIL_CAP,2,2,2,2.0,,,2.0,2,0,2,CORE_STRICT_COUNT,DIRECT_REPORTED_CHAIN_COMPLETE,1.10634499869097
82037274,82037270.0,4,1,206,206,NOT_OBSERVED_PROXY,808,KNOWN_ZERO_BELOW_CATI_CAWI_DETAIL_CAP,2,2,2,2.0,,,2.0,2,0,2,CORE_STRICT_COUNT,DIRECT_REPORTED_CHAIN_COMPLETE,1.78768457807515
82037275,82037270.0,5,1,403,403,NOT_APPLICABLE_UNDER_16,808,KNOWN_ZERO_BELOW_CATI_CAWI_DETAIL_CAP,4,4,4,4.0,,,4.0,4,0,4,CORE_STRICT_COUNT,DIRECT_REPORTED_CHAIN_COMPLETE,0.900419542931839
82050941,82050940.0,1,1,404,404,NOT_APPLICABLE_NOT_EMPLOYED,808,KNOWN_ZERO_BELOW_CATI_CAWI_DETAIL_CAP,2,2,2,2.0,,,2.0,2,0,2,CORE_STRICT_COUNT,DIRECT_REPORTED_CHAIN_COMPLETE,24.1264797217361
82050942,82050940.0,2,1,206,206,NOT_OBSERVED_PROXY,808,KNOWN_ZERO_BELOW_CATI_CAWI_DETAIL_CAP,2,2,2,2.0,,,2.0,2,0,2,CORE_STRICT_COUNT,DIRECT_REPORTED_CHAIN_COMPLETE,3.52101160154023
82064161,82064160.0,1,5,2,607,EXPLICIT_NO_RBW,803,UNAVAILABLE_NO_TRIP_PROTOCOL,803,803,803,,,,,0,0,0,EXCLUDED_COUNT_UNOBSERVED,TRIP_DAY_NO_ROWS,2.08459794112471
82086991,82086990.0,1,1,2,607,EXPLICIT_NO_RBW,808,KNOWN_ZERO_BELOW_CATI_CAWI_DETAIL_CAP,4,4,4,4.0,,,4.0,4,0,4,CORE_STRICT_COUNT,DIRECT_REPORTED_CHAIN_COMPLETE,6.38556839285968
82086992,82086990.0,2,1,206,206,NOT_OBSERVED_PROXY,808,KNOWN_ZERO_BELOW_CATI_CAWI_DETAIL_CAP,2,2,2,2.0,,,2.0,2,0,2,CORE_STRICT_COUNT,DIRECT_REPORTED_CHAIN_COMPLETE,2.19755187156472
82086993,82086990.0,3,1,206,206,NOT_OBSERVED_PROXY,808,KNOWN_ZERO_BELOW_CATI_CAWI_DETAIL_CAP,2,2,2,2.0,,,2.0,2,0,2,CORE_STRICT_COUNT,DIRECT_REPORTED_CHAIN_COMPLETE,3.17499468787139
82115501,82115500.0,1,1,404,404,NOT_APPLICABLE_NOT_EMPLOYED,808,KNOWN_ZERO_BELOW_CATI_CAWI_DETAIL_CAP,5,5,5,5.0,,,5.0,5,0,5,CORE_STRICT_COUNT,DIRECT_REPORTED_CHAIN_COMPLETE,2.70616051848926
82141471,82141470.0,1,1,2,607,EXPLICIT_NO_RBW,808,KNOWN_ZERO_BELOW_CATI_CAWI_DETAIL_CAP,3,3,3,3.0,,,3.0,3,0,3,CORE_STRICT_COUNT,DIRECT_REPORTED_CHAIN_COMPLETE,5.99998701653939
82141472,82141470.0,2,1,206,206,NOT_OBSERVED_PROXY,808,KNOWN_ZERO_BELOW_CATI_CAWI_DETAIL_CAP,4,4,4,4.0,,,4.0,4,0,4,CORE_STRICT_COUNT,DIRECT_REPORTED_CHAIN_COMPLETE,7.71086564700451
82141473,82141470.0,3,1,403,403,NOT_APPLICABLE_UNDER_16,808,KNOWN_ZERO_BELOW_CATI_CAWI_DETAIL_CAP,4,4,4,4.0,,,4.0,4,0,4,CORE_STRICT_COUNT,DIRECT_REPORTED_CHAIN_COMPLETE,8.3402443982119
82141474,82141470.0,4,1,403,403,NOT_APPLICABLE_UNDER_16,808,KNOWN_ZERO_BELOW_CATI_CAWI_DETAIL_CAP,2,2,2,2.0,,,2.0,2,0,2,CORE_STRICT_COUNT,DIRECT_REPORTED_CHAIN_COMPLETE,7.95247346124749
82221961,82221960.0,1,1,406,406,NOT_OBSERVED_SECONDARY_EMPLOYMENT,808,KNOWN_ZERO_BELOW_CATI_CAWI_DETAIL_CAP,4,4,4,4.0,,,4.0,4,0,4,CORE_STRICT_COUNT,DIRECT_REPORTED_CHAIN_COMPLETE,2.70616051848926
82221962,82221960.0,2,1,206,206,NOT_OBSERVED_PROXY,808,KNOWN_ZERO_BELOW_CATI_CAWI_DETAIL_CAP,2,2,2,2.0,,,2.0,2,0,2,CORE_STRICT_COUNT,DIRECT_REPORTED_CHAIN_COMPLETE,5.60634208835736
82227481,82227480.0,1,3,1,2,KNOWN_EXACT,808,KNOWN_ZERO_BELOW_CATI_CAWI_DETAIL_CAP,2,2,4,2.0,,2.0,4.0,2,2,4,CORE_STRICT_COUNT,MIXED_DIRECT_RBW_UNTIMED,4.69997174547024
82227482,82227480.0,2,1,404,404,NOT_APPLICABLE_NOT_EMPLOYED,808,KNOWN_ZERO_BELOW_CATI_CAWI_DETAIL_CAP,2,2,2,2.0,,,2.0,2,0,2,CORE_STRICT_COUNT,DIRECT_REPORTED_CHAIN_COMPLETE,5.09328440590286
82227483,82227480.0,3,1,403,403,NOT_APPLICABLE_UNDER_16,808,KNOWN_ZERO_BELOW_CATI_CAWI_DETAIL_CAP,2,2,2,2.0,,,2.0,2,0,2,CORE_STRICT_COUNT,DIRECT_REPORTED_CHAIN_COMPLETE,4.70576245067051
82227484,82227480.0,4,1,403,403,NOT_APPLICABLE_UNDER_16,808,KNOWN_ZERO_BELOW_CATI_CAWI_DETAIL_CAP,2,2,2,2.0,,,2.0,2,0,2,CORE_STRICT_COUNT,DIRECT_REPORTED_CHAIN_COMPLETE,4.35376106382994
82227485,82227480.0,5,0,403,403,NOT_APPLICABLE_UNDER_16,801,NOT_APPLICABLE_NOT_MOBILE,0,0,0,0.0,,,0.0,0,0,0,CORE_STRICT_COUNT,ZERO_TRIP_COMPLETE,4.78248159402238
82241901,82241900.0,1,1,2,607,EXPLICIT_NO_RBW,808,KNOWN_ZERO_BELOW_CATI_CAWI_DETAIL_CAP,3,3,3,3.0,,,3.0,3,0,3,CORE_STRICT_COUNT,DIRECT_REPORTED_CHAIN_COMPLETE,2.24096503771478
82305991,82305990.0,1,1,404,404,NOT_APPLICABLE_NOT_EMPLOYED,808,KNOWN_ZERO_BELOW_CATI_CAWI_DETAIL_CAP,6,6,6,6.0,,,6.0,6,0,6,CORE_STRICT_COUNT,DIRECT_REPORTED_CHAIN_COMPLETE,2.78374775592025
82310841,82310840.0,1,0,404,404,NOT_APPLICABLE_NOT_EMPLOYED,801,NOT_APPLICABLE_NOT_MOBILE,0,0,0,0.0,,,0.0,0,0,0,CORE_STRICT_COUNT,ZERO_TRIP_COMPLETE,7.91819771648102
82310842,82310840.0,2,1,404,404,NOT_APPLICABLE_NOT_EMPLOYED,808,KNOWN_ZERO_BELOW_CATI_CAWI_DETAIL_CAP,5,5,5,5.0,,,5.0,5,0,5,CORE_STRICT_COUNT,DIRECT_REPORTED_CHAIN_COMPLETE,3.35842662466429
82333741,82333740.0,1,1,2,607,EXPLICIT_NO_RBW,808,KNOWN_ZERO_BELOW_CATI_CAWI_DETAIL_CAP,6,6,6,6.0,,,6.0,6,0,6,CORE_STRICT_COUNT,DIRECT_REPORTED_CHAIN_COMPLETE,4.23530572129306
82370241,82370240.0,1,1,404,404,NOT_APPLICABLE_NOT_EMPLOYED,808,KNOWN_ZERO_BELOW_CATI_CAWI_DETAIL_CAP,4,4,4,4.0,,,4.0,4,0,4,CORE_STRICT_COUNT,DIRECT_REPORTED_CHAIN_COMPLETE,2.24310639249801
82400961,82400960.0,1,1,406,406,NOT_OBSERVED_SECONDARY_EMPLOYMENT,808,KNOWN_ZERO_BELOW_CATI_CAWI_DETAIL_CAP,2,2,2,2.0,,,2.0,2,0,2,CORE_STRICT_COUNT,DIRECT_REPORTED_CHAIN_COMPLETE,0.73703083087607
82400962,82400960.0,2,1,206,206,NOT_OBSERVED_PROXY,808,KNOWN_ZERO_BELOW_CATI_CAWI_DETAIL_CAP,4,4,4,4.0,,,4.0,4,0,4,CORE_STRICT_COUNT,DIRECT_REPORTED_CHAIN_COMPLETE,0.99379819111637
82432971,82432970.0,1,1,2,607,EXPLICIT_NO_RBW,808,KNOWN_ZERO_BELOW_CATI_CAWI_DETAIL_CAP,9,9,9,9.0,,,9.0,9,0,9,CORE_STRICT_COUNT,DIRECT_REPORTED_CHAIN_COMPLETE,5.51084841623137
82432972,82432970.0,2,1,403,403,NOT_APPLICABLE_UNDER_16,808,KNOWN_ZERO_BELOW_CATI_CAWI_DETAIL_CAP,5,5,5,5.0,,,5.0,5,0,5,CORE_STRICT_COUNT,DIRECT_REPORTED_CHAIN_COMPLETE,7.95247346124749
82455741,82455740.0,1,1,404,404,NOT_APPLICABLE_NOT_EMPLOYED,808,KNOWN_ZERO_BELOW_CATI_CAWI_DETAIL_CAP,3,3,3,3.0,,,3.0,3,0,3,CORE_STRICT_COUNT,DIRECT_REPORTED_CHAIN_COMPLETE,4.70306903333447
82464641,82464640.0,1,1,2,607,EXPLICIT_NO_RBW,808,KNOWN_ZERO_BELOW_CATI_CAWI_DETAIL_CAP,1,1,1,1.0,,,1.0,1,0,1,CORE_STRICT_COUNT,DIRECT_REPORTED_CHAIN_COMPLETE,6.26412393291325
82510641,82510640.0,1,1,406,406,NOT_OBSERVED_SECONDARY_EMPLOYMENT,808,KNOWN_ZERO_BELOW_CATI_CAWI_DETAIL_CAP,4,4,4,4.0,,,4.0,4,0,4,CORE_STRICT_COUNT,DIRECT_REPORTED_CHAIN_COMPLETE,12.5098641230048
82519501,82519500.0,1,1,404,404,NOT_APPLICABLE_NOT_EMPLOYED,808,KNOWN_ZERO_BELOW_CATI_CAWI_DETAIL_CAP,6,6,6,6.0,,,6.0,6,0,6,CORE_STRICT_COUNT,DIRECT_REPORTED_CHAIN_COMPLETE,26.2387481199031
82534941,82534940.0,1,1,2,607,EXPLICIT_NO_RBW,808,KNOWN_ZERO_BELOW_CATI_CAWI_DETAIL_CAP,2,2,2,2.0,,,2.0,2,0,2,CORE_STRICT_COUNT,DIRECT_REPORTED_CHAIN_COMPLETE,0.828278436249343
82534942,82534940.0,2,1,206,206,NOT_OBSERVED_PROXY,808,KNOWN_ZERO_BELOW_CATI_CAWI_DETAIL_CAP,4,4,4,4.0,,,4.0,4,0,4,CORE_STRICT_COUNT,DIRECT_REPORTED_CHAIN_COMPLETE,1.73358931533702
82534943,82534940.0,3,1,206,206,NOT_OBSERVED_PROXY,808,KNOWN_ZERO_BELOW_CATI_CAWI_DETAIL_CAP,2,2,2,2.0,,,2.0,2,0,2,CORE_STRICT_COUNT,DIRECT_REPORTED_CHAIN_COMPLETE,0.863403960205527
82534944,82534940.0,4,1,206,206,NOT_OBSERVED_PROXY,808,KNOWN_ZERO_BELOW_CATI_CAWI_DETAIL_CAP,2,2,2,2.0,,,2.0,2,0,2,CORE_STRICT_COUNT,DIRECT_REPORTED_CHAIN_COMPLETE,2.78078224321641
82534945,82534940.0,5,0,403,403,NOT_APPLICABLE_UNDER_16,801,NOT_APPLICABLE_NOT_MOBILE,0,0,0,0.0,,,0.0,0,0,0,CORE_STRICT_COUNT,ZERO_TRIP_COMPLETE,1.44913060093478
82590901,82590900.0,1,3,1,2,KNOWN_EXACT,808,KNOWN_ZERO_BELOW_CATI_CAWI_DETAIL_CAP,3,3,5,3.0,,2.0,5.0,3,2,5,CORE_STRICT_COUNT,MIXED_DIRECT_RBW_UNTIMED,5.99998701653939
82591991,82591990.0,1,1,2,607,EXPLICIT_NO_RBW,808,KNOWN_ZERO_BELOW_CATI_CAWI_DETAIL_CAP,6,6,6,6.0,,,6.0,6,0,6,CORE_STRICT_COUNT,DIRECT_REPORTED_CHAIN_COMPLETE,6.80991992651979
82591992,82591990.0,2,1,206,206,NOT_OBSERVED_PROXY,808,KNOWN_ZERO_BELOW_CATI_CAWI_DETAIL_CAP,8,8,8,8.0,,,8.0,8,0,8,CORE_STRICT_COUNT,DIRECT_REPORTED_CHAIN_COMPLETE,5.51084841623137
82591993,82591990.0,3,1,403,403,NOT_APPLICABLE_UNDER_16,808,KNOWN_ZERO_BELOW_CATI_CAWI_DETAIL_CAP,6,6,6,6.0,,,6.0,6,0,6,CORE_STRICT_COUNT,DIRECT_REPORTED_CHAIN_COMPLETE,7.72194398468614
82638642,82638640.0,2,5,2,607,EXPLICIT_NO_RBW,803,UNAVAILABLE_NO_TRIP_PROTOCOL,803,803,803,,,,,0,0,0,EXCLUDED_COUNT_UNOBSERVED,TRIP_DAY_NO_ROWS,4.50406593140805
82708291,82708290.0,1,1,404,404,NOT_APPLICABLE_NOT_EMPLOYED,808,KNOWN_ZERO_BELOW_CATI_CAWI_DETAIL_CAP,1,1,1,1.0,,,1.0,1,0,1,CORE_STRICT_COUNT,DIRECT_REPORTED_CHAIN_COMPLETE,1.83240535301364
82708292,82708290.0,2,1,206,206,NOT_OBSERVED_PROXY,808,KNOWN_ZERO_BELOW_CATI_CAWI_DETAIL_CAP,1,1,1,1.0,,,1.0,1,0,1,CORE_STRICT_COUNT,DIRECT_REPORTED_CHAIN_COMPLETE,1.2473666628273
82710351,82710350.0,1,4,602,602,NO_OUT_OF_HOME_ACTIVITY_OR_DOMESTIC_TRIPS,801,NOT_APPLICABLE_NOT_MOBILE,0,0,0,0.0,,,0.0,0,0,0,EXCLUDED_OUT_OF_SCOPE,OUT_OF_SCOPE_FAR_ABROAD,3.8850830192331
82716051,82716050.0,1,1,2,607,EXPLICIT_NO_RBW,808,KNOWN_ZERO_BELOW_CATI_CAWI_DETAIL_CAP,1,1,1,1.0,,,1.0,1,0,1,CORE_STRICT_COUNT,DIRECT_REPORTED_CHAIN_COMPLETE,1.87030845104559
82716052,82716050.0,2,1,206,206,NOT_OBSERVED_PROXY,808,KNOWN_ZERO_BELOW_CATI_CAWI_DETAIL_CAP,3,3,3,3.0,,,3.0,3,0,3,CORE_STRICT_COUNT,DIRECT_REPORTED_CHAIN_COMPLETE,4.23136068953106
82716053,82716050.0,3,1,403,403,NOT_APPLICABLE_UNDER_16,808,KNOWN_ZERO_BELOW_CATI_CAWI_DETAIL_CAP,2,2,2,2.0,,,2.0,2,0,2,CORE_STRICT_COUNT,DIRECT_REPORTED_CHAIN_COMPLETE,3.47660106575616
82735701,82735700.0,1,1,2,607,EXPLICIT_NO_RBW,808,KNOWN_ZERO_BELOW_CATI_CAWI_DETAIL_CAP,7,7,7,7.0,,,7.0,7,0,7,CORE_STRICT_COUNT,DIRECT_REPORTED_CHAIN_COMPLETE,1.42791074982937
82735702,82735700.0,2,1,206,206,NOT_OBSERVED_PROXY,808,KNOWN_ZERO_BELOW_CATI_CAWI_DETAIL_CAP,2,2,2,2.0,,,2.0,2,0,2,CORE_STRICT_COUNT,DIRECT_REPORTED_CHAIN_COMPLETE,1.82657852038444
82735703,82735700.0,3,1,206,206,NOT_OBSERVED_PROXY,808,KNOWN_ZERO_BELOW_CATI_CAWI_DETAIL_CAP,5,5,5,5.0,,,5.0,5,0,5,CORE_STRICT_COUNT,DIRECT_REPORTED_CHAIN_COMPLETE,5.11734727823529
82735704,82735700.0,4,1,403,403,NOT_APPLICABLE_UNDER_16,808,KNOWN_ZERO_BELOW_CATI_CAWI_DETAIL_CAP,2,2,2,2.0,,,2.0,2,0,2,CORE_STRICT_COUNT,DIRECT_REPORTED_CHAIN_COMPLETE,3.18347859462775
82755651,82755650.0,1,1,404,404,NOT_APPLICABLE_NOT_EMPLOYED,808,KNOWN_ZERO_BELOW_CATI_CAWI_DETAIL_CAP,4,4,4,4.0,,,4.0,4,0,4,CORE_STRICT_COUNT,DIRECT_REPORTED_CHAIN_COMPLETE,1.50875876291246
82755652,82755650.0,2,1,206,206,NOT_OBSERVED_PROXY,808,KNOWN_ZERO_BELOW_CATI_CAWI_DETAIL_CAP,4,4,4,4.0,,,4.0,4,0,4,CORE_STRICT_COUNT,DIRECT_REPORTED_CHAIN_COMPLETE,5.7665612577029
82755653,82755650.0,3,1,206,206,NOT_OBSERVED_PROXY,808,KNOWN_ZERO_BELOW_CATI_CAWI_DETAIL_CAP,2,2,2,2.0,,,2.0,2,0,2,CORE_STRICT_COUNT,DIRECT_REPORTED_CHAIN_COMPLETE,3.02257917973034
82771981,82771980.0,1,0,404,404,NOT_APPLICABLE_NOT_EMPLOYED,801,NOT_APPLICABLE_NOT_MOBILE,0,0,0,0.0,,,0.0,0,0,0,CORE_STRICT_COUNT,ZERO_TRIP_COMPLETE,4.52811877954232
82844551,82844550.0,1,1,404,404,NOT_APPLICABLE_NOT_EMPLOYED,808,KNOWN_ZERO_BELOW_CATI_CAWI_DETAIL_CAP,2,2,2,2.0,,,2.0,2,0,2,CORE_STRICT_COUNT,DIRECT_REPORTED_CHAIN_COMPLETE,2.70616051848926
82848121,82848120.0,1,0,404,404,NOT_APPLICABLE_NOT_EMPLOYED,801,NOT_APPLICABLE_NOT_MOBILE,0,0,0,0.0,,,0.0,0,0,0,CORE_STRICT_COUNT,ZERO_TRIP_COMPLETE,3.88807516331692
82848122,82848120.0,2,1,206,206,NOT_OBSERVED_PROXY,808,KNOWN_ZERO_BELOW_CATI_CAWI_DETAIL_CAP,2,2,2,2.0,,,2.0,2,0,2,CORE_STRICT_COUNT,DIRECT_REPORTED_CHAIN_COMPLETE,1.87428521267393
82848123,82848120.0,3,4,206,206,NOT_OBSERVED_PROXY,801,NOT_APPLICABLE_NOT_MOBILE,0,0,0,0.0,,,0.0,0,0,0,EXCLUDED_OUT_OF_SCOPE,OUT_OF_SCOPE_FAR_ABROAD,2.27125630747978
82848124,82848120.0,4,4,206,206,NOT_OBSERVED_PROXY,801,NOT_APPLICABLE_NOT_MOBILE,0,0,0,0.0,,,0.0,0,0,0,EXCLUDED_OUT_OF_SCOPE,OUT_OF_SCOPE_FAR_ABROAD,7.62529716242875
82848831,82848830.0,1,1,2,607,EXPLICIT_NO_RBW,808,KNOWN_ZERO_BELOW_CATI_CAWI_DETAIL_CAP,6,6,6,6.0,,,6.0,6,0,6,CORE_STRICT_COUNT,DIRECT_REPORTED_CHAIN_COMPLETE,3.50168449617806
82852851,82852850.0,1,1,404,404,NOT_APPLICABLE_NOT_EMPLOYED,808,KNOWN_ZERO_BELOW_CATI_CAWI_DETAIL_CAP,6,6,6,6.0,,,6.0,6,0,6,CORE_STRICT_COUNT,DIRECT_REPORTED_CHAIN_COMPLETE,4.57833121647793
82864081,82864080.0,1,1,2,607,EXPLICIT_NO_RBW,808,KNOWN_ZERO_BELOW_CATI_CAWI_DETAIL_CAP,6,6,6,6.0,,,6.0,6,0,6,CORE_STRICT_COUNT,DIRECT_REPORTED_CHAIN_COMPLETE,2.15651411920059
82864082,82864080.0,2,1,404,404,NOT_APPLICABLE_NOT_EMPLOYED,808,KNOWN_ZERO_BELOW_CATI_CAWI_DETAIL_CAP,5,5,5,5.0,,,5.0,5,0,5,CORE_STRICT_COUNT,DIRECT_REPORTED_CHAIN_COMPLETE,2.78864417744043
82913541,82913540.0,1,1,2,607,EXPLICIT_NO_RBW,808,KNOWN_ZERO_BELOW_CATI_CAWI_DETAIL_CAP,2,2,2,2.0,,,2.0,2,0,2,CORE_STRICT_COUNT,DIRECT_REPORTED_CHAIN_COMPLETE,5.20560769532681
82913542,82913540.0,2,1,2,607,EXPLICIT_NO_RBW,808,KNOWN_ZERO_BELOW_CATI_CAWI_DETAIL_CAP,4,4,4,4.0,,,4.0,4,0,4,CORE_STRICT_COUNT,DIRECT_REPORTED_CHAIN_COMPLETE,3.90774183480154
82918631,82918630.0,1,1,404,404,NOT_APPLICABLE_NOT_EMPLOYED,808,KNOWN_ZERO_BELOW_CATI_CAWI_DETAIL_CAP,1,1,1,1.0,,,1.0,1,0,1,CORE_STRICT_COUNT,DIRECT_REPORTED_CHAIN_COMPLETE,2.67648094574817
82951571,82951570.0,1,1,2,607,EXPLICIT_NO_RBW,808,KNOWN_ZERO_BELOW_CATI_CAWI_DETAIL_CAP,2,2,2,2.0,,,2.0,2,0,2,CORE_STRICT_COUNT,DIRECT_REPORTED_CHAIN_COMPLETE,6.17176182545754
82974811,82974810.0,1,1,404,404,NOT_APPLICABLE_NOT_EMPLOYED,808,KNOWN_ZERO_BELOW_CATI_CAWI_DETAIL_CAP,2,2,2,2.0,,,2.0,2,0,2,CORE_STRICT_COUNT,DIRECT_REPORTED_CHAIN_COMPLETE,3.84081843923663
82974812,82974810.0,2,1,206,206,NOT_OBSERVED_PROXY,808,KNOWN_ZERO_BELOW_CATI_CAWI_DETAIL_CAP,4,4,4,4.0,,,4.0,4,0,4,CORE_STRICT_COUNT,DIRECT_REPORTED_CHAIN_COMPLETE,3.33501308522572
82988631,82988630.0,1,1,2,607,EXPLICIT_NO_RBW,808,KNOWN_ZERO_BELOW_CATI_CAWI_DETAIL_CAP,7,7,7,7.0,,,7.0,7,0,7,CORE_STRICT_COUNT,DIRECT_REPORTED_CHAIN_COMPLETE,8.32747024513807
82988632,82988630.0,2,1,206,206,NOT_OBSERVED_PROXY,808,KNOWN_ZERO_BELOW_CATI_CAWI_DETAIL_CAP,2,2,2,2.0,,,2.0,2,0,2,CORE_STRICT_COUNT,DIRECT_REPORTED_CHAIN_COMPLETE,3.53883941260944
82988633,82988630.0,3,1,403,403,NOT_APPLICABLE_UNDER_16,808,KNOWN_ZERO_BELOW_CATI_CAWI_DETAIL_CAP,4,4,4,4.0,,,4.0,4,0,4,CORE_STRICT_COUNT,DIRECT_REPORTED_CHAIN_COMPLETE,4.58779103240669
82988634,82988630.0,4,1,403,403,NOT_APPLICABLE_UNDER_16,808,KNOWN_ZERO_BELOW_CATI_CAWI_DETAIL_CAP,4,4,4,4.0,,,4.0,4,0,4,CORE_STRICT_COUNT,DIRECT_REPORTED_CHAIN_COMPLETE,4.58779103240669
83011191,83011190.0,1,1,404,404,NOT_APPLICABLE_NOT_EMPLOYED,808,KNOWN_ZERO_BELOW_CATI_CAWI_DETAIL_CAP,5,5,5,5.0,,,5.0,5,0,5,CORE_STRICT_COUNT,DIRECT_REPORTED_CHAIN_COMPLETE,2.05327250635618
83028951,83028950.0,1,1,404,404,NOT_APPLICABLE_NOT_EMPLOYED,808,KNOWN_ZERO_BELOW_CATI_CAWI_DETAIL_CAP,2,2,2,2.0,,,2.0,2,0,2,CORE_STRICT_COUNT,DIRECT_REPORTED_CHAIN_COMPLETE,21.2252142498613
83028952,83028950.0,2,1,2,607,EXPLICIT_NO_RBW,808,KNOWN_ZERO_BELOW_CATI_CAWI_DETAIL_CAP,2,2,2,2.0,,,2.0,2,0,2,CORE_STRICT_COUNT,DIRECT_REPORTED_CHAIN_COMPLETE,5.51084841623137
83084861,83084860.0,1,5,2,607,EXPLICIT_NO_RBW,803,UNAVAILABLE_NO_TRIP_PROTOCOL,803,803,803,,,,,0,0,0,EXCLUDED_COUNT_UNOBSERVED,TRIP_DAY_NO_ROWS,10.8705806420563
83089601,83089600.0,1,1,2,607,EXPLICIT_NO_RBW,808,KNOWN_ZERO_BELOW_CATI_CAWI_DETAIL_CAP,4,4,4,4.0,,,4.0,4,0,4,CORE_STRICT_COUNT,DIRECT_REPORTED_CHAIN_COMPLETE,3.26743691310159
83094611,83094610.0,1,5,2,607,EXPLICIT_NO_RBW,803,UNAVAILABLE_NO_TRIP_PROTOCOL,803,803,803,,,,,0,0,0,EXCLUDED_COUNT_UNOBSERVED,TRIP_DAY_NO_ROWS,8.33201296590306
83114021,83114020.0,1,1,404,404,NOT_APPLICABLE_NOT_EMPLOYED,808,KNOWN_ZERO_BELOW_CATI_CAWI_DETAIL_CAP,4,4,4,4.0,,,4.0,4,0,4,CORE_STRICT_COUNT,DIRECT_REPORTED_CHAIN_COMPLETE,2.24310639249801
83114241,83114240.0,1,0,602,602,NO_OUT_OF_HOME_ACTIVITY_OR_DOMESTIC_TRIPS,801,NOT_APPLICABLE_NOT_MOBILE,0,0,0,0.0,,,0.0,0,0,0,CORE_STRICT_COUNT,ZERO_TRIP_COMPLETE,2.50369969061081
83114242,83114240.0,2,1,206,206,NOT_OBSERVED_PROXY,808,KNOWN_ZERO_BELOW_CATI_CAWI_DETAIL_CAP,2,2,2,2.0,,,2.0,2,0,2,CORE_STRICT_COUNT,DIRECT_REPORTED_CHAIN_COMPLETE,10.0215364624962
83128011,83128010.0,1,1,404,404,NOT_APPLICABLE_NOT_EMPLOYED,808,KNOWN_ZERO_BELOW_CATI_CAWI_DETAIL_CAP,4,4,4,4.0,,,4.0,4,0,4,CORE_STRICT_COUNT,DIRECT_REPORTED_CHAIN_COMPLETE,2.70616051848926
83130831,83130830.0,1,1,2,607,EXPLICIT_NO_RBW,808,KNOWN_ZERO_BELOW_CATI_CAWI_DETAIL_CAP,1,1,1,1.0,,,1.0,1,0,1,CORE_STRICT_COUNT,DIRECT_REPORTED_CHAIN_COMPLETE,5.51084841623137
83211211,83211210.0,1,1,404,404,NOT_APPLICABLE_NOT_EMPLOYED,808,KNOWN_ZERO_BELOW_CATI_CAWI_DETAIL_CAP,4,4,4,4.0,,,4.0,4,0,4,CORE_STRICT_COUNT,DIRECT_REPORTED_CHAIN_COMPLETE,2.70616051848926
83255901,83255900.0,1,1,2,607,EXPLICIT_NO_RBW,808,KNOWN_ZERO_BELOW_CATI_CAWI_DETAIL_CAP,2,2,2,2.0,,,2.0,2,0,2,CORE_STRICT_COUNT,DIRECT_REPORTED_CHAIN_COMPLETE,3.89361203843256
83255902,83255900.0,2,1,2,607,EXPLICIT_NO_RBW,808,KNOWN_ZERO_BELOW_CATI_CAWI_DETAIL_CAP,2,2,2,2.0,,,2.0,2,0,2,CORE_STRICT_COUNT,DIRECT_REPORTED_CHAIN_COMPLETE,4.32325174491524
83272271,83272270.0,1,1,2,607,EXPLICIT_NO_RBW,808,KNOWN_ZERO_BELOW_CATI_CAWI_DETAIL_CAP,2,2,2,2.0,,,2.0,2,0,2,CORE_STRICT_COUNT,DIRECT_REPORTED_CHAIN_COMPLETE,4.50406593140805
83304621,83304620.0,1,1,404,404,NOT_APPLICABLE_NOT_EMPLOYED,808,KNOWN_ZERO_BELOW_CATI_CAWI_DETAIL_CAP,5,5,5,5.0,,,5.0,5,0,5,CORE_STRICT_COUNT,DIRECT_REPORTED_CHAIN_COMPLETE,1.13245241436793
83304622,83304620.0,2,1,206,206,NOT_OBSERVED_PROXY,808,KNOWN_ZERO_BELOW_CATI_CAWI_DETAIL_CAP,2,2,2,2.0,,,2.0,2,0,2,CORE_STRICT_COUNT,DIRECT_REPORTED_CHAIN_COMPLETE,1.66359413632039
83308141,83308140.0,1,3,1,8,KNOWN_EXACT,808,KNOWN_ZERO_BELOW_CATI_CAWI_DETAIL_CAP,11,11,19,11.0,,8.0,19.0,11,8,19,CORE_STRICT_COUNT,MIXED_DIRECT_RBW_UNTIMED,5.33019422942044
83308142,83308140.0,2,1,404,404,NOT_APPLICABLE_NOT_EMPLOYED,808,KNOWN_ZERO_BELOW_CATI_CAWI_DETAIL_CAP,4,4,4,4.0,,,4.0,4,0,4,CORE_STRICT_COUNT,DIRECT_REPORTED_CHAIN_COMPLETE,3.1098273988781
83345291,83345290.0,1,1,2,607,EXPLICIT_NO_RBW,808,KNOWN_ZERO_BELOW_CATI_CAWI_DETAIL_CAP,4,4,4,4.0,,,4.0,4,0,4,CORE_STRICT_COUNT,DIRECT_REPORTED_CHAIN_COMPLETE,3.10166475374779
83345292,83345290.0,2,1,206,206,NOT_OBSERVED_PROXY,808,KNOWN_ZERO_BELOW_CATI_CAWI_DETAIL_CAP,2,2,2,2.0,,,2.0,2,0,2,CORE_STRICT_COUNT,DIRECT_REPORTED_CHAIN_COMPLETE,1.96476676187642
83363331,83363330.0,1,1,404,404,NOT_APPLICABLE_NOT_EMPLOYED,808,KNOWN_ZERO_BELOW_CATI_CAWI_DETAIL_CAP,2,2,2,2.0,,,2.0,2,0,2,CORE_STRICT_COUNT,DIRECT_REPORTED_CHAIN_COMPLETE,2.67648094574817
83366251,83366250.0,1,1,404,404,NOT_APPLICABLE_NOT_EMPLOYED,808,KNOWN_ZERO_BELOW_CATI_CAWI_DETAIL_CAP,2,2,2,2.0,,,2.0,2,0,2,CORE_STRICT_COUNT,DIRECT_REPORTED_CHAIN_COMPLETE,7.45143423130816
83366252,83366250.0,2,5,206,206,NOT_OBSERVED_PROXY,803,UNAVAILABLE_NO_TRIP_PROTOCOL,803,803,803,,,,,0,0,0,EXCLUDED_COUNT_UNOBSERVED,TRIP_DAY_NO_ROWS,7.71244169857267
83366253,83366250.0,3,5,403,403,NOT_APPLICABLE_UNDER_16,803,UNAVAILABLE_NO_TRIP_PROTOCOL,803,803,803,,,,,0,0,0,EXCLUDED_COUNT_UNOBSERVED,TRIP_DAY_NO_ROWS,6.47403420944949
83366451,83366450.0,1,1,2,607,EXPLICIT_NO_RBW,808,KNOWN_ZERO_BELOW_CATI_CAWI_DETAIL_CAP,2,2,2,2.0,,,2.0,2,0,2,CORE_STRICT_COUNT,DIRECT_REPORTED_CHAIN_COMPLETE,3.52101160154023
83375931,83375930.0,1,5,404,404,NOT_APPLICABLE_NOT_EMPLOYED,803,UNAVAILABLE_NO_TRIP_PROTOCOL,803,803,803,,,,,0,0,0,EXCLUDED_COUNT_UNOBSERVED,TRIP_DAY_NO_ROWS,6.4645979600298
83383411,83383410.0,1,1,2,607,EXPLICIT_NO_RBW,808,KNOWN_ZERO_BELOW_CATI_CAWI_DETAIL_CAP,2,2,2,2.0,,,2.0,2,0,2,CORE_STRICT_COUNT,DIRECT_REPORTED_CHAIN_COMPLETE,5.45048627007814
83383412,83383410.0,2,1,2,607,EXPLICIT_NO_RBW,808,KNOWN_ZERO_BELOW_CATI_CAWI_DETAIL_CAP,3,3,3,3.0,,,3.0,3,0,3,CORE_STRICT_COUNT,DIRECT_REPORTED_CHAIN_COMPLETE,3.5493631287652
83383413,83383410.0,3,1,403,403,NOT_APPLICABLE_UNDER_16,808,KNOWN_ZERO_BELOW_CATI_CAWI_DETAIL_CAP,3,3,3,3.0,,,3.0,3,0,3,CORE_STRICT_COUNT,DIRECT_REPORTED_CHAIN_COMPLETE,4.58789092559399
83383414,83383410.0,4,1,403,403,NOT_APPLICABLE_UNDER_16,808,KNOWN_ZERO_BELOW_CATI_CAWI_DETAIL_CAP,3,3,3,3.0,,,3.0,3,0,3,CORE_STRICT_COUNT,DIRECT_REPORTED_CHAIN_COMPLETE,4.17661427111734
83411691,83411690.0,1,3,1,4,KNOWN_EXACT,808,KNOWN_ZERO_BELOW_CATI_CAWI_DETAIL_CAP,4,4,8,4.0,,4.0,8.0,4,4,8,CORE_STRICT_COUNT,MIXED_DIRECT_RBW_UNTIMED,4.48680457916405
83453781,83453780.0,1,1,2,607,EXPLICIT_NO_RBW,808,KNOWN_ZERO_BELOW_CATI_CAWI_DETAIL_CAP,1,1,1,1.0,,,1.0,1,0,1,CORE_STRICT_COUNT,DIRECT_REPORTED_CHAIN_COMPLETE,2.34724976416229
83453782,83453780.0,2,0,206,206,NOT_OBSERVED_PROXY,801,NOT_APPLICABLE_NOT_MOBILE,0,0,0,0.0,,,0.0,0,0,0,CORE_STRICT_COUNT,ZERO_TRIP_COMPLETE,2.18585803436298
83479291,83479290.0,1,1,404,404,NOT_APPLICABLE_NOT_EMPLOYED,808,KNOWN_ZERO_BELOW_CATI_CAWI_DETAIL_CAP,2,2,2,2.0,,,2.0,2,0,2,CORE_STRICT_COUNT,DIRECT_REPORTED_CHAIN_COMPLETE,35.7155999167126
83481081,83481080.0,1,1,2,607,EXPLICIT_NO_RBW,808,KNOWN_ZERO_BELOW_CATI_CAWI_DETAIL_CAP,5,5,5,5.0,,,5.0,5,0,5,CORE_STRICT_COUNT,DIRECT_REPORTED_CHAIN_COMPLETE,3.52101160154023
83492632,83492630.0,2,1,404,404,NOT_APPLICABLE_NOT_EMPLOYED,99,MISSING_RESPONSE,12,12,12,12.0,,,12.0,12,0,12,ANALYTIC_WITH_COMPONENT_WARNING,DIRECT_ROWS_ADDITIONAL_COUNT_UNKNOWN,25.5913174115177
83508601,83508600.0,1,1,2,607,EXPLICIT_NO_RBW,808,KNOWN_ZERO_BELOW_CATI_CAWI_DETAIL_CAP,2,2,2,2.0,,,2.0,2,0,2,CORE_STRICT_COUNT,DIRECT_REPORTED_CHAIN_COMPLETE,3.83032496671695
83539251,83539250.0,1,1,2,607,EXPLICIT_NO_RBW,808,KNOWN_ZERO_BELOW_CATI_CAWI_DETAIL_CAP,7,7,7,7.0,,,7.0,7,0,7,CORE_STRICT_COUNT,DIRECT_REPORTED_CHAIN_COMPLETE,2.05317320254254
83539252,83539250.0,2,1,2,607,EXPLICIT_NO_RBW,808,KNOWN_ZERO_BELOW_CATI_CAWI_DETAIL_CAP,3,3,3,3.0,,,3.0,3,0,3,CORE_STRICT_COUNT,DIRECT_REPORTED_CHAIN_COMPLETE,1.95247893277038
83546291,83546290.0,1,0,602,602,NO_OUT_OF_HOME_ACTIVITY_OR_DOMESTIC_TRIPS,801,NOT_APPLICABLE_NOT_MOBILE,0,0,0,0.0,,,0.0,0,0,0,CORE_STRICT_COUNT,ZERO_TRIP_COMPLETE,4.48680457916405
83571361,83571360.0,1,1,404,404,NOT_APPLICABLE_NOT_EMPLOYED,808,KNOWN_ZERO_BELOW_CATI_CAWI_DETAIL_CAP,4,4,4,4.0,,,4.0,4,0,4,CORE_STRICT_COUNT,DIRECT_REPORTED_CHAIN_COMPLETE,2.85323307681898
83596961,83596960.0,1,1,404,404,NOT_APPLICABLE_NOT_EMPLOYED,808,KNOWN_ZERO_BELOW_CATI_CAWI_DETAIL_CAP,2,2,2,2.0,,,2.0,2,0,2,CORE_STRICT_COUNT,DIRECT_REPORTED_CHAIN_COMPLETE,2.86362264121381
83606701,83606700.0,1,1,2,607,EXPLICIT_NO_RBW,808,KNOWN_ZERO_BELOW_CATI_CAWI_DETAIL_CAP,4,4,4,4.0,,,4.0,4,0,4,CORE_STRICT_COUNT,DIRECT_REPORTED_CHAIN_COMPLETE,1.04801339677639
83606702,83606700.0,2,1,206,206,NOT_OBSERVED_PROXY,808,KNOWN_ZERO_BELOW_CATI_CAWI_DETAIL_CAP,4,4,4,4.0,,,4.0,4,0,4,CORE_STRICT_COUNT,DIRECT_REPORTED_CHAIN_COMPLETE,1.1231470907866
83606703,83606700.0,3,1,206,206,NOT_OBSERVED_PROXY,808,KNOWN_ZERO_BELOW_CATI_CAWI_DETAIL_CAP,3,3,3,3.0,,,3.0,3,0,3,CORE_STRICT_COUNT,DIRECT_REPORTED_CHAIN_COMPLETE,4.52129885864024
83608251,83608250.0,1,1,2,607,EXPLICIT_NO_RBW,808,KNOWN_ZERO_BELOW_CATI_CAWI_DETAIL_CAP,2,2,2,2.0,,,2.0,2,0,2,CORE_STRICT_COUNT,DIRECT_REPORTED_CHAIN_COMPLETE,3.62429795760481
83608252,83608250.0,2,2,1,4,KNOWN_EXACT,802,NOT_APPLICABLE_RBW_ONLY,0,0,4,0.0,,4.0,4.0,0,4,4,CORE_STRICT_COUNT,RBW_ONLY_AGGREGATED_UNTIMED,4.53339650303833
83614231,83614230.0,1,1,404,404,NOT_APPLICABLE_NOT_EMPLOYED,808,KNOWN_ZERO_BELOW_CATI_CAWI_DETAIL_CAP,7,7,7,7.0,,,7.0,7,0,7,CORE_STRICT_COUNT,DIRECT_REPORTED_CHAIN_COMPLETE,0.545708663221533
83614232,83614230.0,2,1,404,404,NOT_APPLICABLE_NOT_EMPLOYED,808,KNOWN_ZERO_BELOW_CATI_CAWI_DETAIL_CAP,3,3,3,3.0,,,3.0,3,0,3,CORE_STRICT_COUNT,DIRECT_REPORTED_CHAIN_COMPLETE,0.903079458979173
83624631,83624630.0,1,1,2,607,EXPLICIT_NO_RBW,808,KNOWN_ZERO_BELOW_CATI_CAWI_DETAIL_CAP,4,4,4,4.0,,,4.0,4,0,4,CORE_STRICT_COUNT,DIRECT_REPORTED_CHAIN_COMPLETE,1.07175704629518
83624632,83624630.0,2,1,206,206,NOT_OBSERVED_PROXY,808,KNOWN_ZERO_BELOW_CATI_CAWI_DETAIL_CAP,4,4,4,4.0,,,4.0,4,0,4,CORE_STRICT_COUNT,DIRECT_REPORTED_CHAIN_COMPLETE,1.07588024256319
83656521,83656520.0,1,1,2,607,EXPLICIT_NO_RBW,808,KNOWN_ZERO_BELOW_CATI_CAWI_DETAIL_CAP,3,3,3,3.0,,,3.0,3,0,3,CORE_STRICT_COUNT,DIRECT_REPORTED_CHAIN_COMPLETE,9.32335283178073
83660261,83660260.0,1,1,404,404,NOT_APPLICABLE_NOT_EMPLOYED,808,KNOWN_ZERO_BELOW_CATI_CAWI_DETAIL_CAP,4,4,4,4.0,,,4.0,4,0,4,CORE_STRICT_COUNT,DIRECT_REPORTED_CHAIN_COMPLETE,7.48721438974686
83661471,83661470.0,1,0,404,404,NOT_APPLICABLE_NOT_EMPLOYED,801,NOT_APPLICABLE_NOT_MOBILE,0,0,0,0.0,,,0.0,0,0,0,CORE_STRICT_COUNT,ZERO_TRIP_COMPLETE,3.19843767364534
83704501,83704500.0,1,1,2,607,EXPLICIT_NO_RBW,808,KNOWN_ZERO_BELOW_CATI_CAWI_DETAIL_CAP,7,7,7,7.0,,,7.0,7,0,7,CORE_STRICT_COUNT,DIRECT_REPORTED_CHAIN_COMPLETE,2.24358122145878
83704502,83704500.0,2,1,2,607,EXPLICIT_NO_RBW,808,KNOWN_ZERO_BELOW_CATI_CAWI_DETAIL_CAP,4,4,4,4.0,,,4.0,4,0,4,CORE_STRICT_COUNT,DIRECT_REPORTED_CHAIN_COMPLETE,3.9334375200922
83704503,83704500.0,3,1,403,403,NOT_APPLICABLE_UNDER_16,808,KNOWN_ZERO_BELOW_CATI_CAWI_DETAIL_CAP,2,2,2,2.0,,,2.0,2,0,2,CORE_STRICT_COUNT,DIRECT_REPORTED_CHAIN_COMPLETE,3.30183488719556
83704504,83704500.0,4,1,403,403,NOT_APPLICABLE_UNDER_16,808,KNOWN_ZERO_BELOW_CATI_CAWI_DETAIL_CAP,2,2,2,2.0,,,2.0,2,0,2,CORE_STRICT_COUNT,DIRECT_REPORTED_CHAIN_COMPLETE,3.30183488719556
83746181,83746180.0,1,1,404,404,NOT_APPLICABLE_NOT_EMPLOYED,808,KNOWN_ZERO_BELOW_CATI_CAWI_DETAIL_CAP,3,3,3,3.0,,,3.0,3,0,3,CORE_STRICT_COUNT,DIRECT_REPORTED_CHAIN_COMPLETE,2.70616051848926
83748891,83748890.0,1,1,2,607,EXPLICIT_NO_RBW,808,KNOWN_ZERO_BELOW_CATI_CAWI_DETAIL_CAP,5,5,5,5.0,,,5.0,5,0,5,CORE_STRICT_COUNT,DIRECT_REPORTED_CHAIN_COMPLETE,1.98034979235988
83748892,83748890.0,2,0,602,602,NO_OUT_OF_HOME_ACTIVITY_OR_DOMESTIC_TRIPS,801,NOT_APPLICABLE_NOT_MOBILE,0,0,0,0.0,,,0.0,0,0,0,CORE_STRICT_COUNT,ZERO_TRIP_COMPLETE,3.54262542596313
83757851,83757850.0,1,5,2,607,EXPLICIT_NO_RBW,803,UNAVAILABLE_NO_TRIP_PROTOCOL,803,803,803,,,,,0,0,0,EXCLUDED_COUNT_UNOBSERVED,TRIP_DAY_NO_ROWS,5.87433398786359
83757852,83757850.0,2,5,206,206,NOT_OBSERVED_PROXY,803,UNAVAILABLE_NO_TRIP_PROTOCOL,803,803,803,,,,,0,0,0,EXCLUDED_COUNT_UNOBSERVED,TRIP_DAY_NO_ROWS,7.50304762328994
83772071,83772070.0,1,1,404,404,NOT_APPLICABLE_NOT_EMPLOYED,808,KNOWN_ZERO_BELOW_CATI_CAWI_DETAIL_CAP,2,2,2,2.0,,,2.0,2,0,2,CORE_STRICT_COUNT,DIRECT_REPORTED_CHAIN_COMPLETE,5.64229560631061
83803591,83803590.0,1,1,2,607,EXPLICIT_NO_RBW,808,KNOWN_ZERO_BELOW_CATI_CAWI_DETAIL_CAP,2,2,2,2.0,,,2.0,2,0,2,CORE_STRICT_COUNT,DIRECT_REPORTED_CHAIN_COMPLETE,2.42804570734198
83803592,83803590.0,2,5,206,206,NOT_OBSERVED_PROXY,803,UNAVAILABLE_NO_TRIP_PROTOCOL,803,803,803,,,,,0,0,0,EXCLUDED_COUNT_UNOBSERVED,TRIP_DAY_NO_ROWS,2.87788371789184
83807841,83807840.0,1,3,1,48,KNOWN_EXACT,808,KNOWN_ZERO_BELOW_CATI_CAWI_DETAIL_CAP,2,2,50,2.0,,48.0,50.0,2,48,50,CORE_STRICT_COUNT,MIXED_DIRECT_RBW_UNTIMED,3.63235699208616
83807842,83807840.0,2,1,206,206,NOT_OBSERVED_PROXY,808,KNOWN_ZERO_BELOW_CATI_CAWI_DETAIL_CAP,4,4,4,4.0,,,4.0,4,0,4,CORE_STRICT_COUNT,DIRECT_REPORTED_CHAIN_COMPLETE,2.60174864989799
83807843,83807840.0,3,1,206,206,NOT_OBSERVED_PROXY,808,KNOWN_ZERO_BELOW_CATI_CAWI_DETAIL_CAP,2,2,2,2.0,,,2.0,2,0,2,CORE_STRICT_COUNT,DIRECT_REPORTED_CHAIN_COMPLETE,3.21331690989291
83818831,83818830.0,1,1,404,404,NOT_APPLICABLE_NOT_EMPLOYED,808,KNOWN_ZERO_BELOW_CATI_CAWI_DETAIL_CAP,1,1,1,1.0,,,1.0,1,0,1,CORE_STRICT_COUNT,DIRECT_REPORTED_CHAIN_COMPLETE,1.57578856984828
83818832,83818830.0,2,5,2,607,EXPLICIT_NO_RBW,803,UNAVAILABLE_NO_TRIP_PROTOCOL,803,803,803,,,,,0,0,0,EXCLUDED_COUNT_UNOBSERVED,TRIP_DAY_NO_ROWS,1.35015804202444
83818833,83818830.0,3,1,2,607,EXPLICIT_NO_RBW,808,KNOWN_ZERO_BELOW_CATI_CAWI_DETAIL_CAP,2,2,2,2.0,,,2.0,2,0,2,CORE_STRICT_COUNT,DIRECT_REPORTED_CHAIN_COMPLETE,4.05539796829003
83848311,83848310.0,1,5,2,607,EXPLICIT_NO_RBW,803,UNAVAILABLE_NO_TRIP_PROTOCOL,803,803,803,,,,,0,0,0,EXCLUDED_COUNT_UNOBSERVED,TRIP_DAY_NO_ROWS,6.26412393291325
83886601,83886600.0,1,1,2,607,EXPLICIT_NO_RBW,808,KNOWN_ZERO_BELOW_CATI_CAWI_DETAIL_CAP,4,4,4,4.0,,,4.0,4,0,4,CORE_STRICT_COUNT,DIRECT_REPORTED_CHAIN_COMPLETE,1.92336750895068
83886602,83886600.0,2,1,404,404,NOT_APPLICABLE_NOT_EMPLOYED,808,KNOWN_ZERO_BELOW_CATI_CAWI_DETAIL_CAP,9,9,9,9.0,,,9.0,9,0,9,CORE_STRICT_COUNT,DIRECT_REPORTED_CHAIN_COMPLETE,1.8888861816993
83896271,83896270.0,1,1,2,607,EXPLICIT_NO_RBW,808,KNOWN_ZERO_BELOW_CATI_CAWI_DETAIL_CAP,2,2,2,2.0,,,2.0,2,0,2,CORE_STRICT_COUNT,DIRECT_REPORTED_CHAIN_COMPLETE,4.50406593140805
83907101,83907100.0,1,1,404,404,NOT_APPLICABLE_NOT_EMPLOYED,808,KNOWN_ZERO_BELOW_CATI_CAWI_DETAIL_CAP,6,6,6,6.0,,,6.0,6,0,6,CORE_STRICT_COUNT,DIRECT_REPORTED_CHAIN_COMPLETE,5.58041423536824
83912171,83912170.0,1,1,404,404,NOT_APPLICABLE_NOT_EMPLOYED,808,KNOWN_ZERO_BELOW_CATI_CAWI_DETAIL_CAP,1,1,1,1.0,,,1.0,1,0,1,CORE_STRICT_COUNT,DIRECT_REPORTED_CHAIN_COMPLETE,2.5864186029973
83938331,83938330.0,1,1,404,404,NOT_APPLICABLE_NOT_EMPLOYED,808,KNOWN_ZERO_BELOW_CATI_CAWI_DETAIL_CAP,4,4,4,4.0,,,4.0,4,0,4,CORE_STRICT_COUNT,DIRECT_REPORTED_CHAIN_COMPLETE,12.740983077423
83965971,83965970.0,1,1,2,607,EXPLICIT_NO_RBW,808,KNOWN_ZERO_BELOW_CATI_CAWI_DETAIL_CAP,7,7,7,7.0,,,7.0,7,0,7,CORE_STRICT_COUNT,DIRECT_REPORTED_CHAIN_COMPLETE,1.75632525418251
83965972,83965970.0,2,1,206,206,NOT_OBSERVED_PROXY,808,KNOWN_ZERO_BELOW_CATI_CAWI_DETAIL_CAP,4,4,4,4.0,,,4.0,4,0,4,CORE_STRICT_COUNT,DIRECT_REPORTED_CHAIN_COMPLETE,8.09702566999688
83965973,83965970.0,3,1,206,206,NOT_OBSERVED_PROXY,808,KNOWN_ZERO_BELOW_CATI_CAWI_DETAIL_CAP,2,2,2,2.0,,,2.0,2,0,2,CORE_STRICT_COUNT,DIRECT_REPORTED_CHAIN_COMPLETE,4.21954926660318
83977761,83977760.0,1,0,404,404,NOT_APPLICABLE_NOT_EMPLOYED,801,NOT_APPLICABLE_NOT_MOBILE,0,0,0,0.0,,,0.0,0,0,0,CORE_STRICT_COUNT,ZERO_TRIP_COMPLETE,3.19843767364534
83990931,83990930.0,1,1,2,607,EXPLICIT_NO_RBW,808,KNOWN_ZERO_BELOW_CATI_CAWI_DETAIL_CAP,3,3,3,3.0,,,3.0,3,0,3,CORE_STRICT_COUNT,DIRECT_REPORTED_CHAIN_COMPLETE,9.22719856050704
83995761,83995760.0,1,1,2,607,EXPLICIT_NO_RBW,808,KNOWN_ZERO_BELOW_CATI_CAWI_DETAIL_CAP,2,2,2,2.0,,,2.0,2,0,2,CORE_STRICT_COUNT,DIRECT_REPORTED_CHAIN_COMPLETE,5.76695238303747
83995762,83995760.0,2,1,206,206,NOT_OBSERVED_PROXY,808,KNOWN_ZERO_BELOW_CATI_CAWI_DETAIL_CAP,3,3,3,3.0,,,3.0,3,0,3,CORE_STRICT_COUNT,DIRECT_REPORTED_CHAIN_COMPLETE,18.3625358284887
84005001,84005000.0,1,3,1,5,KNOWN_EXACT,807,KNOWN_ZERO_BELOW_PAPI_DETAIL_CAP,2,2,7,2.0,,5.0,7.0,2,5,7,CORE_STRICT_COUNT,MIXED_DIRECT_RBW_UNTIMED,0.850417540825393
84005002,84005000.0,2,0,606,606,NOT_OBSERVED_PAPI,801,NOT_APPLICABLE_NOT_MOBILE,0,0,0,0.0,,,0.0,0,0,0,CORE_STRICT_COUNT,ZERO_TRIP_COMPLETE,1.33513634705432
84005003,84005000.0,3,3,1,9,KNOWN_EXACT,807,KNOWN_ZERO_BELOW_PAPI_DETAIL_CAP,3,3,12,3.0,,9.0,12.0,3,9,12,CORE_STRICT_COUNT,MIXED_DIRECT_RBW_UNTIMED,2.68608846527346
84010661,84010660.0,1,1,404,404,NOT_APPLICABLE_NOT_EMPLOYED,808,KNOWN_ZERO_BELOW_CATI_CAWI_DETAIL_CAP,6,6,6,6.0,,,6.0,6,0,6,CORE_STRICT_COUNT,DIRECT_REPORTED_CHAIN_COMPLETE,2.16762690250995
84016221,84016220.0,1,1,406,406,NOT_OBSERVED_SECONDARY_EMPLOYMENT,808,KNOWN_ZERO_BELOW_CATI_CAWI_DETAIL_CAP,3,3,3,3.0,,,3.0,3,0,3,CORE_STRICT_COUNT,DIRECT_REPORTED_CHAIN_COMPLETE,4.51388252844394
84016222,84016220.0,2,1,206,206,NOT_OBSERVED_PROXY,808,KNOWN_ZERO_BELOW_CATI_CAWI_DETAIL_CAP,4,4,4,4.0,,,4.0,4,0,4,CORE_STRICT_COUNT,DIRECT_REPORTED_CHAIN_COMPLETE,9.32335283178073
84026701,84026700.0,1,5,2,607,EXPLICIT_NO_RBW,803,UNAVAILABLE_NO_TRIP_PROTOCOL,803,803,803,,,,,0,0,0,EXCLUDED_COUNT_UNOBSERVED,TRIP_DAY_NO_ROWS,5.25008233610163
84063941,84063940.0,1,1,2,607,EXPLICIT_NO_RBW,808,KNOWN_ZERO_BELOW_CATI_CAWI_DETAIL_CAP,5,5,5,5.0,,,5.0,5,0,5,CORE_STRICT_COUNT,DIRECT_REPORTED_CHAIN_COMPLETE,5.99998701653939
84216921,84216920.0,1,1,2,607,EXPLICIT_NO_RBW,808,KNOWN_ZERO_BELOW_CATI_CAWI_DETAIL_CAP,3,3,3,3.0,,,3.0,3,0,3,CORE_STRICT_COUNT,DIRECT_REPORTED_CHAIN_COMPLETE,6.77326486571794
84216922,84216920.0,2,1,2,607,EXPLICIT_NO_RBW,808,KNOWN_ZERO_BELOW_CATI_CAWI_DETAIL_CAP,3,3,3,3.0,,,3.0,3,0,3,CORE_STRICT_COUNT,DIRECT_REPORTED_CHAIN_COMPLETE,4.93554851392886
84244441,84244440.0,1,1,2,607,EXPLICIT_NO_RBW,808,KNOWN_ZERO_BELOW_CATI_CAWI_DETAIL_CAP,2,2,2,2.0,,,2.0,2,0,2,CORE_STRICT_COUNT,DIRECT_REPORTED_CHAIN_COMPLETE,1.66573869413613
84244442,84244440.0,2,1,2,607,EXPLICIT_NO_RBW,808,KNOWN_ZERO_BELOW_CATI_CAWI_DETAIL_CAP,6,6,6,6.0,,,6.0,6,0,6,CORE_STRICT_COUNT,DIRECT_REPORTED_CHAIN_COMPLETE,1.65935492827129
84244443,84244440.0,3,1,403,403,NOT_APPLICABLE_UNDER_16,808,KNOWN_ZERO_BELOW_CATI_CAWI_DETAIL_CAP,2,2,2,2.0,,,2.0,2,0,2,CORE_STRICT_COUNT,DIRECT_REPORTED_CHAIN_COMPLETE,3.08447256861327
84244444,84244440.0,4,1,403,403,NOT_APPLICABLE_UNDER_16,808,KNOWN_ZERO_BELOW_CATI_CAWI_DETAIL_CAP,2,2,2,2.0,,,2.0,2,0,2,CORE_STRICT_COUNT,DIRECT_REPORTED_CHAIN_COMPLETE,2.85580652795248
84256941,84256940.0,1,1,2,607,EXPLICIT_NO_RBW,808,KNOWN_ZERO_BELOW_CATI_CAWI_DETAIL_CAP,4,4,4,4.0,,,4.0,4,0,4,CORE_STRICT_COUNT,DIRECT_REPORTED_CHAIN_COMPLETE,5.51084841623137
84256942,84256940.0,2,1,206,206,NOT_OBSERVED_PROXY,808,KNOWN_ZERO_BELOW_CATI_CAWI_DETAIL_CAP,5,5,5,5.0,,,5.0,5,0,5,CORE_STRICT_COUNT,DIRECT_REPORTED_CHAIN_COMPLETE,3.8850830192331
84256943,84256940.0,3,1,403,403,NOT_APPLICABLE_UNDER_16,808,KNOWN_ZERO_BELOW_CATI_CAWI_DETAIL_CAP,2,2,2,2.0,,,2.0,2,0,2,CORE_STRICT_COUNT,DIRECT_REPORTED_CHAIN_COMPLETE,7.14432558167317
84256944,84256940.0,4,1,403,403,NOT_APPLICABLE_UNDER_16,808,KNOWN_ZERO_BELOW_CATI_CAWI_DETAIL_CAP,2,2,2,2.0,,,2.0,2,0,2,CORE_STRICT_COUNT,DIRECT_REPORTED_CHAIN_COMPLETE,7.14432558167317
84256945,84256940.0,5,1,403,403,NOT_APPLICABLE_UNDER_16,808,KNOWN_ZERO_BELOW_CATI_CAWI_DETAIL_CAP,2,2,2,2.0,,,2.0,2,0,2,CORE_STRICT_COUNT,DIRECT_REPORTED_CHAIN_COMPLETE,6.47403420944949
84261111,84261110.0,1,5,2,607,EXPLICIT_NO_RBW,803,UNAVAILABLE_NO_TRIP_PROTOCOL,803,803,803,,,,,0,0,0,EXCLUDED_COUNT_UNOBSERVED,TRIP_DAY_NO_ROWS,5.51084841623137
84298961,84298960.0,1,5,2,607,EXPLICIT_NO_RBW,803,UNAVAILABLE_NO_TRIP_PROTOCOL,803,803,803,,,,,0,0,0,EXCLUDED_COUNT_UNOBSERVED,TRIP_DAY_NO_ROWS,3.70259906254976
84308261,84308260.0,1,1,2,607,EXPLICIT_NO_RBW,808,KNOWN_ZERO_BELOW_CATI_CAWI_DETAIL_CAP,4,4,4,4.0,,,4.0,4,0,4,CORE_STRICT_COUNT,DIRECT_REPORTED_CHAIN_COMPLETE,3.26743691310159
84308871,84308870.0,1,1,404,404,NOT_APPLICABLE_NOT_EMPLOYED,808,KNOWN_ZERO_BELOW_CATI_CAWI_DETAIL_CAP,5,5,5,5.0,,,5.0,5,0,5,CORE_STRICT_COUNT,DIRECT_REPORTED_CHAIN_COMPLETE,2.54058941101898
84308872,84308870.0,2,1,206,206,NOT_OBSERVED_PROXY,808,KNOWN_ZERO_BELOW_CATI_CAWI_DETAIL_CAP,5,5,5,5.0,,,5.0,5,0,5,CORE_STRICT_COUNT,DIRECT_REPORTED_CHAIN_COMPLETE,3.64584956143056
84396841,84396840.0,1,1,2,607,EXPLICIT_NO_RBW,808,KNOWN_ZERO_BELOW_CATI_CAWI_DETAIL_CAP,4,4,4,4.0,,,4.0,4,0,4,CORE_STRICT_COUNT,DIRECT_REPORTED_CHAIN_COMPLETE,3.8850830192331
84403181,84403180.0,1,5,404,404,NOT_APPLICABLE_NOT_EMPLOYED,803,UNAVAILABLE_NO_TRIP_PROTOCOL,803,803,803,,,,,0,0,0,EXCLUDED_COUNT_UNOBSERVED,TRIP_DAY_NO_ROWS,3.27057703905224
84428171,84428170.0,1,1,406,406,NOT_OBSERVED_SECONDARY_EMPLOYMENT,808,KNOWN_ZERO_BELOW_CATI_CAWI_DETAIL_CAP,5,5,5,5.0,,,5.0,5,0,5,CORE_STRICT_COUNT,DIRECT_REPORTED_CHAIN_COMPLETE,7.6807859110633
84442631,84442630.0,1,1,2,607,EXPLICIT_NO_RBW,808,KNOWN_ZERO_BELOW_CATI_CAWI_DETAIL_CAP,1,1,1,1.0,,,1.0,1,0,1,CORE_STRICT_COUNT,DIRECT_REPORTED_CHAIN_COMPLETE,4.39907568840898
84452541,84452540.0,1,1,404,404,NOT_APPLICABLE_NOT_EMPLOYED,808,KNOWN_ZERO_BELOW_CATI_CAWI_DETAIL_CAP,1,1,1,1.0,,,1.0,1,0,1,CORE_STRICT_COUNT,DIRECT_REPORTED_CHAIN_COMPLETE,1.65330296874673
84452542,84452540.0,2,1,404,404,NOT_APPLICABLE_NOT_EMPLOYED,808,KNOWN_ZERO_BELOW_CATI_CAWI_DETAIL_CAP,1,1,1,1.0,,,1.0,1,0,1,CORE_STRICT_COUNT,DIRECT_REPORTED_CHAIN_COMPLETE,1.37040446514313
84470961,84470960.0,1,4,602,602,NO_OUT_OF_HOME_ACTIVITY_OR_DOMESTIC_TRIPS,801,NOT_APPLICABLE_NOT_MOBILE,0,0,0,0.0,,,0.0,0,0,0,EXCLUDED_OUT_OF_SCOPE,OUT_OF_SCOPE_FAR_ABROAD,5.99998701653939
84470962,84470960.0,2,4,206,206,NOT_OBSERVED_PROXY,801,NOT_APPLICABLE_NOT_MOBILE,0,0,0,0.0,,,0.0,0,0,0,EXCLUDED_OUT_OF_SCOPE,OUT_OF_SCOPE_FAR_ABROAD,38.8933369698454
84470963,84470960.0,3,4,403,403,NOT_APPLICABLE_UNDER_16,801,NOT_APPLICABLE_NOT_MOBILE,0,0,0,0.0,,,0.0,0,0,0,EXCLUDED_OUT_OF_SCOPE,OUT_OF_SCOPE_FAR_ABROAD,7.95247346124749
84470964,84470960.0,4,4,403,403,NOT_APPLICABLE_UNDER_16,801,NOT_APPLICABLE_NOT_MOBILE,0,0,0,0.0,,,0.0,0,0,0,EXCLUDED_OUT_OF_SCOPE,OUT_OF_SCOPE_FAR_ABROAD,6.47403420944949
84473201,84473200.0,1,0,602,602,NO_OUT_OF_HOME_ACTIVITY_OR_DOMESTIC_TRIPS,801,NOT_APPLICABLE_NOT_MOBILE,0,0,0,0.0,,,0.0,0,0,0,CORE_STRICT_COUNT,ZERO_TRIP_COMPLETE,3.12166427014399
84518461,84518460.0,1,3,1,1,KNOWN_EXACT,808,KNOWN_ZERO_BELOW_CATI_CAWI_DETAIL_CAP,5,5,6,5.0,,1.0,6.0,5,1,6,CORE_STRICT_COUNT,MIXED_DIRECT_RBW_UNTIMED,4.95059040200655
84519821,84519820.0,1,0,606,606,NOT_OBSERVED_PAPI,801,NOT_APPLICABLE_NOT_MOBILE,0,0,0,0.0,,,0.0,0,0,0,CORE_STRICT_COUNT,ZERO_TRIP_COMPLETE,2.54058941101898
84519822,84519820.0,2,0,606,606,NOT_OBSERVED_PAPI,801,NOT_APPLICABLE_NOT_MOBILE,0,0,0,0.0,,,0.0,0,0,0,CORE_STRICT_COUNT,ZERO_TRIP_COMPLETE,2.92590835688148
84543541,84543540.0,1,1,404,404,NOT_APPLICABLE_NOT_EMPLOYED,808,KNOWN_ZERO_BELOW_CATI_CAWI_DETAIL_CAP,2,2,2,2.0,,,2.0,2,0,2,CORE_STRICT_COUNT,DIRECT_REPORTED_CHAIN_COMPLETE,5.33161855070059
84559081,84559080.0,1,1,404,404,NOT_APPLICABLE_NOT_EMPLOYED,808,KNOWN_ZERO_BELOW_CATI_CAWI_DETAIL_CAP,3,3,3,3.0,,,3.0,3,0,3,CORE_STRICT_COUNT,DIRECT_REPORTED_CHAIN_COMPLETE,5.75439988544725
84618781,84618780.0,1,1,2,607,EXPLICIT_NO_RBW,808,KNOWN_ZERO_BELOW_CATI_CAWI_DETAIL_CAP,2,2,2,2.0,,,2.0,2,0,2,CORE_STRICT_COUNT,DIRECT_REPORTED_CHAIN_COMPLETE,3.52101160154023
84620091,84620090.0,1,1,2,607,EXPLICIT_NO_RBW,808,KNOWN_ZERO_BELOW_CATI_CAWI_DETAIL_CAP,2,2,2,2.0,,,2.0,2,0,2,CORE_STRICT_COUNT,DIRECT_REPORTED_CHAIN_COMPLETE,6.26412393291325
84648171,84648170.0,1,1,404,404,NOT_APPLICABLE_NOT_EMPLOYED,808,KNOWN_ZERO_BELOW_CATI_CAWI_DETAIL_CAP,2,2,2,2.0,,,2.0,2,0,2,CORE_STRICT_COUNT,DIRECT_REPORTED_CHAIN_COMPLETE,3.9318014168437
84650081,84650080.0,1,0,404,404,NOT_APPLICABLE_NOT_EMPLOYED,801,NOT_APPLICABLE_NOT_MOBILE,0,0,0,0.0,,,0.0,0,0,0,CORE_STRICT_COUNT,ZERO_TRIP_COMPLETE,3.19843767364534
84706031,84706030.0,1,0,404,404,NOT_APPLICABLE_NOT_EMPLOYED,801,NOT_APPLICABLE_NOT_MOBILE,0,0,0,0.0,,,0.0,0,0,0,CORE_STRICT_COUNT,ZERO_TRIP_COMPLETE,7.59639352673536
84712271,84712270.0,1,1,2,607,EXPLICIT_NO_RBW,808,KNOWN_ZERO_BELOW_CATI_CAWI_DETAIL_CAP,2,2,2,2.0,,,2.0,2,0,2,CORE_STRICT_COUNT,DIRECT_REPORTED_CHAIN_COMPLETE,1.72666663946758
84712272,84712270.0,2,1,206,206,NOT_OBSERVED_PROXY,808,KNOWN_ZERO_BELOW_CATI_CAWI_DETAIL_CAP,2,2,2,2.0,,,2.0,2,0,2,CORE_STRICT_COUNT,DIRECT_REPORTED_CHAIN_COMPLETE,1.34980556726825
84712273,84712270.0,3,1,206,206,NOT_OBSERVED_PROXY,808,KNOWN_ZERO_BELOW_CATI_CAWI_DETAIL_CAP,4,4,4,4.0,,,4.0,4,0,4,CORE_STRICT_COUNT,DIRECT_REPORTED_CHAIN_COMPLETE,2.23284623691232
84712274,84712270.0,4,1,403,403,NOT_APPLICABLE_UNDER_16,808,KNOWN_ZERO_BELOW_CATI_CAWI_DETAIL_CAP,4,4,4,4.0,,,4.0,4,0,4,CORE_STRICT_COUNT,DIRECT_REPORTED_CHAIN_COMPLETE,3.00934573874544
84740161,84740160.0,1,1,2,607,EXPLICIT_NO_RBW,808,KNOWN_ZERO_BELOW_CATI_CAWI_DETAIL_CAP,4,4,4,4.0,,,4.0,4,0,4,CORE_STRICT_COUNT,DIRECT_REPORTED_CHAIN_COMPLETE,8.33201296590306
84834021,84834020.0,1,3,1,8,KNOWN_EXACT,808,KNOWN_ZERO_BELOW_CATI_CAWI_DETAIL_CAP,2,2,10,2.0,,8.0,10.0,2,8,10,CORE_STRICT_COUNT,MIXED_DIRECT_RBW_UNTIMED,6.80991992651979
84862331,84862330.0,1,1,2,607,EXPLICIT_NO_RBW,808,KNOWN_ZERO_BELOW_CATI_CAWI_DETAIL_CAP,3,3,3,3.0,,,3.0,3,0,3,CORE_STRICT_COUNT,DIRECT_REPORTED_CHAIN_COMPLETE,5.99998701653939
84870271,84870270.0,1,1,404,404,NOT_APPLICABLE_NOT_EMPLOYED,808,KNOWN_ZERO_BELOW_CATI_CAWI_DETAIL_CAP,5,5,5,5.0,,,5.0,5,0,5,CORE_STRICT_COUNT,DIRECT_REPORTED_CHAIN_COMPLETE,3.9318014168437
84883861,84883860.0,1,1,404,404,NOT_APPLICABLE_NOT_EMPLOYED,808,KNOWN_ZERO_BELOW_CATI_CAWI_DETAIL_CAP,2,2,2,2.0,,,2.0,2,0,2,CORE_STRICT_COUNT,DIRECT_REPORTED_CHAIN_COMPLETE,4.51388252844394
84888031,84888030.0,1,1,404,404,NOT_APPLICABLE_NOT_EMPLOYED,808,KNOWN_ZERO_BELOW_CATI_CAWI_DETAIL_CAP,4,4,4,4.0,,,4.0,4,0,4,CORE_STRICT_COUNT,DIRECT_REPORTED_CHAIN_COMPLETE,10.6759931918152
84891861,84891860.0,1,1,2,607,EXPLICIT_NO_RBW,808,KNOWN_ZERO_BELOW_CATI_CAWI_DETAIL_CAP,2,2,2,2.0,,,2.0,2,0,2,CORE_STRICT_COUNT,DIRECT_REPORTED_CHAIN_COMPLETE,3.70259906254976
84925701,84925700.0,1,3,1,12,KNOWN_EXACT,808,KNOWN_ZERO_BELOW_CATI_CAWI_DETAIL_CAP,4,4,16,4.0,,12.0,16.0,4,12,16,CORE_STRICT_COUNT,MIXED_DIRECT_RBW_UNTIMED,2.6003734768107
84925702,84925700.0,2,1,206,206,NOT_OBSERVED_PROXY,808,KNOWN_ZERO_BELOW_CATI_CAWI_DETAIL_CAP,4,4,4,4.0,,,4.0,4,0,4,CORE_STRICT_COUNT,DIRECT_REPORTED_CHAIN_COMPLETE,1.65631264721083
84939521,84939520.0,1,5,2,607,EXPLICIT_NO_RBW,803,UNAVAILABLE_NO_TRIP_PROTOCOL,803,803,803,,,,,0,0,0,EXCLUDED_COUNT_UNOBSERVED,TRIP_DAY_NO_ROWS,1.20656800374295
84939522,84939520.0,2,2,1,14,KNOWN_EXACT,802,NOT_APPLICABLE_RBW_ONLY,0,0,14,0.0,,14.0,14.0,0,14,14,CORE_STRICT_COUNT,RBW_ONLY_AGGREGATED_UNTIMED,1.09623889259693
84956931,84956930.0,1,1,404,404,NOT_APPLICABLE_NOT_EMPLOYED,808,KNOWN_ZERO_BELOW_CATI_CAWI_DETAIL_CAP,4,4,4,4.0,,,4.0,4,0,4,CORE_STRICT_COUNT,DIRECT_REPORTED_CHAIN_COMPLETE,5.5414749715266
84959431,84959430.0,1,1,2,607,EXPLICIT_NO_RBW,808,KNOWN_ZERO_BELOW_CATI_CAWI_DETAIL_CAP,11,11,11,11.0,,,11.0,11,0,11,CORE_STRICT_COUNT,DIRECT_REPORTED_CHAIN_COMPLETE,3.26743691310159
84983471,84983470.0,1,1,2,607,EXPLICIT_NO_RBW,808,KNOWN_ZERO_BELOW_CATI_CAWI_DETAIL_CAP,5,5,5,5.0,,,5.0,5,0,5,CORE_STRICT_COUNT,DIRECT_REPORTED_CHAIN_COMPLETE,3.21639656271692
84983472,84983470.0,2,0,404,404,NOT_APPLICABLE_NOT_EMPLOYED,801,NOT_APPLICABLE_NOT_MOBILE,0,0,0,0.0,,,0.0,0,0,0,CORE_STRICT_COUNT,ZERO_TRIP_COMPLETE,2.7140899271766
85001981,85001980.0,1,1,404,404,NOT_APPLICABLE_NOT_EMPLOYED,808,KNOWN_ZERO_BELOW_CATI_CAWI_DETAIL_CAP,3,3,3,3.0,,,3.0,3,0,3,CORE_STRICT_COUNT,DIRECT_REPORTED_CHAIN_COMPLETE,5.60634208835736
85006081,85006080.0,1,1,2,607,EXPLICIT_NO_RBW,808,KNOWN_ZERO_BELOW_CATI_CAWI_DETAIL_CAP,2,2,2,2.0,,,2.0,2,0,2,CORE_STRICT_COUNT,DIRECT_REPORTED_CHAIN_COMPLETE,2.32328141329137
85006082,85006080.0,2,1,2,607,EXPLICIT_NO_RBW,808,KNOWN_ZERO_BELOW_CATI_CAWI_DETAIL_CAP,2,2,2,2.0,,,2.0,2,0,2,CORE_STRICT_COUNT,DIRECT_REPORTED_CHAIN_COMPLETE,3.29548986045189
85056951,85056950.0,1,5,2,607,EXPLICIT_NO_RBW,803,UNAVAILABLE_NO_TRIP_PROTOCOL,803,803,803,,,,,0,0,0,EXCLUDED_COUNT_UNOBSERVED,TRIP_DAY_NO_ROWS,2.11394054072324
85066061,85066060.0,1,1,2,607,EXPLICIT_NO_RBW,808,KNOWN_ZERO_BELOW_CATI_CAWI_DETAIL_CAP,2,2,2,2.0,,,2.0,2,0,2,CORE_STRICT_COUNT,DIRECT_REPORTED_CHAIN_COMPLETE,2.45370026323564
85066062,85066060.0,2,1,206,206,NOT_OBSERVED_PROXY,808,KNOWN_ZERO_BELOW_CATI_CAWI_DETAIL_CAP,6,6,6,6.0,,,6.0,6,0,6,CORE_STRICT_COUNT,DIRECT_REPORTED_CHAIN_COMPLETE,9.55890474826566
85066063,85066060.0,3,1,403,403,NOT_APPLICABLE_UNDER_16,808,KNOWN_ZERO_BELOW_CATI_CAWI_DETAIL_CAP,2,2,2,2.0,,,2.0,2,0,2,CORE_STRICT_COUNT,DIRECT_REPORTED_CHAIN_COMPLETE,4.68187139181011
85066064,85066060.0,4,1,403,403,NOT_APPLICABLE_UNDER_16,808,KNOWN_ZERO_BELOW_CATI_CAWI_DETAIL_CAP,2,2,2,2.0,,,2.0,2,0,2,CORE_STRICT_COUNT,DIRECT_REPORTED_CHAIN_COMPLETE,4.46419268005218
85071631,85071630.0,1,0,602,602,NO_OUT_OF_HOME_ACTIVITY_OR_DOMESTIC_TRIPS,801,NOT_APPLICABLE_NOT_MOBILE,0,0,0,0.0,,,0.0,0,0,0,CORE_STRICT_COUNT,ZERO_TRIP_COMPLETE,6.17176182545754
85105551,85105550.0,1,1,404,404,NOT_APPLICABLE_NOT_EMPLOYED,808,KNOWN_ZERO_BELOW_CATI_CAWI_DETAIL_CAP,2,2,2,2.0,,,2.0,2,0,2,CORE_STRICT_COUNT,DIRECT_REPORTED_CHAIN_COMPLETE,0.471636541446521
85105552,85105550.0,2,1,206,206,NOT_OBSERVED_PROXY,808,KNOWN_ZERO_BELOW_CATI_CAWI_DETAIL_CAP,3,3,3,3.0,,,3.0,3,0,3,CORE_STRICT_COUNT,DIRECT_REPORTED_CHAIN_COMPLETE,0.68121130812259
85124241,85124240.0,1,1,404,404,NOT_APPLICABLE_NOT_EMPLOYED,808,KNOWN_ZERO_BELOW_CATI_CAWI_DETAIL_CAP,2,2,2,2.0,,,2.0,2,0,2,CORE_STRICT_COUNT,DIRECT_REPORTED_CHAIN_COMPLETE,4.59421515394646
85124242,85124240.0,2,1,404,404,NOT_APPLICABLE_NOT_EMPLOYED,808,KNOWN_ZERO_BELOW_CATI_CAWI_DETAIL_CAP,2,2,2,2.0,,,2.0,2,0,2,CORE_STRICT_COUNT,DIRECT_REPORTED_CHAIN_COMPLETE,4.05607358040648
85124243,85124240.0,3,1,403,403,NOT_APPLICABLE_UNDER_16,808,KNOWN_ZERO_BELOW_CATI_CAWI_DETAIL_CAP,2,2,2,2.0,,,2.0,2,0,2,CORE_STRICT_COUNT,DIRECT_REPORTED_CHAIN_COMPLETE,5.40832309705718
85124244,85124240.0,4,1,403,403,NOT_APPLICABLE_UNDER_16,808,KNOWN_ZERO_BELOW_CATI_CAWI_DETAIL_CAP,2,2,2,2.0,,,2.0,2,0,2,CORE_STRICT_COUNT,DIRECT_REPORTED_CHAIN_COMPLETE,7.09702121870616
85124245,85124240.0,5,1,403,403,NOT_APPLICABLE_UNDER_16,808,KNOWN_ZERO_BELOW_CATI_CAWI_DETAIL_CAP,2,2,2,2.0,,,2.0,2,0,2,CORE_STRICT_COUNT,DIRECT_REPORTED_CHAIN_COMPLETE,6.57088661822996
85131751,85131750.0,1,1,404,404,NOT_APPLICABLE_NOT_EMPLOYED,808,KNOWN_ZERO_BELOW_CATI_CAWI_DETAIL_CAP,2,2,2,2.0,,,2.0,2,0,2,CORE_STRICT_COUNT,DIRECT_REPORTED_CHAIN_COMPLETE,3.9318014168437
85148141,85148140.0,1,5,2,607,EXPLICIT_NO_RBW,803,UNAVAILABLE_NO_TRIP_PROTOCOL,803,803,803,,,,,0,0,0,EXCLUDED_COUNT_UNOBSERVED,TRIP_DAY_NO_ROWS,2.15700661808828
85150561,85150560.0,1,1,2,607,EXPLICIT_NO_RBW,808,KNOWN_ZERO_BELOW_CATI_CAWI_DETAIL_CAP,2,2,2,2.0,,,2.0,2,0,2,CORE_STRICT_COUNT,DIRECT_REPORTED_CHAIN_COMPLETE,1.05007177274898
85150562,85150560.0,2,1,2,607,EXPLICIT_NO_RBW,808,KNOWN_ZERO_BELOW_CATI_CAWI_DETAIL_CAP,2,2,2,2.0,,,2.0,2,0,2,CORE_STRICT_COUNT,DIRECT_REPORTED_CHAIN_COMPLETE,0.959976001634387
85152401,85152400.0,1,1,2,607,EXPLICIT_NO_RBW,808,KNOWN_ZERO_BELOW_CATI_CAWI_DETAIL_CAP,4,4,4,4.0,,,4.0,4,0,4,CORE_STRICT_COUNT,DIRECT_REPORTED_CHAIN_COMPLETE,4.86355921958482
85152402,85152400.0,2,1,206,206,NOT_OBSERVED_PROXY,808,KNOWN_ZERO_BELOW_CATI_CAWI_DETAIL_CAP,5,5,5,5.0,,,5.0,5,0,5,CORE_STRICT_COUNT,DIRECT_REPORTED_CHAIN_COMPLETE,3.42875178373447
85159702,85159700.0,2,1,2,607,EXPLICIT_NO_RBW,807,KNOWN_ZERO_BELOW_PAPI_DETAIL_CAP,7,7,7,7.0,,,7.0,7,0,7,CORE_STRICT_COUNT,DIRECT_REPORTED_CHAIN_COMPLETE,4.51388252844394
85206261,85206260.0,1,1,2,607,EXPLICIT_NO_RBW,807,KNOWN_ZERO_BELOW_PAPI_DETAIL_CAP,3,3,3,3.0,,,3.0,3,0,3,CORE_STRICT_COUNT,DIRECT_REPORTED_CHAIN_COMPLETE,6.26412393291325
85209651,85209650.0,1,1,2,607,EXPLICIT_NO_RBW,808,KNOWN_ZERO_BELOW_CATI_CAWI_DETAIL_CAP,2,2,2,2.0,,,2.0,2,0,2,CORE_STRICT_COUNT,DIRECT_REPORTED_CHAIN_COMPLETE,1.10418684753438
85209652,85209650.0,2,0,602,602,NO_OUT_OF_HOME_ACTIVITY_OR_DOMESTIC_TRIPS,801,NOT_APPLICABLE_NOT_MOBILE,0,0,0,0.0,,,0.0,0,0,0,CORE_STRICT_COUNT,ZERO_TRIP_COMPLETE,1.05003394500925
85209653,85209650.0,3,0,206,206,NOT_OBSERVED_PROXY,801,NOT_APPLICABLE_NOT_MOBILE,0,0,0,0.0,,,0.0,0,0,0,CORE_STRICT_COUNT,ZERO_TRIP_COMPLETE,0.910242399281122
85225961,85225960.0,1,1,2,607,EXPLICIT_NO_RBW,808,KNOWN_ZERO_BELOW_CATI_CAWI_DETAIL_CAP,2,2,2,2.0,,,2.0,2,0,2,CORE_STRICT_COUNT,DIRECT_REPORTED_CHAIN_COMPLETE,8.33201296590306
85242531,85242530.0,1,5,2,607,EXPLICIT_NO_RBW,803,UNAVAILABLE_NO_TRIP_PROTOCOL,803,803,803,,,,,0,0,0,EXCLUDED_COUNT_UNOBSERVED,TRIP_DAY_NO_ROWS,1.97123173290677
85242532,85242530.0,2,1,206,206,NOT_OBSERVED_PROXY,808,KNOWN_ZERO_BELOW_CATI_CAWI_DETAIL_CAP,2,2,2,2.0,,,2.0,2,0,2,CORE_STRICT_COUNT,DIRECT_REPORTED_CHAIN_COMPLETE,0.982114849643843
85242533,85242530.0,3,1,403,403,NOT_APPLICABLE_UNDER_16,808,KNOWN_ZERO_BELOW_CATI_CAWI_DETAIL_CAP,4,4,4,4.0,,,4.0,4,0,4,CORE_STRICT_COUNT,DIRECT_REPORTED_CHAIN_COMPLETE,1.96755622917172
85242534,85242530.0,4,1,403,403,NOT_APPLICABLE_UNDER_16,808,KNOWN_ZERO_BELOW_CATI_CAWI_DETAIL_CAP,3,3,3,3.0,,,3.0,3,0,3,CORE_STRICT_COUNT,DIRECT_REPORTED_CHAIN_COMPLETE,1.59303063567731
85256841,85256840.0,1,5,2,607,EXPLICIT_NO_RBW,803,UNAVAILABLE_NO_TRIP_PROTOCOL,803,803,803,,,,,0,0,0,EXCLUDED_COUNT_UNOBSERVED,TRIP_DAY_NO_ROWS,6.07137843081232
85292111,85292110.0,1,1,406,406,NOT_OBSERVED_SECONDARY_EMPLOYMENT,808,KNOWN_ZERO_BELOW_CATI_CAWI_DETAIL_CAP,2,2,2,2.0,,,2.0,2,0,2,CORE_STRICT_COUNT,DIRECT_REPORTED_CHAIN_COMPLETE,6.07137843081232
85300451,85300450.0,1,6,404,404,NOT_APPLICABLE_NOT_EMPLOYED,803,UNAVAILABLE_NO_TRIP_PROTOCOL,803,803,803,,,,,0,0,0,EXCLUDED_REPORTING_RISK,NO_TRIP_REPORTING_RISK,2.24310639249801
85316241,85316240.0,1,1,2,607,EXPLICIT_NO_RBW,808,KNOWN_ZERO_BELOW_CATI_CAWI_DETAIL_CAP,2,2,2,2.0,,,2.0,2,0,2,CORE_STRICT_COUNT,DIRECT_REPORTED_CHAIN_COMPLETE,4.39907568840898
85316242,85316240.0,2,0,206,206,NOT_OBSERVED_PROXY,801,NOT_APPLICABLE_NOT_MOBILE,0,0,0,0.0,,,0.0,0,0,0,CORE_STRICT_COUNT,ZERO_TRIP_COMPLETE,4.50406593140805
85316243,85316240.0,3,1,403,403,NOT_APPLICABLE_UNDER_16,808,KNOWN_ZERO_BELOW_CATI_CAWI_DETAIL_CAP,2,2,2,2.0,,,2.0,2,0,2,CORE_STRICT_COUNT,DIRECT_REPORTED_CHAIN_COMPLETE,6.3557279912113
85316244,85316240.0,4,1,403,403,NOT_APPLICABLE_UNDER_16,808,KNOWN_ZERO_BELOW_CATI_CAWI_DETAIL_CAP,2,2,2,2.0,,,2.0,2,0,2,CORE_STRICT_COUNT,DIRECT_REPORTED_CHAIN_COMPLETE,8.3402443982119
85316245,85316240.0,5,1,403,403,NOT_APPLICABLE_UNDER_16,808,KNOWN_ZERO_BELOW_CATI_CAWI_DETAIL_CAP,2,2,2,2.0,,,2.0,2,0,2,CORE_STRICT_COUNT,DIRECT_REPORTED_CHAIN_COMPLETE,6.47403420944949
85321581,85321580.0,1,2,1,2,KNOWN_EXACT,802,NOT_APPLICABLE_RBW_ONLY,0,0,2,0.0,,2.0,2.0,0,2,2,CORE_STRICT_COUNT,RBW_ONLY_AGGREGATED_UNTIMED,6.81254671063718
85414921,85414920.0,1,0,404,404,NOT_APPLICABLE_NOT_EMPLOYED,801,NOT_APPLICABLE_NOT_MOBILE,0,0,0,0.0,,,0.0,0,0,0,CORE_STRICT_COUNT,ZERO_TRIP_COMPLETE,6.6292454712483
85437941,85437940.0,1,1,404,404,NOT_APPLICABLE_NOT_EMPLOYED,808,KNOWN_ZERO_BELOW_CATI_CAWI_DETAIL_CAP,2,2,2,2.0,,,2.0,2,0,2,CORE_STRICT_COUNT,DIRECT_REPORTED_CHAIN_COMPLETE,7.6807859110633
85443021,85443020.0,1,0,404,404,NOT_APPLICABLE_NOT_EMPLOYED,801,NOT_APPLICABLE_NOT_MOBILE,0,0,0,0.0,,,0.0,0,0,0,CORE_STRICT_COUNT,ZERO_TRIP_COMPLETE,2.50936013517328
85534551,85534550.0,1,1,404,404,NOT_APPLICABLE_NOT_EMPLOYED,808,KNOWN_ZERO_BELOW_CATI_CAWI_DETAIL_CAP,4,4,4,4.0,,,4.0,4,0,4,CORE_STRICT_COUNT,DIRECT_REPORTED_CHAIN_COMPLETE,1.51910946303014
85534552,85534550.0,2,1,206,206,NOT_OBSERVED_PROXY,808,KNOWN_ZERO_BELOW_CATI_CAWI_DETAIL_CAP,4,4,4,4.0,,,4.0,4,0,4,CORE_STRICT_COUNT,DIRECT_REPORTED_CHAIN_COMPLETE,3.77925010642735
85547321,85547320.0,1,6,404,404,NOT_APPLICABLE_NOT_EMPLOYED,803,UNAVAILABLE_NO_TRIP_PROTOCOL,803,803,803,,,,,0,0,0,EXCLUDED_REPORTING_RISK,NO_TRIP_REPORTING_RISK,6.49054544143725
85552141,85552140.0,1,1,404,404,NOT_APPLICABLE_NOT_EMPLOYED,808,KNOWN_ZERO_BELOW_CATI_CAWI_DETAIL_CAP,4,4,4,4.0,,,4.0,4,0,4,CORE_STRICT_COUNT,DIRECT_REPORTED_CHAIN_COMPLETE,2.27103507068165
85552142,85552140.0,2,1,404,404,NOT_APPLICABLE_NOT_EMPLOYED,808,KNOWN_ZERO_BELOW_CATI_CAWI_DETAIL_CAP,4,4,4,4.0,,,4.0,4,0,4,CORE_STRICT_COUNT,DIRECT_REPORTED_CHAIN_COMPLETE,4.29710824187472
85573081,85573080.0,1,1,404,404,NOT_APPLICABLE_NOT_EMPLOYED,808,KNOWN_ZERO_BELOW_CATI_CAWI_DETAIL_CAP,2,2,2,2.0,,,2.0,2,0,2,CORE_STRICT_COUNT,DIRECT_REPORTED_CHAIN_COMPLETE,85.4206829497343
85653681,85653680.0,1,1,2,607,EXPLICIT_NO_RBW,808,KNOWN_ZERO_BELOW_CATI_CAWI_DETAIL_CAP,2,2,2,2.0,,,2.0,2,0,2,CORE_STRICT_COUNT,DIRECT_REPORTED_CHAIN_COMPLETE,5.38282540581622
85653682,85653680.0,2,1,206,206,NOT_OBSERVED_PROXY,808,KNOWN_ZERO_BELOW_CATI_CAWI_DETAIL_CAP,3,3,3,3.0,,,3.0,3,0,3,CORE_STRICT_COUNT,DIRECT_REPORTED_CHAIN_COMPLETE,3.79482830956443
85690711,85690710.0,1,1,404,404,NOT_APPLICABLE_NOT_EMPLOYED,808,KNOWN_ZERO_BELOW_CATI_CAWI_DETAIL_CAP,6,6,6,6.0,,,6.0,6,0,6,CORE_STRICT_COUNT,DIRECT_REPORTED_CHAIN_COMPLETE,4.57833121647793
85696231,85696230.0,1,1,2,607,EXPLICIT_NO_RBW,808,KNOWN_ZERO_BELOW_CATI_CAWI_DETAIL_CAP,2,2,2,2.0,,,2.0,2,0,2,CORE_STRICT_COUNT,DIRECT_REPORTED_CHAIN_COMPLETE,23.1091476853803
85728491,85728490.0,1,6,404,404,NOT_APPLICABLE_NOT_EMPLOYED,803,UNAVAILABLE_NO_TRIP_PROTOCOL,803,803,803,,,,,0,0,0,EXCLUDED_REPORTING_RISK,NO_TRIP_REPORTING_RISK,7.6807859110633
85745931,85745930.0,1,1,2,607,EXPLICIT_NO_RBW,808,KNOWN_ZERO_BELOW_CATI_CAWI_DETAIL_CAP,5,5,5,5.0,,,5.0,5,0,5,CORE_STRICT_COUNT,DIRECT_REPORTED_CHAIN_COMPLETE,3.8850830192331
85757231,85757230.0,1,1,404,404,NOT_APPLICABLE_NOT_EMPLOYED,808,KNOWN_ZERO_BELOW_CATI_CAWI_DETAIL_CAP,4,4,4,4.0,,,4.0,4,0,4,CORE_STRICT_COUNT,DIRECT_REPORTED_CHAIN_COMPLETE,1.69513087880461
85757232,85757230.0,2,1,404,404,NOT_APPLICABLE_NOT_EMPLOYED,808,KNOWN_ZERO_BELOW_CATI_CAWI_DETAIL_CAP,2,2,2,2.0,,,2.0,2,0,2,CORE_STRICT_COUNT,DIRECT_REPORTED_CHAIN_COMPLETE,2.4628686825792
85769021,85769020.0,1,1,404,404,NOT_APPLICABLE_NOT_EMPLOYED,808,KNOWN_ZERO_BELOW_CATI_CAWI_DETAIL_CAP,2,2,2,2.0,,,2.0,2,0,2,CORE_STRICT_COUNT,DIRECT_REPORTED_CHAIN_COMPLETE,2.07748576625049
85779481,85779480.0,1,1,2,607,EXPLICIT_NO_RBW,808,KNOWN_ZERO_BELOW_CATI_CAWI_DETAIL_CAP,4,4,4,4.0,,,4.0,4,0,4,CORE_STRICT_COUNT,DIRECT_REPORTED_CHAIN_COMPLETE,1.64777594917783
85939581,85939580.0,1,1,2,607,EXPLICIT_NO_RBW,808,KNOWN_ZERO_BELOW_CATI_CAWI_DETAIL_CAP,2,2,2,2.0,,,2.0,2,0,2,CORE_STRICT_COUNT,DIRECT_REPORTED_CHAIN_COMPLETE,5.44721206655257
85939582,85939580.0,2,1,206,206,NOT_OBSERVED_PROXY,808,KNOWN_ZERO_BELOW_CATI_CAWI_DETAIL_CAP,2,2,2,2.0,,,2.0,2,0,2,CORE_STRICT_COUNT,DIRECT_REPORTED_CHAIN_COMPLETE,4.32052601883718
85939583,85939580.0,3,1,403,403,NOT_APPLICABLE_UNDER_16,808,KNOWN_ZERO_BELOW_CATI_CAWI_DETAIL_CAP,2,2,2,2.0,,,2.0,2,0,2,CORE_STRICT_COUNT,DIRECT_REPORTED_CHAIN_COMPLETE,7.75721399135835
85970161,85970160.0,1,1,404,404,NOT_APPLICABLE_NOT_EMPLOYED,808,KNOWN_ZERO_BELOW_CATI_CAWI_DETAIL_CAP,7,7,7,7.0,,,7.0,7,0,7,CORE_STRICT_COUNT,DIRECT_REPORTED_CHAIN_COMPLETE,2.68311725201542
85970162,85970160.0,2,5,2,607,EXPLICIT_NO_RBW,803,UNAVAILABLE_NO_TRIP_PROTOCOL,803,803,803,,,,,0,0,0,EXCLUDED_COUNT_UNOBSERVED,TRIP_DAY_NO_ROWS,3.83032496671695
85980181,85980180.0,1,1,2,607,EXPLICIT_NO_RBW,808,KNOWN_ZERO_BELOW_CATI_CAWI_DETAIL_CAP,3,3,3,3.0,,,3.0,3,0,3,CORE_STRICT_COUNT,DIRECT_REPORTED_CHAIN_COMPLETE,5.9807221943342
86006001,86006000.0,1,1,1,99,MISSING_RESPONSE,2,KNOWN_POSITIVE_UNDETAILED,8,10,10,8.0,2.0,,10.0,8,0,8,ANALYTIC_WITH_COMPONENT_WARNING,DIRECT_ROWS_UNDETAILED_PLUS_RBW_UNKNOWN,7.71244169857267
86006002,86006000.0,2,1,2,607,EXPLICIT_NO_RBW,807,KNOWN_ZERO_BELOW_PAPI_DETAIL_CAP,5,5,5,5.0,,,5.0,5,0,5,CORE_STRICT_COUNT,DIRECT_REPORTED_CHAIN_COMPLETE,4.39907568840898
86006003,86006000.0,3,1,403,403,NOT_APPLICABLE_UNDER_16,807,KNOWN_ZERO_BELOW_PAPI_DETAIL_CAP,4,4,4,4.0,,,4.0,4,0,4,CORE_STRICT_COUNT,DIRECT_REPORTED_CHAIN_COMPLETE,6.3557279912113
86006004,86006000.0,4,1,403,403,NOT_APPLICABLE_UNDER_16,807,KNOWN_ZERO_BELOW_PAPI_DETAIL_CAP,4,4,4,4.0,,,4.0,4,0,4,CORE_STRICT_COUNT,DIRECT_REPORTED_CHAIN_COMPLETE,7.95247346124749
86070681,86070680.0,1,1,2,607,EXPLICIT_NO_RBW,808,KNOWN_ZERO_BELOW_CATI_CAWI_DETAIL_CAP,4,4,4,4.0,,,4.0,4,0,4,CORE_STRICT_COUNT,DIRECT_REPORTED_CHAIN_COMPLETE,6.26412393291325
86073551,86073550.0,1,1,2,607,EXPLICIT_NO_RBW,808,KNOWN_ZERO_BELOW_CATI_CAWI_DETAIL_CAP,2,2,2,2.0,,,2.0,2,0,2,CORE_STRICT_COUNT,DIRECT_REPORTED_CHAIN_COMPLETE,5.27058708566262
86074431,86074430.0,1,1,2,607,EXPLICIT_NO_RBW,808,KNOWN_ZERO_BELOW_CATI_CAWI_DETAIL_CAP,4,4,4,4.0,,,4.0,4,0,4,CORE_STRICT_COUNT,DIRECT_REPORTED_CHAIN_COMPLETE,5.51084841623137
86103701,86103700.0,1,1,2,607,EXPLICIT_NO_RBW,808,KNOWN_ZERO_BELOW_CATI_CAWI_DETAIL_CAP,4,4,4,4.0,,,4.0,4,0,4,CORE_STRICT_COUNT,DIRECT_REPORTED_CHAIN_COMPLETE,1.75139031129211
86103702,86103700.0,2,1,2,607,EXPLICIT_NO_RBW,808,KNOWN_ZERO_BELOW_CATI_CAWI_DETAIL_CAP,2,2,2,2.0,,,2.0,2,0,2,CORE_STRICT_COUNT,DIRECT_REPORTED_CHAIN_COMPLETE,4.91051029322428
86103703,86103700.0,3,1,403,403,NOT_APPLICABLE_UNDER_16,808,KNOWN_ZERO_BELOW_CATI_CAWI_DETAIL_CAP,2,2,2,2.0,,,2.0,2,0,2,CORE_STRICT_COUNT,DIRECT_REPORTED_CHAIN_COMPLETE,3.9450729031346
86123731,86123730.0,1,1,2,607,EXPLICIT_NO_RBW,808,KNOWN_ZERO_BELOW_CATI_CAWI_DETAIL_CAP,4,4,4,4.0,,,4.0,4,0,4,CORE_STRICT_COUNT,DIRECT_REPORTED_CHAIN_COMPLETE,5.99998701653939
86145371,86145370.0,1,1,2,607,EXPLICIT_NO_RBW,808,KNOWN_ZERO_BELOW_CATI_CAWI_DETAIL_CAP,3,3,3,3.0,,,3.0,3,0,3,CORE_STRICT_COUNT,DIRECT_REPORTED_CHAIN_COMPLETE,3.26743691310159
86181811,86181810.0,1,1,2,607,EXPLICIT_NO_RBW,808,KNOWN_ZERO_BELOW_CATI_CAWI_DETAIL_CAP,2,2,2,2.0,,,2.0,2,0,2,CORE_STRICT_COUNT,DIRECT_REPORTED_CHAIN_COMPLETE,3.50168449617806
86223001,86223000.0,1,3,1,2,KNOWN_EXACT,808,KNOWN_ZERO_BELOW_CATI_CAWI_DETAIL_CAP,4,4,6,4.0,,2.0,6.0,4,2,6,CORE_STRICT_COUNT,MIXED_DIRECT_RBW_UNTIMED,9.32335283178073
86372041,86372040.0,1,0,602,602,NO_OUT_OF_HOME_ACTIVITY_OR_DOMESTIC_TRIPS,801,NOT_APPLICABLE_NOT_MOBILE,0,0,0,0.0,,,0.0,0,0,0,CORE_STRICT_COUNT,ZERO_TRIP_COMPLETE,1.76452927840681
86372042,86372040.0,2,0,602,602,NO_OUT_OF_HOME_ACTIVITY_OR_DOMESTIC_TRIPS,801,NOT_APPLICABLE_NOT_MOBILE,0,0,0,0.0,,,0.0,0,0,0,CORE_STRICT_COUNT,ZERO_TRIP_COMPLETE,5.02705427895028
86372043,86372040.0,3,0,206,206,NOT_OBSERVED_PROXY,801,NOT_APPLICABLE_NOT_MOBILE,0,0,0,0.0,,,0.0,0,0,0,CORE_STRICT_COUNT,ZERO_TRIP_COMPLETE,2.9312586479925
86419001,86419000.0,1,1,2,607,EXPLICIT_NO_RBW,808,KNOWN_ZERO_BELOW_CATI_CAWI_DETAIL_CAP,3,3,3,3.0,,,3.0,3,0,3,CORE_STRICT_COUNT,DIRECT_REPORTED_CHAIN_COMPLETE,6.13788454683152
86499251,86499250.0,1,3,1,10,KNOWN_EXACT,808,KNOWN_ZERO_BELOW_CATI_CAWI_DETAIL_CAP,2,2,12,2.0,,10.0,12.0,2,10,12,CORE_STRICT_COUNT,MIXED_DIRECT_RBW_UNTIMED,7.62006004963525
86499252,86499250.0,2,1,206,206,NOT_OBSERVED_PROXY,808,KNOWN_ZERO_BELOW_CATI_CAWI_DETAIL_CAP,4,4,4,4.0,,,4.0,4,0,4,CORE_STRICT_COUNT,DIRECT_REPORTED_CHAIN_COMPLETE,7.86464015280706
86499253,86499250.0,3,1,403,403,NOT_APPLICABLE_UNDER_16,808,KNOWN_ZERO_BELOW_CATI_CAWI_DETAIL_CAP,4,4,4,4.0,,,4.0,4,0,4,CORE_STRICT_COUNT,DIRECT_REPORTED_CHAIN_COMPLETE,7.72194398468614
86537401,86537400.0,1,1,2,607,EXPLICIT_NO_RBW,808,KNOWN_ZERO_BELOW_CATI_CAWI_DETAIL_CAP,7,7,7,7.0,,,7.0,7,0,7,CORE_STRICT_COUNT,DIRECT_REPORTED_CHAIN_COMPLETE,6.17176182545754
86550281,86550280.0,1,1,404,404,NOT_APPLICABLE_NOT_EMPLOYED,808,KNOWN_ZERO_BELOW_CATI_CAWI_DETAIL_CAP,4,4,4,4.0,,,4.0,4,0,4,CORE_STRICT_COUNT,DIRECT_REPORTED_CHAIN_COMPLETE,5.39900840381983
86550282,86550280.0,2,1,403,403,NOT_APPLICABLE_UNDER_16,808,KNOWN_ZERO_BELOW_CATI_CAWI_DETAIL_CAP,4,4,4,4.0,,,4.0,4,0,4,CORE_STRICT_COUNT,DIRECT_REPORTED_CHAIN_COMPLETE,7.14432558167317
86565541,86565540.0,1,1,2,607,EXPLICIT_NO_RBW,808,KNOWN_ZERO_BELOW_CATI_CAWI_DETAIL_CAP,7,7,7,7.0,,,7.0,7,0,7,CORE_STRICT_COUNT,DIRECT_REPORTED_CHAIN_COMPLETE,1.18444573930751
86565542,86565540.0,2,1,2,607,EXPLICIT_NO_RBW,808,KNOWN_ZERO_BELOW_CATI_CAWI_DETAIL_CAP,3,3,3,3.0,,,3.0,3,0,3,CORE_STRICT_COUNT,DIRECT_REPORTED_CHAIN_COMPLETE,1.1263566805488
86565543,86565540.0,3,1,404,404,NOT_APPLICABLE_NOT_EMPLOYED,808,KNOWN_ZERO_BELOW_CATI_CAWI_DETAIL_CAP,3,3,3,3.0,,,3.0,3,0,3,CORE_STRICT_COUNT,DIRECT_REPORTED_CHAIN_COMPLETE,1.86321744151218
86565544,86565540.0,4,1,403,403,NOT_APPLICABLE_UNDER_16,808,KNOWN_ZERO_BELOW_CATI_CAWI_DETAIL_CAP,3,3,3,3.0,,,3.0,3,0,3,CORE_STRICT_COUNT,DIRECT_REPORTED_CHAIN_COMPLETE,1.86321744151218
86565545,86565540.0,5,1,403,403,NOT_APPLICABLE_UNDER_16,808,KNOWN_ZERO_BELOW_CATI_CAWI_DETAIL_CAP,4,4,4,4.0,,,4.0,4,0,4,CORE_STRICT_COUNT,DIRECT_REPORTED_CHAIN_COMPLETE,2.66800881633742
86674331,86674330.0,1,1,2,607,EXPLICIT_NO_RBW,808,KNOWN_ZERO_BELOW_CATI_CAWI_DETAIL_CAP,4,4,4,4.0,,,4.0,4,0,4,CORE_STRICT_COUNT,DIRECT_REPORTED_CHAIN_COMPLETE,3.52101160154023
86674332,86674330.0,2,1,2,607,EXPLICIT_NO_RBW,808,KNOWN_ZERO_BELOW_CATI_CAWI_DETAIL_CAP,4,4,4,4.0,,,4.0,4,0,4,CORE_STRICT_COUNT,DIRECT_REPORTED_CHAIN_COMPLETE,3.26743691310159
86674333,86674330.0,3,1,404,404,NOT_APPLICABLE_NOT_EMPLOYED,808,KNOWN_ZERO_BELOW_CATI_CAWI_DETAIL_CAP,2,2,2,2.0,,,2.0,2,0,2,CORE_STRICT_COUNT,DIRECT_REPORTED_CHAIN_COMPLETE,7.6807859110633
86675941,86675940.0,1,1,2,607,EXPLICIT_NO_RBW,808,KNOWN_ZERO_BELOW_CATI_CAWI_DETAIL_CAP,4,4,4,4.0,,,4.0,4,0,4,CORE_STRICT_COUNT,DIRECT_REPORTED_CHAIN_COMPLETE,3.8850830192331
86675942,86675940.0,2,1,403,403,NOT_APPLICABLE_UNDER_16,808,KNOWN_ZERO_BELOW_CATI_CAWI_DETAIL_CAP,4,4,4,4.0,,,4.0,4,0,4,CORE_STRICT_COUNT,DIRECT_REPORTED_CHAIN_COMPLETE,6.3557279912113
86675943,86675940.0,3,1,403,403,NOT_APPLICABLE_UNDER_16,808,KNOWN_ZERO_BELOW_CATI_CAWI_DETAIL_CAP,4,4,4,4.0,,,4.0,4,0,4,CORE_STRICT_COUNT,DIRECT_REPORTED_CHAIN_COMPLETE,6.3557279912113
86733092,86733090.0,2,5,1,99,MISSING_RESPONSE,803,UNAVAILABLE_NO_TRIP_PROTOCOL,803,803,803,,,,,0,0,0,EXCLUDED_COUNT_UNOBSERVED,TRIP_DAY_NO_ROWS,9.39089578821591
86745951,86745950.0,1,1,2,607,EXPLICIT_NO_RBW,808,KNOWN_ZERO_BELOW_CATI_CAWI_DETAIL_CAP,11,11,11,11.0,,,11.0,11,0,11,CORE_STRICT_COUNT,DIRECT_REPORTED_CHAIN_COMPLETE,6.07137843081232
86762781,86762780.0,1,6,602,602,NO_OUT_OF_HOME_ACTIVITY_OR_DOMESTIC_TRIPS,803,UNAVAILABLE_NO_TRIP_PROTOCOL,803,803,803,,,,,0,0,0,EXCLUDED_REPORTING_RISK,NO_TRIP_REPORTING_RISK,3.01172768140449
86895551,86895550.0,1,1,2,607,EXPLICIT_NO_RBW,808,KNOWN_ZERO_BELOW_CATI_CAWI_DETAIL_CAP,4,4,4,4.0,,,4.0,4,0,4,CORE_STRICT_COUNT,DIRECT_REPORTED_CHAIN_COMPLETE,3.83032496671695
86895552,86895550.0,2,1,206,206,NOT_OBSERVED_PROXY,808,KNOWN_ZERO_BELOW_CATI_CAWI_DETAIL_CAP,4,4,4,4.0,,,4.0,4,0,4,CORE_STRICT_COUNT,DIRECT_REPORTED_CHAIN_COMPLETE,3.60891540897997
86912431,86912430.0,1,1,404,404,NOT_APPLICABLE_NOT_EMPLOYED,808,KNOWN_ZERO_BELOW_CATI_CAWI_DETAIL_CAP,4,4,4,4.0,,,4.0,4,0,4,CORE_STRICT_COUNT,DIRECT_REPORTED_CHAIN_COMPLETE,0.947533612679407
86912432,86912430.0,2,1,206,206,NOT_OBSERVED_PROXY,808,KNOWN_ZERO_BELOW_CATI_CAWI_DETAIL_CAP,4,4,4,4.0,,,4.0,4,0,4,CORE_STRICT_COUNT,DIRECT_REPORTED_CHAIN_COMPLETE,2.78425703282177
86912433,86912430.0,3,1,206,206,NOT_OBSERVED_PROXY,808,KNOWN_ZERO_BELOW_CATI_CAWI_DETAIL_CAP,4,4,4,4.0,,,4.0,4,0,4,CORE_STRICT_COUNT,DIRECT_REPORTED_CHAIN_COMPLETE,4.46726537765973
86912434,86912430.0,4,1,403,403,NOT_APPLICABLE_UNDER_16,808,KNOWN_ZERO_BELOW_CATI_CAWI_DETAIL_CAP,4,4,4,4.0,,,4.0,4,0,4,CORE_STRICT_COUNT,DIRECT_REPORTED_CHAIN_COMPLETE,2.77906558477807
86947411,86947410.0,1,1,2,607,EXPLICIT_NO_RBW,808,KNOWN_ZERO_BELOW_CATI_CAWI_DETAIL_CAP,7,7,7,7.0,,,7.0,7,0,7,CORE_STRICT_COUNT,DIRECT_REPORTED_CHAIN_COMPLETE,5.51084841623137
86973861,86973860.0,1,1,2,607,EXPLICIT_NO_RBW,808,KNOWN_ZERO_BELOW_CATI_CAWI_DETAIL_CAP,5,5,5,5.0,,,5.0,5,0,5,CORE_STRICT_COUNT,DIRECT_REPORTED_CHAIN_COMPLETE,4.39907568840898
86986541,86986540.0,1,1,2,607,EXPLICIT_NO_RBW,808,KNOWN_ZERO_BELOW_CATI_CAWI_DETAIL_CAP,2,2,2,2.0,,,2.0,2,0,2,CORE_STRICT_COUNT,DIRECT_REPORTED_CHAIN_COMPLETE,1.20684548815865
86986542,86986540.0,2,1,404,404,NOT_APPLICABLE_NOT_EMPLOYED,808,KNOWN_ZERO_BELOW_CATI_CAWI_DETAIL_CAP,2,2,2,2.0,,,2.0,2,0,2,CORE_STRICT_COUNT,DIRECT_REPORTED_CHAIN_COMPLETE,0.895033157463711
86986871,86986870.0,1,1,606,606,NOT_OBSERVED_PAPI,807,KNOWN_ZERO_BELOW_PAPI_DETAIL_CAP,2,2,2,2.0,,,2.0,2,0,2,CORE_STRICT_COUNT,DIRECT_REPORTED_CHAIN_COMPLETE,0.709609007789114
86986872,86986870.0,2,1,606,606,NOT_OBSERVED_PAPI,807,KNOWN_ZERO_BELOW_PAPI_DETAIL_CAP,2,2,2,2.0,,,2.0,2,0,2,CORE_STRICT_COUNT,DIRECT_REPORTED_CHAIN_COMPLETE,1.43831653121902
86986873,86986870.0,3,1,606,606,NOT_OBSERVED_PAPI,807,KNOWN_ZERO_BELOW_PAPI_DETAIL_CAP,2,2,2,2.0,,,2.0,2,0,2,CORE_STRICT_COUNT,DIRECT_REPORTED_CHAIN_COMPLETE,0.818756150084529
86988301,86988300.0,1,1,2,607,EXPLICIT_NO_RBW,808,KNOWN_ZERO_BELOW_CATI_CAWI_DETAIL_CAP,4,4,4,4.0,,,4.0,4,0,4,CORE_STRICT_COUNT,DIRECT_REPORTED_CHAIN_COMPLETE,4.50406593140805
86994061,86994060.0,1,1,2,607,EXPLICIT_NO_RBW,808,KNOWN_ZERO_BELOW_CATI_CAWI_DETAIL_CAP,4,4,4,4.0,,,4.0,4,0,4,CORE_STRICT_COUNT,DIRECT_REPORTED_CHAIN_COMPLETE,6.07137843081232
87005931,87005930.0,1,1,404,404,NOT_APPLICABLE_NOT_EMPLOYED,808,KNOWN_ZERO_BELOW_CATI_CAWI_DETAIL_CAP,3,3,3,3.0,,,3.0,3,0,3,CORE_STRICT_COUNT,DIRECT_REPORTED_CHAIN_COMPLETE,4.70499964074956
87007911,87007910.0,1,1,2,607,EXPLICIT_NO_RBW,808,KNOWN_ZERO_BELOW_CATI_CAWI_DETAIL_CAP,4,4,4,4.0,,,4.0,4,0,4,CORE_STRICT_COUNT,DIRECT_REPORTED_CHAIN_COMPLETE,4.39907568840898
87045021,87045020.0,1,1,2,607,EXPLICIT_NO_RBW,808,KNOWN_ZERO_BELOW_CATI_CAWI_DETAIL_CAP,2,2,2,2.0,,,2.0,2,0,2,CORE_STRICT_COUNT,DIRECT_REPORTED_CHAIN_COMPLETE,0.822448782482528
87045022,87045020.0,2,1,406,406,NOT_OBSERVED_SECONDARY_EMPLOYMENT,808,KNOWN_ZERO_BELOW_CATI_CAWI_DETAIL_CAP,4,4,4,4.0,,,4.0,4,0,4,CORE_STRICT_COUNT,DIRECT_REPORTED_CHAIN_COMPLETE,3.07422991835202
87045023,87045020.0,3,1,2,607,EXPLICIT_NO_RBW,808,KNOWN_ZERO_BELOW_CATI_CAWI_DETAIL_CAP,5,5,5,5.0,,,5.0,5,0,5,CORE_STRICT_COUNT,DIRECT_REPORTED_CHAIN_COMPLETE,2.59774767317282
87046241,87046240.0,1,3,1,2,KNOWN_EXACT,808,KNOWN_ZERO_BELOW_CATI_CAWI_DETAIL_CAP,8,8,10,8.0,,2.0,10.0,8,2,10,CORE_STRICT_COUNT,MIXED_DIRECT_RBW_UNTIMED,3.52101160154023
87090851,87090850.0,1,0,602,602,NO_OUT_OF_HOME_ACTIVITY_OR_DOMESTIC_TRIPS,801,NOT_APPLICABLE_NOT_MOBILE,0,0,0,0.0,,,0.0,0,0,0,CORE_STRICT_COUNT,ZERO_TRIP_COMPLETE,6.07137843081232
87115101,87115100.0,1,5,2,607,EXPLICIT_NO_RBW,803,UNAVAILABLE_NO_TRIP_PROTOCOL,803,803,803,,,,,0,0,0,EXCLUDED_COUNT_UNOBSERVED,TRIP_DAY_NO_ROWS,3.52101160154023
87116011,87116010.0,1,1,2,607,EXPLICIT_NO_RBW,808,KNOWN_ZERO_BELOW_CATI_CAWI_DETAIL_CAP,2,2,2,2.0,,,2.0,2,0,2,CORE_STRICT_COUNT,DIRECT_REPORTED_CHAIN_COMPLETE,3.8850830192331
87116013,87116010.0,3,1,403,403,NOT_APPLICABLE_UNDER_16,808,KNOWN_ZERO_BELOW_CATI_CAWI_DETAIL_CAP,2,2,2,2.0,,,2.0,2,0,2,CORE_STRICT_COUNT,DIRECT_REPORTED_CHAIN_COMPLETE,7.95247346124749
87153721,87153720.0,1,1,404,404,NOT_APPLICABLE_NOT_EMPLOYED,808,KNOWN_ZERO_BELOW_CATI_CAWI_DETAIL_CAP,8,8,8,8.0,,,8.0,8,0,8,CORE_STRICT_COUNT,DIRECT_REPORTED_CHAIN_COMPLETE,5.76913282580119
87153722,87153720.0,2,1,2,607,EXPLICIT_NO_RBW,808,KNOWN_ZERO_BELOW_CATI_CAWI_DETAIL_CAP,6,6,6,6.0,,,6.0,6,0,6,CORE_STRICT_COUNT,DIRECT_REPORTED_CHAIN_COMPLETE,2.93655899293913
87170311,87170310.0,1,1,2,607,EXPLICIT_NO_RBW,808,KNOWN_ZERO_BELOW_CATI_CAWI_DETAIL_CAP,6,6,6,6.0,,,6.0,6,0,6,CORE_STRICT_COUNT,DIRECT_REPORTED_CHAIN_COMPLETE,2.68200386103095
87170312,87170310.0,2,1,2,607,EXPLICIT_NO_RBW,808,KNOWN_ZERO_BELOW_CATI_CAWI_DETAIL_CAP,4,4,4,4.0,,,4.0,4,0,4,CORE_STRICT_COUNT,DIRECT_REPORTED_CHAIN_COMPLETE,2.60276804725974
87170313,87170310.0,3,1,206,206,NOT_OBSERVED_PROXY,808,KNOWN_ZERO_BELOW_CATI_CAWI_DETAIL_CAP,2,2,2,2.0,,,2.0,2,0,2,CORE_STRICT_COUNT,DIRECT_REPORTED_CHAIN_COMPLETE,3.46824458850599
87170314,87170310.0,4,1,403,403,NOT_APPLICABLE_UNDER_16,808,KNOWN_ZERO_BELOW_CATI_CAWI_DETAIL_CAP,4,4,4,4.0,,,4.0,4,0,4,CORE_STRICT_COUNT,DIRECT_REPORTED_CHAIN_COMPLETE,3.78459979753499
87193371,87193370.0,1,1,2,607,EXPLICIT_NO_RBW,808,KNOWN_ZERO_BELOW_CATI_CAWI_DETAIL_CAP,2,2,2,2.0,,,2.0,2,0,2,CORE_STRICT_COUNT,DIRECT_REPORTED_CHAIN_COMPLETE,4.5586708866126
87193372,87193370.0,2,1,206,206,NOT_OBSERVED_PROXY,808,KNOWN_ZERO_BELOW_CATI_CAWI_DETAIL_CAP,1,1,1,1.0,,,1.0,1,0,1,CORE_STRICT_COUNT,DIRECT_REPORTED_CHAIN_COMPLETE,4.39907568840898
87226811,87226810.0,1,1,2,607,EXPLICIT_NO_RBW,808,KNOWN_ZERO_BELOW_CATI_CAWI_DETAIL_CAP,3,3,3,3.0,,,3.0,3,0,3,CORE_STRICT_COUNT,DIRECT_REPORTED_CHAIN_COMPLETE,4.50406593140805
87228881,87228880.0,1,1,2,607,EXPLICIT_NO_RBW,808,KNOWN_ZERO_BELOW_CATI_CAWI_DETAIL_CAP,1,1,1,1.0,,,1.0,1,0,1,CORE_STRICT_COUNT,DIRECT_REPORTED_CHAIN_COMPLETE,1.90982013705511
87228882,87228880.0,2,1,206,206,NOT_OBSERVED_PROXY,808,KNOWN_ZERO_BELOW_CATI_CAWI_DETAIL_CAP,1,1,1,1.0,,,1.0,1,0,1,CORE_STRICT_COUNT,DIRECT_REPORTED_CHAIN_COMPLETE,3.58759964406809
87235491,87235490.0,1,3,1,2,KNOWN_EXACT,808,KNOWN_ZERO_BELOW_CATI_CAWI_DETAIL_CAP,2,2,4,2.0,,2.0,4.0,2,2,4,CORE_STRICT_COUNT,MIXED_DIRECT_RBW_UNTIMED,5.14702556854774
87235492,87235490.0,2,1,206,206,NOT_OBSERVED_PROXY,808,KNOWN_ZERO_BELOW_CATI_CAWI_DETAIL_CAP,6,6,6,6.0,,,6.0,6,0,6,CORE_STRICT_COUNT,DIRECT_REPORTED_CHAIN_COMPLETE,5.71277479057116
87255141,87255140.0,1,1,2,607,EXPLICIT_NO_RBW,808,KNOWN_ZERO_BELOW_CATI_CAWI_DETAIL_CAP,2,2,2,2.0,,,2.0,2,0,2,CORE_STRICT_COUNT,DIRECT_REPORTED_CHAIN_COMPLETE,6.26412393291325
87261521,87261520.0,1,1,404,404,NOT_APPLICABLE_NOT_EMPLOYED,808,KNOWN_ZERO_BELOW_CATI_CAWI_DETAIL_CAP,2,2,2,2.0,,,2.0,2,0,2,CORE_STRICT_COUNT,DIRECT_REPORTED_CHAIN_COMPLETE,1.30159599834386
87261522,87261520.0,2,1,404,404,NOT_APPLICABLE_NOT_EMPLOYED,808,KNOWN_ZERO_BELOW_CATI_CAWI_DETAIL_CAP,5,5,5,5.0,,,5.0,5,0,5,CORE_STRICT_COUNT,DIRECT_REPORTED_CHAIN_COMPLETE,1.30159599834386
87266991,87266990.0,1,1,404,404,NOT_APPLICABLE_NOT_EMPLOYED,808,KNOWN_ZERO_BELOW_CATI_CAWI_DETAIL_CAP,3,3,3,3.0,,,3.0,3,0,3,CORE_STRICT_COUNT,DIRECT_REPORTED_CHAIN_COMPLETE,4.76818253562796
87266992,87266990.0,2,0,206,206,NOT_OBSERVED_PROXY,801,NOT_APPLICABLE_NOT_MOBILE,0,0,0,0.0,,,0.0,0,0,0,CORE_STRICT_COUNT,ZERO_TRIP_COMPLETE,9.32335283178073
87266993,87266990.0,3,0,403,403,NOT_APPLICABLE_UNDER_16,801,NOT_APPLICABLE_NOT_MOBILE,0,0,0,0.0,,,0.0,0,0,0,CORE_STRICT_COUNT,ZERO_TRIP_COMPLETE,7.14432558167317
87266994,87266990.0,4,0,403,403,NOT_APPLICABLE_UNDER_16,801,NOT_APPLICABLE_NOT_MOBILE,0,0,0,0.0,,,0.0,0,0,0,CORE_STRICT_COUNT,ZERO_TRIP_COMPLETE,6.47403420944949
87266995,87266990.0,5,0,403,403,NOT_APPLICABLE_UNDER_16,801,NOT_APPLICABLE_NOT_MOBILE,0,0,0,0.0,,,0.0,0,0,0,CORE_STRICT_COUNT,ZERO_TRIP_COMPLETE,7.84783663943156
87310431,87310430.0,1,0,602,602,NO_OUT_OF_HOME_ACTIVITY_OR_DOMESTIC_TRIPS,801,NOT_APPLICABLE_NOT_MOBILE,0,0,0,0.0,,,0.0,0,0,0,CORE_STRICT_COUNT,ZERO_TRIP_COMPLETE,4.39907568840898
87363511,87363510.0,1,1,2,607,EXPLICIT_NO_RBW,807,KNOWN_ZERO_BELOW_PAPI_DETAIL_CAP,7,7,7,7.0,,,7.0,7,0,7,CORE_STRICT_COUNT,DIRECT_REPORTED_CHAIN_COMPLETE,2.52554775246859
87386391,87386390.0,1,0,602,602,NO_OUT_OF_HOME_ACTIVITY_OR_DOMESTIC_TRIPS,801,NOT_APPLICABLE_NOT_MOBILE,0,0,0,0.0,,,0.0,0,0,0,CORE_STRICT_COUNT,ZERO_TRIP_COMPLETE,6.17176182545754
87391761,87391760.0,1,1,2,607,EXPLICIT_NO_RBW,808,KNOWN_ZERO_BELOW_CATI_CAWI_DETAIL_CAP,3,3,3,3.0,,,3.0,3,0,3,CORE_STRICT_COUNT,DIRECT_REPORTED_CHAIN_COMPLETE,3.52101160154023
88345191,88345190.0,1,0,404,404,NOT_APPLICABLE_NOT_EMPLOYED,801,NOT_APPLICABLE_NOT_MOBILE,0,0,0,0.0,,,0.0,0,0,0,CORE_STRICT_COUNT,ZERO_TRIP_COMPLETE,6.43347571121574
88345192,88345190.0,2,1,206,206,NOT_OBSERVED_PROXY,808,KNOWN_ZERO_BELOW_CATI_CAWI_DETAIL_CAP,2,2,2,2.0,,,2.0,2,0,2,CORE_STRICT_COUNT,DIRECT_REPORTED_CHAIN_COMPLETE,15.5422616653623
88454881,88454880.0,1,0,404,404,NOT_APPLICABLE_NOT_EMPLOYED,801,NOT_APPLICABLE_NOT_MOBILE,0,0,0,0.0,,,0.0,0,0,0,CORE_STRICT_COUNT,ZERO_TRIP_COMPLETE,0.126931268869097
88454882,88454880.0,2,0,602,602,NO_OUT_OF_HOME_ACTIVITY_OR_DOMESTIC_TRIPS,801,NOT_APPLICABLE_NOT_MOBILE,0,0,0,0.0,,,0.0,0,0,0,CORE_STRICT_COUNT,ZERO_TRIP_COMPLETE,0.205090938116389
88465511,88465510.0,1,1,2,607,EXPLICIT_NO_RBW,808,KNOWN_ZERO_BELOW_CATI_CAWI_DETAIL_CAP,4,4,4,4.0,,,4.0,4,0,4,CORE_STRICT_COUNT,DIRECT_REPORTED_CHAIN_COMPLETE,3.96404219935176
88465512,88465510.0,2,1,404,404,NOT_APPLICABLE_NOT_EMPLOYED,808,KNOWN_ZERO_BELOW_CATI_CAWI_DETAIL_CAP,4,4,4,4.0,,,4.0,4,0,4,CORE_STRICT_COUNT,DIRECT_REPORTED_CHAIN_COMPLETE,4.21123631821291
88526571,88526570.0,1,1,2,607,EXPLICIT_NO_RBW,808,KNOWN_ZERO_BELOW_CATI_CAWI_DETAIL_CAP,3,3,3,3.0,,,3.0,3,0,3,CORE_STRICT_COUNT,DIRECT_REPORTED_CHAIN_COMPLETE,4.35729703687691
88526572,88526570.0,2,1,206,206,NOT_OBSERVED_PROXY,808,KNOWN_ZERO_BELOW_CATI_CAWI_DETAIL_CAP,6,6,6,6.0,,,6.0,6,0,6,CORE_STRICT_COUNT,DIRECT_REPORTED_CHAIN_COMPLETE,3.77008875304686
88526573,88526570.0,3,1,403,403,NOT_APPLICABLE_UNDER_16,808,KNOWN_ZERO_BELOW_CATI_CAWI_DETAIL_CAP,6,6,6,6.0,,,6.0,6,0,6,CORE_STRICT_COUNT,DIRECT_REPORTED_CHAIN_COMPLETE,5.1188651813372
88604471,88604470.0,1,1,2,607,EXPLICIT_NO_RBW,807,KNOWN_ZERO_BELOW_PAPI_DETAIL_CAP,2,2,2,2.0,,,2.0,2,0,2,CORE_STRICT_COUNT,DIRECT_REPORTED_CHAIN_COMPLETE,0.524452389177082
88604472,88604470.0,2,1,2,607,EXPLICIT_NO_RBW,807,KNOWN_ZERO_BELOW_PAPI_DETAIL_CAP,1,1,1,1.0,,,1.0,1,0,1,CORE_STRICT_COUNT,DIRECT_REPORTED_CHAIN_COMPLETE,0.112657433254003
88604473,88604470.0,3,1,403,403,NOT_APPLICABLE_UNDER_16,807,KNOWN_ZERO_BELOW_PAPI_DETAIL_CAP,2,2,2,2.0,,,2.0,2,0,2,CORE_STRICT_COUNT,DIRECT_REPORTED_CHAIN_COMPLETE,0.195512452542298
88782101,88782100.0,1,1,2,607,EXPLICIT_NO_RBW,808,KNOWN_ZERO_BELOW_CATI_CAWI_DETAIL_CAP,5,5,5,5.0,,,5.0,5,0,5,CORE_STRICT_COUNT,DIRECT_REPORTED_CHAIN_COMPLETE,0.927559240960434
88782102,88782100.0,2,1,2,607,EXPLICIT_NO_RBW,808,KNOWN_ZERO_BELOW_CATI_CAWI_DETAIL_CAP,3,3,3,3.0,,,3.0,3,0,3,CORE_STRICT_COUNT,DIRECT_REPORTED_CHAIN_COMPLETE,0.900155883214989
88782103,88782100.0,3,1,403,403,NOT_APPLICABLE_UNDER_16,808,KNOWN_ZERO_BELOW_CATI_CAWI_DETAIL_CAP,5,5,5,5.0,,,5.0,5,0,5,CORE_STRICT_COUNT,DIRECT_REPORTED_CHAIN_COMPLETE,1.59024326247714
88782104,88782100.0,4,1,403,403,NOT_APPLICABLE_UNDER_16,808,KNOWN_ZERO_BELOW_CATI_CAWI_DETAIL_CAP,3,3,3,3.0,,,3.0,3,0,3,CORE_STRICT_COUNT,DIRECT_REPORTED_CHAIN_COMPLETE,1.33325096673076
88814681,88814680.0,1,1,2,607,EXPLICIT_NO_RBW,808,KNOWN_ZERO_BELOW_CATI_CAWI_DETAIL_CAP,2,2,2,2.0,,,2.0,2,0,2,CORE_STRICT_COUNT,DIRECT_REPORTED_CHAIN_COMPLETE,1.21386719237455
88814682,88814680.0,2,1,206,206,NOT_OBSERVED_PROXY,808,KNOWN_ZERO_BELOW_CATI_CAWI_DETAIL_CAP,2,2,2,2.0,,,2.0,2,0,2,CORE_STRICT_COUNT,DIRECT_REPORTED_CHAIN_COMPLETE,1.15433521017978
88814683,88814680.0,3,1,206,206,NOT_OBSERVED_PROXY,808,KNOWN_ZERO_BELOW_CATI_CAWI_DETAIL_CAP,2,2,2,2.0,,,2.0,2,0,2,CORE_STRICT_COUNT,DIRECT_REPORTED_CHAIN_COMPLETE,2.51808361412803
88912401,88912400.0,1,1,406,406,NOT_OBSERVED_SECONDARY_EMPLOYMENT,808,KNOWN_ZERO_BELOW_CATI_CAWI_DETAIL_CAP,4,4,4,4.0,,,4.0,4,0,4,CORE_STRICT_COUNT,DIRECT_REPORTED_CHAIN_COMPLETE,1.98300555750483
88912402,88912400.0,2,1,406,406,NOT_OBSERVED_SECONDARY_EMPLOYMENT,808,KNOWN_ZERO_BELOW_CATI_CAWI_DETAIL_CAP,4,4,4,4.0,,,4.0,4,0,4,CORE_STRICT_COUNT,DIRECT_REPORTED_CHAIN_COMPLETE,2.52798048709538
89150071,89150070.0,1,1,2,607,EXPLICIT_NO_RBW,808,KNOWN_ZERO_BELOW_CATI_CAWI_DETAIL_CAP,2,2,2,2.0,,,2.0,2,0,2,CORE_STRICT_COUNT,DIRECT_REPORTED_CHAIN_COMPLETE,5.51084841623137
89172031,89172030.0,1,1,2,607,EXPLICIT_NO_RBW,808,KNOWN_ZERO_BELOW_CATI_CAWI_DETAIL_CAP,2,2,2,2.0,,,2.0,2,0,2,CORE_STRICT_COUNT,DIRECT_REPORTED_CHAIN_COMPLETE,4.39907568840898
89794951,89794950.0,1,3,1,1,KNOWN_EXACT,808,KNOWN_ZERO_BELOW_CATI_CAWI_DETAIL_CAP,4,4,5,4.0,,1.0,5.0,4,1,5,CORE_STRICT_COUNT,MIXED_DIRECT_RBW_UNTIMED,3.83032496671695
90058381,90058380.0,1,1,2,607,EXPLICIT_NO_RBW,808,KNOWN_ZERO_BELOW_CATI_CAWI_DETAIL_CAP,2,2,2,2.0,,,2.0,2,0,2,CORE_STRICT_COUNT,DIRECT_REPORTED_CHAIN_COMPLETE,4.5586708866126
90067951,90067950.0,1,1,2,607,EXPLICIT_NO_RBW,808,KNOWN_ZERO_BELOW_CATI_CAWI_DETAIL_CAP,2,2,2,2.0,,,2.0,2,0,2,CORE_STRICT_COUNT,DIRECT_REPORTED_CHAIN_COMPLETE,0.121622071038704
90067952,90067950.0,2,1,2,607,EXPLICIT_NO_RBW,808,KNOWN_ZERO_BELOW_CATI_CAWI_DETAIL_CAP,4,4,4,4.0,,,4.0,4,0,4,CORE_STRICT_COUNT,DIRECT_REPORTED_CHAIN_COMPLETE,0.0901229180100022
90220381,90220380.0,1,4,602,602,NO_OUT_OF_HOME_ACTIVITY_OR_DOMESTIC_TRIPS,801,NOT_APPLICABLE_NOT_MOBILE,0,0,0,0.0,,,0.0,0,0,0,EXCLUDED_OUT_OF_SCOPE,OUT_OF_SCOPE_FAR_ABROAD,5.51084841623137
90346571,90346570.0,1,1,404,404,NOT_APPLICABLE_NOT_EMPLOYED,808,KNOWN_ZERO_BELOW_CATI_CAWI_DETAIL_CAP,4,4,4,4.0,,,4.0,4,0,4,CORE_STRICT_COUNT,DIRECT_REPORTED_CHAIN_COMPLETE,5.75439988544725
90611691,90611690.0,1,0,406,406,NOT_OBSERVED_SECONDARY_EMPLOYMENT,801,NOT_APPLICABLE_NOT_MOBILE,0,0,0,0.0,,,0.0,0,0,0,CORE_STRICT_COUNT,ZERO_TRIP_COMPLETE,5.5414749715266
90654441,90654440.0,1,1,206,206,NOT_OBSERVED_PROXY,808,KNOWN_ZERO_BELOW_CATI_CAWI_DETAIL_CAP,4,4,4,4.0,,,4.0,4,0,4,CORE_STRICT_COUNT,DIRECT_REPORTED_CHAIN_COMPLETE,2.57848024796614
90654442,90654440.0,2,1,2,607,EXPLICIT_NO_RBW,808,KNOWN_ZERO_BELOW_CATI_CAWI_DETAIL_CAP,8,8,8,8.0,,,8.0,8,0,8,CORE_STRICT_COUNT,DIRECT_REPORTED_CHAIN_COMPLETE,0.876738106139114
90776391,90776390.0,1,1,1,99,MISSING_RESPONSE,808,KNOWN_ZERO_BELOW_CATI_CAWI_DETAIL_CAP,4,4,4,4.0,,,4.0,4,0,4,ANALYTIC_WITH_COMPONENT_WARNING,DIRECT_ROWS_RBW_COUNT_UNKNOWN,0.563888432028653
90776392,90776390.0,2,1,2,607,EXPLICIT_NO_RBW,808,KNOWN_ZERO_BELOW_CATI_CAWI_DETAIL_CAP,2,2,2,2.0,,,2.0,2,0,2,CORE_STRICT_COUNT,DIRECT_REPORTED_CHAIN_COMPLETE,0.410793612089721
91138361,91138360.0,1,3,1,1,KNOWN_EXACT,0,KNOWN_ZERO,8,8,9,8.0,0.0,1.0,9.0,8,1,9,CORE_STRICT_COUNT,MIXED_DIRECT_RBW_UNTIMED,2.5608717268336
91144321,91144320.0,1,1,2,607,EXPLICIT_NO_RBW,807,KNOWN_ZERO_BELOW_PAPI_DETAIL_CAP,2,2,2,2.0,,,2.0,2,0,2,CORE_STRICT_COUNT,DIRECT_REPORTED_CHAIN_COMPLETE,0.319506436029771
91144322,91144320.0,2,1,2,607,EXPLICIT_NO_RBW,807,KNOWN_ZERO_BELOW_PAPI_DETAIL_CAP,2,2,2,2.0,,,2.0,2,0,2,CORE_STRICT_COUNT,DIRECT_REPORTED_CHAIN_COMPLETE,0.419067719477055
91400761,91400760.0,1,1,406,406,NOT_OBSERVED_SECONDARY_EMPLOYMENT,808,KNOWN_ZERO_BELOW_CATI_CAWI_DETAIL_CAP,5,5,5,5.0,,,5.0,5,0,5,CORE_STRICT_COUNT,DIRECT_REPORTED_CHAIN_COMPLETE,0.112763725118463
91579991,91579990.0,1,1,2,607,EXPLICIT_NO_RBW,808,KNOWN_ZERO_BELOW_CATI_CAWI_DETAIL_CAP,6,6,6,6.0,,,6.0,6,0,6,CORE_STRICT_COUNT,DIRECT_REPORTED_CHAIN_COMPLETE,0.856513490123778
91595421,91595420.0,1,1,404,404,NOT_APPLICABLE_NOT_EMPLOYED,808,KNOWN_ZERO_BELOW_CATI_CAWI_DETAIL_CAP,3,3,3,3.0,,,3.0,3,0,3,CORE_STRICT_COUNT,DIRECT_REPORTED_CHAIN_COMPLETE,7.6807859110633
91595422,91595420.0,2,1,2,607,EXPLICIT_NO_RBW,808,KNOWN_ZERO_BELOW_CATI_CAWI_DETAIL_CAP,2,2,2,2.0,,,2.0,2,0,2,CORE_STRICT_COUNT,DIRECT_REPORTED_CHAIN_COMPLETE,5.51084841623137
91672531,91672530.0,1,1,1,99,MISSING_RESPONSE,807,KNOWN_ZERO_BELOW_PAPI_DETAIL_CAP,6,6,6,6.0,,,6.0,6,0,6,ANALYTIC_WITH_COMPONENT_WARNING,DIRECT_ROWS_RBW_COUNT_UNKNOWN,5.51084841623137
91883651,91883650.0,1,1,404,404,NOT_APPLICABLE_NOT_EMPLOYED,808,KNOWN_ZERO_BELOW_CATI_CAWI_DETAIL_CAP,2,2,2,2.0,,,2.0,2,0,2,CORE_STRICT_COUNT,DIRECT_REPORTED_CHAIN_COMPLETE,0.240871513648865
91883652,91883650.0,2,1,206,206,NOT_OBSERVED_PROXY,808,KNOWN_ZERO_BELOW_CATI_CAWI_DETAIL_CAP,2,2,2,2.0,,,2.0,2,0,2,CORE_STRICT_COUNT,DIRECT_REPORTED_CHAIN_COMPLETE,0.292941286094975
91883653,91883650.0,3,1,206,206,NOT_OBSERVED_PROXY,808,KNOWN_ZERO_BELOW_CATI_CAWI_DETAIL_CAP,2,2,2,2.0,,,2.0,2,0,2,CORE_STRICT_COUNT,DIRECT_REPORTED_CHAIN_COMPLETE,0.405434089109006
92024341,92024340.0,1,1,2,607,EXPLICIT_NO_RBW,808,KNOWN_ZERO_BELOW_CATI_CAWI_DETAIL_CAP,5,5,5,5.0,,,5.0,5,0,5,CORE_STRICT_COUNT,DIRECT_REPORTED_CHAIN_COMPLETE,2.36340275223875
92024342,92024340.0,2,1,2,607,EXPLICIT_NO_RBW,808,KNOWN_ZERO_BELOW_CATI_CAWI_DETAIL_CAP,4,4,4,4.0,,,4.0,4,0,4,CORE_STRICT_COUNT,DIRECT_REPORTED_CHAIN_COMPLETE,2.17254895656473
92817921,92817920.0,1,1,404,404,NOT_APPLICABLE_NOT_EMPLOYED,808,KNOWN_ZERO_BELOW_CATI_CAWI_DETAIL_CAP,6,6,6,6.0,,,6.0,6,0,6,CORE_STRICT_COUNT,DIRECT_REPORTED_CHAIN_COMPLETE,3.10867378688463
92817922,92817920.0,2,1,206,206,NOT_OBSERVED_PROXY,808,KNOWN_ZERO_BELOW_CATI_CAWI_DETAIL_CAP,2,2,2,2.0,,,2.0,2,0,2,CORE_STRICT_COUNT,DIRECT_REPORTED_CHAIN_COMPLETE,5.20063102644693
92818611,92818610.0,1,1,2,607,EXPLICIT_NO_RBW,808,KNOWN_ZERO_BELOW_CATI_CAWI_DETAIL_CAP,2,2,2,2.0,,,2.0,2,0,2,CORE_STRICT_COUNT,DIRECT_REPORTED_CHAIN_COMPLETE,3.8850830192331
92818612,92818610.0,2,1,2,607,EXPLICIT_NO_RBW,808,KNOWN_ZERO_BELOW_CATI_CAWI_DETAIL_CAP,5,5,5,5.0,,,5.0,5,0,5,CORE_STRICT_COUNT,DIRECT_REPORTED_CHAIN_COMPLETE,4.5586708866126
92818613,92818610.0,3,1,403,403,NOT_APPLICABLE_UNDER_16,808,KNOWN_ZERO_BELOW_CATI_CAWI_DETAIL_CAP,3,3,3,3.0,,,3.0,3,0,3,CORE_STRICT_COUNT,DIRECT_REPORTED_CHAIN_COMPLETE,6.47403420944949
92821161,92821160.0,1,1,2,607,EXPLICIT_NO_RBW,808,KNOWN_ZERO_BELOW_CATI_CAWI_DETAIL_CAP,1,1,1,1.0,,,1.0,1,0,1,CORE_STRICT_COUNT,DIRECT_REPORTED_CHAIN_COMPLETE,3.38782826800891
92821162,92821160.0,2,1,404,404,NOT_APPLICABLE_NOT_EMPLOYED,808,KNOWN_ZERO_BELOW_CATI_CAWI_DETAIL_CAP,1,1,1,1.0,,,1.0,1,0,1,CORE_STRICT_COUNT,DIRECT_REPORTED_CHAIN_COMPLETE,2.51251602745538
92821771,92821770.0,1,1,606,606,NOT_OBSERVED_PAPI,807,KNOWN_ZERO_BELOW_PAPI_DETAIL_CAP,2,2,2,2.0,,,2.0,2,0,2,CORE_STRICT_COUNT,DIRECT_REPORTED_CHAIN_COMPLETE,5.45243497546823
92822751,92822750.0,1,1,2,607,EXPLICIT_NO_RBW,808,KNOWN_ZERO_BELOW_CATI_CAWI_DETAIL_CAP,2,2,2,2.0,,,2.0,2,0,2,CORE_STRICT_COUNT,DIRECT_REPORTED_CHAIN_COMPLETE,4.16634919278591
92822752,92822750.0,2,1,2,607,EXPLICIT_NO_RBW,808,KNOWN_ZERO_BELOW_CATI_CAWI_DETAIL_CAP,3,3,3,3.0,,,3.0,3,0,3,CORE_STRICT_COUNT,DIRECT_REPORTED_CHAIN_COMPLETE,4.31750124660489
92822753,92822750.0,3,1,403,403,NOT_APPLICABLE_UNDER_16,808,KNOWN_ZERO_BELOW_CATI_CAWI_DETAIL_CAP,2,2,2,2.0,,,2.0,2,0,2,CORE_STRICT_COUNT,DIRECT_REPORTED_CHAIN_COMPLETE,6.13153514809463
92822901,92822900.0,1,1,2,607,EXPLICIT_NO_RBW,808,KNOWN_ZERO_BELOW_CATI_CAWI_DETAIL_CAP,4,4,4,4.0,,,4.0,4,0,4,CORE_STRICT_COUNT,DIRECT_REPORTED_CHAIN_COMPLETE,1.65044669980893
92822902,92822900.0,2,1,404,404,NOT_APPLICABLE_NOT_EMPLOYED,808,KNOWN_ZERO_BELOW_CATI_CAWI_DETAIL_CAP,6,6,6,6.0,,,6.0,6,0,6,CORE_STRICT_COUNT,DIRECT_REPORTED_CHAIN_COMPLETE,2.59752313080396
92824521,92824520.0,1,1,2,607,EXPLICIT_NO_RBW,807,KNOWN_ZERO_BELOW_PAPI_DETAIL_CAP,5,5,5,5.0,,,5.0,5,0,5,CORE_STRICT_COUNT,DIRECT_REPORTED_CHAIN_COMPLETE,4.76659769151538
92826011,92826010.0,1,1,2,607,EXPLICIT_NO_RBW,807,KNOWN_ZERO_BELOW_PAPI_DETAIL_CAP,2,2,2,2.0,,,2.0,2,0,2,CORE_STRICT_COUNT,DIRECT_REPORTED_CHAIN_COMPLETE,4.35472302260978
92826012,92826010.0,2,1,2,607,EXPLICIT_NO_RBW,807,KNOWN_ZERO_BELOW_PAPI_DETAIL_CAP,4,4,4,4.0,,,4.0,4,0,4,CORE_STRICT_COUNT,DIRECT_REPORTED_CHAIN_COMPLETE,2.37374799144055
92826013,92826010.0,3,1,403,403,NOT_APPLICABLE_UNDER_16,807,KNOWN_ZERO_BELOW_PAPI_DETAIL_CAP,4,4,4,4.0,,,4.0,4,0,4,CORE_STRICT_COUNT,DIRECT_REPORTED_CHAIN_COMPLETE,5.69742417162886
92828421,92828420.0,1,1,404,404,NOT_APPLICABLE_NOT_EMPLOYED,808,KNOWN_ZERO_BELOW_CATI_CAWI_DETAIL_CAP,2,2,2,2.0,,,2.0,2,0,2,CORE_STRICT_COUNT,DIRECT_REPORTED_CHAIN_COMPLETE,3.9318014168437
92828681,92828680.0,1,0,606,606,NOT_OBSERVED_PAPI,801,NOT_APPLICABLE_NOT_MOBILE,0,0,0,0.0,,,0.0,0,0,0,CORE_STRICT_COUNT,ZERO_TRIP_COMPLETE,7.20315863559653
92828682,92828680.0,2,0,606,606,NOT_OBSERVED_PAPI,801,NOT_APPLICABLE_NOT_MOBILE,0,0,0,0.0,,,0.0,0,0,0,CORE_STRICT_COUNT,ZERO_TRIP_COMPLETE,5.18185630532338
92829241,92829240.0,1,1,404,404,NOT_APPLICABLE_NOT_EMPLOYED,808,KNOWN_ZERO_BELOW_CATI_CAWI_DETAIL_CAP,2,2,2,2.0,,,2.0,2,0,2,CORE_STRICT_COUNT,DIRECT_REPORTED_CHAIN_COMPLETE,1.47191986970721
92829242,92829240.0,2,1,206,206,NOT_OBSERVED_PROXY,808,KNOWN_ZERO_BELOW_CATI_CAWI_DETAIL_CAP,5,5,5,5.0,,,5.0,5,0,5,CORE_STRICT_COUNT,DIRECT_REPORTED_CHAIN_COMPLETE,1.08728432168753
92829243,92829240.0,3,1,403,403,NOT_APPLICABLE_UNDER_16,808,KNOWN_ZERO_BELOW_CATI_CAWI_DETAIL_CAP,2,2,2,2.0,,,2.0,2,0,2,CORE_STRICT_COUNT,DIRECT_REPORTED_CHAIN_COMPLETE,2.42406352412448
92829244,92829240.0,4,1,403,403,NOT_APPLICABLE_UNDER_16,808,KNOWN_ZERO_BELOW_CATI_CAWI_DETAIL_CAP,2,2,2,2.0,,,2.0,2,0,2,CORE_STRICT_COUNT,DIRECT_REPORTED_CHAIN_COMPLETE,2.57545785116166
92833991,92833990.0,1,1,404,404,NOT_APPLICABLE_NOT_EMPLOYED,808,KNOWN_ZERO_BELOW_CATI_CAWI_DETAIL_CAP,2,2,2,2.0,,,2.0,2,0,2,CORE_STRICT_COUNT,DIRECT_REPORTED_CHAIN_COMPLETE,0.489787753439521
92833992,92833990.0,2,1,404,404,NOT_APPLICABLE_NOT_EMPLOYED,808,KNOWN_ZERO_BELOW_CATI_CAWI_DETAIL_CAP,4,4,4,4.0,,,4.0,4,0,4,CORE_STRICT_COUNT,DIRECT_REPORTED_CHAIN_COMPLETE,0.727970488977844
92834091,92834090.0,1,1,606,606,NOT_OBSERVED_PAPI,807,KNOWN_ZERO_BELOW_PAPI_DETAIL_CAP,3,3,3,3.0,,,3.0,3,0,3,CORE_STRICT_COUNT,DIRECT_REPORTED_CHAIN_COMPLETE,1.17993700163326
92834092,92834090.0,2,1,606,606,NOT_OBSERVED_PAPI,807,KNOWN_ZERO_BELOW_PAPI_DETAIL_CAP,3,3,3,3.0,,,3.0,3,0,3,CORE_STRICT_COUNT,DIRECT_REPORTED_CHAIN_COMPLETE,1.39457912151448
92834211,92834210.0,1,1,1,99,MISSING_RESPONSE,0,KNOWN_ZERO,8,8,8,8.0,0.0,,8.0,8,0,8,ANALYTIC_WITH_COMPONENT_WARNING,DIRECT_ROWS_RBW_COUNT_UNKNOWN,8.6481360703385
92834212,92834210.0,2,1,403,403,NOT_APPLICABLE_UNDER_16,807,KNOWN_ZERO_BELOW_PAPI_DETAIL_CAP,4,4,4,4.0,,,4.0,4,0,4,CORE_STRICT_COUNT,DIRECT_REPORTED_CHAIN_COMPLETE,5.9515951683677
92834213,92834210.0,3,1,403,403,NOT_APPLICABLE_UNDER_16,807,KNOWN_ZERO_BELOW_PAPI_DETAIL_CAP,3,3,3,3.0,,,3.0,3,0,3,CORE_STRICT_COUNT,DIRECT_REPORTED_CHAIN_COMPLETE,6.43278137093256
92834214,92834210.0,4,1,1,99,MISSING_RESPONSE,807,KNOWN_ZERO_BELOW_PAPI_DETAIL_CAP,6,6,6,6.0,,,6.0,6,0,6,ANALYTIC_WITH_COMPONENT_WARNING,DIRECT_ROWS_RBW_COUNT_UNKNOWN,4.99830156530209
92836051,92836050.0,1,1,606,606,NOT_OBSERVED_PAPI,807,KNOWN_ZERO_BELOW_PAPI_DETAIL_CAP,2,2,2,2.0,,,2.0,2,0,2,CORE_STRICT_COUNT,DIRECT_REPORTED_CHAIN_COMPLETE,4.8553679724636
92836052,92836050.0,2,3,1,2,KNOWN_EXACT,807,KNOWN_ZERO_BELOW_PAPI_DETAIL_CAP,3,3,5,3.0,,2.0,5.0,3,2,5,CORE_STRICT_COUNT,MIXED_DIRECT_RBW_UNTIMED,3.95612112602612
92836701,92836700.0,1,1,2,607,EXPLICIT_NO_RBW,807,KNOWN_ZERO_BELOW_PAPI_DETAIL_CAP,3,3,3,3.0,,,3.0,3,0,3,CORE_STRICT_COUNT,DIRECT_REPORTED_CHAIN_COMPLETE,2.24310639249801
92837271,92837270.0,1,1,2,607,EXPLICIT_NO_RBW,807,KNOWN_ZERO_BELOW_PAPI_DETAIL_CAP,2,2,2,2.0,,,2.0,2,0,2,CORE_STRICT_COUNT,DIRECT_REPORTED_CHAIN_COMPLETE,4.12999567662617
92837481,92837480.0,1,1,2,607,EXPLICIT_NO_RBW,807,KNOWN_ZERO_BELOW_PAPI_DETAIL_CAP,4,4,4,4.0,,,4.0,4,0,4,CORE_STRICT_COUNT,DIRECT_REPORTED_CHAIN_COMPLETE,7.86464015280706
92837851,92837850.0,1,5,2,607,EXPLICIT_NO_RBW,803,UNAVAILABLE_NO_TRIP_PROTOCOL,803,803,803,,,,,0,0,0,EXCLUDED_COUNT_UNOBSERVED,TRIP_DAY_NO_ROWS,2.03769832058007
92837852,92837850.0,2,0,206,206,NOT_OBSERVED_PROXY,801,NOT_APPLICABLE_NOT_MOBILE,0,0,0,0.0,,,0.0,0,0,0,CORE_STRICT_COUNT,ZERO_TRIP_COMPLETE,2.04553762533648
92838911,92838910.0,1,1,2,607,EXPLICIT_NO_RBW,807,KNOWN_ZERO_BELOW_PAPI_DETAIL_CAP,5,5,5,5.0,,,5.0,5,0,5,CORE_STRICT_COUNT,DIRECT_REPORTED_CHAIN_COMPLETE,3.55642679948106
92838912,92838910.0,2,1,2,607,EXPLICIT_NO_RBW,807,KNOWN_ZERO_BELOW_PAPI_DETAIL_CAP,4,4,4,4.0,,,4.0,4,0,4,CORE_STRICT_COUNT,DIRECT_REPORTED_CHAIN_COMPLETE,2.17470730602831
92839001,92839000.0,1,1,606,606,NOT_OBSERVED_PAPI,807,KNOWN_ZERO_BELOW_PAPI_DETAIL_CAP,2,2,2,2.0,,,2.0,2,0,2,CORE_STRICT_COUNT,DIRECT_REPORTED_CHAIN_COMPLETE,0.944673882912906
92839002,92839000.0,2,1,2,607,EXPLICIT_NO_RBW,807,KNOWN_ZERO_BELOW_PAPI_DETAIL_CAP,2,2,2,2.0,,,2.0,2,0,2,CORE_STRICT_COUNT,DIRECT_REPORTED_CHAIN_COMPLETE,2.17983910675248
92839003,92839000.0,3,1,403,403,NOT_APPLICABLE_UNDER_16,807,KNOWN_ZERO_BELOW_PAPI_DETAIL_CAP,2,2,2,2.0,,,2.0,2,0,2,CORE_STRICT_COUNT,DIRECT_REPORTED_CHAIN_COMPLETE,1.7910151173032
92839004,92839000.0,4,1,403,403,NOT_APPLICABLE_UNDER_16,807,KNOWN_ZERO_BELOW_PAPI_DETAIL_CAP,2,2,2,2.0,,,2.0,2,0,2,CORE_STRICT_COUNT,DIRECT_REPORTED_CHAIN_COMPLETE,1.65823898571923
92839041,92839040.0,1,1,606,606,NOT_OBSERVED_PAPI,807,KNOWN_ZERO_BELOW_PAPI_DETAIL_CAP,1,1,1,1.0,,,1.0,1,0,1,CORE_STRICT_COUNT,DIRECT_REPORTED_CHAIN_COMPLETE,1.3350887482296
92839042,92839040.0,2,1,606,606,NOT_OBSERVED_PAPI,807,KNOWN_ZERO_BELOW_PAPI_DETAIL_CAP,3,3,3,3.0,,,3.0,3,0,3,CORE_STRICT_COUNT,DIRECT_REPORTED_CHAIN_COMPLETE,3.32144221113089
92839741,92839740.0,1,1,404,404,NOT_APPLICABLE_NOT_EMPLOYED,808,KNOWN_ZERO_BELOW_CATI_CAWI_DETAIL_CAP,4,4,4,4.0,,,4.0,4,0,4,CORE_STRICT_COUNT,DIRECT_REPORTED_CHAIN_COMPLETE,2.70616051848926
92839742,92839740.0,2,1,206,206,NOT_OBSERVED_PROXY,808,KNOWN_ZERO_BELOW_CATI_CAWI_DETAIL_CAP,3,3,3,3.0,,,3.0,3,0,3,CORE_STRICT_COUNT,DIRECT_REPORTED_CHAIN_COMPLETE,5.60634208835736
92840151,92840150.0,1,0,602,602,NO_OUT_OF_HOME_ACTIVITY_OR_DOMESTIC_TRIPS,801,NOT_APPLICABLE_NOT_MOBILE,0,0,0,0.0,,,0.0,0,0,0,CORE_STRICT_COUNT,ZERO_TRIP_COMPLETE,2.84086564519578
92840152,92840150.0,2,1,206,206,NOT_OBSERVED_PROXY,808,KNOWN_ZERO_BELOW_CATI_CAWI_DETAIL_CAP,3,3,3,3.0,,,3.0,3,0,3,CORE_STRICT_COUNT,DIRECT_REPORTED_CHAIN_COMPLETE,3.89864174336978
92840191,92840190.0,1,0,406,406,NOT_OBSERVED_SECONDARY_EMPLOYMENT,801,NOT_APPLICABLE_NOT_MOBILE,0,0,0,0.0,,,0.0,0,0,0,CORE_STRICT_COUNT,ZERO_TRIP_COMPLETE,2.68311725201542
92840511,92840510.0,1,3,1,1,KNOWN_EXACT,808,KNOWN_ZERO_BELOW_CATI_CAWI_DETAIL_CAP,4,4,5,4.0,,1.0,5.0,4,1,5,CORE_STRICT_COUNT,MIXED_DIRECT_RBW_UNTIMED,2.41942321519141
92840512,92840510.0,2,1,2,607,EXPLICIT_NO_RBW,808,KNOWN_ZERO_BELOW_CATI_CAWI_DETAIL_CAP,2,2,2,2.0,,,2.0,2,0,2,CORE_STRICT_COUNT,DIRECT_REPORTED_CHAIN_COMPLETE,4.86750645750794
92840591,92840590.0,1,1,404,404,NOT_APPLICABLE_NOT_EMPLOYED,808,KNOWN_ZERO_BELOW_CATI_CAWI_DETAIL_CAP,1,1,1,1.0,,,1.0,1,0,1,CORE_STRICT_COUNT,DIRECT_REPORTED_CHAIN_COMPLETE,1.43831942186072
92840592,92840590.0,2,1,206,206,NOT_OBSERVED_PROXY,808,KNOWN_ZERO_BELOW_CATI_CAWI_DETAIL_CAP,1,1,1,1.0,,,1.0,1,0,1,CORE_STRICT_COUNT,DIRECT_REPORTED_CHAIN_COMPLETE,0.979101973466421
92840611,92840610.0,1,5,2,607,EXPLICIT_NO_RBW,803,UNAVAILABLE_NO_TRIP_PROTOCOL,803,803,803,,,,,0,0,0,EXCLUDED_COUNT_UNOBSERVED,TRIP_DAY_NO_ROWS,1.89144590268981
92840841,92840840.0,1,0,606,606,NOT_OBSERVED_PAPI,801,NOT_APPLICABLE_NOT_MOBILE,0,0,0,0.0,,,0.0,0,0,0,CORE_STRICT_COUNT,ZERO_TRIP_COMPLETE,10.6759931918152
92843551,92843550.0,1,1,404,404,NOT_APPLICABLE_NOT_EMPLOYED,808,KNOWN_ZERO_BELOW_CATI_CAWI_DETAIL_CAP,4,4,4,4.0,,,4.0,4,0,4,CORE_STRICT_COUNT,DIRECT_REPORTED_CHAIN_COMPLETE,2.67648094574817
92849871,92849870.0,1,1,2,607,EXPLICIT_NO_RBW,808,KNOWN_ZERO_BELOW_CATI_CAWI_DETAIL_CAP,6,6,6,6.0,,,6.0,6,0,6,CORE_STRICT_COUNT,DIRECT_REPORTED_CHAIN_COMPLETE,8.33201296590306
92851481,92851480.0,1,5,2,607,EXPLICIT_NO_RBW,803,UNAVAILABLE_NO_TRIP_PROTOCOL,803,803,803,,,,,0,0,0,EXCLUDED_COUNT_UNOBSERVED,TRIP_DAY_NO_ROWS,13.0648409994531
92851641,92851640.0,1,0,404,404,NOT_APPLICABLE_NOT_EMPLOYED,801,NOT_APPLICABLE_NOT_MOBILE,0,0,0,0.0,,,0.0,0,0,0,CORE_STRICT_COUNT,ZERO_TRIP_COMPLETE,2.6983206528814
92853921,92853920.0,1,1,404,404,NOT_APPLICABLE_NOT_EMPLOYED,808,KNOWN_ZERO_BELOW_CATI_CAWI_DETAIL_CAP,5,5,5,5.0,,,5.0,5,0,5,CORE_STRICT_COUNT,DIRECT_REPORTED_CHAIN_COMPLETE,1.36854022830192
92853922,92853920.0,2,1,206,206,NOT_OBSERVED_PROXY,808,KNOWN_ZERO_BELOW_CATI_CAWI_DETAIL_CAP,3,3,3,3.0,,,3.0,3,0,3,CORE_STRICT_COUNT,DIRECT_REPORTED_CHAIN_COMPLETE,1.14694682933251
92854231,92854230.0,1,0,602,602,NO_OUT_OF_HOME_ACTIVITY_OR_DOMESTIC_TRIPS,801,NOT_APPLICABLE_NOT_MOBILE,0,0,0,0.0,,,0.0,0,0,0,CORE_STRICT_COUNT,ZERO_TRIP_COMPLETE,3.97934978553002
92854232,92854230.0,2,0,206,206,NOT_OBSERVED_PROXY,801,NOT_APPLICABLE_NOT_MOBILE,0,0,0,0.0,,,0.0,0,0,0,CORE_STRICT_COUNT,ZERO_TRIP_COMPLETE,2.89967605132093
92854541,92854540.0,1,1,2,607,EXPLICIT_NO_RBW,807,KNOWN_ZERO_BELOW_PAPI_DETAIL_CAP,4,4,4,4.0,,,4.0,4,0,4,CORE_STRICT_COUNT,DIRECT_REPORTED_CHAIN_COMPLETE,1.00773690892262
92854542,92854540.0,2,1,2,607,EXPLICIT_NO_RBW,807,KNOWN_ZERO_BELOW_PAPI_DETAIL_CAP,5,5,5,5.0,,,5.0,5,0,5,CORE_STRICT_COUNT,DIRECT_REPORTED_CHAIN_COMPLETE,1.22117423495292
92854543,92854540.0,3,1,403,403,NOT_APPLICABLE_UNDER_16,807,KNOWN_ZERO_BELOW_PAPI_DETAIL_CAP,2,2,2,2.0,,,2.0,2,0,2,CORE_STRICT_COUNT,DIRECT_REPORTED_CHAIN_COMPLETE,1.72983938352902
92854544,92854540.0,4,1,403,403,NOT_APPLICABLE_UNDER_16,807,KNOWN_ZERO_BELOW_PAPI_DETAIL_CAP,3,3,3,3.0,,,3.0,3,0,3,CORE_STRICT_COUNT,DIRECT_REPORTED_CHAIN_COMPLETE,2.10168258311026
92855211,92855210.0,1,1,606,606,NOT_OBSERVED_PAPI,807,KNOWN_ZERO_BELOW_PAPI_DETAIL_CAP,4,4,4,4.0,,,4.0,4,0,4,CORE_STRICT_COUNT,DIRECT_REPORTED_CHAIN_COMPLETE,10.6759931918152
92856881,92856880.0,1,1,606,606,NOT_OBSERVED_PAPI,807,KNOWN_ZERO_BELOW_PAPI_DETAIL_CAP,5,5,5,5.0,,,5.0,5,0,5,CORE_STRICT_COUNT,DIRECT_REPORTED_CHAIN_COMPLETE,2.24344001011264
92856882,92856880.0,2,1,1,99,MISSING_RESPONSE,807,KNOWN_ZERO_BELOW_PAPI_DETAIL_CAP,3,3,3,3.0,,,3.0,3,0,3,ANALYTIC_WITH_COMPONENT_WARNING,DIRECT_ROWS_RBW_COUNT_UNKNOWN,3.61721646354311
92856883,92856880.0,3,1,403,403,NOT_APPLICABLE_UNDER_16,807,KNOWN_ZERO_BELOW_PAPI_DETAIL_CAP,4,4,4,4.0,,,4.0,4,0,4,CORE_STRICT_COUNT,DIRECT_REPORTED_CHAIN_COMPLETE,4.59215338616967
92856884,92856880.0,4,1,403,403,NOT_APPLICABLE_UNDER_16,807,KNOWN_ZERO_BELOW_PAPI_DETAIL_CAP,5,5,5,5.0,,,5.0,5,0,5,CORE_STRICT_COUNT,DIRECT_REPORTED_CHAIN_COMPLETE,3.73842908900926
92858251,92858250.0,1,1,2,607,EXPLICIT_NO_RBW,808,KNOWN_ZERO_BELOW_CATI_CAWI_DETAIL_CAP,3,3,3,3.0,,,3.0,3,0,3,CORE_STRICT_COUNT,DIRECT_REPORTED_CHAIN_COMPLETE,3.60891540897997
92858441,92858440.0,1,1,2,607,EXPLICIT_NO_RBW,808,KNOWN_ZERO_BELOW_CATI_CAWI_DETAIL_CAP,4,4,4,4.0,,,4.0,4,0,4,CORE_STRICT_COUNT,DIRECT_REPORTED_CHAIN_COMPLETE,1.33814562059395
92858442,92858440.0,2,1,206,206,NOT_OBSERVED_PROXY,808,KNOWN_ZERO_BELOW_CATI_CAWI_DETAIL_CAP,2,2,2,2.0,,,2.0,2,0,2,CORE_STRICT_COUNT,DIRECT_REPORTED_CHAIN_COMPLETE,1.33301732023988
92858443,92858440.0,3,1,403,403,NOT_APPLICABLE_UNDER_16,808,KNOWN_ZERO_BELOW_CATI_CAWI_DETAIL_CAP,4,4,4,4.0,,,4.0,4,0,4,CORE_STRICT_COUNT,DIRECT_REPORTED_CHAIN_COMPLETE,2.33220630381613
92858444,92858440.0,4,1,403,403,NOT_APPLICABLE_UNDER_16,808,KNOWN_ZERO_BELOW_CATI_CAWI_DETAIL_CAP,6,6,6,6.0,,,6.0,6,0,6,CORE_STRICT_COUNT,DIRECT_REPORTED_CHAIN_COMPLETE,2.47786370939325
92858501,92858500.0,1,1,2,607,EXPLICIT_NO_RBW,808,KNOWN_ZERO_BELOW_CATI_CAWI_DETAIL_CAP,3,3,3,3.0,,,3.0,3,0,3,CORE_STRICT_COUNT,DIRECT_REPORTED_CHAIN_COMPLETE,4.39907568840898
92858502,92858500.0,2,2,1,1,KNOWN_EXACT,802,NOT_APPLICABLE_RBW_ONLY,0,0,1,0.0,,1.0,1.0,0,1,1,CORE_STRICT_COUNT,RBW_ONLY_AGGREGATED_UNTIMED,8.33201296590306
92859351,92859350.0,1,1,2,607,EXPLICIT_NO_RBW,808,KNOWN_ZERO_BELOW_CATI_CAWI_DETAIL_CAP,2,2,2,2.0,,,2.0,2,0,2,CORE_STRICT_COUNT,DIRECT_REPORTED_CHAIN_COMPLETE,3.26743691310159
92859401,92859400.0,1,1,406,406,NOT_OBSERVED_SECONDARY_EMPLOYMENT,808,KNOWN_ZERO_BELOW_CATI_CAWI_DETAIL_CAP,3,3,3,3.0,,,3.0,3,0,3,CORE_STRICT_COUNT,DIRECT_REPORTED_CHAIN_COMPLETE,15.7102758226094
92859403,92859400.0,3,1,403,403,NOT_APPLICABLE_UNDER_16,808,KNOWN_ZERO_BELOW_CATI_CAWI_DETAIL_CAP,2,2,2,2.0,,,2.0,2,0,2,CORE_STRICT_COUNT,DIRECT_REPORTED_CHAIN_COMPLETE,7.6292245011077
92859404,92859400.0,4,1,403,403,NOT_APPLICABLE_UNDER_16,808,KNOWN_ZERO_BELOW_CATI_CAWI_DETAIL_CAP,2,2,2,2.0,,,2.0,2,0,2,CORE_STRICT_COUNT,DIRECT_REPORTED_CHAIN_COMPLETE,6.2108802566181
92861451,92861450.0,1,1,606,606,NOT_OBSERVED_PAPI,807,KNOWN_ZERO_BELOW_PAPI_DETAIL_CAP,2,2,2,2.0,,,2.0,2,0,2,CORE_STRICT_COUNT,DIRECT_REPORTED_CHAIN_COMPLETE,3.98571392904454
92861452,92861450.0,2,3,1,4,KNOWN_EXACT,807,KNOWN_ZERO_BELOW_PAPI_DETAIL_CAP,1,1,5,1.0,,4.0,5.0,1,4,5,CORE_STRICT_COUNT,MIXED_DIRECT_RBW_UNTIMED,4.81237854437902
92861461,92861460.0,1,1,606,606,NOT_OBSERVED_PAPI,807,KNOWN_ZERO_BELOW_PAPI_DETAIL_CAP,2,2,2,2.0,,,2.0,2,0,2,CORE_STRICT_COUNT,DIRECT_REPORTED_CHAIN_COMPLETE,2.70616051848926
92864091,92864090.0,1,0,602,602,NO_OUT_OF_HOME_ACTIVITY_OR_DOMESTIC_TRIPS,801,NOT_APPLICABLE_NOT_MOBILE,0,0,0,0.0,,,0.0,0,0,0,CORE_STRICT_COUNT,ZERO_TRIP_COMPLETE,3.26743691310159
92864181,92864180.0,1,0,404,404,NOT_APPLICABLE_NOT_EMPLOYED,801,NOT_APPLICABLE_NOT_MOBILE,0,0,0,0.0,,,0.0,0,0,0,CORE_STRICT_COUNT,ZERO_TRIP_COMPLETE,2.11950555181256
92864481,92864480.0,1,1,606,606,NOT_OBSERVED_PAPI,807,KNOWN_ZERO_BELOW_PAPI_DETAIL_CAP,4,4,4,4.0,,,4.0,4,0,4,CORE_STRICT_COUNT,DIRECT_REPORTED_CHAIN_COMPLETE,0.974647055215346
92864482,92864480.0,2,1,606,606,NOT_OBSERVED_PAPI,807,KNOWN_ZERO_BELOW_PAPI_DETAIL_CAP,2,2,2,2.0,,,2.0,2,0,2,CORE_STRICT_COUNT,DIRECT_REPORTED_CHAIN_COMPLETE,4.12225735802631
92865141,92865140.0,1,1,2,607,EXPLICIT_NO_RBW,807,KNOWN_ZERO_BELOW_PAPI_DETAIL_CAP,3,3,3,3.0,,,3.0,3,0,3,CORE_STRICT_COUNT,DIRECT_REPORTED_CHAIN_COMPLETE,6.17176182545754
92865201,92865200.0,1,1,606,606,NOT_OBSERVED_PAPI,807,KNOWN_ZERO_BELOW_PAPI_DETAIL_CAP,6,6,6,6.0,,,6.0,6,0,6,CORE_STRICT_COUNT,DIRECT_REPORTED_CHAIN_COMPLETE,1.68349869187496
92865202,92865200.0,2,1,606,606,NOT_OBSERVED_PAPI,807,KNOWN_ZERO_BELOW_PAPI_DETAIL_CAP,3,3,3,3.0,,,3.0,3,0,3,CORE_STRICT_COUNT,DIRECT_REPORTED_CHAIN_COMPLETE,1.14600197041803
92866061,92866060.0,1,1,404,404,NOT_APPLICABLE_NOT_EMPLOYED,808,KNOWN_ZERO_BELOW_CATI_CAWI_DETAIL_CAP,1,1,1,1.0,,,1.0,1,0,1,CORE_STRICT_COUNT,DIRECT_REPORTED_CHAIN_COMPLETE,2.24310639249801
92866442,92866440.0,2,1,606,606,NOT_OBSERVED_PAPI,807,KNOWN_ZERO_BELOW_PAPI_DETAIL_CAP,4,4,4,4.0,,,4.0,4,0,4,CORE_STRICT_COUNT,DIRECT_REPORTED_CHAIN_COMPLETE,2.70616051848926
92866461,92866460.0,1,1,2,607,EXPLICIT_NO_RBW,807,KNOWN_ZERO_BELOW_PAPI_DETAIL_CAP,4,4,4,4.0,,,4.0,4,0,4,CORE_STRICT_COUNT,DIRECT_REPORTED_CHAIN_COMPLETE,3.52101160154023
92867031,92867030.0,1,5,404,404,NOT_APPLICABLE_NOT_EMPLOYED,803,UNAVAILABLE_NO_TRIP_PROTOCOL,803,803,803,,,,,0,0,0,EXCLUDED_COUNT_UNOBSERVED,TRIP_DAY_NO_ROWS,2.67648094574817
92867501,92867500.0,1,1,206,206,NOT_OBSERVED_PROXY,808,KNOWN_ZERO_BELOW_CATI_CAWI_DETAIL_CAP,3,3,3,3.0,,,3.0,3,0,3,CORE_STRICT_COUNT,DIRECT_REPORTED_CHAIN_COMPLETE,3.8850830192331
92867502,92867500.0,2,1,2,607,EXPLICIT_NO_RBW,808,KNOWN_ZERO_BELOW_CATI_CAWI_DETAIL_CAP,3,3,3,3.0,,,3.0,3,0,3,CORE_STRICT_COUNT,DIRECT_REPORTED_CHAIN_COMPLETE,5.99998701653939
92867503,92867500.0,3,1,403,403,NOT_APPLICABLE_UNDER_16,808,KNOWN_ZERO_BELOW_CATI_CAWI_DETAIL_CAP,3,3,3,3.0,,,3.0,3,0,3,CORE_STRICT_COUNT,DIRECT_REPORTED_CHAIN_COMPLETE,7.72194398468614
92867504,92867500.0,4,1,403,403,NOT_APPLICABLE_UNDER_16,808,KNOWN_ZERO_BELOW_CATI_CAWI_DETAIL_CAP,3,3,3,3.0,,,3.0,3,0,3,CORE_STRICT_COUNT,DIRECT_REPORTED_CHAIN_COMPLETE,7.72194398468614
92868061,92868060.0,1,1,2,607,EXPLICIT_NO_RBW,807,KNOWN_ZERO_BELOW_PAPI_DETAIL_CAP,4,4,4,4.0,,,4.0,4,0,4,CORE_STRICT_COUNT,DIRECT_REPORTED_CHAIN_COMPLETE,1.58127725825642
92868062,92868060.0,2,0,606,606,NOT_OBSERVED_PAPI,801,NOT_APPLICABLE_NOT_MOBILE,0,0,0,0.0,,,0.0,0,0,0,CORE_STRICT_COUNT,ZERO_TRIP_COMPLETE,0.763276663756394
92868311,92868310.0,1,1,2,607,EXPLICIT_NO_RBW,808,KNOWN_ZERO_BELOW_CATI_CAWI_DETAIL_CAP,4,4,4,4.0,,,4.0,4,0,4,CORE_STRICT_COUNT,DIRECT_REPORTED_CHAIN_COMPLETE,2.00867632129239
92868312,92868310.0,2,1,206,206,NOT_OBSERVED_PROXY,808,KNOWN_ZERO_BELOW_CATI_CAWI_DETAIL_CAP,2,2,2,2.0,,,2.0,2,0,2,CORE_STRICT_COUNT,DIRECT_REPORTED_CHAIN_COMPLETE,3.7733011164227
92868313,92868310.0,3,1,404,404,NOT_APPLICABLE_NOT_EMPLOYED,808,KNOWN_ZERO_BELOW_CATI_CAWI_DETAIL_CAP,3,3,3,3.0,,,3.0,3,0,3,CORE_STRICT_COUNT,DIRECT_REPORTED_CHAIN_COMPLETE,4.72180892815585
92868314,92868310.0,4,0,602,602,NO_OUT_OF_HOME_ACTIVITY_OR_DOMESTIC_TRIPS,801,NOT_APPLICABLE_NOT_MOBILE,0,0,0,0.0,,,0.0,0,0,0,CORE_STRICT_COUNT,ZERO_TRIP_COMPLETE,10.8826519215023
92868691,92868690.0,1,0,602,602,NO_OUT_OF_HOME_ACTIVITY_OR_DOMESTIC_TRIPS,801,NOT_APPLICABLE_NOT_MOBILE,0,0,0,0.0,,,0.0,0,0,0,CORE_STRICT_COUNT,ZERO_TRIP_COMPLETE,2.61436344135628
92869701,92869700.0,1,1,2,607,EXPLICIT_NO_RBW,808,KNOWN_ZERO_BELOW_CATI_CAWI_DETAIL_CAP,2,2,2,2.0,,,2.0,2,0,2,CORE_STRICT_COUNT,DIRECT_REPORTED_CHAIN_COMPLETE,2.94876343134947
92869702,92869700.0,2,1,206,206,NOT_OBSERVED_PROXY,808,KNOWN_ZERO_BELOW_CATI_CAWI_DETAIL_CAP,2,2,2,2.0,,,2.0,2,0,2,CORE_STRICT_COUNT,DIRECT_REPORTED_CHAIN_COMPLETE,4.62949204015492
92871191,92871190.0,1,1,606,606,NOT_OBSERVED_PAPI,807,KNOWN_ZERO_BELOW_PAPI_DETAIL_CAP,3,3,3,3.0,,,3.0,3,0,3,CORE_STRICT_COUNT,DIRECT_REPORTED_CHAIN_COMPLETE,3.52580645760615
92871192,92871190.0,2,9,606,606,NOT_OBSERVED_PAPI,804,UNAVAILABLE_MOBILITY_UNKNOWN,804,804,804,,,,,0,0,0,EXCLUDED_UNKNOWN,MOBILITY_UNKNOWN,5.76595872964371
92871331,92871330.0,1,1,404,404,NOT_APPLICABLE_NOT_EMPLOYED,808,KNOWN_ZERO_BELOW_CATI_CAWI_DETAIL_CAP,3,3,3,3.0,,,3.0,3,0,3,CORE_STRICT_COUNT,DIRECT_REPORTED_CHAIN_COMPLETE,2.58521362042708
92871332,92871330.0,2,1,206,206,NOT_OBSERVED_PROXY,808,KNOWN_ZERO_BELOW_CATI_CAWI_DETAIL_CAP,2,2,2,2.0,,,2.0,2,0,2,CORE_STRICT_COUNT,DIRECT_REPORTED_CHAIN_COMPLETE,2.27116471721594
92871951,92871950.0,1,3,1,1,KNOWN_EXACT,808,KNOWN_ZERO_BELOW_CATI_CAWI_DETAIL_CAP,4,4,5,4.0,,1.0,5.0,4,1,5,CORE_STRICT_COUNT,MIXED_DIRECT_RBW_UNTIMED,8.33201296590306
92872401,92872400.0,1,1,606,606,NOT_OBSERVED_PAPI,807,KNOWN_ZERO_BELOW_PAPI_DETAIL_CAP,2,2,2,2.0,,,2.0,2,0,2,CORE_STRICT_COUNT,DIRECT_REPORTED_CHAIN_COMPLETE,2.70616051848926
92872911,92872910.0,1,3,1,2,KNOWN_EXACT,807,KNOWN_ZERO_BELOW_PAPI_DETAIL_CAP,6,6,8,6.0,,2.0,8.0,6,2,8,CORE_STRICT_COUNT,MIXED_DIRECT_RBW_UNTIMED,3.8850830192331
92872913,92872910.0,3,1,403,403,NOT_APPLICABLE_UNDER_16,807,KNOWN_ZERO_BELOW_PAPI_DETAIL_CAP,3,3,3,3.0,,,3.0,3,0,3,CORE_STRICT_COUNT,DIRECT_REPORTED_CHAIN_COMPLETE,7.95247346124749
92873801,92873800.0,1,1,404,404,NOT_APPLICABLE_NOT_EMPLOYED,808,KNOWN_ZERO_BELOW_CATI_CAWI_DETAIL_CAP,4,4,4,4.0,,,4.0,4,0,4,CORE_STRICT_COUNT,DIRECT_REPORTED_CHAIN_COMPLETE,2.65281073342207
92873802,92873800.0,2,0,206,206,NOT_OBSERVED_PROXY,801,NOT_APPLICABLE_NOT_MOBILE,0,0,0,0.0,,,0.0,0,0,0,CORE_STRICT_COUNT,ZERO_TRIP_COMPLETE,1.80583824764481
92875661,92875660.0,1,0,602,602,NO_OUT_OF_HOME_ACTIVITY_OR_DOMESTIC_TRIPS,801,NOT_APPLICABLE_NOT_MOBILE,0,0,0,0.0,,,0.0,0,0,0,CORE_STRICT_COUNT,ZERO_TRIP_COMPLETE,14.0962499442526
92876001,92876000.0,1,1,2,607,EXPLICIT_NO_RBW,807,KNOWN_ZERO_BELOW_PAPI_DETAIL_CAP,3,3,3,3.0,,,3.0,3,0,3,CORE_STRICT_COUNT,DIRECT_REPORTED_CHAIN_COMPLETE,15.4360518105506
92876002,92876000.0,2,0,606,606,NOT_OBSERVED_PAPI,801,NOT_APPLICABLE_NOT_MOBILE,0,0,0,0.0,,,0.0,0,0,0,CORE_STRICT_COUNT,ZERO_TRIP_COMPLETE,6.45217102753113
92876003,92876000.0,3,0,606,606,NOT_OBSERVED_PAPI,801,NOT_APPLICABLE_NOT_MOBILE,0,0,0,0.0,,,0.0,0,0,0,CORE_STRICT_COUNT,ZERO_TRIP_COMPLETE,3.69514728507299
92876961,92876960.0,1,1,404,404,NOT_APPLICABLE_NOT_EMPLOYED,808,KNOWN_ZERO_BELOW_CATI_CAWI_DETAIL_CAP,3,3,3,3.0,,,3.0,3,0,3,CORE_STRICT_COUNT,DIRECT_REPORTED_CHAIN_COMPLETE,2.61509947187794
92877151,92877150.0,1,0,404,404,NOT_APPLICABLE_NOT_EMPLOYED,801,NOT_APPLICABLE_NOT_MOBILE,0,0,0,0.0,,,0.0,0,0,0,CORE_STRICT_COUNT,ZERO_TRIP_COMPLETE,6.15682546616815
92877152,92877150.0,2,1,2,607,EXPLICIT_NO_RBW,808,KNOWN_ZERO_BELOW_CATI_CAWI_DETAIL_CAP,3,3,3,3.0,,,3.0,3,0,3,CORE_STRICT_COUNT,DIRECT_REPORTED_CHAIN_COMPLETE,1.71795987060633
92878131,92878130.0,1,0,606,606,NOT_OBSERVED_PAPI,801,NOT_APPLICABLE_NOT_MOBILE,0,0,0,0.0,,,0.0,0,0,0,CORE_STRICT_COUNT,ZERO_TRIP_COMPLETE,2.58854127976491
92879801,92879800.0,1,0,404,404,NOT_APPLICABLE_NOT_EMPLOYED,801,NOT_APPLICABLE_NOT_MOBILE,0,0,0,0.0,,,0.0,0,0,0,CORE_STRICT_COUNT,ZERO_TRIP_COMPLETE,10.6759931918152
92881371,92881370.0,1,0,404,404,NOT_APPLICABLE_NOT_EMPLOYED,801,NOT_APPLICABLE_NOT_MOBILE,0,0,0,0.0,,,0.0,0,0,0,CORE_STRICT_COUNT,ZERO_TRIP_COMPLETE,3.9318014168437
92886561,92886560.0,1,0,404,404,NOT_APPLICABLE_NOT_EMPLOYED,801,NOT_APPLICABLE_NOT_MOBILE,0,0,0,0.0,,,0.0,0,0,0,CORE_STRICT_COUNT,ZERO_TRIP_COMPLETE,1.70031011904834
92886562,92886560.0,2,0,404,404,NOT_APPLICABLE_NOT_EMPLOYED,801,NOT_APPLICABLE_NOT_MOBILE,0,0,0,0.0,,,0.0,0,0,0,CORE_STRICT_COUNT,ZERO_TRIP_COMPLETE,2.49778790533448
92887201,92887200.0,1,1,606,606,NOT_OBSERVED_PAPI,807,KNOWN_ZERO_BELOW_PAPI_DETAIL_CAP,6,6,6,6.0,,,6.0,6,0,6,CORE_STRICT_COUNT,DIRECT_REPORTED_CHAIN_COMPLETE,3.41785349986795
92887202,92887200.0,2,1,606,606,NOT_OBSERVED_PAPI,807,KNOWN_ZERO_BELOW_PAPI_DETAIL_CAP,2,2,2,2.0,,,2.0,2,0,2,CORE_STRICT_COUNT,DIRECT_REPORTED_CHAIN_COMPLETE,3.54185068595402
92887203,92887200.0,3,1,403,403,NOT_APPLICABLE_UNDER_16,807,KNOWN_ZERO_BELOW_PAPI_DETAIL_CAP,3,3,3,3.0,,,3.0,3,0,3,CORE_STRICT_COUNT,DIRECT_REPORTED_CHAIN_COMPLETE,5.02998858131367
92891611,92891610.0,1,1,2,607,EXPLICIT_NO_RBW,807,KNOWN_ZERO_BELOW_PAPI_DETAIL_CAP,5,5,5,5.0,,,5.0,5,0,5,CORE_STRICT_COUNT,DIRECT_REPORTED_CHAIN_COMPLETE,3.15049381660055
92891612,92891610.0,2,9,606,606,NOT_OBSERVED_PAPI,804,UNAVAILABLE_MOBILITY_UNKNOWN,804,804,804,,,,,0,0,0,EXCLUDED_UNKNOWN,MOBILITY_UNKNOWN,3.1384198851042
92891613,92891610.0,3,1,403,403,NOT_APPLICABLE_UNDER_16,807,KNOWN_ZERO_BELOW_PAPI_DETAIL_CAP,2,2,2,2.0,,,2.0,2,0,2,CORE_STRICT_COUNT,DIRECT_REPORTED_CHAIN_COMPLETE,4.44569019220517
92893521,92893520.0,1,1,406,406,NOT_OBSERVED_SECONDARY_EMPLOYMENT,808,KNOWN_ZERO_BELOW_CATI_CAWI_DETAIL_CAP,2,2,2,2.0,,,2.0,2,0,2,CORE_STRICT_COUNT,DIRECT_REPORTED_CHAIN_COMPLETE,1.39876777522693
92893522,92893520.0,2,1,206,206,NOT_OBSERVED_PROXY,808,KNOWN_ZERO_BELOW_CATI_CAWI_DETAIL_CAP,4,4,4,4.0,,,4.0,4,0,4,CORE_STRICT_COUNT,DIRECT_REPORTED_CHAIN_COMPLETE,2.0548164668272
92893523,92893520.0,3,1,206,206,NOT_OBSERVED_PROXY,808,KNOWN_ZERO_BELOW_CATI_CAWI_DETAIL_CAP,2,2,2,2.0,,,2.0,2,0,2,CORE_STRICT_COUNT,DIRECT_REPORTED_CHAIN_COMPLETE,2.88004933905108
92893601,92893600.0,1,3,1,2,KNOWN_EXACT,808,KNOWN_ZERO_BELOW_CATI_CAWI_DETAIL_CAP,7,7,9,7.0,,2.0,9.0,7,2,9,CORE_STRICT_COUNT,MIXED_DIRECT_RBW_UNTIMED,8.30195992804019
92893961,92893960.0,1,1,606,606,NOT_OBSERVED_PAPI,807,KNOWN_ZERO_BELOW_PAPI_DETAIL_CAP,3,3,3,3.0,,,3.0,3,0,3,CORE_STRICT_COUNT,DIRECT_REPORTED_CHAIN_COMPLETE,0.920570073710204
92893962,92893960.0,2,1,606,606,NOT_OBSERVED_PAPI,807,KNOWN_ZERO_BELOW_PAPI_DETAIL_CAP,1,1,1,1.0,,,1.0,1,0,1,CORE_STRICT_COUNT,DIRECT_REPORTED_CHAIN_COMPLETE,4.38142384703123
92894511,92894510.0,1,1,2,607,EXPLICIT_NO_RBW,808,KNOWN_ZERO_BELOW_CATI_CAWI_DETAIL_CAP,6,6,6,6.0,,,6.0,6,0,6,CORE_STRICT_COUNT,DIRECT_REPORTED_CHAIN_COMPLETE,1.78559037463246
92894512,92894510.0,2,1,206,206,NOT_OBSERVED_PROXY,808,KNOWN_ZERO_BELOW_CATI_CAWI_DETAIL_CAP,4,4,4,4.0,,,4.0,4,0,4,CORE_STRICT_COUNT,DIRECT_REPORTED_CHAIN_COMPLETE,1.27896496863948
92894513,92894510.0,3,1,404,404,NOT_APPLICABLE_NOT_EMPLOYED,808,KNOWN_ZERO_BELOW_CATI_CAWI_DETAIL_CAP,3,3,3,3.0,,,3.0,3,0,3,CORE_STRICT_COUNT,DIRECT_REPORTED_CHAIN_COMPLETE,1.66026171163983
92894514,92894510.0,4,0,206,206,NOT_OBSERVED_PROXY,801,NOT_APPLICABLE_NOT_MOBILE,0,0,0,0.0,,,0.0,0,0,0,CORE_STRICT_COUNT,ZERO_TRIP_COMPLETE,2.23763796383698
92896861,92896860.0,1,1,2,607,EXPLICIT_NO_RBW,807,KNOWN_ZERO_BELOW_PAPI_DETAIL_CAP,4,4,4,4.0,,,4.0,4,0,4,CORE_STRICT_COUNT,DIRECT_REPORTED_CHAIN_COMPLETE,2.06203238551338
92896862,92896860.0,2,1,2,607,EXPLICIT_NO_RBW,807,KNOWN_ZERO_BELOW_PAPI_DETAIL_CAP,2,2,2,2.0,,,2.0,2,0,2,CORE_STRICT_COUNT,DIRECT_REPORTED_CHAIN_COMPLETE,3.57184365872719
92899281,92899280.0,1,1,2,607,EXPLICIT_NO_RBW,808,KNOWN_ZERO_BELOW_CATI_CAWI_DETAIL_CAP,5,5,5,5.0,,,5.0,5,0,5,CORE_STRICT_COUNT,DIRECT_REPORTED_CHAIN_COMPLETE,4.50406593140805
92899621,92899620.0,1,1,2,607,EXPLICIT_NO_RBW,808,KNOWN_ZERO_BELOW_CATI_CAWI_DETAIL_CAP,3,3,3,3.0,,,3.0,3,0,3,CORE_STRICT_COUNT,DIRECT_REPORTED_CHAIN_COMPLETE,2.72613583353712
92899622,92899620.0,2,4,206,206,NOT_OBSERVED_PROXY,801,NOT_APPLICABLE_NOT_MOBILE,0,0,0,0.0,,,0.0,0,0,0,EXCLUDED_OUT_OF_SCOPE,OUT_OF_SCOPE_FAR_ABROAD,2.57820720566989
92900191,92900190.0,1,3,1,1,KNOWN_EXACT,808,KNOWN_ZERO_BELOW_CATI_CAWI_DETAIL_CAP,2,2,3,2.0,,1.0,3.0,2,1,3,CORE_STRICT_COUNT,MIXED_DIRECT_RBW_UNTIMED,6.4802129232766
92900531,92900530.0,1,0,602,602,NO_OUT_OF_HOME_ACTIVITY_OR_DOMESTIC_TRIPS,801,NOT_APPLICABLE_NOT_MOBILE,0,0,0,0.0,,,0.0,0,0,0,CORE_STRICT_COUNT,ZERO_TRIP_COMPLETE,4.76659769151538
92902211,92902210.0,1,5,2,607,EXPLICIT_NO_RBW,803,UNAVAILABLE_NO_TRIP_PROTOCOL,803,803,803,,,,,0,0,0,EXCLUDED_COUNT_UNOBSERVED,TRIP_DAY_NO_ROWS,4.39907568840898
92902212,92902210.0,2,5,2,607,EXPLICIT_NO_RBW,803,UNAVAILABLE_NO_TRIP_PROTOCOL,803,803,803,,,,,0,0,0,EXCLUDED_COUNT_UNOBSERVED,TRIP_DAY_NO_ROWS,4.5586708866126
92902441,92902440.0,1,1,2,607,EXPLICIT_NO_RBW,807,KNOWN_ZERO_BELOW_PAPI_DETAIL_CAP,1,1,1,1.0,,,1.0,1,0,1,CORE_STRICT_COUNT,DIRECT_REPORTED_CHAIN_COMPLETE,3.52101160154023
92905221,92905220.0,1,1,2,607,EXPLICIT_NO_RBW,808,KNOWN_ZERO_BELOW_CATI_CAWI_DETAIL_CAP,7,7,7,7.0,,,7.0,7,0,7,CORE_STRICT_COUNT,DIRECT_REPORTED_CHAIN_COMPLETE,8.33201296590306
92905222,92905220.0,2,1,406,406,NOT_OBSERVED_SECONDARY_EMPLOYMENT,808,KNOWN_ZERO_BELOW_CATI_CAWI_DETAIL_CAP,2,2,2,2.0,,,2.0,2,0,2,CORE_STRICT_COUNT,DIRECT_REPORTED_CHAIN_COMPLETE,4.51388252844394
92905671,92905670.0,1,1,2,607,EXPLICIT_NO_RBW,807,KNOWN_ZERO_BELOW_PAPI_DETAIL_CAP,2,2,2,2.0,,,2.0,2,0,2,CORE_STRICT_COUNT,DIRECT_REPORTED_CHAIN_COMPLETE,2.2612602990598
92905672,92905670.0,2,0,606,606,NOT_OBSERVED_PAPI,801,NOT_APPLICABLE_NOT_MOBILE,0,0,0,0.0,,,0.0,0,0,0,CORE_STRICT_COUNT,ZERO_TRIP_COMPLETE,1.15898175505622
92905811,92905810.0,1,0,606,606,NOT_OBSERVED_PAPI,801,NOT_APPLICABLE_NOT_MOBILE,0,0,0,0.0,,,0.0,0,0,0,CORE_STRICT_COUNT,ZERO_TRIP_COMPLETE,3.19843767364534
92906681,92906680.0,1,5,2,607,EXPLICIT_NO_RBW,803,UNAVAILABLE_NO_TRIP_PROTOCOL,803,803,803,,,,,0,0,0,EXCLUDED_COUNT_UNOBSERVED,TRIP_DAY_NO_ROWS,1.44357844073387
92906682,92906680.0,2,5,404,404,NOT_APPLICABLE_NOT_EMPLOYED,803,UNAVAILABLE_NO_TRIP_PROTOCOL,803,803,803,,,,,0,0,0,EXCLUDED_COUNT_UNOBSERVED,TRIP_DAY_NO_ROWS,2.06545876642042
92907491,92907490.0,1,0,404,404,NOT_APPLICABLE_NOT_EMPLOYED,801,NOT_APPLICABLE_NOT_MOBILE,0,0,0,0.0,,,0.0,0,0,0,CORE_STRICT_COUNT,ZERO_TRIP_COMPLETE,3.0522575611157
92907641,92907640.0,1,1,2,607,EXPLICIT_NO_RBW,808,KNOWN_ZERO_BELOW_CATI_CAWI_DETAIL_CAP,2,2,2,2.0,,,2.0,2,0,2,CORE_STRICT_COUNT,DIRECT_REPORTED_CHAIN_COMPLETE,6.07137843081232
92907941,92907940.0,1,1,2,607,EXPLICIT_NO_RBW,808,KNOWN_ZERO_BELOW_CATI_CAWI_DETAIL_CAP,4,4,4,4.0,,,4.0,4,0,4,CORE_STRICT_COUNT,DIRECT_REPORTED_CHAIN_COMPLETE,4.37100000464347
92907942,92907940.0,2,1,2,607,EXPLICIT_NO_RBW,808,KNOWN_ZERO_BELOW_CATI_CAWI_DETAIL_CAP,4,4,4,4.0,,,4.0,4,0,4,CORE_STRICT_COUNT,DIRECT_REPORTED_CHAIN_COMPLETE,4.5586708866126
92908731,92908730.0,1,1,2,607,EXPLICIT_NO_RBW,807,KNOWN_ZERO_BELOW_PAPI_DETAIL_CAP,2,2,2,2.0,,,2.0,2,0,2,CORE_STRICT_COUNT,DIRECT_REPORTED_CHAIN_COMPLETE,0.772628216969426
92908732,92908730.0,2,0,606,606,NOT_OBSERVED_PAPI,801,NOT_APPLICABLE_NOT_MOBILE,0,0,0,0.0,,,0.0,0,0,0,CORE_STRICT_COUNT,ZERO_TRIP_COMPLETE,0.772628216969426
92909631,92909630.0,1,1,404,404,NOT_APPLICABLE_NOT_EMPLOYED,808,KNOWN_ZERO_BELOW_CATI_CAWI_DETAIL_CAP,1,1,1,1.0,,,1.0,1,0,1,CORE_STRICT_COUNT,DIRECT_REPORTED_CHAIN_COMPLETE,2.1510590506531
92909632,92909630.0,2,1,206,206,NOT_OBSERVED_PROXY,808,KNOWN_ZERO_BELOW_CATI_CAWI_DETAIL_CAP,1,1,1,1.0,,,1.0,1,0,1,CORE_STRICT_COUNT,DIRECT_REPORTED_CHAIN_COMPLETE,3.559733195783
92910921,92910920.0,1,1,606,606,NOT_OBSERVED_PAPI,807,KNOWN_ZERO_BELOW_PAPI_DETAIL_CAP,3,3,3,3.0,,,3.0,3,0,3,CORE_STRICT_COUNT,DIRECT_REPORTED_CHAIN_COMPLETE,4.37100000464347
92911911,92911910.0,1,1,2,607,EXPLICIT_NO_RBW,807,KNOWN_ZERO_BELOW_PAPI_DETAIL_CAP,6,6,6,6.0,,,6.0,6,0,6,CORE_STRICT_COUNT,DIRECT_REPORTED_CHAIN_COMPLETE,3.8850830192331
92911912,92911910.0,2,1,2,607,EXPLICIT_NO_RBW,807,KNOWN_ZERO_BELOW_PAPI_DETAIL_CAP,2,2,2,2.0,,,2.0,2,0,2,CORE_STRICT_COUNT,DIRECT_REPORTED_CHAIN_COMPLETE,5.51084841623137
92912301,92912300.0,1,1,404,404,NOT_APPLICABLE_NOT_EMPLOYED,808,KNOWN_ZERO_BELOW_CATI_CAWI_DETAIL_CAP,2,2,2,2.0,,,2.0,2,0,2,CORE_STRICT_COUNT,DIRECT_REPORTED_CHAIN_COMPLETE,0.823357228772131
92912302,92912300.0,2,1,206,206,NOT_OBSERVED_PROXY,808,KNOWN_ZERO_BELOW_CATI_CAWI_DETAIL_CAP,2,2,2,2.0,,,2.0,2,0,2,CORE_STRICT_COUNT,DIRECT_REPORTED_CHAIN_COMPLETE,0.811541591541205
92912911,92912910.0,1,0,606,606,NOT_OBSERVED_PAPI,801,NOT_APPLICABLE_NOT_MOBILE,0,0,0,0.0,,,0.0,0,0,0,CORE_STRICT_COUNT,ZERO_TRIP_COMPLETE,10.6759931918152
92913361,92913360.0,1,1,2,607,EXPLICIT_NO_RBW,807,KNOWN_ZERO_BELOW_PAPI_DETAIL_CAP,2,2,2,2.0,,,2.0,2,0,2,CORE_STRICT_COUNT,DIRECT_REPORTED_CHAIN_COMPLETE,3.92894047532251
92916951,92916950.0,1,0,404,404,NOT_APPLICABLE_NOT_EMPLOYED,801,NOT_APPLICABLE_NOT_MOBILE,0,0,0,0.0,,,0.0,0,0,0,CORE_STRICT_COUNT,ZERO_TRIP_COMPLETE,1.37660125905083
92916952,92916950.0,2,0,602,602,NO_OUT_OF_HOME_ACTIVITY_OR_DOMESTIC_TRIPS,801,NOT_APPLICABLE_NOT_MOBILE,0,0,0,0.0,,,0.0,0,0,0,CORE_STRICT_COUNT,ZERO_TRIP_COMPLETE,1.96518812876914
92917701,92917700.0,1,1,404,404,NOT_APPLICABLE_NOT_EMPLOYED,808,KNOWN_ZERO_BELOW_CATI_CAWI_DETAIL_CAP,6,6,6,6.0,,,6.0,6,0,6,CORE_STRICT_COUNT,DIRECT_REPORTED_CHAIN_COMPLETE,1.59989958669438
92917702,92917700.0,2,1,404,404,NOT_APPLICABLE_NOT_EMPLOYED,808,KNOWN_ZERO_BELOW_CATI_CAWI_DETAIL_CAP,2,2,2,2.0,,,2.0,2,0,2,CORE_STRICT_COUNT,DIRECT_REPORTED_CHAIN_COMPLETE,4.4264895322379
92917891,92917890.0,1,1,2,607,EXPLICIT_NO_RBW,807,KNOWN_ZERO_BELOW_PAPI_DETAIL_CAP,2,2,2,2.0,,,2.0,2,0,2,CORE_STRICT_COUNT,DIRECT_REPORTED_CHAIN_COMPLETE,10.1508863456555
92917892,92917890.0,2,1,2,607,EXPLICIT_NO_RBW,807,KNOWN_ZERO_BELOW_PAPI_DETAIL_CAP,2,2,2,2.0,,,2.0,2,0,2,CORE_STRICT_COUNT,DIRECT_REPORTED_CHAIN_COMPLETE,6.80991992651979
92917893,92917890.0,3,1,2,607,EXPLICIT_NO_RBW,807,KNOWN_ZERO_BELOW_PAPI_DETAIL_CAP,2,2,2,2.0,,,2.0,2,0,2,CORE_STRICT_COUNT,DIRECT_REPORTED_CHAIN_COMPLETE,5.82445182866943
92918111,92918110.0,1,1,404,404,NOT_APPLICABLE_NOT_EMPLOYED,808,KNOWN_ZERO_BELOW_CATI_CAWI_DETAIL_CAP,2,2,2,2.0,,,2.0,2,0,2,CORE_STRICT_COUNT,DIRECT_REPORTED_CHAIN_COMPLETE,1.56834985162898
92918112,92918110.0,2,5,404,404,NOT_APPLICABLE_NOT_EMPLOYED,803,UNAVAILABLE_NO_TRIP_PROTOCOL,803,803,803,,,,,0,0,0,EXCLUDED_COUNT_UNOBSERVED,TRIP_DAY_NO_ROWS,3.24914421091518
92919011,92919010.0,1,1,606,606,NOT_OBSERVED_PAPI,807,KNOWN_ZERO_BELOW_PAPI_DETAIL_CAP,3,3,3,3.0,,,3.0,3,0,3,CORE_STRICT_COUNT,DIRECT_REPORTED_CHAIN_COMPLETE,2.45082847103612
92919012,92919010.0,2,0,606,606,NOT_OBSERVED_PAPI,801,NOT_APPLICABLE_NOT_MOBILE,0,0,0,0.0,,,0.0,0,0,0,CORE_STRICT_COUNT,ZERO_TRIP_COMPLETE,2.07361716020194
92919161,92919160.0,1,1,404,404,NOT_APPLICABLE_NOT_EMPLOYED,808,KNOWN_ZERO_BELOW_CATI_CAWI_DETAIL_CAP,6,6,6,6.0,,,6.0,6,0,6,CORE_STRICT_COUNT,DIRECT_REPORTED_CHAIN_COMPLETE,5.60634208835736
92919691,92919690.0,1,1,404,404,NOT_APPLICABLE_NOT_EMPLOYED,808,KNOWN_ZERO_BELOW_CATI_CAWI_DETAIL_CAP,2,2,2,2.0,,,2.0,2,0,2,CORE_STRICT_COUNT,DIRECT_REPORTED_CHAIN_COMPLETE,0.670632769069728
92919692,92919690.0,2,1,404,404,NOT_APPLICABLE_NOT_EMPLOYED,808,KNOWN_ZERO_BELOW_CATI_CAWI_DETAIL_CAP,2,2,2,2.0,,,2.0,2,0,2,CORE_STRICT_COUNT,DIRECT_REPORTED_CHAIN_COMPLETE,0.985172293417204
92920291,92920290.0,1,1,2,607,EXPLICIT_NO_RBW,808,KNOWN_ZERO_BELOW_CATI_CAWI_DETAIL_CAP,4,4,4,4.0,,,4.0,4,0,4,CORE_STRICT_COUNT,DIRECT_REPORTED_CHAIN_COMPLETE,4.39907568840898
92920292,92920290.0,2,1,2,607,EXPLICIT_NO_RBW,808,KNOWN_ZERO_BELOW_CATI_CAWI_DETAIL_CAP,4,4,4,4.0,,,4.0,4,0,4,CORE_STRICT_COUNT,DIRECT_REPORTED_CHAIN_COMPLETE,5.51084841623137
92921651,92921650.0,1,1,406,406,NOT_OBSERVED_SECONDARY_EMPLOYMENT,808,KNOWN_ZERO_BELOW_CATI_CAWI_DETAIL_CAP,4,4,4,4.0,,,4.0,4,0,4,CORE_STRICT_COUNT,DIRECT_REPORTED_CHAIN_COMPLETE,3.45596969939217
92921652,92921650.0,2,1,2,607,EXPLICIT_NO_RBW,808,KNOWN_ZERO_BELOW_CATI_CAWI_DETAIL_CAP,4,4,4,4.0,,,4.0,4,0,4,CORE_STRICT_COUNT,DIRECT_REPORTED_CHAIN_COMPLETE,2.30914517072062
92921653,92921650.0,3,1,2,607,EXPLICIT_NO_RBW,808,KNOWN_ZERO_BELOW_CATI_CAWI_DETAIL_CAP,3,3,3,3.0,,,3.0,3,0,3,CORE_STRICT_COUNT,DIRECT_REPORTED_CHAIN_COMPLETE,2.19589720582625
92923351,92923350.0,1,2,1,4,KNOWN_EXACT,802,NOT_APPLICABLE_RBW_ONLY,0,0,4,0.0,,4.0,4.0,0,4,4,CORE_STRICT_COUNT,RBW_ONLY_AGGREGATED_UNTIMED,2.32066229124896
92923352,92923350.0,2,4,206,206,NOT_OBSERVED_PROXY,801,NOT_APPLICABLE_NOT_MOBILE,0,0,0,0.0,,,0.0,0,0,0,EXCLUDED_OUT_OF_SCOPE,OUT_OF_SCOPE_FAR_ABROAD,4.60684431574043
92923561,92923560.0,1,3,1,6,KNOWN_EXACT,2,KNOWN_POSITIVE_UNDETAILED,8,10,16,8.0,2.0,6.0,16.0,8,6,14,CORE_STRICT_COUNT,MIXED_DIRECT_RBW_PLUS_UNDETAILED,4.15990002806331
92923562,92923560.0,2,1,2,607,EXPLICIT_NO_RBW,807,KNOWN_ZERO_BELOW_PAPI_DETAIL_CAP,3,3,3,3.0,,,3.0,3,0,3,CORE_STRICT_COUNT,DIRECT_REPORTED_CHAIN_COMPLETE,3.74649402431707
92923971,92923970.0,1,1,2,607,EXPLICIT_NO_RBW,808,KNOWN_ZERO_BELOW_CATI_CAWI_DETAIL_CAP,8,8,8,8.0,,,8.0,8,0,8,CORE_STRICT_COUNT,DIRECT_REPORTED_CHAIN_COMPLETE,3.18422361321765
92924691,92924690.0,1,1,2,607,EXPLICIT_NO_RBW,807,KNOWN_ZERO_BELOW_PAPI_DETAIL_CAP,3,3,3,3.0,,,3.0,3,0,3,CORE_STRICT_COUNT,DIRECT_REPORTED_CHAIN_COMPLETE,1.40956909027064
92924692,92924690.0,2,1,606,606,NOT_OBSERVED_PAPI,807,KNOWN_ZERO_BELOW_PAPI_DETAIL_CAP,3,3,3,3.0,,,3.0,3,0,3,CORE_STRICT_COUNT,DIRECT_REPORTED_CHAIN_COMPLETE,1.42428359960259
92925471,92925470.0,1,5,2,607,EXPLICIT_NO_RBW,803,UNAVAILABLE_NO_TRIP_PROTOCOL,803,803,803,,,,,0,0,0,EXCLUDED_COUNT_UNOBSERVED,TRIP_DAY_NO_ROWS,3.52101160154023
92927361,92927360.0,1,1,404,404,NOT_APPLICABLE_NOT_EMPLOYED,808,KNOWN_ZERO_BELOW_CATI_CAWI_DETAIL_CAP,2,2,2,2.0,,,2.0,2,0,2,CORE_STRICT_COUNT,DIRECT_REPORTED_CHAIN_COMPLETE,21.2909226989624
92927861,92927860.0,1,1,406,406,NOT_OBSERVED_SECONDARY_EMPLOYMENT,808,KNOWN_ZERO_BELOW_CATI_CAWI_DETAIL_CAP,2,2,2,2.0,,,2.0,2,0,2,CORE_STRICT_COUNT,DIRECT_REPORTED_CHAIN_COMPLETE,2.70616051848926
92928091,92928090.0,1,1,404,404,NOT_APPLICABLE_NOT_EMPLOYED,808,KNOWN_ZERO_BELOW_CATI_CAWI_DETAIL_CAP,4,4,4,4.0,,,4.0,4,0,4,CORE_STRICT_COUNT,DIRECT_REPORTED_CHAIN_COMPLETE,2.38830229853707
92928092,92928090.0,2,1,404,404,NOT_APPLICABLE_NOT_EMPLOYED,808,KNOWN_ZERO_BELOW_CATI_CAWI_DETAIL_CAP,2,2,2,2.0,,,2.0,2,0,2,CORE_STRICT_COUNT,DIRECT_REPORTED_CHAIN_COMPLETE,4.9478364659181
92929671,92929670.0,1,1,2,607,EXPLICIT_NO_RBW,808,KNOWN_ZERO_BELOW_CATI_CAWI_DETAIL_CAP,3,3,3,3.0,,,3.0,3,0,3,CORE_STRICT_COUNT,DIRECT_REPORTED_CHAIN_COMPLETE,17.7023934736653
92931081,92931080.0,1,1,404,404,NOT_APPLICABLE_NOT_EMPLOYED,808,KNOWN_ZERO_BELOW_CATI_CAWI_DETAIL_CAP,2,2,2,2.0,,,2.0,2,0,2,CORE_STRICT_COUNT,DIRECT_REPORTED_CHAIN_COMPLETE,1.61977172464017
92931082,92931080.0,2,1,206,206,NOT_OBSERVED_PROXY,808,KNOWN_ZERO_BELOW_CATI_CAWI_DETAIL_CAP,4,4,4,4.0,,,4.0,4,0,4,CORE_STRICT_COUNT,DIRECT_REPORTED_CHAIN_COMPLETE,3.82831849849296
92932671,92932670.0,1,1,2,607,EXPLICIT_NO_RBW,807,KNOWN_ZERO_BELOW_PAPI_DETAIL_CAP,2,2,2,2.0,,,2.0,2,0,2,CORE_STRICT_COUNT,DIRECT_REPORTED_CHAIN_COMPLETE,4.51388252844394
92933321,92933320.0,1,1,406,406,NOT_OBSERVED_SECONDARY_EMPLOYMENT,808,KNOWN_ZERO_BELOW_CATI_CAWI_DETAIL_CAP,4,4,4,4.0,,,4.0,4,0,4,CORE_STRICT_COUNT,DIRECT_REPORTED_CHAIN_COMPLETE,3.1483886709089
92933322,92933320.0,2,1,206,206,NOT_OBSERVED_PROXY,808,KNOWN_ZERO_BELOW_CATI_CAWI_DETAIL_CAP,2,2,2,2.0,,,2.0,2,0,2,CORE_STRICT_COUNT,DIRECT_REPORTED_CHAIN_COMPLETE,14.5898626305927
92935251,92935250.0,1,1,2,607,EXPLICIT_NO_RBW,807,KNOWN_ZERO_BELOW_PAPI_DETAIL_CAP,1,1,1,1.0,,,1.0,1,0,1,CORE_STRICT_COUNT,DIRECT_REPORTED_CHAIN_COMPLETE,1.83537242139678
92935252,92935250.0,2,1,2,607,EXPLICIT_NO_RBW,807,KNOWN_ZERO_BELOW_PAPI_DETAIL_CAP,1,1,1,1.0,,,1.0,1,0,1,CORE_STRICT_COUNT,DIRECT_REPORTED_CHAIN_COMPLETE,2.71846619471299
92935621,92935620.0,1,1,406,406,NOT_OBSERVED_SECONDARY_EMPLOYMENT,808,KNOWN_ZERO_BELOW_CATI_CAWI_DETAIL_CAP,5,5,5,5.0,,,5.0,5,0,5,CORE_STRICT_COUNT,DIRECT_REPORTED_CHAIN_COMPLETE,17.557871121617
92937671,92937670.0,1,5,206,206,NOT_OBSERVED_PROXY,803,UNAVAILABLE_NO_TRIP_PROTOCOL,803,803,803,,,,,0,0,0,EXCLUDED_COUNT_UNOBSERVED,TRIP_DAY_NO_ROWS,2.44364094994655
92937672,92937670.0,2,0,602,602,NO_OUT_OF_HOME_ACTIVITY_OR_DOMESTIC_TRIPS,801,NOT_APPLICABLE_NOT_MOBILE,0,0,0,0.0,,,0.0,0,0,0,CORE_STRICT_COUNT,ZERO_TRIP_COMPLETE,0.995063256677608
92937673,92937670.0,3,0,602,602,NO_OUT_OF_HOME_ACTIVITY_OR_DOMESTIC_TRIPS,801,NOT_APPLICABLE_NOT_MOBILE,0,0,0,0.0,,,0.0,0,0,0,CORE_STRICT_COUNT,ZERO_TRIP_COMPLETE,0.989661270758767
92937674,92937670.0,4,0,403,403,NOT_APPLICABLE_UNDER_16,801,NOT_APPLICABLE_NOT_MOBILE,0,0,0,0.0,,,0.0,0,0,0,CORE_STRICT_COUNT,ZERO_TRIP_COMPLETE,0.825455153818678
92937761,92937760.0,1,1,2,607,EXPLICIT_NO_RBW,807,KNOWN_ZERO_BELOW_PAPI_DETAIL_CAP,3,3,3,3.0,,,3.0,3,0,3,CORE_STRICT_COUNT,DIRECT_REPORTED_CHAIN_COMPLETE,7.86464015280706
92937841,92937840.0,1,0,606,606,NOT_OBSERVED_PAPI,801,NOT_APPLICABLE_NOT_MOBILE,0,0,0,0.0,,,0.0,0,0,0,CORE_STRICT_COUNT,ZERO_TRIP_COMPLETE,1.29603468019787
92937842,92937840.0,2,0,606,606,NOT_OBSERVED_PAPI,801,NOT_APPLICABLE_NOT_MOBILE,0,0,0,0.0,,,0.0,0,0,0,CORE_STRICT_COUNT,ZERO_TRIP_COMPLETE,0.892028235993626
92938231,92938230.0,1,1,606,606,NOT_OBSERVED_PAPI,807,KNOWN_ZERO_BELOW_PAPI_DETAIL_CAP,2,2,2,2.0,,,2.0,2,0,2,CORE_STRICT_COUNT,DIRECT_REPORTED_CHAIN_COMPLETE,1.03394155617706
92938232,92938230.0,2,1,2,607,EXPLICIT_NO_RBW,807,KNOWN_ZERO_BELOW_PAPI_DETAIL_CAP,2,2,2,2.0,,,2.0,2,0,2,CORE_STRICT_COUNT,DIRECT_REPORTED_CHAIN_COMPLETE,1.3941469002422
92939331,92939330.0,1,1,2,607,EXPLICIT_NO_RBW,807,KNOWN_ZERO_BELOW_PAPI_DETAIL_CAP,4,4,4,4.0,,,4.0,4,0,4,CORE_STRICT_COUNT,DIRECT_REPORTED_CHAIN_COMPLETE,2.58600789757168
92939332,92939330.0,2,1,2,607,EXPLICIT_NO_RBW,807,KNOWN_ZERO_BELOW_PAPI_DETAIL_CAP,3,3,3,3.0,,,3.0,3,0,3,CORE_STRICT_COUNT,DIRECT_REPORTED_CHAIN_COMPLETE,2.50960814171746
92939333,92939330.0,3,1,403,403,NOT_APPLICABLE_UNDER_16,807,KNOWN_ZERO_BELOW_PAPI_DETAIL_CAP,3,3,3,3.0,,,3.0,3,0,3,CORE_STRICT_COUNT,DIRECT_REPORTED_CHAIN_COMPLETE,4.43355146951897
92939334,92939330.0,4,1,403,403,NOT_APPLICABLE_UNDER_16,807,KNOWN_ZERO_BELOW_PAPI_DETAIL_CAP,3,3,3,3.0,,,3.0,3,0,3,CORE_STRICT_COUNT,DIRECT_REPORTED_CHAIN_COMPLETE,4.10191206309773
92939681,92939680.0,1,1,606,606,NOT_OBSERVED_PAPI,807,KNOWN_ZERO_BELOW_PAPI_DETAIL_CAP,5,5,5,5.0,,,5.0,5,0,5,CORE_STRICT_COUNT,DIRECT_REPORTED_CHAIN_COMPLETE,5.36455097154779
92939682,92939680.0,2,1,1,99,MISSING_RESPONSE,807,KNOWN_ZERO_BELOW_PAPI_DETAIL_CAP,1,1,1,1.0,,,1.0,1,0,1,ANALYTIC_WITH_COMPONENT_WARNING,DIRECT_ROWS_RBW_COUNT_UNKNOWN,5.99998701653939
92939683,92939680.0,3,1,403,403,NOT_APPLICABLE_UNDER_16,807,KNOWN_ZERO_BELOW_PAPI_DETAIL_CAP,2,2,2,2.0,,,2.0,2,0,2,CORE_STRICT_COUNT,DIRECT_REPORTED_CHAIN_COMPLETE,7.72194398468614
92939684,92939680.0,4,1,403,403,NOT_APPLICABLE_UNDER_16,807,KNOWN_ZERO_BELOW_PAPI_DETAIL_CAP,4,4,4,4.0,,,4.0,4,0,4,CORE_STRICT_COUNT,DIRECT_REPORTED_CHAIN_COMPLETE,7.72194398468614
92939685,92939680.0,5,1,403,403,NOT_APPLICABLE_UNDER_16,807,KNOWN_ZERO_BELOW_PAPI_DETAIL_CAP,3,3,3,3.0,,,3.0,3,0,3,CORE_STRICT_COUNT,DIRECT_REPORTED_CHAIN_COMPLETE,7.14432558167317
92940441,92940440.0,1,0,606,606,NOT_OBSERVED_PAPI,801,NOT_APPLICABLE_NOT_MOBILE,0,0,0,0.0,,,0.0,0,0,0,CORE_STRICT_COUNT,ZERO_TRIP_COMPLETE,4.28884307448342
92940442,92940440.0,2,1,606,606,NOT_OBSERVED_PAPI,807,KNOWN_ZERO_BELOW_PAPI_DETAIL_CAP,5,5,5,5.0,,,5.0,5,0,5,CORE_STRICT_COUNT,DIRECT_REPORTED_CHAIN_COMPLETE,2.15469039721189
92940631,92940630.0,1,1,2,607,EXPLICIT_NO_RBW,807,KNOWN_ZERO_BELOW_PAPI_DETAIL_CAP,5,5,5,5.0,,,5.0,5,0,5,CORE_STRICT_COUNT,DIRECT_REPORTED_CHAIN_COMPLETE,2.24310639249801
92941261,92941260.0,1,1,2,607,EXPLICIT_NO_RBW,808,KNOWN_ZERO_BELOW_CATI_CAWI_DETAIL_CAP,2,2,2,2.0,,,2.0,2,0,2,CORE_STRICT_COUNT,DIRECT_REPORTED_CHAIN_COMPLETE,8.33201296590306
92941262,92941260.0,2,2,1,4,KNOWN_EXACT,802,NOT_APPLICABLE_RBW_ONLY,0,0,4,0.0,,4.0,4.0,0,4,4,CORE_STRICT_COUNT,RBW_ONLY_AGGREGATED_UNTIMED,6.07137843081232
92942251,92942250.0,1,1,2,607,EXPLICIT_NO_RBW,807,KNOWN_ZERO_BELOW_PAPI_DETAIL_CAP,3,3,3,3.0,,,3.0,3,0,3,CORE_STRICT_COUNT,DIRECT_REPORTED_CHAIN_COMPLETE,4.42510264444107
92942931,92942930.0,1,1,404,404,NOT_APPLICABLE_NOT_EMPLOYED,808,KNOWN_ZERO_BELOW_CATI_CAWI_DETAIL_CAP,4,4,4,4.0,,,4.0,4,0,4,CORE_STRICT_COUNT,DIRECT_REPORTED_CHAIN_COMPLETE,1.15273674612342
92942932,92942930.0,2,1,206,206,NOT_OBSERVED_PROXY,808,KNOWN_ZERO_BELOW_CATI_CAWI_DETAIL_CAP,5,5,5,5.0,,,5.0,5,0,5,CORE_STRICT_COUNT,DIRECT_REPORTED_CHAIN_COMPLETE,0.784698312393359
92943381,92943380.0,1,1,2,607,EXPLICIT_NO_RBW,808,KNOWN_ZERO_BELOW_CATI_CAWI_DETAIL_CAP,3,3,3,3.0,,,3.0,3,0,3,CORE_STRICT_COUNT,DIRECT_REPORTED_CHAIN_COMPLETE,4.71210360755664
92943382,92943380.0,2,1,2,607,EXPLICIT_NO_RBW,808,KNOWN_ZERO_BELOW_CATI_CAWI_DETAIL_CAP,3,3,3,3.0,,,3.0,3,0,3,CORE_STRICT_COUNT,DIRECT_REPORTED_CHAIN_COMPLETE,3.43361974156164
92944221,92944220.0,1,1,404,404,NOT_APPLICABLE_NOT_EMPLOYED,808,KNOWN_ZERO_BELOW_CATI_CAWI_DETAIL_CAP,1,1,1,1.0,,,1.0,1,0,1,CORE_STRICT_COUNT,DIRECT_REPORTED_CHAIN_COMPLETE,3.1851879472899
92945051,92945050.0,1,1,606,606,NOT_OBSERVED_PAPI,807,KNOWN_ZERO_BELOW_PAPI_DETAIL_CAP,4,4,4,4.0,,,4.0,4,0,4,CORE_STRICT_COUNT,DIRECT_REPORTED_CHAIN_COMPLETE,5.60634208835736
92945891,92945890.0,1,1,606,606,NOT_OBSERVED_PAPI,807,KNOWN_ZERO_BELOW_PAPI_DETAIL_CAP,3,3,3,3.0,,,3.0,3,0,3,CORE_STRICT_COUNT,DIRECT_REPORTED_CHAIN_COMPLETE,5.60634208835736
92946421,92946420.0,1,0,602,602,NO_OUT_OF_HOME_ACTIVITY_OR_DOMESTIC_TRIPS,801,NOT_APPLICABLE_NOT_MOBILE,0,0,0,0.0,,,0.0,0,0,0,CORE_STRICT_COUNT,ZERO_TRIP_COMPLETE,4.39907568840898
92946422,92946420.0,2,0,403,403,NOT_APPLICABLE_UNDER_16,801,NOT_APPLICABLE_NOT_MOBILE,0,0,0,0.0,,,0.0,0,0,0,CORE_STRICT_COUNT,ZERO_TRIP_COMPLETE,7.84997596402908
92947691,92947690.0,1,1,2,607,EXPLICIT_NO_RBW,808,KNOWN_ZERO_BELOW_CATI_CAWI_DETAIL_CAP,2,2,2,2.0,,,2.0,2,0,2,CORE_STRICT_COUNT,DIRECT_REPORTED_CHAIN_COMPLETE,1.71562965295616
92947692,92947690.0,2,1,2,607,EXPLICIT_NO_RBW,808,KNOWN_ZERO_BELOW_CATI_CAWI_DETAIL_CAP,5,5,5,5.0,,,5.0,5,0,5,CORE_STRICT_COUNT,DIRECT_REPORTED_CHAIN_COMPLETE,1.72222991540071
92947751,92947750.0,1,1,2,607,EXPLICIT_NO_RBW,807,KNOWN_ZERO_BELOW_PAPI_DETAIL_CAP,2,2,2,2.0,,,2.0,2,0,2,CORE_STRICT_COUNT,DIRECT_REPORTED_CHAIN_COMPLETE,3.68335168901144
92947752,92947750.0,2,1,2,607,EXPLICIT_NO_RBW,807,KNOWN_ZERO_BELOW_PAPI_DETAIL_CAP,1,1,1,1.0,,,1.0,1,0,1,CORE_STRICT_COUNT,DIRECT_REPORTED_CHAIN_COMPLETE,5.86829522203975
92948431,92948430.0,1,1,2,607,EXPLICIT_NO_RBW,807,KNOWN_ZERO_BELOW_PAPI_DETAIL_CAP,4,4,4,4.0,,,4.0,4,0,4,CORE_STRICT_COUNT,DIRECT_REPORTED_CHAIN_COMPLETE,4.52811877954232
92949871,92949870.0,1,1,2,607,EXPLICIT_NO_RBW,808,KNOWN_ZERO_BELOW_CATI_CAWI_DETAIL_CAP,2,2,2,2.0,,,2.0,2,0,2,CORE_STRICT_COUNT,DIRECT_REPORTED_CHAIN_COMPLETE,2.50367665646764
92949872,92949870.0,2,1,206,206,NOT_OBSERVED_PROXY,808,KNOWN_ZERO_BELOW_CATI_CAWI_DETAIL_CAP,2,2,2,2.0,,,2.0,2,0,2,CORE_STRICT_COUNT,DIRECT_REPORTED_CHAIN_COMPLETE,2.50367665646764
92949873,92949870.0,3,1,206,206,NOT_OBSERVED_PROXY,808,KNOWN_ZERO_BELOW_CATI_CAWI_DETAIL_CAP,3,3,3,3.0,,,3.0,3,0,3,CORE_STRICT_COUNT,DIRECT_REPORTED_CHAIN_COMPLETE,3.77085971282227
92950371,92950370.0,1,1,2,607,EXPLICIT_NO_RBW,808,KNOWN_ZERO_BELOW_CATI_CAWI_DETAIL_CAP,2,2,2,2.0,,,2.0,2,0,2,CORE_STRICT_COUNT,DIRECT_REPORTED_CHAIN_COMPLETE,1.68541207241028
92950372,92950370.0,2,6,602,602,NO_OUT_OF_HOME_ACTIVITY_OR_DOMESTIC_TRIPS,803,UNAVAILABLE_NO_TRIP_PROTOCOL,803,803,803,,,,,0,0,0,EXCLUDED_REPORTING_RISK,NO_TRIP_REPORTING_RISK,0.947356010814536
92950441,92950440.0,1,1,2,607,EXPLICIT_NO_RBW,807,KNOWN_ZERO_BELOW_PAPI_DETAIL_CAP,7,7,7,7.0,,,7.0,7,0,7,CORE_STRICT_COUNT,DIRECT_REPORTED_CHAIN_COMPLETE,5.99998701653939
92950442,92950440.0,2,1,2,607,EXPLICIT_NO_RBW,807,KNOWN_ZERO_BELOW_PAPI_DETAIL_CAP,3,3,3,3.0,,,3.0,3,0,3,CORE_STRICT_COUNT,DIRECT_REPORTED_CHAIN_COMPLETE,5.39900840381983
92950443,92950440.0,3,1,403,403,NOT_APPLICABLE_UNDER_16,807,KNOWN_ZERO_BELOW_PAPI_DETAIL_CAP,4,4,4,4.0,,,4.0,4,0,4,CORE_STRICT_COUNT,DIRECT_REPORTED_CHAIN_COMPLETE,7.84783663943156
92950501,92950500.0,1,1,606,606,NOT_OBSERVED_PAPI,807,KNOWN_ZERO_BELOW_PAPI_DETAIL_CAP,2,2,2,2.0,,,2.0,2,0,2,CORE_STRICT_COUNT,DIRECT_REPORTED_CHAIN_COMPLETE,0.406901248538472
92950502,92950500.0,2,1,606,606,NOT_OBSERVED_PAPI,807,KNOWN_ZERO_BELOW_PAPI_DETAIL_CAP,2,2,2,2.0,,,2.0,2,0,2,CORE_STRICT_COUNT,DIRECT_REPORTED_CHAIN_COMPLETE,0.341015987116221
92950881,92950880.0,1,3,1,10,KNOWN_EXACT,807,KNOWN_ZERO_BELOW_PAPI_DETAIL_CAP,4,4,14,4.0,,10.0,14.0,4,10,14,CORE_STRICT_COUNT,MIXED_DIRECT_RBW_UNTIMED,10.6563068405965
92951781,92951780.0,1,9,606,606,NOT_OBSERVED_PAPI,804,UNAVAILABLE_MOBILITY_UNKNOWN,804,804,804,,,,,0,0,0,EXCLUDED_UNKNOWN,MOBILITY_UNKNOWN,5.2884527158245
92955411,92955410.0,1,1,2,607,EXPLICIT_NO_RBW,808,KNOWN_ZERO_BELOW_CATI_CAWI_DETAIL_CAP,2,2,2,2.0,,,2.0,2,0,2,CORE_STRICT_COUNT,DIRECT_REPORTED_CHAIN_COMPLETE,4.32135579679881
92955901,92955900.0,1,1,2,607,EXPLICIT_NO_RBW,808,KNOWN_ZERO_BELOW_CATI_CAWI_DETAIL_CAP,2,2,2,2.0,,,2.0,2,0,2,CORE_STRICT_COUNT,DIRECT_REPORTED_CHAIN_COMPLETE,4.48680457916405
92956881,92956880.0,1,1,404,404,NOT_APPLICABLE_NOT_EMPLOYED,808,KNOWN_ZERO_BELOW_CATI_CAWI_DETAIL_CAP,4,4,4,4.0,,,4.0,4,0,4,CORE_STRICT_COUNT,DIRECT_REPORTED_CHAIN_COMPLETE,2.8766153532083
92956882,92956880.0,2,1,206,206,NOT_OBSERVED_PROXY,808,KNOWN_ZERO_BELOW_CATI_CAWI_DETAIL_CAP,2,2,2,2.0,,,2.0,2,0,2,CORE_STRICT_COUNT,DIRECT_REPORTED_CHAIN_COMPLETE,2.29266544879617
92957271,92957270.0,1,1,2,607,EXPLICIT_NO_RBW,807,KNOWN_ZERO_BELOW_PAPI_DETAIL_CAP,2,2,2,2.0,,,2.0,2,0,2,CORE_STRICT_COUNT,DIRECT_REPORTED_CHAIN_COMPLETE,4.02278531963341
92957272,92957270.0,2,1,2,607,EXPLICIT_NO_RBW,807,KNOWN_ZERO_BELOW_PAPI_DETAIL_CAP,2,2,2,2.0,,,2.0,2,0,2,CORE_STRICT_COUNT,DIRECT_REPORTED_CHAIN_COMPLETE,4.47057272054788
92957273,92957270.0,3,1,403,403,NOT_APPLICABLE_UNDER_16,807,KNOWN_ZERO_BELOW_PAPI_DETAIL_CAP,2,2,2,2.0,,,2.0,2,0,2,CORE_STRICT_COUNT,DIRECT_REPORTED_CHAIN_COMPLETE,5.84740005250786
92957331,92957330.0,1,0,404,404,NOT_APPLICABLE_NOT_EMPLOYED,801,NOT_APPLICABLE_NOT_MOBILE,0,0,0,0.0,,,0.0,0,0,0,CORE_STRICT_COUNT,ZERO_TRIP_COMPLETE,7.48721438974686
92958031,92958030.0,1,1,2,607,EXPLICIT_NO_RBW,807,KNOWN_ZERO_BELOW_PAPI_DETAIL_CAP,2,2,2,2.0,,,2.0,2,0,2,CORE_STRICT_COUNT,DIRECT_REPORTED_CHAIN_COMPLETE,2.67648094574817
92960211,92960210.0,1,0,404,404,NOT_APPLICABLE_NOT_EMPLOYED,801,NOT_APPLICABLE_NOT_MOBILE,0,0,0,0.0,,,0.0,0,0,0,CORE_STRICT_COUNT,ZERO_TRIP_COMPLETE,0.49025267492502
92960212,92960210.0,2,0,404,404,NOT_APPLICABLE_NOT_EMPLOYED,801,NOT_APPLICABLE_NOT_MOBILE,0,0,0,0.0,,,0.0,0,0,0,CORE_STRICT_COUNT,ZERO_TRIP_COMPLETE,0.720190504230467
92962431,92962430.0,1,1,2,607,EXPLICIT_NO_RBW,807,KNOWN_ZERO_BELOW_PAPI_DETAIL_CAP,2,2,2,2.0,,,2.0,2,0,2,CORE_STRICT_COUNT,DIRECT_REPORTED_CHAIN_COMPLETE,2.24310639249801
92962432,92962430.0,2,1,2,607,EXPLICIT_NO_RBW,807,KNOWN_ZERO_BELOW_PAPI_DETAIL_CAP,1,1,1,1.0,,,1.0,1,0,1,CORE_STRICT_COUNT,DIRECT_REPORTED_CHAIN_COMPLETE,5.64229560631061
92966081,92966080.0,1,1,2,607,EXPLICIT_NO_RBW,808,KNOWN_ZERO_BELOW_CATI_CAWI_DETAIL_CAP,2,2,2,2.0,,,2.0,2,0,2,CORE_STRICT_COUNT,DIRECT_REPORTED_CHAIN_COMPLETE,3.52101160154023
92966091,92966090.0,1,1,606,606,NOT_OBSERVED_PAPI,807,KNOWN_ZERO_BELOW_PAPI_DETAIL_CAP,4,4,4,4.0,,,4.0,4,0,4,CORE_STRICT_COUNT,DIRECT_REPORTED_CHAIN_COMPLETE,3.19843767364534
92967581,92967580.0,1,1,2,607,EXPLICIT_NO_RBW,807,KNOWN_ZERO_BELOW_PAPI_DETAIL_CAP,2,2,2,2.0,,,2.0,2,0,2,CORE_STRICT_COUNT,DIRECT_REPORTED_CHAIN_COMPLETE,6.53110271812791
92967582,92967580.0,2,0,606,606,NOT_OBSERVED_PAPI,801,NOT_APPLICABLE_NOT_MOBILE,0,0,0,0.0,,,0.0,0,0,0,CORE_STRICT_COUNT,ZERO_TRIP_COMPLETE,6.53243763370703
92969701,92969700.0,1,1,404,404,NOT_APPLICABLE_NOT_EMPLOYED,808,KNOWN_ZERO_BELOW_CATI_CAWI_DETAIL_CAP,4,4,4,4.0,,,4.0,4,0,4,CORE_STRICT_COUNT,DIRECT_REPORTED_CHAIN_COMPLETE,11.3666794832196
92969702,92969700.0,2,0,206,206,NOT_OBSERVED_PROXY,801,NOT_APPLICABLE_NOT_MOBILE,0,0,0,0.0,,,0.0,0,0,0,CORE_STRICT_COUNT,ZERO_TRIP_COMPLETE,4.82404779593501
92970111,92970110.0,1,1,2,607,EXPLICIT_NO_RBW,808,KNOWN_ZERO_BELOW_CATI_CAWI_DETAIL_CAP,4,4,4,4.0,,,4.0,4,0,4,CORE_STRICT_COUNT,DIRECT_REPORTED_CHAIN_COMPLETE,4.5586708866126
92970131,92970130.0,1,1,2,607,EXPLICIT_NO_RBW,807,KNOWN_ZERO_BELOW_PAPI_DETAIL_CAP,2,2,2,2.0,,,2.0,2,0,2,CORE_STRICT_COUNT,DIRECT_REPORTED_CHAIN_COMPLETE,5.60634208835736
92970281,92970280.0,1,1,2,607,EXPLICIT_NO_RBW,807,KNOWN_ZERO_BELOW_PAPI_DETAIL_CAP,3,3,3,3.0,,,3.0,3,0,3,CORE_STRICT_COUNT,DIRECT_REPORTED_CHAIN_COMPLETE,3.72014970474266
92970282,92970280.0,2,3,1,2,KNOWN_EXACT,807,KNOWN_ZERO_BELOW_PAPI_DETAIL_CAP,2,2,4,2.0,,2.0,4.0,2,2,4,CORE_STRICT_COUNT,MIXED_DIRECT_RBW_UNTIMED,4.36514176631377
92970283,92970280.0,3,1,403,403,NOT_APPLICABLE_UNDER_16,807,KNOWN_ZERO_BELOW_PAPI_DETAIL_CAP,2,2,2,2.0,,,2.0,2,0,2,CORE_STRICT_COUNT,DIRECT_REPORTED_CHAIN_COMPLETE,7.51467266272547
92970831,92970830.0,1,1,606,606,NOT_OBSERVED_PAPI,807,KNOWN_ZERO_BELOW_PAPI_DETAIL_CAP,5,5,5,5.0,,,5.0,5,0,5,CORE_STRICT_COUNT,DIRECT_REPORTED_CHAIN_COMPLETE,0.579306078747518
92970832,92970830.0,2,0,606,606,NOT_OBSERVED_PAPI,801,NOT_APPLICABLE_NOT_MOBILE,0,0,0,0.0,,,0.0,0,0,0,CORE_STRICT_COUNT,ZERO_TRIP_COMPLETE,0.691229665569774
92970833,92970830.0,3,1,2,607,EXPLICIT_NO_RBW,807,KNOWN_ZERO_BELOW_PAPI_DETAIL_CAP,2,2,2,2.0,,,2.0,2,0,2,CORE_STRICT_COUNT,DIRECT_REPORTED_CHAIN_COMPLETE,1.0033640031555
92971361,92971360.0,1,0,606,606,NOT_OBSERVED_PAPI,801,NOT_APPLICABLE_NOT_MOBILE,0,0,0,0.0,,,0.0,0,0,0,CORE_STRICT_COUNT,ZERO_TRIP_COMPLETE,3.32564947691457
92971362,92971360.0,2,0,606,606,NOT_OBSERVED_PAPI,801,NOT_APPLICABLE_NOT_MOBILE,0,0,0,0.0,,,0.0,0,0,0,CORE_STRICT_COUNT,ZERO_TRIP_COMPLETE,3.41004232482129
92971363,92971360.0,3,1,606,606,NOT_OBSERVED_PAPI,807,KNOWN_ZERO_BELOW_PAPI_DETAIL_CAP,2,2,2,2.0,,,2.0,2,0,2,CORE_STRICT_COUNT,DIRECT_REPORTED_CHAIN_COMPLETE,2.46293343382214
92972081,92972080.0,1,3,1,2,KNOWN_EXACT,808,KNOWN_ZERO_BELOW_CATI_CAWI_DETAIL_CAP,4,4,6,4.0,,2.0,6.0,4,2,6,CORE_STRICT_COUNT,MIXED_DIRECT_RBW_UNTIMED,3.13537093763183
92972082,92972080.0,2,1,206,206,NOT_OBSERVED_PROXY,808,KNOWN_ZERO_BELOW_CATI_CAWI_DETAIL_CAP,5,5,5,5.0,,,5.0,5,0,5,CORE_STRICT_COUNT,DIRECT_REPORTED_CHAIN_COMPLETE,3.42963210861452
92972811,92972810.0,1,1,2,607,EXPLICIT_NO_RBW,808,KNOWN_ZERO_BELOW_CATI_CAWI_DETAIL_CAP,3,3,3,3.0,,,3.0,3,0,3,CORE_STRICT_COUNT,DIRECT_REPORTED_CHAIN_COMPLETE,1.17251548955211
92972812,92972810.0,2,0,602,602,NO_OUT_OF_HOME_ACTIVITY_OR_DOMESTIC_TRIPS,801,NOT_APPLICABLE_NOT_MOBILE,0,0,0,0.0,,,0.0,0,0,0,CORE_STRICT_COUNT,ZERO_TRIP_COMPLETE,1.23298507467048
92973461,92973460.0,1,0,404,404,NOT_APPLICABLE_NOT_EMPLOYED,801,NOT_APPLICABLE_NOT_MOBILE,0,0,0,0.0,,,0.0,0,0,0,CORE_STRICT_COUNT,ZERO_TRIP_COMPLETE,3.78115288833432
92973462,92973460.0,2,0,404,404,NOT_APPLICABLE_NOT_EMPLOYED,801,NOT_APPLICABLE_NOT_MOBILE,0,0,0,0.0,,,0.0,0,0,0,CORE_STRICT_COUNT,ZERO_TRIP_COMPLETE,5.25607860876728
92974311,92974310.0,1,0,404,404,NOT_APPLICABLE_NOT_EMPLOYED,801,NOT_APPLICABLE_NOT_MOBILE,0,0,0,0.0,,,0.0,0,0,0,CORE_STRICT_COUNT,ZERO_TRIP_COMPLETE,1.42785968755553
92974312,92974310.0,2,1,206,206,NOT_OBSERVED_PROXY,808,KNOWN_ZERO_BELOW_CATI_CAWI_DETAIL_CAP,2,2,2,2.0,,,2.0,2,0,2,CORE_STRICT_COUNT,DIRECT_REPORTED_CHAIN_COMPLETE,2.36095652956475
92976031,92976030.0,1,1,406,406,NOT_OBSERVED_SECONDARY_EMPLOYMENT,808,KNOWN_ZERO_BELOW_CATI_CAWI_DETAIL_CAP,7,7,7,7.0,,,7.0,7,0,7,CORE_STRICT_COUNT,DIRECT_REPORTED_CHAIN_COMPLETE,5.5414749715266
92976181,92976180.0,1,1,406,406,NOT_OBSERVED_SECONDARY_EMPLOYMENT,808,KNOWN_ZERO_BELOW_CATI_CAWI_DETAIL_CAP,3,3,3,3.0,,,3.0,3,0,3,CORE_STRICT_COUNT,DIRECT_REPORTED_CHAIN_COMPLETE,3.43351535237847
92976182,92976180.0,2,1,206,206,NOT_OBSERVED_PROXY,808,KNOWN_ZERO_BELOW_CATI_CAWI_DETAIL_CAP,3,3,3,3.0,,,3.0,3,0,3,CORE_STRICT_COUNT,DIRECT_REPORTED_CHAIN_COMPLETE,3.43351535237847
92977201,92977200.0,1,5,2,607,EXPLICIT_NO_RBW,803,UNAVAILABLE_NO_TRIP_PROTOCOL,803,803,803,,,,,0,0,0,EXCLUDED_COUNT_UNOBSERVED,TRIP_DAY_NO_ROWS,7.66165353046057
92977721,92977720.0,1,1,2,607,EXPLICIT_NO_RBW,808,KNOWN_ZERO_BELOW_CATI_CAWI_DETAIL_CAP,3,3,3,3.0,,,3.0,3,0,3,CORE_STRICT_COUNT,DIRECT_REPORTED_CHAIN_COMPLETE,1.46318473080144
92977723,92977720.0,3,1,404,404,NOT_APPLICABLE_NOT_EMPLOYED,808,KNOWN_ZERO_BELOW_CATI_CAWI_DETAIL_CAP,2,2,2,2.0,,,2.0,2,0,2,CORE_STRICT_COUNT,DIRECT_REPORTED_CHAIN_COMPLETE,4.47881482832088
92977725,92977720.0,5,1,403,403,NOT_APPLICABLE_UNDER_16,808,KNOWN_ZERO_BELOW_CATI_CAWI_DETAIL_CAP,2,2,2,2.0,,,2.0,2,0,2,CORE_STRICT_COUNT,DIRECT_REPORTED_CHAIN_COMPLETE,2.42039787010917
92977951,92977950.0,1,1,606,606,NOT_OBSERVED_PAPI,807,KNOWN_ZERO_BELOW_PAPI_DETAIL_CAP,2,2,2,2.0,,,2.0,2,0,2,CORE_STRICT_COUNT,DIRECT_REPORTED_CHAIN_COMPLETE,2.83674844708719
92977952,92977950.0,2,1,606,606,NOT_OBSERVED_PAPI,807,KNOWN_ZERO_BELOW_PAPI_DETAIL_CAP,3,3,3,3.0,,,3.0,3,0,3,CORE_STRICT_COUNT,DIRECT_REPORTED_CHAIN_COMPLETE,3.47370722234944
92978691,92978690.0,1,1,2,607,EXPLICIT_NO_RBW,808,KNOWN_ZERO_BELOW_CATI_CAWI_DETAIL_CAP,5,5,5,5.0,,,5.0,5,0,5,CORE_STRICT_COUNT,DIRECT_REPORTED_CHAIN_COMPLETE,5.98162372725829
92978692,92978690.0,2,3,1,20,KNOWN_EXACT,808,KNOWN_ZERO_BELOW_CATI_CAWI_DETAIL_CAP,6,6,26,6.0,,20.0,26.0,6,20,26,CORE_STRICT_COUNT,MIXED_DIRECT_RBW_UNTIMED,10.9350191005676
92978693,92978690.0,3,1,403,403,NOT_APPLICABLE_UNDER_16,808,KNOWN_ZERO_BELOW_CATI_CAWI_DETAIL_CAP,4,4,4,4.0,,,4.0,4,0,4,CORE_STRICT_COUNT,DIRECT_REPORTED_CHAIN_COMPLETE,5.54213617133844
92978694,92978690.0,4,1,403,403,NOT_APPLICABLE_UNDER_16,808,KNOWN_ZERO_BELOW_CATI_CAWI_DETAIL_CAP,4,4,4,4.0,,,4.0,4,0,4,CORE_STRICT_COUNT,DIRECT_REPORTED_CHAIN_COMPLETE,5.02216461952865
92978841,92978840.0,1,1,606,606,NOT_OBSERVED_PAPI,807,KNOWN_ZERO_BELOW_PAPI_DETAIL_CAP,1,1,1,1.0,,,1.0,1,0,1,CORE_STRICT_COUNT,DIRECT_REPORTED_CHAIN_COMPLETE,3.60891540897997
92979171,92979170.0,1,5,2,607,EXPLICIT_NO_RBW,803,UNAVAILABLE_NO_TRIP_PROTOCOL,803,803,803,,,,,0,0,0,EXCLUDED_COUNT_UNOBSERVED,TRIP_DAY_NO_ROWS,4.5586708866126
92979381,92979380.0,1,3,1,2,KNOWN_EXACT,807,KNOWN_ZERO_BELOW_PAPI_DETAIL_CAP,3,3,5,3.0,,2.0,5.0,3,2,5,CORE_STRICT_COUNT,MIXED_DIRECT_RBW_UNTIMED,8.33201296590306
92979811,92979810.0,1,1,2,607,EXPLICIT_NO_RBW,807,KNOWN_ZERO_BELOW_PAPI_DETAIL_CAP,1,1,1,1.0,,,1.0,1,0,1,CORE_STRICT_COUNT,DIRECT_REPORTED_CHAIN_COMPLETE,7.71244169857267
92979812,92979810.0,2,1,2,607,EXPLICIT_NO_RBW,807,KNOWN_ZERO_BELOW_PAPI_DETAIL_CAP,3,3,3,3.0,,,3.0,3,0,3,CORE_STRICT_COUNT,DIRECT_REPORTED_CHAIN_COMPLETE,7.71086564700451
92981171,92981170.0,1,0,602,602,NO_OUT_OF_HOME_ACTIVITY_OR_DOMESTIC_TRIPS,801,NOT_APPLICABLE_NOT_MOBILE,0,0,0,0.0,,,0.0,0,0,0,CORE_STRICT_COUNT,ZERO_TRIP_COMPLETE,2.30035828237501
92981172,92981170.0,2,0,206,206,NOT_OBSERVED_PROXY,801,NOT_APPLICABLE_NOT_MOBILE,0,0,0,0.0,,,0.0,0,0,0,CORE_STRICT_COUNT,ZERO_TRIP_COMPLETE,3.94700672109946
92981251,92981250.0,1,1,2,607,EXPLICIT_NO_RBW,808,KNOWN_ZERO_BELOW_CATI_CAWI_DETAIL_CAP,2,2,2,2.0,,,2.0,2,0,2,CORE_STRICT_COUNT,DIRECT_REPORTED_CHAIN_COMPLETE,5.99998701653939
92981252,92981250.0,2,1,2,607,EXPLICIT_NO_RBW,808,KNOWN_ZERO_BELOW_CATI_CAWI_DETAIL_CAP,2,2,2,2.0,,,2.0,2,0,2,CORE_STRICT_COUNT,DIRECT_REPORTED_CHAIN_COMPLETE,4.48680457916405
92981253,92981250.0,3,1,403,403,NOT_APPLICABLE_UNDER_16,808,KNOWN_ZERO_BELOW_CATI_CAWI_DETAIL_CAP,2,2,2,2.0,,,2.0,2,0,2,CORE_STRICT_COUNT,DIRECT_REPORTED_CHAIN_COMPLETE,7.72194398468614
92981441,92981440.0,1,1,2,607,EXPLICIT_NO_RBW,807,KNOWN_ZERO_BELOW_PAPI_DETAIL_CAP,2,2,2,2.0,,,2.0,2,0,2,CORE_STRICT_COUNT,DIRECT_REPORTED_CHAIN_COMPLETE,6.52648341784219
92981442,92981440.0,2,1,2,607,EXPLICIT_NO_RBW,807,KNOWN_ZERO_BELOW_PAPI_DETAIL_CAP,4,4,4,4.0,,,4.0,4,0,4,CORE_STRICT_COUNT,DIRECT_REPORTED_CHAIN_COMPLETE,5.1982926340088
92981443,92981440.0,3,1,2,607,EXPLICIT_NO_RBW,807,KNOWN_ZERO_BELOW_PAPI_DETAIL_CAP,2,2,2,2.0,,,2.0,2,0,2,CORE_STRICT_COUNT,DIRECT_REPORTED_CHAIN_COMPLETE,8.94399990116625
92982051,92982050.0,1,1,606,606,NOT_OBSERVED_PAPI,807,KNOWN_ZERO_BELOW_PAPI_DETAIL_CAP,2,2,2,2.0,,,2.0,2,0,2,CORE_STRICT_COUNT,DIRECT_REPORTED_CHAIN_COMPLETE,3.9318014168437
92983841,92983840.0,1,1,404,404,NOT_APPLICABLE_NOT_EMPLOYED,808,KNOWN_ZERO_BELOW_CATI_CAWI_DETAIL_CAP,4,4,4,4.0,,,4.0,4,0,4,CORE_STRICT_COUNT,DIRECT_REPORTED_CHAIN_COMPLETE,5.60634208835736
92985401,92985400.0,1,1,606,606,NOT_OBSERVED_PAPI,807,KNOWN_ZERO_BELOW_PAPI_DETAIL_CAP,3,3,3,3.0,,,3.0,3,0,3,CORE_STRICT_COUNT,DIRECT_REPORTED_CHAIN_COMPLETE,0.517627619680961
92985402,92985400.0,2,1,606,606,NOT_OBSERVED_PAPI,807,KNOWN_ZERO_BELOW_PAPI_DETAIL_CAP,3,3,3,3.0,,,3.0,3,0,3,CORE_STRICT_COUNT,DIRECT_REPORTED_CHAIN_COMPLETE,1.44801664617207
92987381,92987380.0,1,1,404,404,NOT_APPLICABLE_NOT_EMPLOYED,808,KNOWN_ZERO_BELOW_CATI_CAWI_DETAIL_CAP,7,7,7,7.0,,,7.0,7,0,7,CORE_STRICT_COUNT,DIRECT_REPORTED_CHAIN_COMPLETE,1.52232024218921
92987382,92987380.0,2,1,206,206,NOT_OBSERVED_PROXY,808,KNOWN_ZERO_BELOW_CATI_CAWI_DETAIL_CAP,6,6,6,6.0,,,6.0,6,0,6,CORE_STRICT_COUNT,DIRECT_REPORTED_CHAIN_COMPLETE,0.74584517922027
92987991,92987990.0,1,4,406,406,NOT_OBSERVED_SECONDARY_EMPLOYMENT,801,NOT_APPLICABLE_NOT_MOBILE,0,0,0,0.0,,,0.0,0,0,0,EXCLUDED_OUT_OF_SCOPE,OUT_OF_SCOPE_FAR_ABROAD,4.51388252844394
92988381,92988380.0,1,0,602,602,NO_OUT_OF_HOME_ACTIVITY_OR_DOMESTIC_TRIPS,801,NOT_APPLICABLE_NOT_MOBILE,0,0,0,0.0,,,0.0,0,0,0,CORE_STRICT_COUNT,ZERO_TRIP_COMPLETE,1.69411222455358
92988382,92988380.0,2,1,206,206,NOT_OBSERVED_PROXY,808,KNOWN_ZERO_BELOW_CATI_CAWI_DETAIL_CAP,2,2,2,2.0,,,2.0,2,0,2,CORE_STRICT_COUNT,DIRECT_REPORTED_CHAIN_COMPLETE,1.82558652411809
92988511,92988510.0,1,1,2,607,EXPLICIT_NO_RBW,807,KNOWN_ZERO_BELOW_PAPI_DETAIL_CAP,4,4,4,4.0,,,4.0,4,0,4,CORE_STRICT_COUNT,DIRECT_REPORTED_CHAIN_COMPLETE,0.676940015594716
92988512,92988510.0,2,1,2,607,EXPLICIT_NO_RBW,807,KNOWN_ZERO_BELOW_PAPI_DETAIL_CAP,3,3,3,3.0,,,3.0,3,0,3,CORE_STRICT_COUNT,DIRECT_REPORTED_CHAIN_COMPLETE,0.800082047566388
92988981,92988980.0,1,1,606,606,NOT_OBSERVED_PAPI,807,KNOWN_ZERO_BELOW_PAPI_DETAIL_CAP,1,1,1,1.0,,,1.0,1,0,1,CORE_STRICT_COUNT,DIRECT_REPORTED_CHAIN_COMPLETE,5.60634208835736
92989161,92989160.0,1,1,2,607,EXPLICIT_NO_RBW,808,KNOWN_ZERO_BELOW_CATI_CAWI_DETAIL_CAP,4,4,4,4.0,,,4.0,4,0,4,CORE_STRICT_COUNT,DIRECT_REPORTED_CHAIN_COMPLETE,3.52101160154023
92990401,92990400.0,1,1,2,607,EXPLICIT_NO_RBW,807,KNOWN_ZERO_BELOW_PAPI_DETAIL_CAP,5,5,5,5.0,,,5.0,5,0,5,CORE_STRICT_COUNT,DIRECT_REPORTED_CHAIN_COMPLETE,1.62922768330126
92990402,92990400.0,2,3,1,2,KNOWN_EXACT,807,KNOWN_ZERO_BELOW_PAPI_DETAIL_CAP,3,3,5,3.0,,2.0,5.0,3,2,5,CORE_STRICT_COUNT,MIXED_DIRECT_RBW_UNTIMED,1.19721572622774
92990404,92990400.0,4,1,606,606,NOT_OBSERVED_PAPI,807,KNOWN_ZERO_BELOW_PAPI_DETAIL_CAP,4,4,4,4.0,,,4.0,4,0,4,CORE_STRICT_COUNT,DIRECT_REPORTED_CHAIN_COMPLETE,3.94908612172216
92991521,92991520.0,1,1,606,606,NOT_OBSERVED_PAPI,807,KNOWN_ZERO_BELOW_PAPI_DETAIL_CAP,6,6,6,6.0,,,6.0,6,0,6,CORE_STRICT_COUNT,DIRECT_REPORTED_CHAIN_COMPLETE,4.24192347646928
92991522,92991520.0,2,1,606,606,NOT_OBSERVED_PAPI,807,KNOWN_ZERO_BELOW_PAPI_DETAIL_CAP,2,2,2,2.0,,,2.0,2,0,2,CORE_STRICT_COUNT,DIRECT_REPORTED_CHAIN_COMPLETE,1.76656673162475
92991601,92991600.0,1,3,1,4,KNOWN_EXACT,807,KNOWN_ZERO_BELOW_PAPI_DETAIL_CAP,2,2,6,2.0,,4.0,6.0,2,4,6,CORE_STRICT_COUNT,MIXED_DIRECT_RBW_UNTIMED,14.0962499442526
92991941,92991940.0,1,0,404,404,NOT_APPLICABLE_NOT_EMPLOYED,801,NOT_APPLICABLE_NOT_MOBILE,0,0,0,0.0,,,0.0,0,0,0,CORE_STRICT_COUNT,ZERO_TRIP_COMPLETE,4.57833121647793
92992311,92992310.0,1,1,2,607,EXPLICIT_NO_RBW,807,KNOWN_ZERO_BELOW_PAPI_DETAIL_CAP,7,7,7,7.0,,,7.0,7,0,7,CORE_STRICT_COUNT,DIRECT_REPORTED_CHAIN_COMPLETE,5.99998701653939
92992312,92992310.0,2,1,2,607,EXPLICIT_NO_RBW,807,KNOWN_ZERO_BELOW_PAPI_DETAIL_CAP,1,1,1,1.0,,,1.0,1,0,1,CORE_STRICT_COUNT,DIRECT_REPORTED_CHAIN_COMPLETE,4.39907568840898
92992313,92992310.0,3,1,403,403,NOT_APPLICABLE_UNDER_16,807,KNOWN_ZERO_BELOW_PAPI_DETAIL_CAP,4,4,4,4.0,,,4.0,4,0,4,CORE_STRICT_COUNT,DIRECT_REPORTED_CHAIN_COMPLETE,7.72194398468614
92992314,92992310.0,4,1,403,403,NOT_APPLICABLE_UNDER_16,807,KNOWN_ZERO_BELOW_PAPI_DETAIL_CAP,3,3,3,3.0,,,3.0,3,0,3,CORE_STRICT_COUNT,DIRECT_REPORTED_CHAIN_COMPLETE,7.95247346124749
92994551,92994550.0,1,1,2,607,EXPLICIT_NO_RBW,807,KNOWN_ZERO_BELOW_PAPI_DETAIL_CAP,4,4,4,4.0,,,4.0,4,0,4,CORE_STRICT_COUNT,DIRECT_REPORTED_CHAIN_COMPLETE,3.8850830192331
92996551,92996550.0,1,1,606,606,NOT_OBSERVED_PAPI,807,KNOWN_ZERO_BELOW_PAPI_DETAIL_CAP,2,2,2,2.0,,,2.0,2,0,2,CORE_STRICT_COUNT,DIRECT_REPORTED_CHAIN_COMPLETE,4.98466011076552
92996552,92996550.0,2,1,606,606,NOT_OBSERVED_PAPI,807,KNOWN_ZERO_BELOW_PAPI_DETAIL_CAP,3,3,3,3.0,,,3.0,3,0,3,CORE_STRICT_COUNT,DIRECT_REPORTED_CHAIN_COMPLETE,3.71519590499245
92996911,92996910.0,1,0,206,206,NOT_OBSERVED_PROXY,801,NOT_APPLICABLE_NOT_MOBILE,0,0,0,0.0,,,0.0,0,0,0,CORE_STRICT_COUNT,ZERO_TRIP_COMPLETE,2.21563112955381
92996912,92996910.0,2,0,404,404,NOT_APPLICABLE_NOT_EMPLOYED,801,NOT_APPLICABLE_NOT_MOBILE,0,0,0,0.0,,,0.0,0,0,0,CORE_STRICT_COUNT,ZERO_TRIP_COMPLETE,1.56107078201657
92997751,92997750.0,1,3,1,4,KNOWN_EXACT,807,KNOWN_ZERO_BELOW_PAPI_DETAIL_CAP,7,7,11,7.0,,4.0,11.0,7,4,11,CORE_STRICT_COUNT,MIXED_DIRECT_RBW_UNTIMED,2.49488561656435
92997752,92997750.0,2,1,606,606,NOT_OBSERVED_PAPI,807,KNOWN_ZERO_BELOW_PAPI_DETAIL_CAP,2,2,2,2.0,,,2.0,2,0,2,CORE_STRICT_COUNT,DIRECT_REPORTED_CHAIN_COMPLETE,2.21323674182624
92999851,92999850.0,1,1,2,607,EXPLICIT_NO_RBW,808,KNOWN_ZERO_BELOW_CATI_CAWI_DETAIL_CAP,3,3,3,3.0,,,3.0,3,0,3,CORE_STRICT_COUNT,DIRECT_REPORTED_CHAIN_COMPLETE,4.48680457916405
93000701,93000700.0,1,1,2,607,EXPLICIT_NO_RBW,807,KNOWN_ZERO_BELOW_PAPI_DETAIL_CAP,2,2,2,2.0,,,2.0,2,0,2,CORE_STRICT_COUNT,DIRECT_REPORTED_CHAIN_COMPLETE,5.38104863614569
93000702,93000700.0,2,1,2,607,EXPLICIT_NO_RBW,807,KNOWN_ZERO_BELOW_PAPI_DETAIL_CAP,2,2,2,2.0,,,2.0,2,0,2,CORE_STRICT_COUNT,DIRECT_REPORTED_CHAIN_COMPLETE,8.26326601306029
93000703,93000700.0,3,1,403,403,NOT_APPLICABLE_UNDER_16,807,KNOWN_ZERO_BELOW_PAPI_DETAIL_CAP,2,2,2,2.0,,,2.0,2,0,2,CORE_STRICT_COUNT,DIRECT_REPORTED_CHAIN_COMPLETE,6.95551943047919
93002661,93002660.0,1,1,2,607,EXPLICIT_NO_RBW,807,KNOWN_ZERO_BELOW_PAPI_DETAIL_CAP,1,1,1,1.0,,,1.0,1,0,1,CORE_STRICT_COUNT,DIRECT_REPORTED_CHAIN_COMPLETE,4.00883703509376
93003931,93003930.0,1,1,2,607,EXPLICIT_NO_RBW,807,KNOWN_ZERO_BELOW_PAPI_DETAIL_CAP,2,2,2,2.0,,,2.0,2,0,2,CORE_STRICT_COUNT,DIRECT_REPORTED_CHAIN_COMPLETE,2.12941433216668
93003932,93003930.0,2,1,2,607,EXPLICIT_NO_RBW,807,KNOWN_ZERO_BELOW_PAPI_DETAIL_CAP,2,2,2,2.0,,,2.0,2,0,2,CORE_STRICT_COUNT,DIRECT_REPORTED_CHAIN_COMPLETE,2.01692436312707
93006061,93006060.0,1,1,2,607,EXPLICIT_NO_RBW,808,KNOWN_ZERO_BELOW_CATI_CAWI_DETAIL_CAP,4,4,4,4.0,,,4.0,4,0,4,CORE_STRICT_COUNT,DIRECT_REPORTED_CHAIN_COMPLETE,1.48918273737103
93006062,93006060.0,2,1,206,206,NOT_OBSERVED_PROXY,808,KNOWN_ZERO_BELOW_CATI_CAWI_DETAIL_CAP,2,2,2,2.0,,,2.0,2,0,2,CORE_STRICT_COUNT,DIRECT_REPORTED_CHAIN_COMPLETE,1.41614838833941
93006541,93006540.0,1,3,1,2,KNOWN_EXACT,807,KNOWN_ZERO_BELOW_PAPI_DETAIL_CAP,5,5,7,5.0,,2.0,7.0,5,2,7,CORE_STRICT_COUNT,MIXED_DIRECT_RBW_UNTIMED,5.51084841623137
93008311,93008310.0,1,1,2,607,EXPLICIT_NO_RBW,808,KNOWN_ZERO_BELOW_CATI_CAWI_DETAIL_CAP,2,2,2,2.0,,,2.0,2,0,2,CORE_STRICT_COUNT,DIRECT_REPORTED_CHAIN_COMPLETE,2.07430925230927
93008312,93008310.0,2,1,206,206,NOT_OBSERVED_PROXY,808,KNOWN_ZERO_BELOW_CATI_CAWI_DETAIL_CAP,2,2,2,2.0,,,2.0,2,0,2,CORE_STRICT_COUNT,DIRECT_REPORTED_CHAIN_COMPLETE,2.94233194021143
93009011,93009010.0,1,1,404,404,NOT_APPLICABLE_NOT_EMPLOYED,808,KNOWN_ZERO_BELOW_CATI_CAWI_DETAIL_CAP,3,3,3,3.0,,,3.0,3,0,3,CORE_STRICT_COUNT,DIRECT_REPORTED_CHAIN_COMPLETE,2.24310639249801
93009171,93009170.0,1,1,2,607,EXPLICIT_NO_RBW,808,KNOWN_ZERO_BELOW_CATI_CAWI_DETAIL_CAP,6,6,6,6.0,,,6.0,6,0,6,CORE_STRICT_COUNT,DIRECT_REPORTED_CHAIN_COMPLETE,0.708951228373921
93009172,93009170.0,2,1,2,607,EXPLICIT_NO_RBW,808,KNOWN_ZERO_BELOW_CATI_CAWI_DETAIL_CAP,3,3,3,3.0,,,3.0,3,0,3,CORE_STRICT_COUNT,DIRECT_REPORTED_CHAIN_COMPLETE,1.33176581670032
93009173,93009170.0,3,0,406,406,NOT_OBSERVED_SECONDARY_EMPLOYMENT,801,NOT_APPLICABLE_NOT_MOBILE,0,0,0,0.0,,,0.0,0,0,0,CORE_STRICT_COUNT,ZERO_TRIP_COMPLETE,1.66653641718105
93009211,93009210.0,1,1,404,404,NOT_APPLICABLE_NOT_EMPLOYED,808,KNOWN_ZERO_BELOW_CATI_CAWI_DETAIL_CAP,2,2,2,2.0,,,2.0,2,0,2,CORE_STRICT_COUNT,DIRECT_REPORTED_CHAIN_COMPLETE,5.51084841623137
93009851,93009850.0,1,1,2,607,EXPLICIT_NO_RBW,808,KNOWN_ZERO_BELOW_CATI_CAWI_DETAIL_CAP,3,3,3,3.0,,,3.0,3,0,3,CORE_STRICT_COUNT,DIRECT_REPORTED_CHAIN_COMPLETE,8.33201296590306
93010141,93010140.0,1,1,2,607,EXPLICIT_NO_RBW,808,KNOWN_ZERO_BELOW_CATI_CAWI_DETAIL_CAP,3,3,3,3.0,,,3.0,3,0,3,CORE_STRICT_COUNT,DIRECT_REPORTED_CHAIN_COMPLETE,4.50406593140805
93010231,93010230.0,1,1,2,607,EXPLICIT_NO_RBW,807,KNOWN_ZERO_BELOW_PAPI_DETAIL_CAP,4,4,4,4.0,,,4.0,4,0,4,CORE_STRICT_COUNT,DIRECT_REPORTED_CHAIN_COMPLETE,2.54546540328683
93010361,93010360.0,1,1,404,404,NOT_APPLICABLE_NOT_EMPLOYED,808,KNOWN_ZERO_BELOW_CATI_CAWI_DETAIL_CAP,6,6,6,6.0,,,6.0,6,0,6,CORE_STRICT_COUNT,DIRECT_REPORTED_CHAIN_COMPLETE,1.40417040391311
93010362,93010360.0,2,1,2,607,EXPLICIT_NO_RBW,808,KNOWN_ZERO_BELOW_CATI_CAWI_DETAIL_CAP,5,5,5,5.0,,,5.0,5,0,5,CORE_STRICT_COUNT,DIRECT_REPORTED_CHAIN_COMPLETE,1.83709947241943
93010391,93010390.0,1,1,2,607,EXPLICIT_NO_RBW,807,KNOWN_ZERO_BELOW_PAPI_DETAIL_CAP,4,4,4,4.0,,,4.0,4,0,4,CORE_STRICT_COUNT,DIRECT_REPORTED_CHAIN_COMPLETE,2.67648094574817
93011211,93011210.0,1,1,2,607,EXPLICIT_NO_RBW,807,KNOWN_ZERO_BELOW_PAPI_DETAIL_CAP,4,4,4,4.0,,,4.0,4,0,4,CORE_STRICT_COUNT,DIRECT_REPORTED_CHAIN_COMPLETE,3.00816199450553
93011212,93011210.0,2,1,2,607,EXPLICIT_NO_RBW,807,KNOWN_ZERO_BELOW_PAPI_DETAIL_CAP,3,3,3,3.0,,,3.0,3,0,3,CORE_STRICT_COUNT,DIRECT_REPORTED_CHAIN_COMPLETE,2.38308438404624
93011213,93011210.0,3,6,606,606,NOT_OBSERVED_PAPI,803,UNAVAILABLE_NO_TRIP_PROTOCOL,803,803,803,,,,,0,0,0,EXCLUDED_REPORTING_RISK,NO_TRIP_REPORTING_RISK,2.896853665837
93012191,93012190.0,1,1,2,607,EXPLICIT_NO_RBW,808,KNOWN_ZERO_BELOW_CATI_CAWI_DETAIL_CAP,3,3,3,3.0,,,3.0,3,0,3,CORE_STRICT_COUNT,DIRECT_REPORTED_CHAIN_COMPLETE,3.67132536671076
93012192,93012190.0,2,0,602,602,NO_OUT_OF_HOME_ACTIVITY_OR_DOMESTIC_TRIPS,801,NOT_APPLICABLE_NOT_MOBILE,0,0,0,0.0,,,0.0,0,0,0,CORE_STRICT_COUNT,ZERO_TRIP_COMPLETE,1.52985777730815
93012491,93012490.0,1,5,2,607,EXPLICIT_NO_RBW,803,UNAVAILABLE_NO_TRIP_PROTOCOL,803,803,803,,,,,0,0,0,EXCLUDED_COUNT_UNOBSERVED,TRIP_DAY_NO_ROWS,4.37100000464347
93014251,93014250.0,1,1,2,607,EXPLICIT_NO_RBW,808,KNOWN_ZERO_BELOW_CATI_CAWI_DETAIL_CAP,2,2,2,2.0,,,2.0,2,0,2,CORE_STRICT_COUNT,DIRECT_REPORTED_CHAIN_COMPLETE,1.37158869584649
93014252,93014250.0,2,1,2,607,EXPLICIT_NO_RBW,808,KNOWN_ZERO_BELOW_CATI_CAWI_DETAIL_CAP,2,2,2,2.0,,,2.0,2,0,2,CORE_STRICT_COUNT,DIRECT_REPORTED_CHAIN_COMPLETE,1.46992000124637
93014253,93014250.0,3,1,404,404,NOT_APPLICABLE_NOT_EMPLOYED,808,KNOWN_ZERO_BELOW_CATI_CAWI_DETAIL_CAP,2,2,2,2.0,,,2.0,2,0,2,CORE_STRICT_COUNT,DIRECT_REPORTED_CHAIN_COMPLETE,1.28126175928652
93014451,93014450.0,1,1,2,607,EXPLICIT_NO_RBW,807,KNOWN_ZERO_BELOW_PAPI_DETAIL_CAP,3,3,3,3.0,,,3.0,3,0,3,CORE_STRICT_COUNT,DIRECT_REPORTED_CHAIN_COMPLETE,5.60634208835736
93014461,93014460.0,1,1,2,607,EXPLICIT_NO_RBW,808,KNOWN_ZERO_BELOW_CATI_CAWI_DETAIL_CAP,5,5,5,5.0,,,5.0,5,0,5,CORE_STRICT_COUNT,DIRECT_REPORTED_CHAIN_COMPLETE,1.8886000340762
93014462,93014460.0,2,1,2,607,EXPLICIT_NO_RBW,808,KNOWN_ZERO_BELOW_CATI_CAWI_DETAIL_CAP,5,5,5,5.0,,,5.0,5,0,5,CORE_STRICT_COUNT,DIRECT_REPORTED_CHAIN_COMPLETE,1.95711704040094
93014463,93014460.0,3,1,403,403,NOT_APPLICABLE_UNDER_16,808,KNOWN_ZERO_BELOW_CATI_CAWI_DETAIL_CAP,3,3,3,3.0,,,3.0,3,0,3,CORE_STRICT_COUNT,DIRECT_REPORTED_CHAIN_COMPLETE,3.41413576708293
93014464,93014460.0,4,1,403,403,NOT_APPLICABLE_UNDER_16,808,KNOWN_ZERO_BELOW_CATI_CAWI_DETAIL_CAP,3,3,3,3.0,,,3.0,3,0,3,CORE_STRICT_COUNT,DIRECT_REPORTED_CHAIN_COMPLETE,3.06718376602412
93014721,93014720.0,1,1,404,404,NOT_APPLICABLE_NOT_EMPLOYED,808,KNOWN_ZERO_BELOW_CATI_CAWI_DETAIL_CAP,5,5,5,5.0,,,5.0,5,0,5,CORE_STRICT_COUNT,DIRECT_REPORTED_CHAIN_COMPLETE,3.77570335470069
93015531,93015530.0,1,1,404,404,NOT_APPLICABLE_NOT_EMPLOYED,808,KNOWN_ZERO_BELOW_CATI_CAWI_DETAIL_CAP,4,4,4,4.0,,,4.0,4,0,4,CORE_STRICT_COUNT,DIRECT_REPORTED_CHAIN_COMPLETE,8.9559167437867
93018811,93018810.0,1,1,404,404,NOT_APPLICABLE_NOT_EMPLOYED,808,KNOWN_ZERO_BELOW_CATI_CAWI_DETAIL_CAP,1,1,1,1.0,,,1.0,1,0,1,CORE_STRICT_COUNT,DIRECT_REPORTED_CHAIN_COMPLETE,1.16699614840943
93018812,93018810.0,2,1,404,404,NOT_APPLICABLE_NOT_EMPLOYED,808,KNOWN_ZERO_BELOW_CATI_CAWI_DETAIL_CAP,3,3,3,3.0,,,3.0,3,0,3,CORE_STRICT_COUNT,DIRECT_REPORTED_CHAIN_COMPLETE,0.978036673370006
93018931,93018930.0,1,5,606,606,NOT_OBSERVED_PAPI,803,UNAVAILABLE_NO_TRIP_PROTOCOL,803,803,803,,,,,0,0,0,EXCLUDED_COUNT_UNOBSERVED,TRIP_DAY_NO_ROWS,2.84785364460875
93020351,93020350.0,1,1,404,404,NOT_APPLICABLE_NOT_EMPLOYED,808,KNOWN_ZERO_BELOW_CATI_CAWI_DETAIL_CAP,2,2,2,2.0,,,2.0,2,0,2,CORE_STRICT_COUNT,DIRECT_REPORTED_CHAIN_COMPLETE,1.22074817366249
93020352,93020350.0,2,0,206,206,NOT_OBSERVED_PROXY,801,NOT_APPLICABLE_NOT_MOBILE,0,0,0,0.0,,,0.0,0,0,0,CORE_STRICT_COUNT,ZERO_TRIP_COMPLETE,2.46430251758914
93020821,93020820.0,1,1,404,404,NOT_APPLICABLE_NOT_EMPLOYED,808,KNOWN_ZERO_BELOW_CATI_CAWI_DETAIL_CAP,1,1,1,1.0,,,1.0,1,0,1,CORE_STRICT_COUNT,DIRECT_REPORTED_CHAIN_COMPLETE,18.0044102091985
93021161,93021160.0,1,1,2,607,EXPLICIT_NO_RBW,808,KNOWN_ZERO_BELOW_CATI_CAWI_DETAIL_CAP,5,5,5,5.0,,,5.0,5,0,5,CORE_STRICT_COUNT,DIRECT_REPORTED_CHAIN_COMPLETE,2.2468753715399
93021162,93021160.0,2,1,206,206,NOT_OBSERVED_PROXY,808,KNOWN_ZERO_BELOW_CATI_CAWI_DETAIL_CAP,9,9,9,9.0,,,9.0,9,0,9,CORE_STRICT_COUNT,DIRECT_REPORTED_CHAIN_COMPLETE,2.9168631246891
93021811,93021810.0,1,1,2,607,EXPLICIT_NO_RBW,807,KNOWN_ZERO_BELOW_PAPI_DETAIL_CAP,3,3,3,3.0,,,3.0,3,0,3,CORE_STRICT_COUNT,DIRECT_REPORTED_CHAIN_COMPLETE,1.99710971152311
93021812,93021810.0,2,1,2,607,EXPLICIT_NO_RBW,807,KNOWN_ZERO_BELOW_PAPI_DETAIL_CAP,3,3,3,3.0,,,3.0,3,0,3,CORE_STRICT_COUNT,DIRECT_REPORTED_CHAIN_COMPLETE,8.75324433670487
93021813,93021810.0,3,1,403,403,NOT_APPLICABLE_UNDER_16,807,KNOWN_ZERO_BELOW_PAPI_DETAIL_CAP,3,3,3,3.0,,,3.0,3,0,3,CORE_STRICT_COUNT,DIRECT_REPORTED_CHAIN_COMPLETE,3.32794859940383
93021814,93021810.0,4,1,403,403,NOT_APPLICABLE_UNDER_16,807,KNOWN_ZERO_BELOW_PAPI_DETAIL_CAP,3,3,3,3.0,,,3.0,3,0,3,CORE_STRICT_COUNT,DIRECT_REPORTED_CHAIN_COMPLETE,4.03414565131981
93021981,93021980.0,1,1,606,606,NOT_OBSERVED_PAPI,807,KNOWN_ZERO_BELOW_PAPI_DETAIL_CAP,2,2,2,2.0,,,2.0,2,0,2,CORE_STRICT_COUNT,DIRECT_REPORTED_CHAIN_COMPLETE,2.08403406836702
93021982,93021980.0,2,1,606,606,NOT_OBSERVED_PAPI,807,KNOWN_ZERO_BELOW_PAPI_DETAIL_CAP,2,2,2,2.0,,,2.0,2,0,2,CORE_STRICT_COUNT,DIRECT_REPORTED_CHAIN_COMPLETE,3.0279091158016
93022161,93022160.0,1,1,606,606,NOT_OBSERVED_PAPI,807,KNOWN_ZERO_BELOW_PAPI_DETAIL_CAP,3,3,3,3.0,,,3.0,3,0,3,CORE_STRICT_COUNT,DIRECT_REPORTED_CHAIN_COMPLETE,3.19843767364534
93022521,93022520.0,1,1,406,406,NOT_OBSERVED_SECONDARY_EMPLOYMENT,808,KNOWN_ZERO_BELOW_CATI_CAWI_DETAIL_CAP,4,4,4,4.0,,,4.0,4,0,4,CORE_STRICT_COUNT,DIRECT_REPORTED_CHAIN_COMPLETE,2.24310639249801
93023241,93023240.0,1,1,2,607,EXPLICIT_NO_RBW,808,KNOWN_ZERO_BELOW_CATI_CAWI_DETAIL_CAP,2,2,2,2.0,,,2.0,2,0,2,CORE_STRICT_COUNT,DIRECT_REPORTED_CHAIN_COMPLETE,1.59329263769546
93023242,93023240.0,2,1,206,206,NOT_OBSERVED_PROXY,808,KNOWN_ZERO_BELOW_CATI_CAWI_DETAIL_CAP,2,2,2,2.0,,,2.0,2,0,2,CORE_STRICT_COUNT,DIRECT_REPORTED_CHAIN_COMPLETE,4.14036677380147
93024331,93024330.0,1,1,2,607,EXPLICIT_NO_RBW,808,KNOWN_ZERO_BELOW_CATI_CAWI_DETAIL_CAP,6,6,6,6.0,,,6.0,6,0,6,CORE_STRICT_COUNT,DIRECT_REPORTED_CHAIN_COMPLETE,1.20070390951837
93024332,93024330.0,2,0,206,206,NOT_OBSERVED_PROXY,801,NOT_APPLICABLE_NOT_MOBILE,0,0,0,0.0,,,0.0,0,0,0,CORE_STRICT_COUNT,ZERO_TRIP_COMPLETE,0.990844395235696
93024333,93024330.0,3,1,403,403,NOT_APPLICABLE_UNDER_16,808,KNOWN_ZERO_BELOW_CATI_CAWI_DETAIL_CAP,4,4,4,4.0,,,4.0,4,0,4,CORE_STRICT_COUNT,DIRECT_REPORTED_CHAIN_COMPLETE,1.73250206210005
93024334,93024330.0,4,1,403,403,NOT_APPLICABLE_UNDER_16,808,KNOWN_ZERO_BELOW_CATI_CAWI_DETAIL_CAP,2,2,2,2.0,,,2.0,2,0,2,CORE_STRICT_COUNT,DIRECT_REPORTED_CHAIN_COMPLETE,2.06645245361276
93025981,93025980.0,1,0,602,602,NO_OUT_OF_HOME_ACTIVITY_OR_DOMESTIC_TRIPS,801,NOT_APPLICABLE_NOT_MOBILE,0,0,0,0.0,,,0.0,0,0,0,CORE_STRICT_COUNT,ZERO_TRIP_COMPLETE,0.885377093505473
93025982,93025980.0,2,0,206,206,NOT_OBSERVED_PROXY,801,NOT_APPLICABLE_NOT_MOBILE,0,0,0,0.0,,,0.0,0,0,0,CORE_STRICT_COUNT,ZERO_TRIP_COMPLETE,3.0173999461861
93025983,93025980.0,3,0,602,602,NO_OUT_OF_HOME_ACTIVITY_OR_DOMESTIC_TRIPS,801,NOT_APPLICABLE_NOT_MOBILE,0,0,0,0.0,,,0.0,0,0,0,CORE_STRICT_COUNT,ZERO_TRIP_COMPLETE,4.49915347441407
93025984,93025980.0,4,1,2,607,EXPLICIT_NO_RBW,808,KNOWN_ZERO_BELOW_CATI_CAWI_DETAIL_CAP,2,2,2,2.0,,,2.0,2,0,2,CORE_STRICT_COUNT,DIRECT_REPORTED_CHAIN_COMPLETE,0.841955330649265
93026151,93026150.0,1,1,206,206,NOT_OBSERVED_PROXY,808,KNOWN_ZERO_BELOW_CATI_CAWI_DETAIL_CAP,5,5,5,5.0,,,5.0,5,0,5,CORE_STRICT_COUNT,DIRECT_REPORTED_CHAIN_COMPLETE,8.47521416552873
93026152,93026150.0,2,0,404,404,NOT_APPLICABLE_NOT_EMPLOYED,801,NOT_APPLICABLE_NOT_MOBILE,0,0,0,0.0,,,0.0,0,0,0,CORE_STRICT_COUNT,ZERO_TRIP_COMPLETE,2.71392187978326
93027111,93027110.0,1,0,606,606,NOT_OBSERVED_PAPI,801,NOT_APPLICABLE_NOT_MOBILE,0,0,0,0.0,,,0.0,0,0,0,CORE_STRICT_COUNT,ZERO_TRIP_COMPLETE,4.59136502435077
93027112,93027110.0,2,1,2,607,EXPLICIT_NO_RBW,807,KNOWN_ZERO_BELOW_PAPI_DETAIL_CAP,2,2,2,2.0,,,2.0,2,0,2,CORE_STRICT_COUNT,DIRECT_REPORTED_CHAIN_COMPLETE,2.35324889232714
93028101,93028100.0,1,1,2,607,EXPLICIT_NO_RBW,807,KNOWN_ZERO_BELOW_PAPI_DETAIL_CAP,3,3,3,3.0,,,3.0,3,0,3,CORE_STRICT_COUNT,DIRECT_REPORTED_CHAIN_COMPLETE,2.72774999916394
93028102,93028100.0,2,1,2,607,EXPLICIT_NO_RBW,807,KNOWN_ZERO_BELOW_PAPI_DETAIL_CAP,2,2,2,2.0,,,2.0,2,0,2,CORE_STRICT_COUNT,DIRECT_REPORTED_CHAIN_COMPLETE,3.43670085146001
93028341,93028340.0,1,1,606,606,NOT_OBSERVED_PAPI,807,KNOWN_ZERO_BELOW_PAPI_DETAIL_CAP,4,4,4,4.0,,,4.0,4,0,4,CORE_STRICT_COUNT,DIRECT_REPORTED_CHAIN_COMPLETE,5.431347571261
93028342,93028340.0,2,1,606,606,NOT_OBSERVED_PAPI,807,KNOWN_ZERO_BELOW_PAPI_DETAIL_CAP,2,2,2,2.0,,,2.0,2,0,2,CORE_STRICT_COUNT,DIRECT_REPORTED_CHAIN_COMPLETE,9.6789022326001
93028343,93028340.0,3,1,403,403,NOT_APPLICABLE_UNDER_16,807,KNOWN_ZERO_BELOW_PAPI_DETAIL_CAP,3,3,3,3.0,,,3.0,3,0,3,CORE_STRICT_COUNT,DIRECT_REPORTED_CHAIN_COMPLETE,12.0318780430868
93028344,93028340.0,4,1,403,403,NOT_APPLICABLE_UNDER_16,807,KNOWN_ZERO_BELOW_PAPI_DETAIL_CAP,2,2,2,2.0,,,2.0,2,0,2,CORE_STRICT_COUNT,DIRECT_REPORTED_CHAIN_COMPLETE,6.06020673950927
93028392,93028390.0,2,5,2,607,EXPLICIT_NO_RBW,803,UNAVAILABLE_NO_TRIP_PROTOCOL,803,803,803,,,,,0,0,0,EXCLUDED_COUNT_UNOBSERVED,TRIP_DAY_NO_ROWS,3.8850830192331
93028561,93028560.0,1,1,1,99,MISSING_RESPONSE,808,KNOWN_ZERO_BELOW_CATI_CAWI_DETAIL_CAP,10,10,10,10.0,,,10.0,10,0,10,ANALYTIC_WITH_COMPONENT_WARNING,DIRECT_ROWS_RBW_COUNT_UNKNOWN,6.6292454712483
93029151,93029150.0,1,1,2,607,EXPLICIT_NO_RBW,807,KNOWN_ZERO_BELOW_PAPI_DETAIL_CAP,3,3,3,3.0,,,3.0,3,0,3,CORE_STRICT_COUNT,DIRECT_REPORTED_CHAIN_COMPLETE,3.88984824655669
93029231,93029230.0,1,1,2,607,EXPLICIT_NO_RBW,808,KNOWN_ZERO_BELOW_CATI_CAWI_DETAIL_CAP,4,4,4,4.0,,,4.0,4,0,4,CORE_STRICT_COUNT,DIRECT_REPORTED_CHAIN_COMPLETE,5.51084841623137
93030141,93030140.0,1,1,1,99,MISSING_RESPONSE,0,KNOWN_ZERO,8,8,8,8.0,0.0,,8.0,8,0,8,ANALYTIC_WITH_COMPONENT_WARNING,DIRECT_ROWS_RBW_COUNT_UNKNOWN,3.85375170935583
93030142,93030140.0,2,1,2,607,EXPLICIT_NO_RBW,807,KNOWN_ZERO_BELOW_PAPI_DETAIL_CAP,6,6,6,6.0,,,6.0,6,0,6,CORE_STRICT_COUNT,DIRECT_REPORTED_CHAIN_COMPLETE,3.77530456897423
93030143,93030140.0,3,1,403,403,NOT_APPLICABLE_UNDER_16,807,KNOWN_ZERO_BELOW_PAPI_DETAIL_CAP,3,3,3,3.0,,,3.0,3,0,3,CORE_STRICT_COUNT,DIRECT_REPORTED_CHAIN_COMPLETE,7.08671006160439
93030144,93030140.0,4,1,403,403,NOT_APPLICABLE_UNDER_16,807,KNOWN_ZERO_BELOW_PAPI_DETAIL_CAP,3,3,3,3.0,,,3.0,3,0,3,CORE_STRICT_COUNT,DIRECT_REPORTED_CHAIN_COMPLETE,7.78454764395863
93030151,93030150.0,1,3,1,2,KNOWN_EXACT,0,KNOWN_ZERO,12,12,14,12.0,0.0,2.0,14.0,12,2,14,CORE_STRICT_COUNT,MIXED_DIRECT_RBW_UNTIMED,5.79827603587685
93030152,93030150.0,2,1,2,607,EXPLICIT_NO_RBW,808,KNOWN_ZERO_BELOW_CATI_CAWI_DETAIL_CAP,4,4,4,4.0,,,4.0,4,0,4,CORE_STRICT_COUNT,DIRECT_REPORTED_CHAIN_COMPLETE,5.79709114756312
93030153,93030150.0,3,1,403,403,NOT_APPLICABLE_UNDER_16,808,KNOWN_ZERO_BELOW_CATI_CAWI_DETAIL_CAP,2,2,2,2.0,,,2.0,2,0,2,CORE_STRICT_COUNT,DIRECT_REPORTED_CHAIN_COMPLETE,5.90167540882192
93030154,93030150.0,4,1,403,403,NOT_APPLICABLE_UNDER_16,808,KNOWN_ZERO_BELOW_CATI_CAWI_DETAIL_CAP,2,2,2,2.0,,,2.0,2,0,2,CORE_STRICT_COUNT,DIRECT_REPORTED_CHAIN_COMPLETE,6.27026318221089
93030291,93030290.0,1,1,2,607,EXPLICIT_NO_RBW,808,KNOWN_ZERO_BELOW_CATI_CAWI_DETAIL_CAP,4,4,4,4.0,,,4.0,4,0,4,CORE_STRICT_COUNT,DIRECT_REPORTED_CHAIN_COMPLETE,3.26743691310159
93030751,93030750.0,1,1,2,607,EXPLICIT_NO_RBW,808,KNOWN_ZERO_BELOW_CATI_CAWI_DETAIL_CAP,8,8,8,8.0,,,8.0,8,0,8,CORE_STRICT_COUNT,DIRECT_REPORTED_CHAIN_COMPLETE,4.37100000464347
93030752,93030750.0,2,1,206,206,NOT_OBSERVED_PROXY,808,KNOWN_ZERO_BELOW_CATI_CAWI_DETAIL_CAP,4,4,4,4.0,,,4.0,4,0,4,CORE_STRICT_COUNT,DIRECT_REPORTED_CHAIN_COMPLETE,6.26412393291325
93030821,93030820.0,1,1,404,404,NOT_APPLICABLE_NOT_EMPLOYED,808,KNOWN_ZERO_BELOW_CATI_CAWI_DETAIL_CAP,4,4,4,4.0,,,4.0,4,0,4,CORE_STRICT_COUNT,DIRECT_REPORTED_CHAIN_COMPLETE,2.16534550693329
93030822,93030820.0,2,0,206,206,NOT_OBSERVED_PROXY,801,NOT_APPLICABLE_NOT_MOBILE,0,0,0,0.0,,,0.0,0,0,0,CORE_STRICT_COUNT,ZERO_TRIP_COMPLETE,14.1017028062762
93033231,93033230.0,1,1,404,404,NOT_APPLICABLE_NOT_EMPLOYED,808,KNOWN_ZERO_BELOW_CATI_CAWI_DETAIL_CAP,5,5,5,5.0,,,5.0,5,0,5,CORE_STRICT_COUNT,DIRECT_REPORTED_CHAIN_COMPLETE,2.24310639249801
93033271,93033270.0,1,1,404,404,NOT_APPLICABLE_NOT_EMPLOYED,808,KNOWN_ZERO_BELOW_CATI_CAWI_DETAIL_CAP,7,7,7,7.0,,,7.0,7,0,7,CORE_STRICT_COUNT,DIRECT_REPORTED_CHAIN_COMPLETE,3.9318014168437
93033831,93033830.0,1,1,404,404,NOT_APPLICABLE_NOT_EMPLOYED,808,KNOWN_ZERO_BELOW_CATI_CAWI_DETAIL_CAP,3,3,3,3.0,,,3.0,3,0,3,CORE_STRICT_COUNT,DIRECT_REPORTED_CHAIN_COMPLETE,1.97340365971046
93033832,93033830.0,2,0,206,206,NOT_OBSERVED_PROXY,801,NOT_APPLICABLE_NOT_MOBILE,0,0,0,0.0,,,0.0,0,0,0,CORE_STRICT_COUNT,ZERO_TRIP_COMPLETE,2.38078188748036
93033941,93033940.0,1,1,2,607,EXPLICIT_NO_RBW,807,KNOWN_ZERO_BELOW_PAPI_DETAIL_CAP,2,2,2,2.0,,,2.0,2,0,2,CORE_STRICT_COUNT,DIRECT_REPORTED_CHAIN_COMPLETE,3.60218988218483
93033942,93033940.0,2,1,606,606,NOT_OBSERVED_PAPI,807,KNOWN_ZERO_BELOW_PAPI_DETAIL_CAP,2,2,2,2.0,,,2.0,2,0,2,CORE_STRICT_COUNT,DIRECT_REPORTED_CHAIN_COMPLETE,4.22673030735079
93033943,93033940.0,3,1,403,403,NOT_APPLICABLE_UNDER_16,807,KNOWN_ZERO_BELOW_PAPI_DETAIL_CAP,2,2,2,2.0,,,2.0,2,0,2,CORE_STRICT_COUNT,DIRECT_REPORTED_CHAIN_COMPLETE,7.27639476419221
93033951,93033950.0,1,1,404,404,NOT_APPLICABLE_NOT_EMPLOYED,808,KNOWN_ZERO_BELOW_CATI_CAWI_DETAIL_CAP,2,2,2,2.0,,,2.0,2,0,2,CORE_STRICT_COUNT,DIRECT_REPORTED_CHAIN_COMPLETE,7.6807859110633
93035591,93035590.0,1,3,1,2,KNOWN_EXACT,807,KNOWN_ZERO_BELOW_PAPI_DETAIL_CAP,5,5,7,5.0,,2.0,7.0,5,2,7,CORE_STRICT_COUNT,MIXED_DIRECT_RBW_UNTIMED,2.65300723548314
93035592,93035590.0,2,0,2,607,EXPLICIT_NO_RBW,801,NOT_APPLICABLE_NOT_MOBILE,0,0,0,0.0,,,0.0,0,0,0,CORE_STRICT_COUNT,ZERO_TRIP_COMPLETE,2.50235102931788
93038751,93038750.0,1,1,2,607,EXPLICIT_NO_RBW,807,KNOWN_ZERO_BELOW_PAPI_DETAIL_CAP,2,2,2,2.0,,,2.0,2,0,2,CORE_STRICT_COUNT,DIRECT_REPORTED_CHAIN_COMPLETE,4.24642724746289
93038752,93038750.0,2,1,606,606,NOT_OBSERVED_PAPI,807,KNOWN_ZERO_BELOW_PAPI_DETAIL_CAP,2,2,2,2.0,,,2.0,2,0,2,CORE_STRICT_COUNT,DIRECT_REPORTED_CHAIN_COMPLETE,5.69741059556295
93041311,93041310.0,1,1,2,607,EXPLICIT_NO_RBW,807,KNOWN_ZERO_BELOW_PAPI_DETAIL_CAP,3,3,3,3.0,,,3.0,3,0,3,CORE_STRICT_COUNT,DIRECT_REPORTED_CHAIN_COMPLETE,2.15140859456961
93042041,93042040.0,1,0,602,602,NO_OUT_OF_HOME_ACTIVITY_OR_DOMESTIC_TRIPS,801,NOT_APPLICABLE_NOT_MOBILE,0,0,0,0.0,,,0.0,0,0,0,CORE_STRICT_COUNT,ZERO_TRIP_COMPLETE,18.8152162042919
93042231,93042230.0,1,0,404,404,NOT_APPLICABLE_NOT_EMPLOYED,801,NOT_APPLICABLE_NOT_MOBILE,0,0,0,0.0,,,0.0,0,0,0,CORE_STRICT_COUNT,ZERO_TRIP_COMPLETE,0.595216765660592
93042232,93042230.0,2,1,404,404,NOT_APPLICABLE_NOT_EMPLOYED,808,KNOWN_ZERO_BELOW_CATI_CAWI_DETAIL_CAP,2,2,2,2.0,,,2.0,2,0,2,CORE_STRICT_COUNT,DIRECT_REPORTED_CHAIN_COMPLETE,0.710214342577975
93042551,93042550.0,1,1,606,606,NOT_OBSERVED_PAPI,807,KNOWN_ZERO_BELOW_PAPI_DETAIL_CAP,2,2,2,2.0,,,2.0,2,0,2,CORE_STRICT_COUNT,DIRECT_REPORTED_CHAIN_COMPLETE,7.59593564788849
93042571,93042570.0,1,1,2,607,EXPLICIT_NO_RBW,808,KNOWN_ZERO_BELOW_CATI_CAWI_DETAIL_CAP,5,5,5,5.0,,,5.0,5,0,5,CORE_STRICT_COUNT,DIRECT_REPORTED_CHAIN_COMPLETE,7.45353726088459
93045811,93045810.0,1,1,2,607,EXPLICIT_NO_RBW,807,KNOWN_ZERO_BELOW_PAPI_DETAIL_CAP,5,5,5,5.0,,,5.0,5,0,5,CORE_STRICT_COUNT,DIRECT_REPORTED_CHAIN_COMPLETE,2.95348617452453
93045812,93045810.0,2,1,2,607,EXPLICIT_NO_RBW,807,KNOWN_ZERO_BELOW_PAPI_DETAIL_CAP,3,3,3,3.0,,,3.0,3,0,3,CORE_STRICT_COUNT,DIRECT_REPORTED_CHAIN_COMPLETE,2.78276173903512
93047141,93047140.0,1,1,2,607,EXPLICIT_NO_RBW,807,KNOWN_ZERO_BELOW_PAPI_DETAIL_CAP,3,3,3,3.0,,,3.0,3,0,3,CORE_STRICT_COUNT,DIRECT_REPORTED_CHAIN_COMPLETE,4.68151721107891
93047142,93047140.0,2,1,606,606,NOT_OBSERVED_PAPI,807,KNOWN_ZERO_BELOW_PAPI_DETAIL_CAP,3,3,3,3.0,,,3.0,3,0,3,CORE_STRICT_COUNT,DIRECT_REPORTED_CHAIN_COMPLETE,13.3952721034122
93047581,93047580.0,1,1,2,607,EXPLICIT_NO_RBW,808,KNOWN_ZERO_BELOW_CATI_CAWI_DETAIL_CAP,2,2,2,2.0,,,2.0,2,0,2,CORE_STRICT_COUNT,DIRECT_REPORTED_CHAIN_COMPLETE,3.26743691310159
93049781,93049780.0,1,1,2,607,EXPLICIT_NO_RBW,808,KNOWN_ZERO_BELOW_CATI_CAWI_DETAIL_CAP,2,2,2,2.0,,,2.0,2,0,2,CORE_STRICT_COUNT,DIRECT_REPORTED_CHAIN_COMPLETE,5.52790875297986
93049782,93049780.0,2,1,2,607,EXPLICIT_NO_RBW,808,KNOWN_ZERO_BELOW_CATI_CAWI_DETAIL_CAP,2,2,2,2.0,,,2.0,2,0,2,CORE_STRICT_COUNT,DIRECT_REPORTED_CHAIN_COMPLETE,6.13788454683152
93052091,93052090.0,1,1,606,606,NOT_OBSERVED_PAPI,807,KNOWN_ZERO_BELOW_PAPI_DETAIL_CAP,3,3,3,3.0,,,3.0,3,0,3,CORE_STRICT_COUNT,DIRECT_REPORTED_CHAIN_COMPLETE,1.25412508481592
93052092,93052090.0,2,1,606,606,NOT_OBSERVED_PAPI,807,KNOWN_ZERO_BELOW_PAPI_DETAIL_CAP,3,3,3,3.0,,,3.0,3,0,3,CORE_STRICT_COUNT,DIRECT_REPORTED_CHAIN_COMPLETE,2.59816599903444
93052531,93052530.0,1,1,2,607,EXPLICIT_NO_RBW,808,KNOWN_ZERO_BELOW_CATI_CAWI_DETAIL_CAP,2,2,2,2.0,,,2.0,2,0,2,CORE_STRICT_COUNT,DIRECT_REPORTED_CHAIN_COMPLETE,4.5586708866126
93053461,93053460.0,1,1,404,404,NOT_APPLICABLE_NOT_EMPLOYED,808,KNOWN_ZERO_BELOW_CATI_CAWI_DETAIL_CAP,4,4,4,4.0,,,4.0,4,0,4,CORE_STRICT_COUNT,DIRECT_REPORTED_CHAIN_COMPLETE,1.55000794996929
93053462,93053460.0,2,1,2,607,EXPLICIT_NO_RBW,808,KNOWN_ZERO_BELOW_CATI_CAWI_DETAIL_CAP,2,2,2,2.0,,,2.0,2,0,2,CORE_STRICT_COUNT,DIRECT_REPORTED_CHAIN_COMPLETE,1.04834667573691
93053463,93053460.0,3,1,206,206,NOT_OBSERVED_PROXY,808,KNOWN_ZERO_BELOW_CATI_CAWI_DETAIL_CAP,3,3,3,3.0,,,3.0,3,0,3,CORE_STRICT_COUNT,DIRECT_REPORTED_CHAIN_COMPLETE,0.908779757013231
93053464,93053460.0,4,1,206,206,NOT_OBSERVED_PROXY,808,KNOWN_ZERO_BELOW_CATI_CAWI_DETAIL_CAP,4,4,4,4.0,,,4.0,4,0,4,CORE_STRICT_COUNT,DIRECT_REPORTED_CHAIN_COMPLETE,1.73417341479487
93053771,93053770.0,1,0,406,406,NOT_OBSERVED_SECONDARY_EMPLOYMENT,801,NOT_APPLICABLE_NOT_MOBILE,0,0,0,0.0,,,0.0,0,0,0,CORE_STRICT_COUNT,ZERO_TRIP_COMPLETE,2.24310639249801
93053931,93053930.0,1,1,606,606,NOT_OBSERVED_PAPI,807,KNOWN_ZERO_BELOW_PAPI_DETAIL_CAP,4,4,4,4.0,,,4.0,4,0,4,CORE_STRICT_COUNT,DIRECT_REPORTED_CHAIN_COMPLETE,28.7043254464489
93053932,93053930.0,2,1,403,403,NOT_APPLICABLE_UNDER_16,807,KNOWN_ZERO_BELOW_PAPI_DETAIL_CAP,2,2,2,2.0,,,2.0,2,0,2,CORE_STRICT_COUNT,DIRECT_REPORTED_CHAIN_COMPLETE,7.14432558167317
93054661,93054660.0,1,0,602,602,NO_OUT_OF_HOME_ACTIVITY_OR_DOMESTIC_TRIPS,801,NOT_APPLICABLE_NOT_MOBILE,0,0,0,0.0,,,0.0,0,0,0,CORE_STRICT_COUNT,ZERO_TRIP_COMPLETE,6.05778326775616
93054662,93054660.0,2,1,2,607,EXPLICIT_NO_RBW,808,KNOWN_ZERO_BELOW_CATI_CAWI_DETAIL_CAP,3,3,3,3.0,,,3.0,3,0,3,CORE_STRICT_COUNT,DIRECT_REPORTED_CHAIN_COMPLETE,7.10137000668854
93057271,93057270.0,1,1,2,607,EXPLICIT_NO_RBW,808,KNOWN_ZERO_BELOW_CATI_CAWI_DETAIL_CAP,3,3,3,3.0,,,3.0,3,0,3,CORE_STRICT_COUNT,DIRECT_REPORTED_CHAIN_COMPLETE,4.78320427045352
93057272,93057270.0,2,1,2,607,EXPLICIT_NO_RBW,808,KNOWN_ZERO_BELOW_CATI_CAWI_DETAIL_CAP,3,3,3,3.0,,,3.0,3,0,3,CORE_STRICT_COUNT,DIRECT_REPORTED_CHAIN_COMPLETE,3.81822834336561
93057273,93057270.0,3,1,403,403,NOT_APPLICABLE_UNDER_16,808,KNOWN_ZERO_BELOW_CATI_CAWI_DETAIL_CAP,2,2,2,2.0,,,2.0,2,0,2,CORE_STRICT_COUNT,DIRECT_REPORTED_CHAIN_COMPLETE,5.61921245855601
93057331,93057330.0,1,1,2,607,EXPLICIT_NO_RBW,807,KNOWN_ZERO_BELOW_PAPI_DETAIL_CAP,4,4,4,4.0,,,4.0,4,0,4,CORE_STRICT_COUNT,DIRECT_REPORTED_CHAIN_COMPLETE,1.34700836102289
93057332,93057330.0,2,1,2,607,EXPLICIT_NO_RBW,807,KNOWN_ZERO_BELOW_PAPI_DETAIL_CAP,4,4,4,4.0,,,4.0,4,0,4,CORE_STRICT_COUNT,DIRECT_REPORTED_CHAIN_COMPLETE,0.94102459715119
93057581,93057580.0,1,9,606,606,NOT_OBSERVED_PAPI,804,UNAVAILABLE_MOBILITY_UNKNOWN,804,804,804,,,,,0,0,0,EXCLUDED_UNKNOWN,MOBILITY_UNKNOWN,0.887190827636982
93057582,93057580.0,2,9,606,606,NOT_OBSERVED_PAPI,804,UNAVAILABLE_MOBILITY_UNKNOWN,804,804,804,,,,,0,0,0,EXCLUDED_UNKNOWN,MOBILITY_UNKNOWN,1.19627104151485
93058871,93058870.0,1,1,2,607,EXPLICIT_NO_RBW,808,KNOWN_ZERO_BELOW_CATI_CAWI_DETAIL_CAP,6,6,6,6.0,,,6.0,6,0,6,CORE_STRICT_COUNT,DIRECT_REPORTED_CHAIN_COMPLETE,4.37100000464347
93058872,93058870.0,2,1,2,607,EXPLICIT_NO_RBW,808,KNOWN_ZERO_BELOW_CATI_CAWI_DETAIL_CAP,6,6,6,6.0,,,6.0,6,0,6,CORE_STRICT_COUNT,DIRECT_REPORTED_CHAIN_COMPLETE,5.99998701653939
93059761,93059760.0,1,1,2,607,EXPLICIT_NO_RBW,807,KNOWN_ZERO_BELOW_PAPI_DETAIL_CAP,1,1,1,1.0,,,1.0,1,0,1,CORE_STRICT_COUNT,DIRECT_REPORTED_CHAIN_COMPLETE,4.48680457916405
93059762,93059760.0,2,1,403,403,NOT_APPLICABLE_UNDER_16,807,KNOWN_ZERO_BELOW_PAPI_DETAIL_CAP,2,2,2,2.0,,,2.0,2,0,2,CORE_STRICT_COUNT,DIRECT_REPORTED_CHAIN_COMPLETE,8.3402443982119
93060391,93060390.0,1,1,2,607,EXPLICIT_NO_RBW,807,KNOWN_ZERO_BELOW_PAPI_DETAIL_CAP,3,3,3,3.0,,,3.0,3,0,3,CORE_STRICT_COUNT,DIRECT_REPORTED_CHAIN_COMPLETE,3.52101160154023
93061311,93061310.0,1,1,606,606,NOT_OBSERVED_PAPI,807,KNOWN_ZERO_BELOW_PAPI_DETAIL_CAP,4,4,4,4.0,,,4.0,4,0,4,CORE_STRICT_COUNT,DIRECT_REPORTED_CHAIN_COMPLETE,2.67648094574817
93062211,93062210.0,1,1,2,607,EXPLICIT_NO_RBW,807,KNOWN_ZERO_BELOW_PAPI_DETAIL_CAP,5,5,5,5.0,,,5.0,5,0,5,CORE_STRICT_COUNT,DIRECT_REPORTED_CHAIN_COMPLETE,10.6421409150718
93062601,93062600.0,1,1,2,607,EXPLICIT_NO_RBW,808,KNOWN_ZERO_BELOW_CATI_CAWI_DETAIL_CAP,9,9,9,9.0,,,9.0,9,0,9,CORE_STRICT_COUNT,DIRECT_REPORTED_CHAIN_COMPLETE,1.13365758656781
93062602,93062600.0,2,1,2,607,EXPLICIT_NO_RBW,808,KNOWN_ZERO_BELOW_CATI_CAWI_DETAIL_CAP,5,5,5,5.0,,,5.0,5,0,5,CORE_STRICT_COUNT,DIRECT_REPORTED_CHAIN_COMPLETE,1.20320829541585
93063791,93063790.0,1,1,2,607,EXPLICIT_NO_RBW,808,KNOWN_ZERO_BELOW_CATI_CAWI_DETAIL_CAP,2,2,2,2.0,,,2.0,2,0,2,CORE_STRICT_COUNT,DIRECT_REPORTED_CHAIN_COMPLETE,8.81057856253492
93063792,93063790.0,2,1,206,206,NOT_OBSERVED_PROXY,808,KNOWN_ZERO_BELOW_CATI_CAWI_DETAIL_CAP,2,2,2,2.0,,,2.0,2,0,2,CORE_STRICT_COUNT,DIRECT_REPORTED_CHAIN_COMPLETE,3.81822834336561
93063793,93063790.0,3,1,403,403,NOT_APPLICABLE_UNDER_16,808,KNOWN_ZERO_BELOW_CATI_CAWI_DETAIL_CAP,2,2,2,2.0,,,2.0,2,0,2,CORE_STRICT_COUNT,DIRECT_REPORTED_CHAIN_COMPLETE,6.70235010184009
93064101,93064100.0,1,1,2,607,EXPLICIT_NO_RBW,808,KNOWN_ZERO_BELOW_CATI_CAWI_DETAIL_CAP,4,4,4,4.0,,,4.0,4,0,4,CORE_STRICT_COUNT,DIRECT_REPORTED_CHAIN_COMPLETE,3.52101160154023
93064701,93064700.0,1,3,1,1,KNOWN_EXACT,807,KNOWN_ZERO_BELOW_PAPI_DETAIL_CAP,3,3,4,3.0,,1.0,4.0,3,1,4,CORE_STRICT_COUNT,MIXED_DIRECT_RBW_UNTIMED,3.87537786509479
93065511,93065510.0,1,3,1,5,KNOWN_EXACT,807,KNOWN_ZERO_BELOW_PAPI_DETAIL_CAP,6,6,11,6.0,,5.0,11.0,6,5,11,CORE_STRICT_COUNT,MIXED_DIRECT_RBW_UNTIMED,3.8850830192331
93069841,93069840.0,1,1,2,607,EXPLICIT_NO_RBW,807,KNOWN_ZERO_BELOW_PAPI_DETAIL_CAP,2,2,2,2.0,,,2.0,2,0,2,CORE_STRICT_COUNT,DIRECT_REPORTED_CHAIN_COMPLETE,1.19138570974181
93069842,93069840.0,2,1,2,607,EXPLICIT_NO_RBW,807,KNOWN_ZERO_BELOW_PAPI_DETAIL_CAP,2,2,2,2.0,,,2.0,2,0,2,CORE_STRICT_COUNT,DIRECT_REPORTED_CHAIN_COMPLETE,1.19138570974181
93069901,93069900.0,1,1,404,404,NOT_APPLICABLE_NOT_EMPLOYED,808,KNOWN_ZERO_BELOW_CATI_CAWI_DETAIL_CAP,2,2,2,2.0,,,2.0,2,0,2,CORE_STRICT_COUNT,DIRECT_REPORTED_CHAIN_COMPLETE,9.7353976039632
93069921,93069920.0,1,1,404,404,NOT_APPLICABLE_NOT_EMPLOYED,808,KNOWN_ZERO_BELOW_CATI_CAWI_DETAIL_CAP,2,2,2,2.0,,,2.0,2,0,2,CORE_STRICT_COUNT,DIRECT_REPORTED_CHAIN_COMPLETE,2.38795169035503
93069922,93069920.0,2,3,1,2,KNOWN_EXACT,808,KNOWN_ZERO_BELOW_CATI_CAWI_DETAIL_CAP,4,4,6,4.0,,2.0,6.0,4,2,6,CORE_STRICT_COUNT,MIXED_DIRECT_RBW_UNTIMED,11.5429480443252
93070351,93070350.0,1,1,2,607,EXPLICIT_NO_RBW,807,KNOWN_ZERO_BELOW_PAPI_DETAIL_CAP,2,2,2,2.0,,,2.0,2,0,2,CORE_STRICT_COUNT,DIRECT_REPORTED_CHAIN_COMPLETE,3.64266555772431
93070352,93070350.0,2,1,2,607,EXPLICIT_NO_RBW,807,KNOWN_ZERO_BELOW_PAPI_DETAIL_CAP,2,2,2,2.0,,,2.0,2,0,2,CORE_STRICT_COUNT,DIRECT_REPORTED_CHAIN_COMPLETE,5.00021643301824
93070391,93070390.0,1,1,404,404,NOT_APPLICABLE_NOT_EMPLOYED,808,KNOWN_ZERO_BELOW_CATI_CAWI_DETAIL_CAP,2,2,2,2.0,,,2.0,2,0,2,CORE_STRICT_COUNT,DIRECT_REPORTED_CHAIN_COMPLETE,2.91564714525824
93070392,93070390.0,2,1,206,206,NOT_OBSERVED_PROXY,808,KNOWN_ZERO_BELOW_CATI_CAWI_DETAIL_CAP,1,1,1,1.0,,,1.0,1,0,1,CORE_STRICT_COUNT,DIRECT_REPORTED_CHAIN_COMPLETE,1.17197513911183
93070681,93070680.0,1,1,2,607,EXPLICIT_NO_RBW,807,KNOWN_ZERO_BELOW_PAPI_DETAIL_CAP,3,3,3,3.0,,,3.0,3,0,3,CORE_STRICT_COUNT,DIRECT_REPORTED_CHAIN_COMPLETE,24.8222685503911
93070682,93070680.0,2,1,2,607,EXPLICIT_NO_RBW,807,KNOWN_ZERO_BELOW_PAPI_DETAIL_CAP,3,3,3,3.0,,,3.0,3,0,3,CORE_STRICT_COUNT,DIRECT_REPORTED_CHAIN_COMPLETE,20.405320362685
93072301,93072300.0,1,1,2,607,EXPLICIT_NO_RBW,808,KNOWN_ZERO_BELOW_CATI_CAWI_DETAIL_CAP,3,3,3,3.0,,,3.0,3,0,3,CORE_STRICT_COUNT,DIRECT_REPORTED_CHAIN_COMPLETE,3.7233485748727
93072302,93072300.0,2,1,2,607,EXPLICIT_NO_RBW,808,KNOWN_ZERO_BELOW_CATI_CAWI_DETAIL_CAP,8,8,8,8.0,,,8.0,8,0,8,CORE_STRICT_COUNT,DIRECT_REPORTED_CHAIN_COMPLETE,3.85842889534859
93072303,93072300.0,3,1,403,403,NOT_APPLICABLE_UNDER_16,808,KNOWN_ZERO_BELOW_CATI_CAWI_DETAIL_CAP,5,5,5,5.0,,,5.0,5,0,5,CORE_STRICT_COUNT,DIRECT_REPORTED_CHAIN_COMPLETE,6.73092095384198
93072304,93072300.0,4,1,403,403,NOT_APPLICABLE_UNDER_16,808,KNOWN_ZERO_BELOW_CATI_CAWI_DETAIL_CAP,2,2,2,2.0,,,2.0,2,0,2,CORE_STRICT_COUNT,DIRECT_REPORTED_CHAIN_COMPLETE,6.04690993224765
93072351,93072350.0,1,1,2,607,EXPLICIT_NO_RBW,808,KNOWN_ZERO_BELOW_CATI_CAWI_DETAIL_CAP,6,6,6,6.0,,,6.0,6,0,6,CORE_STRICT_COUNT,DIRECT_REPORTED_CHAIN_COMPLETE,3.70259906254976
93072401,93072400.0,1,1,404,404,NOT_APPLICABLE_NOT_EMPLOYED,808,KNOWN_ZERO_BELOW_CATI_CAWI_DETAIL_CAP,1,1,1,1.0,,,1.0,1,0,1,CORE_STRICT_COUNT,DIRECT_REPORTED_CHAIN_COMPLETE,3.9318014168437
93073561,93073560.0,1,1,404,404,NOT_APPLICABLE_NOT_EMPLOYED,808,KNOWN_ZERO_BELOW_CATI_CAWI_DETAIL_CAP,5,5,5,5.0,,,5.0,5,0,5,CORE_STRICT_COUNT,DIRECT_REPORTED_CHAIN_COMPLETE,0.960667102262836
93073562,93073560.0,2,1,206,206,NOT_OBSERVED_PROXY,808,KNOWN_ZERO_BELOW_CATI_CAWI_DETAIL_CAP,3,3,3,3.0,,,3.0,3,0,3,CORE_STRICT_COUNT,DIRECT_REPORTED_CHAIN_COMPLETE,1.96078625500919
93074292,93074290.0,2,1,2,607,EXPLICIT_NO_RBW,808,KNOWN_ZERO_BELOW_CATI_CAWI_DETAIL_CAP,1,1,1,1.0,,,1.0,1,0,1,CORE_STRICT_COUNT,DIRECT_REPORTED_CHAIN_COMPLETE,3.60891540897997
93076921,93076920.0,1,1,2,607,EXPLICIT_NO_RBW,807,KNOWN_ZERO_BELOW_PAPI_DETAIL_CAP,2,2,2,2.0,,,2.0,2,0,2,CORE_STRICT_COUNT,DIRECT_REPORTED_CHAIN_COMPLETE,1.39195635024247
93076922,93076920.0,2,1,2,607,EXPLICIT_NO_RBW,807,KNOWN_ZERO_BELOW_PAPI_DETAIL_CAP,4,4,4,4.0,,,4.0,4,0,4,CORE_STRICT_COUNT,DIRECT_REPORTED_CHAIN_COMPLETE,2.42662799452089
93076923,93076920.0,3,1,403,403,NOT_APPLICABLE_UNDER_16,807,KNOWN_ZERO_BELOW_PAPI_DETAIL_CAP,2,2,2,2.0,,,2.0,2,0,2,CORE_STRICT_COUNT,DIRECT_REPORTED_CHAIN_COMPLETE,2.0239981533704
93076924,93076920.0,4,1,403,403,NOT_APPLICABLE_UNDER_16,807,KNOWN_ZERO_BELOW_PAPI_DETAIL_CAP,3,3,3,3.0,,,3.0,3,0,3,CORE_STRICT_COUNT,DIRECT_REPORTED_CHAIN_COMPLETE,2.65597257843339
93077061,93077060.0,1,1,2,607,EXPLICIT_NO_RBW,808,KNOWN_ZERO_BELOW_CATI_CAWI_DETAIL_CAP,2,2,2,2.0,,,2.0,2,0,2,CORE_STRICT_COUNT,DIRECT_REPORTED_CHAIN_COMPLETE,3.07399676058502
93077181,93077180.0,1,1,2,607,EXPLICIT_NO_RBW,807,KNOWN_ZERO_BELOW_PAPI_DETAIL_CAP,4,4,4,4.0,,,4.0,4,0,4,CORE_STRICT_COUNT,DIRECT_REPORTED_CHAIN_COMPLETE,1.11258973463368
93077182,93077180.0,2,1,606,606,NOT_OBSERVED_PAPI,807,KNOWN_ZERO_BELOW_PAPI_DETAIL_CAP,2,2,2,2.0,,,2.0,2,0,2,CORE_STRICT_COUNT,DIRECT_REPORTED_CHAIN_COMPLETE,4.38924459620144
93077461,93077460.0,1,1,2,607,EXPLICIT_NO_RBW,808,KNOWN_ZERO_BELOW_CATI_CAWI_DETAIL_CAP,10,10,10,10.0,,,10.0,10,0,10,CORE_STRICT_COUNT,DIRECT_REPORTED_CHAIN_COMPLETE,9.32335283178073
93077462,93077460.0,2,1,2,607,EXPLICIT_NO_RBW,808,KNOWN_ZERO_BELOW_CATI_CAWI_DETAIL_CAP,3,3,3,3.0,,,3.0,3,0,3,CORE_STRICT_COUNT,DIRECT_REPORTED_CHAIN_COMPLETE,10.6421409150718
93079241,93079240.0,1,1,606,606,NOT_OBSERVED_PAPI,807,KNOWN_ZERO_BELOW_PAPI_DETAIL_CAP,4,4,4,4.0,,,4.0,4,0,4,CORE_STRICT_COUNT,DIRECT_REPORTED_CHAIN_COMPLETE,4.37100000464347
93079242,93079240.0,2,1,2,607,EXPLICIT_NO_RBW,807,KNOWN_ZERO_BELOW_PAPI_DETAIL_CAP,4,4,4,4.0,,,4.0,4,0,4,CORE_STRICT_COUNT,DIRECT_REPORTED_CHAIN_COMPLETE,4.37100000464347
93079243,93079240.0,3,1,403,403,NOT_APPLICABLE_UNDER_16,807,KNOWN_ZERO_BELOW_PAPI_DETAIL_CAP,3,3,3,3.0,,,3.0,3,0,3,CORE_STRICT_COUNT,DIRECT_REPORTED_CHAIN_COMPLETE,8.3402443982119
93079244,93079240.0,4,1,403,403,NOT_APPLICABLE_UNDER_16,807,KNOWN_ZERO_BELOW_PAPI_DETAIL_CAP,2,2,2,2.0,,,2.0,2,0,2,CORE_STRICT_COUNT,DIRECT_REPORTED_CHAIN_COMPLETE,7.95247346124749
93079361,93079360.0,1,1,2,607,EXPLICIT_NO_RBW,808,KNOWN_ZERO_BELOW_CATI_CAWI_DETAIL_CAP,6,6,6,6.0,,,6.0,6,0,6,CORE_STRICT_COUNT,DIRECT_REPORTED_CHAIN_COMPLETE,2.16076824132142
93079362,93079360.0,2,1,206,206,NOT_OBSERVED_PROXY,808,KNOWN_ZERO_BELOW_CATI_CAWI_DETAIL_CAP,3,3,3,3.0,,,3.0,3,0,3,CORE_STRICT_COUNT,DIRECT_REPORTED_CHAIN_COMPLETE,1.68916045231025
93079363,93079360.0,3,1,206,206,NOT_OBSERVED_PROXY,808,KNOWN_ZERO_BELOW_CATI_CAWI_DETAIL_CAP,2,2,2,2.0,,,2.0,2,0,2,CORE_STRICT_COUNT,DIRECT_REPORTED_CHAIN_COMPLETE,3.68475917487875
93080202,93080200.0,2,5,2,607,EXPLICIT_NO_RBW,803,UNAVAILABLE_NO_TRIP_PROTOCOL,803,803,803,,,,,0,0,0,EXCLUDED_COUNT_UNOBSERVED,TRIP_DAY_NO_ROWS,2.90632887944838
93080411,93080410.0,1,1,2,607,EXPLICIT_NO_RBW,808,KNOWN_ZERO_BELOW_CATI_CAWI_DETAIL_CAP,3,3,3,3.0,,,3.0,3,0,3,CORE_STRICT_COUNT,DIRECT_REPORTED_CHAIN_COMPLETE,3.50519979773943
93080412,93080410.0,2,1,206,206,NOT_OBSERVED_PROXY,808,KNOWN_ZERO_BELOW_CATI_CAWI_DETAIL_CAP,5,5,5,5.0,,,5.0,5,0,5,CORE_STRICT_COUNT,DIRECT_REPORTED_CHAIN_COMPLETE,3.38248572813937
93080413,93080410.0,3,1,403,403,NOT_APPLICABLE_UNDER_16,808,KNOWN_ZERO_BELOW_CATI_CAWI_DETAIL_CAP,5,5,5,5.0,,,5.0,5,0,5,CORE_STRICT_COUNT,DIRECT_REPORTED_CHAIN_COMPLETE,6.03591152898957
93080414,93080410.0,4,1,403,403,NOT_APPLICABLE_UNDER_16,808,KNOWN_ZERO_BELOW_CATI_CAWI_DETAIL_CAP,5,5,5,5.0,,,5.0,5,0,5,CORE_STRICT_COUNT,DIRECT_REPORTED_CHAIN_COMPLETE,5.937466679765
93082241,93082240.0,1,1,2,607,EXPLICIT_NO_RBW,808,KNOWN_ZERO_BELOW_CATI_CAWI_DETAIL_CAP,3,3,3,3.0,,,3.0,3,0,3,CORE_STRICT_COUNT,DIRECT_REPORTED_CHAIN_COMPLETE,2.62482318314985
93082243,93082240.0,3,0,403,403,NOT_APPLICABLE_UNDER_16,801,NOT_APPLICABLE_NOT_MOBILE,0,0,0,0.0,,,0.0,0,0,0,CORE_STRICT_COUNT,ZERO_TRIP_COMPLETE,4.26284809423876
93082531,93082530.0,1,1,2,607,EXPLICIT_NO_RBW,808,KNOWN_ZERO_BELOW_CATI_CAWI_DETAIL_CAP,4,4,4,4.0,,,4.0,4,0,4,CORE_STRICT_COUNT,DIRECT_REPORTED_CHAIN_COMPLETE,4.37100000464347
93083121,93083120.0,1,3,1,1,KNOWN_EXACT,808,KNOWN_ZERO_BELOW_CATI_CAWI_DETAIL_CAP,2,2,3,2.0,,1.0,3.0,2,1,3,CORE_STRICT_COUNT,MIXED_DIRECT_RBW_UNTIMED,0.872341626021848
93083122,93083120.0,2,1,404,404,NOT_APPLICABLE_NOT_EMPLOYED,808,KNOWN_ZERO_BELOW_CATI_CAWI_DETAIL_CAP,2,2,2,2.0,,,2.0,2,0,2,CORE_STRICT_COUNT,DIRECT_REPORTED_CHAIN_COMPLETE,0.510858763884175
93083321,93083320.0,1,1,1,99,MISSING_RESPONSE,807,KNOWN_ZERO_BELOW_PAPI_DETAIL_CAP,1,1,1,1.0,,,1.0,1,0,1,ANALYTIC_WITH_COMPONENT_WARNING,DIRECT_ROWS_RBW_COUNT_UNKNOWN,1.29822378257183
93083322,93083320.0,2,3,1,1,KNOWN_EXACT,807,KNOWN_ZERO_BELOW_PAPI_DETAIL_CAP,2,2,3,2.0,,1.0,3.0,2,1,3,CORE_STRICT_COUNT,MIXED_DIRECT_RBW_UNTIMED,1.37787074598573
93083361,93083360.0,1,1,404,404,NOT_APPLICABLE_NOT_EMPLOYED,808,KNOWN_ZERO_BELOW_CATI_CAWI_DETAIL_CAP,7,7,7,7.0,,,7.0,7,0,7,CORE_STRICT_COUNT,DIRECT_REPORTED_CHAIN_COMPLETE,18.4240942644733
93083521,93083520.0,1,1,606,606,NOT_OBSERVED_PAPI,807,KNOWN_ZERO_BELOW_PAPI_DETAIL_CAP,2,2,2,2.0,,,2.0,2,0,2,CORE_STRICT_COUNT,DIRECT_REPORTED_CHAIN_COMPLETE,1.11310987903659
93083522,93083520.0,2,1,606,606,NOT_OBSERVED_PAPI,807,KNOWN_ZERO_BELOW_PAPI_DETAIL_CAP,2,2,2,2.0,,,2.0,2,0,2,CORE_STRICT_COUNT,DIRECT_REPORTED_CHAIN_COMPLETE,1.170515766785
93083523,93083520.0,3,1,606,606,NOT_OBSERVED_PAPI,807,KNOWN_ZERO_BELOW_PAPI_DETAIL_CAP,3,3,3,3.0,,,3.0,3,0,3,CORE_STRICT_COUNT,DIRECT_REPORTED_CHAIN_COMPLETE,3.98916375588976
93083524,93083520.0,4,0,403,403,NOT_APPLICABLE_UNDER_16,801,NOT_APPLICABLE_NOT_MOBILE,0,0,0,0.0,,,0.0,0,0,0,CORE_STRICT_COUNT,ZERO_TRIP_COMPLETE,2.48164072845947
93083921,93083920.0,1,1,2,607,EXPLICIT_NO_RBW,807,KNOWN_ZERO_BELOW_PAPI_DETAIL_CAP,4,4,4,4.0,,,4.0,4,0,4,CORE_STRICT_COUNT,DIRECT_REPORTED_CHAIN_COMPLETE,2.55418427822484
93083922,93083920.0,2,1,2,607,EXPLICIT_NO_RBW,807,KNOWN_ZERO_BELOW_PAPI_DETAIL_CAP,4,4,4,4.0,,,4.0,4,0,4,CORE_STRICT_COUNT,DIRECT_REPORTED_CHAIN_COMPLETE,4.03214442755573
93084891,93084890.0,1,1,2,607,EXPLICIT_NO_RBW,808,KNOWN_ZERO_BELOW_CATI_CAWI_DETAIL_CAP,5,5,5,5.0,,,5.0,5,0,5,CORE_STRICT_COUNT,DIRECT_REPORTED_CHAIN_COMPLETE,5.18318279948246
93084892,93084890.0,2,0,404,404,NOT_APPLICABLE_NOT_EMPLOYED,801,NOT_APPLICABLE_NOT_MOBILE,0,0,0,0.0,,,0.0,0,0,0,CORE_STRICT_COUNT,ZERO_TRIP_COMPLETE,4.24549479738997
93084893,93084890.0,3,5,2,607,EXPLICIT_NO_RBW,803,UNAVAILABLE_NO_TRIP_PROTOCOL,803,803,803,,,,,0,0,0,EXCLUDED_COUNT_UNOBSERVED,TRIP_DAY_NO_ROWS,5.18318279948246
93086361,93086360.0,1,1,2,607,EXPLICIT_NO_RBW,808,KNOWN_ZERO_BELOW_CATI_CAWI_DETAIL_CAP,4,4,4,4.0,,,4.0,4,0,4,CORE_STRICT_COUNT,DIRECT_REPORTED_CHAIN_COMPLETE,1.48317655582837
93086362,93086360.0,2,1,206,206,NOT_OBSERVED_PROXY,808,KNOWN_ZERO_BELOW_CATI_CAWI_DETAIL_CAP,6,6,6,6.0,,,6.0,6,0,6,CORE_STRICT_COUNT,DIRECT_REPORTED_CHAIN_COMPLETE,1.86094680942427
93086441,93086440.0,1,1,2,607,EXPLICIT_NO_RBW,808,KNOWN_ZERO_BELOW_CATI_CAWI_DETAIL_CAP,2,2,2,2.0,,,2.0,2,0,2,CORE_STRICT_COUNT,DIRECT_REPORTED_CHAIN_COMPLETE,1.29361885365432
93086442,93086440.0,2,1,206,206,NOT_OBSERVED_PROXY,808,KNOWN_ZERO_BELOW_CATI_CAWI_DETAIL_CAP,4,4,4,4.0,,,4.0,4,0,4,CORE_STRICT_COUNT,DIRECT_REPORTED_CHAIN_COMPLETE,2.04717372682905
93087881,93087880.0,1,1,606,606,NOT_OBSERVED_PAPI,807,KNOWN_ZERO_BELOW_PAPI_DETAIL_CAP,3,3,3,3.0,,,3.0,3,0,3,CORE_STRICT_COUNT,DIRECT_REPORTED_CHAIN_COMPLETE,7.48721438974686
93089211,93089210.0,1,1,404,404,NOT_APPLICABLE_NOT_EMPLOYED,808,KNOWN_ZERO_BELOW_CATI_CAWI_DETAIL_CAP,2,2,2,2.0,,,2.0,2,0,2,CORE_STRICT_COUNT,DIRECT_REPORTED_CHAIN_COMPLETE,2.24310639249801
93089501,93089500.0,1,1,2,607,EXPLICIT_NO_RBW,808,KNOWN_ZERO_BELOW_CATI_CAWI_DETAIL_CAP,4,4,4,4.0,,,4.0,4,0,4,CORE_STRICT_COUNT,DIRECT_REPORTED_CHAIN_COMPLETE,0.99332104198334
93089502,93089500.0,2,1,206,206,NOT_OBSERVED_PROXY,808,KNOWN_ZERO_BELOW_CATI_CAWI_DETAIL_CAP,6,6,6,6.0,,,6.0,6,0,6,CORE_STRICT_COUNT,DIRECT_REPORTED_CHAIN_COMPLETE,0.997142484191158
93089503,93089500.0,3,1,403,403,NOT_APPLICABLE_UNDER_16,808,KNOWN_ZERO_BELOW_CATI_CAWI_DETAIL_CAP,6,6,6,6.0,,,6.0,6,0,6,CORE_STRICT_COUNT,DIRECT_REPORTED_CHAIN_COMPLETE,1.84642324172074
93089504,93089500.0,4,1,403,403,NOT_APPLICABLE_UNDER_16,808,KNOWN_ZERO_BELOW_CATI_CAWI_DETAIL_CAP,4,4,4,4.0,,,4.0,4,0,4,CORE_STRICT_COUNT,DIRECT_REPORTED_CHAIN_COMPLETE,1.76057572499468
93089601,93089600.0,1,5,404,404,NOT_APPLICABLE_NOT_EMPLOYED,803,UNAVAILABLE_NO_TRIP_PROTOCOL,803,803,803,,,,,0,0,0,EXCLUDED_COUNT_UNOBSERVED,TRIP_DAY_NO_ROWS,2.66973949403931
93091231,93091230.0,1,1,404,404,NOT_APPLICABLE_NOT_EMPLOYED,808,KNOWN_ZERO_BELOW_CATI_CAWI_DETAIL_CAP,2,2,2,2.0,,,2.0,2,0,2,CORE_STRICT_COUNT,DIRECT_REPORTED_CHAIN_COMPLETE,1.77329565821661
93091232,93091230.0,2,1,404,404,NOT_APPLICABLE_NOT_EMPLOYED,808,KNOWN_ZERO_BELOW_CATI_CAWI_DETAIL_CAP,3,3,3,3.0,,,3.0,3,0,3,CORE_STRICT_COUNT,DIRECT_REPORTED_CHAIN_COMPLETE,3.71446772283377
93091301,93091300.0,1,1,2,607,EXPLICIT_NO_RBW,808,KNOWN_ZERO_BELOW_CATI_CAWI_DETAIL_CAP,2,2,2,2.0,,,2.0,2,0,2,CORE_STRICT_COUNT,DIRECT_REPORTED_CHAIN_COMPLETE,4.5586708866126
93091451,93091450.0,1,1,606,606,NOT_OBSERVED_PAPI,807,KNOWN_ZERO_BELOW_PAPI_DETAIL_CAP,1,1,1,1.0,,,1.0,1,0,1,CORE_STRICT_COUNT,DIRECT_REPORTED_CHAIN_COMPLETE,1.34998144188496
93091452,93091450.0,2,1,606,606,NOT_OBSERVED_PAPI,807,KNOWN_ZERO_BELOW_PAPI_DETAIL_CAP,1,1,1,1.0,,,1.0,1,0,1,CORE_STRICT_COUNT,DIRECT_REPORTED_CHAIN_COMPLETE,5.3257715439166
93092661,93092660.0,1,1,2,607,EXPLICIT_NO_RBW,0,KNOWN_ZERO,8,8,8,8.0,0.0,,8.0,8,0,8,CORE_STRICT_COUNT,DIRECT_REPORTED_CHAIN_COMPLETE,1.65695643838983
93092662,93092660.0,2,1,2,607,EXPLICIT_NO_RBW,807,KNOWN_ZERO_BELOW_PAPI_DETAIL_CAP,6,6,6,6.0,,,6.0,6,0,6,CORE_STRICT_COUNT,DIRECT_REPORTED_CHAIN_COMPLETE,1.77574619662494
93092671,93092670.0,1,1,2,607,EXPLICIT_NO_RBW,808,KNOWN_ZERO_BELOW_CATI_CAWI_DETAIL_CAP,5,5,5,5.0,,,5.0,5,0,5,CORE_STRICT_COUNT,DIRECT_REPORTED_CHAIN_COMPLETE,4.39907568840898
93092672,93092670.0,2,1,206,206,NOT_OBSERVED_PROXY,808,KNOWN_ZERO_BELOW_CATI_CAWI_DETAIL_CAP,7,7,7,7.0,,,7.0,7,0,7,CORE_STRICT_COUNT,DIRECT_REPORTED_CHAIN_COMPLETE,4.50406593140805
93092673,93092670.0,3,1,403,403,NOT_APPLICABLE_UNDER_16,808,KNOWN_ZERO_BELOW_CATI_CAWI_DETAIL_CAP,5,5,5,5.0,,,5.0,5,0,5,CORE_STRICT_COUNT,DIRECT_REPORTED_CHAIN_COMPLETE,7.84783663943156
93092891,93092890.0,1,3,1,3,KNOWN_EXACT,807,KNOWN_ZERO_BELOW_PAPI_DETAIL_CAP,5,5,8,5.0,,3.0,8.0,5,3,8,CORE_STRICT_COUNT,MIXED_DIRECT_RBW_UNTIMED,4.39907568840898
93093711,93093710.0,1,1,2,607,EXPLICIT_NO_RBW,808,KNOWN_ZERO_BELOW_CATI_CAWI_DETAIL_CAP,6,6,6,6.0,,,6.0,6,0,6,CORE_STRICT_COUNT,DIRECT_REPORTED_CHAIN_COMPLETE,3.83032496671695
93093881,93093880.0,1,1,406,406,NOT_OBSERVED_SECONDARY_EMPLOYMENT,808,KNOWN_ZERO_BELOW_CATI_CAWI_DETAIL_CAP,7,7,7,7.0,,,7.0,7,0,7,CORE_STRICT_COUNT,DIRECT_REPORTED_CHAIN_COMPLETE,5.5414749715266
93093882,93093880.0,2,1,406,406,NOT_OBSERVED_SECONDARY_EMPLOYMENT,808,KNOWN_ZERO_BELOW_CATI_CAWI_DETAIL_CAP,5,5,5,5.0,,,5.0,5,0,5,CORE_STRICT_COUNT,DIRECT_REPORTED_CHAIN_COMPLETE,7.6807859110633
93094381,93094380.0,1,1,2,607,EXPLICIT_NO_RBW,807,KNOWN_ZERO_BELOW_PAPI_DETAIL_CAP,2,2,2,2.0,,,2.0,2,0,2,CORE_STRICT_COUNT,DIRECT_REPORTED_CHAIN_COMPLETE,4.51388252844394
93094661,93094660.0,1,0,606,606,NOT_OBSERVED_PAPI,801,NOT_APPLICABLE_NOT_MOBILE,0,0,0,0.0,,,0.0,0,0,0,CORE_STRICT_COUNT,ZERO_TRIP_COMPLETE,7.57463529209499
93096041,93096040.0,1,1,404,404,NOT_APPLICABLE_NOT_EMPLOYED,808,KNOWN_ZERO_BELOW_CATI_CAWI_DETAIL_CAP,4,4,4,4.0,,,4.0,4,0,4,CORE_STRICT_COUNT,DIRECT_REPORTED_CHAIN_COMPLETE,2.41688681758266
93096042,93096040.0,2,1,404,404,NOT_APPLICABLE_NOT_EMPLOYED,808,KNOWN_ZERO_BELOW_CATI_CAWI_DETAIL_CAP,4,4,4,4.0,,,4.0,4,0,4,CORE_STRICT_COUNT,DIRECT_REPORTED_CHAIN_COMPLETE,3.99630633382444
93096051,93096050.0,1,5,2,607,EXPLICIT_NO_RBW,803,UNAVAILABLE_NO_TRIP_PROTOCOL,803,803,803,,,,,0,0,0,EXCLUDED_COUNT_UNOBSERVED,TRIP_DAY_NO_ROWS,3.26743691310159
93097471,93097470.0,1,0,606,606,NOT_OBSERVED_PAPI,801,NOT_APPLICABLE_NOT_MOBILE,0,0,0,0.0,,,0.0,0,0,0,CORE_STRICT_COUNT,ZERO_TRIP_COMPLETE,1.46935451027731
93097472,93097470.0,2,0,606,606,NOT_OBSERVED_PAPI,801,NOT_APPLICABLE_NOT_MOBILE,0,0,0,0.0,,,0.0,0,0,0,CORE_STRICT_COUNT,ZERO_TRIP_COMPLETE,1.55950046700155
93097551,93097550.0,1,0,606,606,NOT_OBSERVED_PAPI,801,NOT_APPLICABLE_NOT_MOBILE,0,0,0,0.0,,,0.0,0,0,0,CORE_STRICT_COUNT,ZERO_TRIP_COMPLETE,6.45898639959536
93097552,93097550.0,2,1,2,607,EXPLICIT_NO_RBW,807,KNOWN_ZERO_BELOW_PAPI_DETAIL_CAP,2,2,2,2.0,,,2.0,2,0,2,CORE_STRICT_COUNT,DIRECT_REPORTED_CHAIN_COMPLETE,8.91253977916582
93097781,93097780.0,1,1,2,607,EXPLICIT_NO_RBW,807,KNOWN_ZERO_BELOW_PAPI_DETAIL_CAP,2,2,2,2.0,,,2.0,2,0,2,CORE_STRICT_COUNT,DIRECT_REPORTED_CHAIN_COMPLETE,4.37100000464347
93098991,93098990.0,1,1,2,607,EXPLICIT_NO_RBW,807,KNOWN_ZERO_BELOW_PAPI_DETAIL_CAP,4,4,4,4.0,,,4.0,4,0,4,CORE_STRICT_COUNT,DIRECT_REPORTED_CHAIN_COMPLETE,4.19669623932194
93099621,93099620.0,1,3,1,2,KNOWN_EXACT,807,KNOWN_ZERO_BELOW_PAPI_DETAIL_CAP,5,5,7,5.0,,2.0,7.0,5,2,7,CORE_STRICT_COUNT,MIXED_DIRECT_RBW_UNTIMED,4.5586708866126
93100511,93100510.0,1,0,404,404,NOT_APPLICABLE_NOT_EMPLOYED,801,NOT_APPLICABLE_NOT_MOBILE,0,0,0,0.0,,,0.0,0,0,0,CORE_STRICT_COUNT,ZERO_TRIP_COMPLETE,1.79295978381523
93100512,93100510.0,2,0,206,206,NOT_OBSERVED_PROXY,801,NOT_APPLICABLE_NOT_MOBILE,0,0,0,0.0,,,0.0,0,0,0,CORE_STRICT_COUNT,ZERO_TRIP_COMPLETE,3.71446772283377
93101131,93101130.0,1,1,404,404,NOT_APPLICABLE_NOT_EMPLOYED,808,KNOWN_ZERO_BELOW_CATI_CAWI_DETAIL_CAP,4,4,4,4.0,,,4.0,4,0,4,CORE_STRICT_COUNT,DIRECT_REPORTED_CHAIN_COMPLETE,2.67648094574817
93101761,93101760.0,1,1,2,607,EXPLICIT_NO_RBW,807,KNOWN_ZERO_BELOW_PAPI_DETAIL_CAP,3,3,3,3.0,,,3.0,3,0,3,CORE_STRICT_COUNT,DIRECT_REPORTED_CHAIN_COMPLETE,7.62006004963525
93102291,93102290.0,1,1,2,607,EXPLICIT_NO_RBW,808,KNOWN_ZERO_BELOW_CATI_CAWI_DETAIL_CAP,5,5,5,5.0,,,5.0,5,0,5,CORE_STRICT_COUNT,DIRECT_REPORTED_CHAIN_COMPLETE,11.1213000613931
93104571,93104570.0,1,1,2,607,EXPLICIT_NO_RBW,808,KNOWN_ZERO_BELOW_CATI_CAWI_DETAIL_CAP,2,2,2,2.0,,,2.0,2,0,2,CORE_STRICT_COUNT,DIRECT_REPORTED_CHAIN_COMPLETE,1.96744719507332
93104572,93104570.0,2,1,2,607,EXPLICIT_NO_RBW,808,KNOWN_ZERO_BELOW_CATI_CAWI_DETAIL_CAP,3,3,3,3.0,,,3.0,3,0,3,CORE_STRICT_COUNT,DIRECT_REPORTED_CHAIN_COMPLETE,2.38414987282999
93104573,93104570.0,3,1,406,406,NOT_OBSERVED_SECONDARY_EMPLOYMENT,808,KNOWN_ZERO_BELOW_CATI_CAWI_DETAIL_CAP,5,5,5,5.0,,,5.0,5,0,5,CORE_STRICT_COUNT,DIRECT_REPORTED_CHAIN_COMPLETE,2.362723915093
93104574,93104570.0,4,1,404,404,NOT_APPLICABLE_NOT_EMPLOYED,808,KNOWN_ZERO_BELOW_CATI_CAWI_DETAIL_CAP,2,2,2,2.0,,,2.0,2,0,2,CORE_STRICT_COUNT,DIRECT_REPORTED_CHAIN_COMPLETE,2.94456926205536
93105611,93105610.0,1,1,2,607,EXPLICIT_NO_RBW,808,KNOWN_ZERO_BELOW_CATI_CAWI_DETAIL_CAP,2,2,2,2.0,,,2.0,2,0,2,CORE_STRICT_COUNT,DIRECT_REPORTED_CHAIN_COMPLETE,4.93904947413116
93105612,93105610.0,2,0,602,602,NO_OUT_OF_HOME_ACTIVITY_OR_DOMESTIC_TRIPS,801,NOT_APPLICABLE_NOT_MOBILE,0,0,0,0.0,,,0.0,0,0,0,CORE_STRICT_COUNT,ZERO_TRIP_COMPLETE,3.48197152122384
93105981,93105980.0,1,1,2,607,EXPLICIT_NO_RBW,808,KNOWN_ZERO_BELOW_CATI_CAWI_DETAIL_CAP,6,6,6,6.0,,,6.0,6,0,6,CORE_STRICT_COUNT,DIRECT_REPORTED_CHAIN_COMPLETE,6.07137843081232
93106201,93106200.0,1,1,606,606,NOT_OBSERVED_PAPI,807,KNOWN_ZERO_BELOW_PAPI_DETAIL_CAP,4,4,4,4.0,,,4.0,4,0,4,CORE_STRICT_COUNT,DIRECT_REPORTED_CHAIN_COMPLETE,1.79295978381523
93106202,93106200.0,2,1,606,606,NOT_OBSERVED_PAPI,807,KNOWN_ZERO_BELOW_PAPI_DETAIL_CAP,5,5,5,5.0,,,5.0,5,0,5,CORE_STRICT_COUNT,DIRECT_REPORTED_CHAIN_COMPLETE,5.03297125296705
93106701,93106700.0,1,1,2,607,EXPLICIT_NO_RBW,808,KNOWN_ZERO_BELOW_CATI_CAWI_DETAIL_CAP,3,3,3,3.0,,,3.0,3,0,3,CORE_STRICT_COUNT,DIRECT_REPORTED_CHAIN_COMPLETE,4.5586708866126
93107131,93107130.0,1,1,2,607,EXPLICIT_NO_RBW,807,KNOWN_ZERO_BELOW_PAPI_DETAIL_CAP,2,2,2,2.0,,,2.0,2,0,2,CORE_STRICT_COUNT,DIRECT_REPORTED_CHAIN_COMPLETE,4.5586708866126
93107132,93107130.0,2,1,2,607,EXPLICIT_NO_RBW,807,KNOWN_ZERO_BELOW_PAPI_DETAIL_CAP,1,1,1,1.0,,,1.0,1,0,1,CORE_STRICT_COUNT,DIRECT_REPORTED_CHAIN_COMPLETE,4.39907568840898
93107133,93107130.0,3,1,403,403,NOT_APPLICABLE_UNDER_16,807,KNOWN_ZERO_BELOW_PAPI_DETAIL_CAP,1,1,1,1.0,,,1.0,1,0,1,CORE_STRICT_COUNT,DIRECT_REPORTED_CHAIN_COMPLETE,6.47403420944949
93107771,93107770.0,1,1,2,607,EXPLICIT_NO_RBW,807,KNOWN_ZERO_BELOW_PAPI_DETAIL_CAP,5,5,5,5.0,,,5.0,5,0,5,CORE_STRICT_COUNT,DIRECT_REPORTED_CHAIN_COMPLETE,5.60634208835736
93110901,93110900.0,1,1,2,607,EXPLICIT_NO_RBW,808,KNOWN_ZERO_BELOW_CATI_CAWI_DETAIL_CAP,6,6,6,6.0,,,6.0,6,0,6,CORE_STRICT_COUNT,DIRECT_REPORTED_CHAIN_COMPLETE,0.874984627230099
93111271,93111270.0,1,5,2,607,EXPLICIT_NO_RBW,803,UNAVAILABLE_NO_TRIP_PROTOCOL,803,803,803,,,,,0,0,0,EXCLUDED_COUNT_UNOBSERVED,TRIP_DAY_NO_ROWS,7.71244169857267
93112971,93112970.0,1,1,404,404,NOT_APPLICABLE_NOT_EMPLOYED,808,KNOWN_ZERO_BELOW_CATI_CAWI_DETAIL_CAP,3,3,3,3.0,,,3.0,3,0,3,CORE_STRICT_COUNT,DIRECT_REPORTED_CHAIN_COMPLETE,4.51388252844394
93113161,93113160.0,1,3,1,3,KNOWN_EXACT,808,KNOWN_ZERO_BELOW_CATI_CAWI_DETAIL_CAP,4,4,7,4.0,,3.0,7.0,4,3,7,CORE_STRICT_COUNT,MIXED_DIRECT_RBW_UNTIMED,5.9253191768619
93113162,93113160.0,2,1,206,206,NOT_OBSERVED_PROXY,808,KNOWN_ZERO_BELOW_CATI_CAWI_DETAIL_CAP,2,2,2,2.0,,,2.0,2,0,2,CORE_STRICT_COUNT,DIRECT_REPORTED_CHAIN_COMPLETE,7.1911993738908
93113163,93113160.0,3,1,206,206,NOT_OBSERVED_PROXY,808,KNOWN_ZERO_BELOW_CATI_CAWI_DETAIL_CAP,1,1,1,1.0,,,1.0,1,0,1,CORE_STRICT_COUNT,DIRECT_REPORTED_CHAIN_COMPLETE,12.281818454221
93113164,93113160.0,4,1,206,206,NOT_OBSERVED_PROXY,808,KNOWN_ZERO_BELOW_CATI_CAWI_DETAIL_CAP,2,2,2,2.0,,,2.0,2,0,2,CORE_STRICT_COUNT,DIRECT_REPORTED_CHAIN_COMPLETE,11.538085603495
93113601,93113600.0,1,1,2,607,EXPLICIT_NO_RBW,808,KNOWN_ZERO_BELOW_CATI_CAWI_DETAIL_CAP,2,2,2,2.0,,,2.0,2,0,2,CORE_STRICT_COUNT,DIRECT_REPORTED_CHAIN_COMPLETE,2.55917417531301
93113602,93113600.0,2,1,2,607,EXPLICIT_NO_RBW,808,KNOWN_ZERO_BELOW_CATI_CAWI_DETAIL_CAP,2,2,2,2.0,,,2.0,2,0,2,CORE_STRICT_COUNT,DIRECT_REPORTED_CHAIN_COMPLETE,2.50759975242041
93113603,93113600.0,3,1,404,404,NOT_APPLICABLE_NOT_EMPLOYED,808,KNOWN_ZERO_BELOW_CATI_CAWI_DETAIL_CAP,1,1,1,1.0,,,1.0,1,0,1,CORE_STRICT_COUNT,DIRECT_REPORTED_CHAIN_COMPLETE,5.15526253081437
93114481,93114480.0,1,1,2,607,EXPLICIT_NO_RBW,808,KNOWN_ZERO_BELOW_CATI_CAWI_DETAIL_CAP,2,2,2,2.0,,,2.0,2,0,2,CORE_STRICT_COUNT,DIRECT_REPORTED_CHAIN_COMPLETE,1.13175005922806
93114482,93114480.0,2,0,206,206,NOT_OBSERVED_PROXY,801,NOT_APPLICABLE_NOT_MOBILE,0,0,0,0.0,,,0.0,0,0,0,CORE_STRICT_COUNT,ZERO_TRIP_COMPLETE,1.19011726814686
93115231,93115230.0,1,0,602,602,NO_OUT_OF_HOME_ACTIVITY_OR_DOMESTIC_TRIPS,801,NOT_APPLICABLE_NOT_MOBILE,0,0,0,0.0,,,0.0,0,0,0,CORE_STRICT_COUNT,ZERO_TRIP_COMPLETE,0.774924790334028
93115232,93115230.0,2,1,2,607,EXPLICIT_NO_RBW,808,KNOWN_ZERO_BELOW_CATI_CAWI_DETAIL_CAP,2,2,2,2.0,,,2.0,2,0,2,CORE_STRICT_COUNT,DIRECT_REPORTED_CHAIN_COMPLETE,0.423363229814219
93115233,93115230.0,3,1,2,607,EXPLICIT_NO_RBW,808,KNOWN_ZERO_BELOW_CATI_CAWI_DETAIL_CAP,2,2,2,2.0,,,2.0,2,0,2,CORE_STRICT_COUNT,DIRECT_REPORTED_CHAIN_COMPLETE,0.453714791599476
93115234,93115230.0,4,1,206,206,NOT_OBSERVED_PROXY,808,KNOWN_ZERO_BELOW_CATI_CAWI_DETAIL_CAP,2,2,2,2.0,,,2.0,2,0,2,CORE_STRICT_COUNT,DIRECT_REPORTED_CHAIN_COMPLETE,1.63499793331876
93117771,93117770.0,1,1,2,607,EXPLICIT_NO_RBW,807,KNOWN_ZERO_BELOW_PAPI_DETAIL_CAP,2,2,2,2.0,,,2.0,2,0,2,CORE_STRICT_COUNT,DIRECT_REPORTED_CHAIN_COMPLETE,0.95530211691694
93117772,93117770.0,2,0,606,606,NOT_OBSERVED_PAPI,801,NOT_APPLICABLE_NOT_MOBILE,0,0,0,0.0,,,0.0,0,0,0,CORE_STRICT_COUNT,ZERO_TRIP_COMPLETE,1.03922337193773
93117991,93117990.0,1,1,2,607,EXPLICIT_NO_RBW,807,KNOWN_ZERO_BELOW_PAPI_DETAIL_CAP,7,7,7,7.0,,,7.0,7,0,7,CORE_STRICT_COUNT,DIRECT_REPORTED_CHAIN_COMPLETE,4.39907568840898
93117992,93117990.0,2,1,2,607,EXPLICIT_NO_RBW,807,KNOWN_ZERO_BELOW_PAPI_DETAIL_CAP,3,3,3,3.0,,,3.0,3,0,3,CORE_STRICT_COUNT,DIRECT_REPORTED_CHAIN_COMPLETE,5.99998701653939
93118171,93118170.0,1,1,606,606,NOT_OBSERVED_PAPI,807,KNOWN_ZERO_BELOW_PAPI_DETAIL_CAP,3,3,3,3.0,,,3.0,3,0,3,CORE_STRICT_COUNT,DIRECT_REPORTED_CHAIN_COMPLETE,7.48721438974686
93118221,93118220.0,1,0,606,606,NOT_OBSERVED_PAPI,801,NOT_APPLICABLE_NOT_MOBILE,0,0,0,0.0,,,0.0,0,0,0,CORE_STRICT_COUNT,ZERO_TRIP_COMPLETE,3.9318014168437
93118481,93118480.0,1,0,404,404,NOT_APPLICABLE_NOT_EMPLOYED,801,NOT_APPLICABLE_NOT_MOBILE,0,0,0,0.0,,,0.0,0,0,0,CORE_STRICT_COUNT,ZERO_TRIP_COMPLETE,10.6759931918152
93121451,93121450.0,1,0,404,404,NOT_APPLICABLE_NOT_EMPLOYED,801,NOT_APPLICABLE_NOT_MOBILE,0,0,0,0.0,,,0.0,0,0,0,CORE_STRICT_COUNT,ZERO_TRIP_COMPLETE,3.23209919786088
93121452,93121450.0,2,0,404,404,NOT_APPLICABLE_NOT_EMPLOYED,801,NOT_APPLICABLE_NOT_MOBILE,0,0,0,0.0,,,0.0,0,0,0,CORE_STRICT_COUNT,ZERO_TRIP_COMPLETE,3.21150379757611
93122541,93122540.0,1,1,2,607,EXPLICIT_NO_RBW,808,KNOWN_ZERO_BELOW_CATI_CAWI_DETAIL_CAP,3,3,3,3.0,,,3.0,3,0,3,CORE_STRICT_COUNT,DIRECT_REPORTED_CHAIN_COMPLETE,2.77402422358473
93122542,93122540.0,2,0,602,602,NO_OUT_OF_HOME_ACTIVITY_OR_DOMESTIC_TRIPS,801,NOT_APPLICABLE_NOT_MOBILE,0,0,0,0.0,,,0.0,0,0,0,CORE_STRICT_COUNT,ZERO_TRIP_COMPLETE,2.63797708290599
93122543,93122540.0,3,1,404,404,NOT_APPLICABLE_NOT_EMPLOYED,808,KNOWN_ZERO_BELOW_CATI_CAWI_DETAIL_CAP,2,2,2,2.0,,,2.0,2,0,2,CORE_STRICT_COUNT,DIRECT_REPORTED_CHAIN_COMPLETE,8.0748593304541
93122544,93122540.0,4,1,403,403,NOT_APPLICABLE_UNDER_16,808,KNOWN_ZERO_BELOW_CATI_CAWI_DETAIL_CAP,2,2,2,2.0,,,2.0,2,0,2,CORE_STRICT_COUNT,DIRECT_REPORTED_CHAIN_COMPLETE,5.78535761091358
93122721,93122720.0,1,1,2,607,EXPLICIT_NO_RBW,808,KNOWN_ZERO_BELOW_CATI_CAWI_DETAIL_CAP,2,2,2,2.0,,,2.0,2,0,2,CORE_STRICT_COUNT,DIRECT_REPORTED_CHAIN_COMPLETE,4.5586708866126
93122722,93122720.0,2,1,2,607,EXPLICIT_NO_RBW,808,KNOWN_ZERO_BELOW_CATI_CAWI_DETAIL_CAP,5,5,5,5.0,,,5.0,5,0,5,CORE_STRICT_COUNT,DIRECT_REPORTED_CHAIN_COMPLETE,3.8850830192331
93122723,93122720.0,3,1,403,403,NOT_APPLICABLE_UNDER_16,808,KNOWN_ZERO_BELOW_CATI_CAWI_DETAIL_CAP,2,2,2,2.0,,,2.0,2,0,2,CORE_STRICT_COUNT,DIRECT_REPORTED_CHAIN_COMPLETE,7.72194398468614
93122724,93122720.0,4,1,403,403,NOT_APPLICABLE_UNDER_16,808,KNOWN_ZERO_BELOW_CATI_CAWI_DETAIL_CAP,2,2,2,2.0,,,2.0,2,0,2,CORE_STRICT_COUNT,DIRECT_REPORTED_CHAIN_COMPLETE,7.14432558167317
93122725,93122720.0,5,1,403,403,NOT_APPLICABLE_UNDER_16,808,KNOWN_ZERO_BELOW_CATI_CAWI_DETAIL_CAP,2,2,2,2.0,,,2.0,2,0,2,CORE_STRICT_COUNT,DIRECT_REPORTED_CHAIN_COMPLETE,6.47403420944949
93122931,93122930.0,1,1,2,607,EXPLICIT_NO_RBW,807,KNOWN_ZERO_BELOW_PAPI_DETAIL_CAP,2,2,2,2.0,,,2.0,2,0,2,CORE_STRICT_COUNT,DIRECT_REPORTED_CHAIN_COMPLETE,1.76891672339696
93122932,93122930.0,2,1,606,606,NOT_OBSERVED_PAPI,807,KNOWN_ZERO_BELOW_PAPI_DETAIL_CAP,4,4,4,4.0,,,4.0,4,0,4,CORE_STRICT_COUNT,DIRECT_REPORTED_CHAIN_COMPLETE,1.74679260503729
93123091,93123090.0,1,1,2,607,EXPLICIT_NO_RBW,808,KNOWN_ZERO_BELOW_CATI_CAWI_DETAIL_CAP,6,6,6,6.0,,,6.0,6,0,6,CORE_STRICT_COUNT,DIRECT_REPORTED_CHAIN_COMPLETE,3.60891540897997
93123491,93123490.0,1,1,406,406,NOT_OBSERVED_SECONDARY_EMPLOYMENT,808,KNOWN_ZERO_BELOW_CATI_CAWI_DETAIL_CAP,3,3,3,3.0,,,3.0,3,0,3,CORE_STRICT_COUNT,DIRECT_REPORTED_CHAIN_COMPLETE,5.75439988544725
93123861,93123860.0,1,1,404,404,NOT_APPLICABLE_NOT_EMPLOYED,808,KNOWN_ZERO_BELOW_CATI_CAWI_DETAIL_CAP,3,3,3,3.0,,,3.0,3,0,3,CORE_STRICT_COUNT,DIRECT_REPORTED_CHAIN_COMPLETE,4.57833121647793
93123971,93123970.0,1,1,2,607,EXPLICIT_NO_RBW,807,KNOWN_ZERO_BELOW_PAPI_DETAIL_CAP,2,2,2,2.0,,,2.0,2,0,2,CORE_STRICT_COUNT,DIRECT_REPORTED_CHAIN_COMPLETE,1.70394160317259
93123972,93123970.0,2,1,2,607,EXPLICIT_NO_RBW,807,KNOWN_ZERO_BELOW_PAPI_DETAIL_CAP,3,3,3,3.0,,,3.0,3,0,3,CORE_STRICT_COUNT,DIRECT_REPORTED_CHAIN_COMPLETE,2.32403991659313
93123973,93123970.0,3,1,403,403,NOT_APPLICABLE_UNDER_16,807,KNOWN_ZERO_BELOW_PAPI_DETAIL_CAP,1,1,1,1.0,,,1.0,1,0,1,CORE_STRICT_COUNT,DIRECT_REPORTED_CHAIN_COMPLETE,3.03978751265042
93124561,93124560.0,1,1,2,607,EXPLICIT_NO_RBW,808,KNOWN_ZERO_BELOW_CATI_CAWI_DETAIL_CAP,6,6,6,6.0,,,6.0,6,0,6,CORE_STRICT_COUNT,DIRECT_REPORTED_CHAIN_COMPLETE,5.28143844282071
93124562,93124560.0,2,1,1,99,MISSING_RESPONSE,807,KNOWN_ZERO_BELOW_PAPI_DETAIL_CAP,3,3,3,3.0,,,3.0,3,0,3,ANALYTIC_WITH_COMPONENT_WARNING,DIRECT_ROWS_RBW_COUNT_UNKNOWN,4.84720776581934
93124851,93124850.0,1,3,1,2,KNOWN_EXACT,808,KNOWN_ZERO_BELOW_CATI_CAWI_DETAIL_CAP,2,2,4,2.0,,2.0,4.0,2,2,4,CORE_STRICT_COUNT,MIXED_DIRECT_RBW_UNTIMED,2.96800242809513
93124852,93124850.0,2,1,2,607,EXPLICIT_NO_RBW,808,KNOWN_ZERO_BELOW_CATI_CAWI_DETAIL_CAP,2,2,2,2.0,,,2.0,2,0,2,CORE_STRICT_COUNT,DIRECT_REPORTED_CHAIN_COMPLETE,4.94728264501003
93124921,93124920.0,1,1,2,607,EXPLICIT_NO_RBW,808,KNOWN_ZERO_BELOW_CATI_CAWI_DETAIL_CAP,4,4,4,4.0,,,4.0,4,0,4,CORE_STRICT_COUNT,DIRECT_REPORTED_CHAIN_COMPLETE,5.51084841623137
93126151,93126150.0,1,3,1,4,KNOWN_EXACT,807,KNOWN_ZERO_BELOW_PAPI_DETAIL_CAP,3,3,7,3.0,,4.0,7.0,3,4,7,CORE_STRICT_COUNT,MIXED_DIRECT_RBW_UNTIMED,4.37100000464347
93127351,93127350.0,1,0,2,607,EXPLICIT_NO_RBW,801,NOT_APPLICABLE_NOT_MOBILE,0,0,0,0.0,,,0.0,0,0,0,CORE_STRICT_COUNT,ZERO_TRIP_COMPLETE,2.23534549695849
93128151,93128150.0,1,0,602,602,NO_OUT_OF_HOME_ACTIVITY_OR_DOMESTIC_TRIPS,801,NOT_APPLICABLE_NOT_MOBILE,0,0,0,0.0,,,0.0,0,0,0,CORE_STRICT_COUNT,ZERO_TRIP_COMPLETE,3.52325347073862
93128152,93128150.0,2,1,206,206,NOT_OBSERVED_PROXY,808,KNOWN_ZERO_BELOW_CATI_CAWI_DETAIL_CAP,2,2,2,2.0,,,2.0,2,0,2,CORE_STRICT_COUNT,DIRECT_REPORTED_CHAIN_COMPLETE,3.4191641888653
93128153,93128150.0,3,0,403,403,NOT_APPLICABLE_UNDER_16,801,NOT_APPLICABLE_NOT_MOBILE,0,0,0,0.0,,,0.0,0,0,0,CORE_STRICT_COUNT,ZERO_TRIP_COMPLETE,5.58856603900727
93128154,93128150.0,4,0,403,403,NOT_APPLICABLE_UNDER_16,801,NOT_APPLICABLE_NOT_MOBILE,0,0,0,0.0,,,0.0,0,0,0,CORE_STRICT_COUNT,ZERO_TRIP_COMPLETE,5.06423836717522
93129661,93129660.0,1,0,602,602,NO_OUT_OF_HOME_ACTIVITY_OR_DOMESTIC_TRIPS,801,NOT_APPLICABLE_NOT_MOBILE,0,0,0,0.0,,,0.0,0,0,0,CORE_STRICT_COUNT,ZERO_TRIP_COMPLETE,2.71752905385363
93129662,93129660.0,2,0,206,206,NOT_OBSERVED_PROXY,801,NOT_APPLICABLE_NOT_MOBILE,0,0,0,0.0,,,0.0,0,0,0,CORE_STRICT_COUNT,ZERO_TRIP_COMPLETE,8.03701242388909
93129663,93129660.0,3,1,403,403,NOT_APPLICABLE_UNDER_16,808,KNOWN_ZERO_BELOW_CATI_CAWI_DETAIL_CAP,4,4,4,4.0,,,4.0,4,0,4,CORE_STRICT_COUNT,DIRECT_REPORTED_CHAIN_COMPLETE,4.52844275726549
93129791,93129790.0,1,0,602,602,NO_OUT_OF_HOME_ACTIVITY_OR_DOMESTIC_TRIPS,801,NOT_APPLICABLE_NOT_MOBILE,0,0,0,0.0,,,0.0,0,0,0,CORE_STRICT_COUNT,ZERO_TRIP_COMPLETE,2.48659722852039
93129792,93129790.0,2,0,206,206,NOT_OBSERVED_PROXY,801,NOT_APPLICABLE_NOT_MOBILE,0,0,0,0.0,,,0.0,0,0,0,CORE_STRICT_COUNT,ZERO_TRIP_COMPLETE,1.81149000280303
93129793,93129790.0,3,1,206,206,NOT_OBSERVED_PROXY,808,KNOWN_ZERO_BELOW_CATI_CAWI_DETAIL_CAP,2,2,2,2.0,,,2.0,2,0,2,CORE_STRICT_COUNT,DIRECT_REPORTED_CHAIN_COMPLETE,2.47861323565986
93129794,93129790.0,4,0,403,403,NOT_APPLICABLE_UNDER_16,801,NOT_APPLICABLE_NOT_MOBILE,0,0,0,0.0,,,0.0,0,0,0,CORE_STRICT_COUNT,ZERO_TRIP_COMPLETE,3.2002343435378
93131031,93131030.0,1,1,2,607,EXPLICIT_NO_RBW,807,KNOWN_ZERO_BELOW_PAPI_DETAIL_CAP,4,4,4,4.0,,,4.0,4,0,4,CORE_STRICT_COUNT,DIRECT_REPORTED_CHAIN_COMPLETE,3.61240477600584
93132021,93132020.0,1,1,2,607,EXPLICIT_NO_RBW,0,KNOWN_ZERO,8,8,8,8.0,0.0,,8.0,8,0,8,CORE_STRICT_COUNT,DIRECT_REPORTED_CHAIN_COMPLETE,1.14726690567912
93132022,93132020.0,2,1,2,607,EXPLICIT_NO_RBW,0,KNOWN_ZERO,8,8,8,8.0,0.0,,8.0,8,0,8,CORE_STRICT_COUNT,DIRECT_REPORTED_CHAIN_COMPLETE,1.66687290514654
93134531,93134530.0,1,1,2,607,EXPLICIT_NO_RBW,808,KNOWN_ZERO_BELOW_CATI_CAWI_DETAIL_CAP,2,2,2,2.0,,,2.0,2,0,2,CORE_STRICT_COUNT,DIRECT_REPORTED_CHAIN_COMPLETE,3.8850830192331
93134532,93134530.0,2,1,2,607,EXPLICIT_NO_RBW,808,KNOWN_ZERO_BELOW_CATI_CAWI_DETAIL_CAP,4,4,4,4.0,,,4.0,4,0,4,CORE_STRICT_COUNT,DIRECT_REPORTED_CHAIN_COMPLETE,5.51084841623137
93134791,93134790.0,1,1,404,404,NOT_APPLICABLE_NOT_EMPLOYED,808,KNOWN_ZERO_BELOW_CATI_CAWI_DETAIL_CAP,2,2,2,2.0,,,2.0,2,0,2,CORE_STRICT_COUNT,DIRECT_REPORTED_CHAIN_COMPLETE,2.53491025906623
93134792,93134790.0,2,1,404,404,NOT_APPLICABLE_NOT_EMPLOYED,808,KNOWN_ZERO_BELOW_CATI_CAWI_DETAIL_CAP,2,2,2,2.0,,,2.0,2,0,2,CORE_STRICT_COUNT,DIRECT_REPORTED_CHAIN_COMPLETE,2.1447577726847
93135791,93135790.0,1,1,404,404,NOT_APPLICABLE_NOT_EMPLOYED,808,KNOWN_ZERO_BELOW_CATI_CAWI_DETAIL_CAP,4,4,4,4.0,,,4.0,4,0,4,CORE_STRICT_COUNT,DIRECT_REPORTED_CHAIN_COMPLETE,0.731797405024672
93135792,93135790.0,2,0,206,206,NOT_OBSERVED_PROXY,801,NOT_APPLICABLE_NOT_MOBILE,0,0,0,0.0,,,0.0,0,0,0,CORE_STRICT_COUNT,ZERO_TRIP_COMPLETE,1.52201050972995
93136601,93136600.0,1,1,404,404,NOT_APPLICABLE_NOT_EMPLOYED,808,KNOWN_ZERO_BELOW_CATI_CAWI_DETAIL_CAP,1,1,1,1.0,,,1.0,1,0,1,CORE_STRICT_COUNT,DIRECT_REPORTED_CHAIN_COMPLETE,10.6759931918152
93137281,93137280.0,1,1,2,607,EXPLICIT_NO_RBW,808,KNOWN_ZERO_BELOW_CATI_CAWI_DETAIL_CAP,2,2,2,2.0,,,2.0,2,0,2,CORE_STRICT_COUNT,DIRECT_REPORTED_CHAIN_COMPLETE,4.5586708866126
93137861,93137860.0,1,1,2,607,EXPLICIT_NO_RBW,808,KNOWN_ZERO_BELOW_CATI_CAWI_DETAIL_CAP,5,5,5,5.0,,,5.0,5,0,5,CORE_STRICT_COUNT,DIRECT_REPORTED_CHAIN_COMPLETE,6.07137843081232
93138041,93138040.0,1,1,404,404,NOT_APPLICABLE_NOT_EMPLOYED,808,KNOWN_ZERO_BELOW_CATI_CAWI_DETAIL_CAP,4,4,4,4.0,,,4.0,4,0,4,CORE_STRICT_COUNT,DIRECT_REPORTED_CHAIN_COMPLETE,8.68527157451353
93138042,93138040.0,2,1,206,206,NOT_OBSERVED_PROXY,808,KNOWN_ZERO_BELOW_CATI_CAWI_DETAIL_CAP,4,4,4,4.0,,,4.0,4,0,4,CORE_STRICT_COUNT,DIRECT_REPORTED_CHAIN_COMPLETE,0.861678746586667
93140341,93140340.0,1,1,2,607,EXPLICIT_NO_RBW,808,KNOWN_ZERO_BELOW_CATI_CAWI_DETAIL_CAP,5,5,5,5.0,,,5.0,5,0,5,CORE_STRICT_COUNT,DIRECT_REPORTED_CHAIN_COMPLETE,3.60891540897997
93140342,93140340.0,2,1,2,607,EXPLICIT_NO_RBW,808,KNOWN_ZERO_BELOW_CATI_CAWI_DETAIL_CAP,3,3,3,3.0,,,3.0,3,0,3,CORE_STRICT_COUNT,DIRECT_REPORTED_CHAIN_COMPLETE,3.26743691310159
93140751,93140750.0,1,1,606,606,NOT_OBSERVED_PAPI,807,KNOWN_ZERO_BELOW_PAPI_DETAIL_CAP,4,4,4,4.0,,,4.0,4,0,4,CORE_STRICT_COUNT,DIRECT_REPORTED_CHAIN_COMPLETE,5.58041423536824
93142661,93142660.0,1,1,2,607,EXPLICIT_NO_RBW,808,KNOWN_ZERO_BELOW_CATI_CAWI_DETAIL_CAP,2,2,2,2.0,,,2.0,2,0,2,CORE_STRICT_COUNT,DIRECT_REPORTED_CHAIN_COMPLETE,3.96756123457353
93142911,93142910.0,1,1,2,607,EXPLICIT_NO_RBW,808,KNOWN_ZERO_BELOW_CATI_CAWI_DETAIL_CAP,2,2,2,2.0,,,2.0,2,0,2,CORE_STRICT_COUNT,DIRECT_REPORTED_CHAIN_COMPLETE,3.8850830192331
93142912,93142910.0,2,1,2,607,EXPLICIT_NO_RBW,808,KNOWN_ZERO_BELOW_CATI_CAWI_DETAIL_CAP,6,6,6,6.0,,,6.0,6,0,6,CORE_STRICT_COUNT,DIRECT_REPORTED_CHAIN_COMPLETE,5.51084841623137
93143901,93143900.0,1,1,404,404,NOT_APPLICABLE_NOT_EMPLOYED,808,KNOWN_ZERO_BELOW_CATI_CAWI_DETAIL_CAP,2,2,2,2.0,,,2.0,2,0,2,CORE_STRICT_COUNT,DIRECT_REPORTED_CHAIN_COMPLETE,3.9318014168437
93144011,93144010.0,1,1,404,404,NOT_APPLICABLE_NOT_EMPLOYED,808,KNOWN_ZERO_BELOW_CATI_CAWI_DETAIL_CAP,6,6,6,6.0,,,6.0,6,0,6,CORE_STRICT_COUNT,DIRECT_REPORTED_CHAIN_COMPLETE,3.77980500983061
93144012,93144010.0,2,0,206,206,NOT_OBSERVED_PROXY,801,NOT_APPLICABLE_NOT_MOBILE,0,0,0,0.0,,,0.0,0,0,0,CORE_STRICT_COUNT,ZERO_TRIP_COMPLETE,3.19202388058674
93144013,93144010.0,3,0,206,206,NOT_OBSERVED_PROXY,801,NOT_APPLICABLE_NOT_MOBILE,0,0,0,0.0,,,0.0,0,0,0,CORE_STRICT_COUNT,ZERO_TRIP_COMPLETE,2.68297661956285
93144014,93144010.0,4,0,206,206,NOT_OBSERVED_PROXY,801,NOT_APPLICABLE_NOT_MOBILE,0,0,0,0.0,,,0.0,0,0,0,CORE_STRICT_COUNT,ZERO_TRIP_COMPLETE,2.80155053925946
93144321,93144320.0,1,5,404,404,NOT_APPLICABLE_NOT_EMPLOYED,803,UNAVAILABLE_NO_TRIP_PROTOCOL,803,803,803,,,,,0,0,0,EXCLUDED_COUNT_UNOBSERVED,TRIP_DAY_NO_ROWS,4.52811877954232
93149581,93149580.0,1,0,606,606,NOT_OBSERVED_PAPI,801,NOT_APPLICABLE_NOT_MOBILE,0,0,0,0.0,,,0.0,0,0,0,CORE_STRICT_COUNT,ZERO_TRIP_COMPLETE,5.16056900777121
93149582,93149580.0,2,0,606,606,NOT_OBSERVED_PAPI,801,NOT_APPLICABLE_NOT_MOBILE,0,0,0,0.0,,,0.0,0,0,0,CORE_STRICT_COUNT,ZERO_TRIP_COMPLETE,7.29912160465823
93152371,93152370.0,1,1,404,404,NOT_APPLICABLE_NOT_EMPLOYED,808,KNOWN_ZERO_BELOW_CATI_CAWI_DETAIL_CAP,2,2,2,2.0,,,2.0,2,0,2,CORE_STRICT_COUNT,DIRECT_REPORTED_CHAIN_COMPLETE,2.17161948647098
93152372,93152370.0,2,1,404,404,NOT_APPLICABLE_NOT_EMPLOYED,808,KNOWN_ZERO_BELOW_CATI_CAWI_DETAIL_CAP,2,2,2,2.0,,,2.0,2,0,2,CORE_STRICT_COUNT,DIRECT_REPORTED_CHAIN_COMPLETE,1.49467134588586
93152461,93152460.0,1,1,206,206,NOT_OBSERVED_PROXY,808,KNOWN_ZERO_BELOW_CATI_CAWI_DETAIL_CAP,6,6,6,6.0,,,6.0,6,0,6,CORE_STRICT_COUNT,DIRECT_REPORTED_CHAIN_COMPLETE,1.60770155201537
93152462,93152460.0,2,1,404,404,NOT_APPLICABLE_NOT_EMPLOYED,808,KNOWN_ZERO_BELOW_CATI_CAWI_DETAIL_CAP,6,6,6,6.0,,,6.0,6,0,6,CORE_STRICT_COUNT,DIRECT_REPORTED_CHAIN_COMPLETE,0.972306015378608
93152531,93152530.0,1,1,606,606,NOT_OBSERVED_PAPI,807,KNOWN_ZERO_BELOW_PAPI_DETAIL_CAP,3,3,3,3.0,,,3.0,3,0,3,CORE_STRICT_COUNT,DIRECT_REPORTED_CHAIN_COMPLETE,3.9318014168437
93153421,93153420.0,1,0,2,607,EXPLICIT_NO_RBW,801,NOT_APPLICABLE_NOT_MOBILE,0,0,0,0.0,,,0.0,0,0,0,CORE_STRICT_COUNT,ZERO_TRIP_COMPLETE,4.52811877954232
93153422,93153420.0,2,1,1,99,MISSING_RESPONSE,807,KNOWN_ZERO_BELOW_PAPI_DETAIL_CAP,2,2,2,2.0,,,2.0,2,0,2,ANALYTIC_WITH_COMPONENT_WARNING,DIRECT_ROWS_RBW_COUNT_UNKNOWN,10.6759931918152
93154551,93154550.0,1,1,404,404,NOT_APPLICABLE_NOT_EMPLOYED,808,KNOWN_ZERO_BELOW_CATI_CAWI_DETAIL_CAP,1,1,1,1.0,,,1.0,1,0,1,CORE_STRICT_COUNT,DIRECT_REPORTED_CHAIN_COMPLETE,6.02334438361584
93154552,93154550.0,2,1,206,206,NOT_OBSERVED_PROXY,808,KNOWN_ZERO_BELOW_CATI_CAWI_DETAIL_CAP,1,1,1,1.0,,,1.0,1,0,1,CORE_STRICT_COUNT,DIRECT_REPORTED_CHAIN_COMPLETE,4.48935411665053
93154701,93154700.0,1,1,2,607,EXPLICIT_NO_RBW,808,KNOWN_ZERO_BELOW_CATI_CAWI_DETAIL_CAP,3,3,3,3.0,,,3.0,3,0,3,CORE_STRICT_COUNT,DIRECT_REPORTED_CHAIN_COMPLETE,2.50960814171746
93154702,93154700.0,2,1,206,206,NOT_OBSERVED_PROXY,808,KNOWN_ZERO_BELOW_CATI_CAWI_DETAIL_CAP,3,3,3,3.0,,,3.0,3,0,3,CORE_STRICT_COUNT,DIRECT_REPORTED_CHAIN_COMPLETE,2.61735931372677
93154703,93154700.0,3,1,403,403,NOT_APPLICABLE_UNDER_16,808,KNOWN_ZERO_BELOW_CATI_CAWI_DETAIL_CAP,3,3,3,3.0,,,3.0,3,0,3,CORE_STRICT_COUNT,DIRECT_REPORTED_CHAIN_COMPLETE,4.43355146951897
93154704,93154700.0,4,1,403,403,NOT_APPLICABLE_UNDER_16,808,KNOWN_ZERO_BELOW_CATI_CAWI_DETAIL_CAP,3,3,3,3.0,,,3.0,3,0,3,CORE_STRICT_COUNT,DIRECT_REPORTED_CHAIN_COMPLETE,4.10191206309773
93154921,93154920.0,1,2,1,4,KNOWN_EXACT,802,NOT_APPLICABLE_RBW_ONLY,0,0,4,0.0,,4.0,4.0,0,4,4,CORE_STRICT_COUNT,RBW_ONLY_AGGREGATED_UNTIMED,5.58508081967101
93157021,93157020.0,1,5,2,607,EXPLICIT_NO_RBW,803,UNAVAILABLE_NO_TRIP_PROTOCOL,803,803,803,,,,,0,0,0,EXCLUDED_COUNT_UNOBSERVED,TRIP_DAY_NO_ROWS,4.71141019238115
93157022,93157020.0,2,0,606,606,NOT_OBSERVED_PAPI,801,NOT_APPLICABLE_NOT_MOBILE,0,0,0,0.0,,,0.0,0,0,0,CORE_STRICT_COUNT,ZERO_TRIP_COMPLETE,3.456683127701
93158651,93158650.0,1,1,606,606,NOT_OBSERVED_PAPI,807,KNOWN_ZERO_BELOW_PAPI_DETAIL_CAP,5,5,5,5.0,,,5.0,5,0,5,CORE_STRICT_COUNT,DIRECT_REPORTED_CHAIN_COMPLETE,5.60634208835736
93158721,93158720.0,1,1,404,404,NOT_APPLICABLE_NOT_EMPLOYED,808,KNOWN_ZERO_BELOW_CATI_CAWI_DETAIL_CAP,2,2,2,2.0,,,2.0,2,0,2,CORE_STRICT_COUNT,DIRECT_REPORTED_CHAIN_COMPLETE,3.9318014168437
93158861,93158860.0,1,1,2,607,EXPLICIT_NO_RBW,808,KNOWN_ZERO_BELOW_CATI_CAWI_DETAIL_CAP,1,1,1,1.0,,,1.0,1,0,1,CORE_STRICT_COUNT,DIRECT_REPORTED_CHAIN_COMPLETE,3.8850830192331
93158862,93158860.0,2,1,2,607,EXPLICIT_NO_RBW,808,KNOWN_ZERO_BELOW_CATI_CAWI_DETAIL_CAP,3,3,3,3.0,,,3.0,3,0,3,CORE_STRICT_COUNT,DIRECT_REPORTED_CHAIN_COMPLETE,4.5586708866126
93158863,93158860.0,3,1,403,403,NOT_APPLICABLE_UNDER_16,808,KNOWN_ZERO_BELOW_CATI_CAWI_DETAIL_CAP,2,2,2,2.0,,,2.0,2,0,2,CORE_STRICT_COUNT,DIRECT_REPORTED_CHAIN_COMPLETE,6.47403420944949
93160071,93160070.0,1,1,2,607,EXPLICIT_NO_RBW,807,KNOWN_ZERO_BELOW_PAPI_DETAIL_CAP,2,2,2,2.0,,,2.0,2,0,2,CORE_STRICT_COUNT,DIRECT_REPORTED_CHAIN_COMPLETE,5.72567934376566
93160072,93160070.0,2,1,2,607,EXPLICIT_NO_RBW,807,KNOWN_ZERO_BELOW_PAPI_DETAIL_CAP,2,2,2,2.0,,,2.0,2,0,2,CORE_STRICT_COUNT,DIRECT_REPORTED_CHAIN_COMPLETE,4.57748796903205
93160651,93160650.0,1,1,2,607,EXPLICIT_NO_RBW,807,KNOWN_ZERO_BELOW_PAPI_DETAIL_CAP,7,7,7,7.0,,,7.0,7,0,7,CORE_STRICT_COUNT,DIRECT_REPORTED_CHAIN_COMPLETE,3.52101160154023
93160652,93160650.0,2,1,2,607,EXPLICIT_NO_RBW,807,KNOWN_ZERO_BELOW_PAPI_DETAIL_CAP,2,2,2,2.0,,,2.0,2,0,2,CORE_STRICT_COUNT,DIRECT_REPORTED_CHAIN_COMPLETE,3.70259906254976
93160653,93160650.0,3,1,403,403,NOT_APPLICABLE_UNDER_16,807,KNOWN_ZERO_BELOW_PAPI_DETAIL_CAP,2,2,2,2.0,,,2.0,2,0,2,CORE_STRICT_COUNT,DIRECT_REPORTED_CHAIN_COMPLETE,5.82445182866943
93160731,93160730.0,1,1,404,404,NOT_APPLICABLE_NOT_EMPLOYED,808,KNOWN_ZERO_BELOW_CATI_CAWI_DETAIL_CAP,2,2,2,2.0,,,2.0,2,0,2,CORE_STRICT_COUNT,DIRECT_REPORTED_CHAIN_COMPLETE,2.51121682156424
93160732,93160730.0,2,1,404,404,NOT_APPLICABLE_NOT_EMPLOYED,808,KNOWN_ZERO_BELOW_CATI_CAWI_DETAIL_CAP,2,2,2,2.0,,,2.0,2,0,2,CORE_STRICT_COUNT,DIRECT_REPORTED_CHAIN_COMPLETE,5.20247799919355
93160931,93160930.0,1,1,606,606,NOT_OBSERVED_PAPI,807,KNOWN_ZERO_BELOW_PAPI_DETAIL_CAP,3,3,3,3.0,,,3.0,3,0,3,CORE_STRICT_COUNT,DIRECT_REPORTED_CHAIN_COMPLETE,3.19843767364534
93161021,93161020.0,1,1,1,99,MISSING_RESPONSE,808,KNOWN_ZERO_BELOW_CATI_CAWI_DETAIL_CAP,3,3,3,3.0,,,3.0,3,0,3,ANALYTIC_WITH_COMPONENT_WARNING,DIRECT_ROWS_RBW_COUNT_UNKNOWN,4.5943067187509
93161022,93161020.0,2,1,2,607,EXPLICIT_NO_RBW,808,KNOWN_ZERO_BELOW_CATI_CAWI_DETAIL_CAP,2,2,2,2.0,,,2.0,2,0,2,CORE_STRICT_COUNT,DIRECT_REPORTED_CHAIN_COMPLETE,4.52656542637127
93161441,93161440.0,1,1,404,404,NOT_APPLICABLE_NOT_EMPLOYED,808,KNOWN_ZERO_BELOW_CATI_CAWI_DETAIL_CAP,4,4,4,4.0,,,4.0,4,0,4,CORE_STRICT_COUNT,DIRECT_REPORTED_CHAIN_COMPLETE,2.67648094574817
93161751,93161750.0,1,1,2,607,EXPLICIT_NO_RBW,808,KNOWN_ZERO_BELOW_CATI_CAWI_DETAIL_CAP,2,2,2,2.0,,,2.0,2,0,2,CORE_STRICT_COUNT,DIRECT_REPORTED_CHAIN_COMPLETE,4.89198655181066
93161752,93161750.0,2,1,2,607,EXPLICIT_NO_RBW,808,KNOWN_ZERO_BELOW_CATI_CAWI_DETAIL_CAP,2,2,2,2.0,,,2.0,2,0,2,CORE_STRICT_COUNT,DIRECT_REPORTED_CHAIN_COMPLETE,3.44879271706652
93162121,93162120.0,1,1,2,607,EXPLICIT_NO_RBW,807,KNOWN_ZERO_BELOW_PAPI_DETAIL_CAP,3,3,3,3.0,,,3.0,3,0,3,CORE_STRICT_COUNT,DIRECT_REPORTED_CHAIN_COMPLETE,6.26412393291325
93162131,93162130.0,1,1,2,607,EXPLICIT_NO_RBW,807,KNOWN_ZERO_BELOW_PAPI_DETAIL_CAP,2,2,2,2.0,,,2.0,2,0,2,CORE_STRICT_COUNT,DIRECT_REPORTED_CHAIN_COMPLETE,1.51657530921302
93162132,93162130.0,2,1,2,607,EXPLICIT_NO_RBW,807,KNOWN_ZERO_BELOW_PAPI_DETAIL_CAP,2,2,2,2.0,,,2.0,2,0,2,CORE_STRICT_COUNT,DIRECT_REPORTED_CHAIN_COMPLETE,1.49523705858162
93162172,93162170.0,2,0,206,206,NOT_OBSERVED_PROXY,801,NOT_APPLICABLE_NOT_MOBILE,0,0,0,0.0,,,0.0,0,0,0,CORE_STRICT_COUNT,ZERO_TRIP_COMPLETE,5.183296484801
93162174,93162170.0,4,0,602,602,NO_OUT_OF_HOME_ACTIVITY_OR_DOMESTIC_TRIPS,801,NOT_APPLICABLE_NOT_MOBILE,0,0,0,0.0,,,0.0,0,0,0,CORE_STRICT_COUNT,ZERO_TRIP_COMPLETE,3.42826653547187
93162571,93162570.0,1,1,606,606,NOT_OBSERVED_PAPI,807,KNOWN_ZERO_BELOW_PAPI_DETAIL_CAP,1,1,1,1.0,,,1.0,1,0,1,CORE_STRICT_COUNT,DIRECT_REPORTED_CHAIN_COMPLETE,3.89096678441975
93162572,93162570.0,2,1,606,606,NOT_OBSERVED_PAPI,807,KNOWN_ZERO_BELOW_PAPI_DETAIL_CAP,2,2,2,2.0,,,2.0,2,0,2,CORE_STRICT_COUNT,DIRECT_REPORTED_CHAIN_COMPLETE,7.36224008780825
93163521,93163520.0,1,1,2,607,EXPLICIT_NO_RBW,808,KNOWN_ZERO_BELOW_CATI_CAWI_DETAIL_CAP,2,2,2,2.0,,,2.0,2,0,2,CORE_STRICT_COUNT,DIRECT_REPORTED_CHAIN_COMPLETE,1.52129401401406
93163522,93163520.0,2,1,2,607,EXPLICIT_NO_RBW,808,KNOWN_ZERO_BELOW_CATI_CAWI_DETAIL_CAP,5,5,5,5.0,,,5.0,5,0,5,CORE_STRICT_COUNT,DIRECT_REPORTED_CHAIN_COMPLETE,3.87068569972045
93163611,93163610.0,1,1,2,607,EXPLICIT_NO_RBW,807,KNOWN_ZERO_BELOW_PAPI_DETAIL_CAP,6,6,6,6.0,,,6.0,6,0,6,CORE_STRICT_COUNT,DIRECT_REPORTED_CHAIN_COMPLETE,1.65330296874672
93163612,93163610.0,2,1,2,607,EXPLICIT_NO_RBW,807,KNOWN_ZERO_BELOW_PAPI_DETAIL_CAP,4,4,4,4.0,,,4.0,4,0,4,CORE_STRICT_COUNT,DIRECT_REPORTED_CHAIN_COMPLETE,6.52239625763274
93163791,93163790.0,1,1,2,607,EXPLICIT_NO_RBW,808,KNOWN_ZERO_BELOW_CATI_CAWI_DETAIL_CAP,7,7,7,7.0,,,7.0,7,0,7,CORE_STRICT_COUNT,DIRECT_REPORTED_CHAIN_COMPLETE,6.26412393291325
93166391,93166390.0,1,1,2,607,EXPLICIT_NO_RBW,807,KNOWN_ZERO_BELOW_PAPI_DETAIL_CAP,2,2,2,2.0,,,2.0,2,0,2,CORE_STRICT_COUNT,DIRECT_REPORTED_CHAIN_COMPLETE,5.80174936233427
93166392,93166390.0,2,3,1,1,KNOWN_EXACT,807,KNOWN_ZERO_BELOW_PAPI_DETAIL_CAP,4,4,5,4.0,,1.0,5.0,4,1,5,CORE_STRICT_COUNT,MIXED_DIRECT_RBW_UNTIMED,2.70526198431189
93166393,93166390.0,3,1,2,607,EXPLICIT_NO_RBW,807,KNOWN_ZERO_BELOW_PAPI_DETAIL_CAP,2,2,2,2.0,,,2.0,2,0,2,CORE_STRICT_COUNT,DIRECT_REPORTED_CHAIN_COMPLETE,4.22762375474024
93166394,93166390.0,4,1,606,606,NOT_OBSERVED_PAPI,807,KNOWN_ZERO_BELOW_PAPI_DETAIL_CAP,3,3,3,3.0,,,3.0,3,0,3,CORE_STRICT_COUNT,DIRECT_REPORTED_CHAIN_COMPLETE,4.00690517437181
93166641,93166640.0,1,1,404,404,NOT_APPLICABLE_NOT_EMPLOYED,808,KNOWN_ZERO_BELOW_CATI_CAWI_DETAIL_CAP,2,2,2,2.0,,,2.0,2,0,2,CORE_STRICT_COUNT,DIRECT_REPORTED_CHAIN_COMPLETE,2.67648094574817
93166831,93166830.0,1,1,606,606,NOT_OBSERVED_PAPI,807,KNOWN_ZERO_BELOW_PAPI_DETAIL_CAP,2,2,2,2.0,,,2.0,2,0,2,CORE_STRICT_COUNT,DIRECT_REPORTED_CHAIN_COMPLETE,2.24310639249801
93166832,93166830.0,2,0,606,606,NOT_OBSERVED_PAPI,801,NOT_APPLICABLE_NOT_MOBILE,0,0,0,0.0,,,0.0,0,0,0,CORE_STRICT_COUNT,ZERO_TRIP_COMPLETE,2.67648094574817
93167111,93167110.0,1,1,2,607,EXPLICIT_NO_RBW,807,KNOWN_ZERO_BELOW_PAPI_DETAIL_CAP,3,3,3,3.0,,,3.0,3,0,3,CORE_STRICT_COUNT,DIRECT_REPORTED_CHAIN_COMPLETE,1.70490663391363
93167112,93167110.0,2,1,2,607,EXPLICIT_NO_RBW,807,KNOWN_ZERO_BELOW_PAPI_DETAIL_CAP,3,3,3,3.0,,,3.0,3,0,3,CORE_STRICT_COUNT,DIRECT_REPORTED_CHAIN_COMPLETE,1.24971108175137
93168821,93168820.0,1,1,2,607,EXPLICIT_NO_RBW,808,KNOWN_ZERO_BELOW_CATI_CAWI_DETAIL_CAP,3,3,3,3.0,,,3.0,3,0,3,CORE_STRICT_COUNT,DIRECT_REPORTED_CHAIN_COMPLETE,2.75041142371442
93168822,93168820.0,2,1,206,206,NOT_OBSERVED_PROXY,808,KNOWN_ZERO_BELOW_CATI_CAWI_DETAIL_CAP,4,4,4,4.0,,,4.0,4,0,4,CORE_STRICT_COUNT,DIRECT_REPORTED_CHAIN_COMPLETE,3.77450753648547
93169751,93169750.0,1,1,2,607,EXPLICIT_NO_RBW,807,KNOWN_ZERO_BELOW_PAPI_DETAIL_CAP,3,3,3,3.0,,,3.0,3,0,3,CORE_STRICT_COUNT,DIRECT_REPORTED_CHAIN_COMPLETE,5.75439988544725
93171031,93171030.0,1,1,2,607,EXPLICIT_NO_RBW,807,KNOWN_ZERO_BELOW_PAPI_DETAIL_CAP,3,3,3,3.0,,,3.0,3,0,3,CORE_STRICT_COUNT,DIRECT_REPORTED_CHAIN_COMPLETE,3.8850830192331
93171032,93171030.0,2,1,2,607,EXPLICIT_NO_RBW,807,KNOWN_ZERO_BELOW_PAPI_DETAIL_CAP,6,6,6,6.0,,,6.0,6,0,6,CORE_STRICT_COUNT,DIRECT_REPORTED_CHAIN_COMPLETE,3.8850830192331
93171561,93171560.0,1,5,2,607,EXPLICIT_NO_RBW,803,UNAVAILABLE_NO_TRIP_PROTOCOL,803,803,803,,,,,0,0,0,EXCLUDED_COUNT_UNOBSERVED,TRIP_DAY_NO_ROWS,2.99570900221034
93171562,93171560.0,2,1,2,607,EXPLICIT_NO_RBW,807,KNOWN_ZERO_BELOW_PAPI_DETAIL_CAP,2,2,2,2.0,,,2.0,2,0,2,CORE_STRICT_COUNT,DIRECT_REPORTED_CHAIN_COMPLETE,4.24930384462665
93172641,93172640.0,1,1,404,404,NOT_APPLICABLE_NOT_EMPLOYED,808,KNOWN_ZERO_BELOW_CATI_CAWI_DETAIL_CAP,4,4,4,4.0,,,4.0,4,0,4,CORE_STRICT_COUNT,DIRECT_REPORTED_CHAIN_COMPLETE,0.528367281554932
93172642,93172640.0,2,1,404,404,NOT_APPLICABLE_NOT_EMPLOYED,808,KNOWN_ZERO_BELOW_CATI_CAWI_DETAIL_CAP,4,4,4,4.0,,,4.0,4,0,4,CORE_STRICT_COUNT,DIRECT_REPORTED_CHAIN_COMPLETE,0.891690368099824
93172643,93172640.0,3,1,404,404,NOT_APPLICABLE_NOT_EMPLOYED,808,KNOWN_ZERO_BELOW_CATI_CAWI_DETAIL_CAP,3,3,3,3.0,,,3.0,3,0,3,CORE_STRICT_COUNT,DIRECT_REPORTED_CHAIN_COMPLETE,1.46777231503536
93173831,93173830.0,1,3,1,1,KNOWN_EXACT,807,KNOWN_ZERO_BELOW_PAPI_DETAIL_CAP,2,2,3,2.0,,1.0,3.0,2,1,3,CORE_STRICT_COUNT,MIXED_DIRECT_RBW_UNTIMED,4.71806910707711
93173832,93173830.0,2,1,606,606,NOT_OBSERVED_PAPI,807,KNOWN_ZERO_BELOW_PAPI_DETAIL_CAP,2,2,2,2.0,,,2.0,2,0,2,CORE_STRICT_COUNT,DIRECT_REPORTED_CHAIN_COMPLETE,3.05938687150097
93174041,93174040.0,1,1,2,607,EXPLICIT_NO_RBW,808,KNOWN_ZERO_BELOW_CATI_CAWI_DETAIL_CAP,3,3,3,3.0,,,3.0,3,0,3,CORE_STRICT_COUNT,DIRECT_REPORTED_CHAIN_COMPLETE,1.44760125522292
93174042,93174040.0,2,1,2,607,EXPLICIT_NO_RBW,808,KNOWN_ZERO_BELOW_CATI_CAWI_DETAIL_CAP,4,4,4,4.0,,,4.0,4,0,4,CORE_STRICT_COUNT,DIRECT_REPORTED_CHAIN_COMPLETE,1.34334853503422
93178341,93178340.0,1,1,606,606,NOT_OBSERVED_PAPI,807,KNOWN_ZERO_BELOW_PAPI_DETAIL_CAP,7,7,7,7.0,,,7.0,7,0,7,CORE_STRICT_COUNT,DIRECT_REPORTED_CHAIN_COMPLETE,2.24310639249801
93178491,93178490.0,1,1,2,607,EXPLICIT_NO_RBW,808,KNOWN_ZERO_BELOW_CATI_CAWI_DETAIL_CAP,2,2,2,2.0,,,2.0,2,0,2,CORE_STRICT_COUNT,DIRECT_REPORTED_CHAIN_COMPLETE,2.32830733032227
93178492,93178490.0,2,1,2,607,EXPLICIT_NO_RBW,808,KNOWN_ZERO_BELOW_CATI_CAWI_DETAIL_CAP,4,4,4,4.0,,,4.0,4,0,4,CORE_STRICT_COUNT,DIRECT_REPORTED_CHAIN_COMPLETE,1.69617556231311
93178493,93178490.0,3,1,403,403,NOT_APPLICABLE_UNDER_16,808,KNOWN_ZERO_BELOW_CATI_CAWI_DETAIL_CAP,2,2,2,2.0,,,2.0,2,0,2,CORE_STRICT_COUNT,DIRECT_REPORTED_CHAIN_COMPLETE,2.99651628150564
93178494,93178490.0,4,1,403,403,NOT_APPLICABLE_UNDER_16,808,KNOWN_ZERO_BELOW_CATI_CAWI_DETAIL_CAP,2,2,2,2.0,,,2.0,2,0,2,CORE_STRICT_COUNT,DIRECT_REPORTED_CHAIN_COMPLETE,2.99651628150564
93178495,93178490.0,5,1,403,403,NOT_APPLICABLE_UNDER_16,808,KNOWN_ZERO_BELOW_CATI_CAWI_DETAIL_CAP,4,4,4,4.0,,,4.0,4,0,4,CORE_STRICT_COUNT,DIRECT_REPORTED_CHAIN_COMPLETE,3.08597372010568
93180621,93180620.0,1,1,2,607,EXPLICIT_NO_RBW,807,KNOWN_ZERO_BELOW_PAPI_DETAIL_CAP,2,2,2,2.0,,,2.0,2,0,2,CORE_STRICT_COUNT,DIRECT_REPORTED_CHAIN_COMPLETE,7.26772306786335
93180622,93180620.0,2,0,606,606,NOT_OBSERVED_PAPI,801,NOT_APPLICABLE_NOT_MOBILE,0,0,0,0.0,,,0.0,0,0,0,CORE_STRICT_COUNT,ZERO_TRIP_COMPLETE,9.1828100747328
93181361,93181360.0,1,1,1,99,MISSING_RESPONSE,808,KNOWN_ZERO_BELOW_CATI_CAWI_DETAIL_CAP,1,1,1,1.0,,,1.0,1,0,1,ANALYTIC_WITH_COMPONENT_WARNING,DIRECT_ROWS_RBW_COUNT_UNKNOWN,6.34971261471259
93181362,93181360.0,2,1,403,403,NOT_APPLICABLE_UNDER_16,808,KNOWN_ZERO_BELOW_CATI_CAWI_DETAIL_CAP,4,4,4,4.0,,,4.0,4,0,4,CORE_STRICT_COUNT,DIRECT_REPORTED_CHAIN_COMPLETE,7.84997596402908
93181431,93181430.0,1,1,404,404,NOT_APPLICABLE_NOT_EMPLOYED,808,KNOWN_ZERO_BELOW_CATI_CAWI_DETAIL_CAP,5,5,5,5.0,,,5.0,5,0,5,CORE_STRICT_COUNT,DIRECT_REPORTED_CHAIN_COMPLETE,1.00284020726598
93181432,93181430.0,2,0,206,206,NOT_OBSERVED_PROXY,801,NOT_APPLICABLE_NOT_MOBILE,0,0,0,0.0,,,0.0,0,0,0,CORE_STRICT_COUNT,ZERO_TRIP_COMPLETE,1.47319133882121
93182021,93182020.0,1,0,606,606,NOT_OBSERVED_PAPI,801,NOT_APPLICABLE_NOT_MOBILE,0,0,0,0.0,,,0.0,0,0,0,CORE_STRICT_COUNT,ZERO_TRIP_COMPLETE,5.60634208835736
93182022,93182020.0,2,0,606,606,NOT_OBSERVED_PAPI,801,NOT_APPLICABLE_NOT_MOBILE,0,0,0,0.0,,,0.0,0,0,0,CORE_STRICT_COUNT,ZERO_TRIP_COMPLETE,2.70616051848926
93183681,93183680.0,1,1,2,607,EXPLICIT_NO_RBW,808,KNOWN_ZERO_BELOW_CATI_CAWI_DETAIL_CAP,5,5,5,5.0,,,5.0,5,0,5,CORE_STRICT_COUNT,DIRECT_REPORTED_CHAIN_COMPLETE,7.90692256781514
93183682,93183680.0,2,5,2,607,EXPLICIT_NO_RBW,803,UNAVAILABLE_NO_TRIP_PROTOCOL,803,803,803,,,,,0,0,0,EXCLUDED_COUNT_UNOBSERVED,TRIP_DAY_NO_ROWS,5.76162319103315
93184021,93184020.0,1,1,2,607,EXPLICIT_NO_RBW,808,KNOWN_ZERO_BELOW_CATI_CAWI_DETAIL_CAP,4,4,4,4.0,,,4.0,4,0,4,CORE_STRICT_COUNT,DIRECT_REPORTED_CHAIN_COMPLETE,3.52101160154023
93185391,93185390.0,1,1,404,404,NOT_APPLICABLE_NOT_EMPLOYED,808,KNOWN_ZERO_BELOW_CATI_CAWI_DETAIL_CAP,6,6,6,6.0,,,6.0,6,0,6,CORE_STRICT_COUNT,DIRECT_REPORTED_CHAIN_COMPLETE,16.3443421904831
93185591,93185590.0,1,1,2,607,EXPLICIT_NO_RBW,808,KNOWN_ZERO_BELOW_CATI_CAWI_DETAIL_CAP,8,8,8,8.0,,,8.0,8,0,8,CORE_STRICT_COUNT,DIRECT_REPORTED_CHAIN_COMPLETE,3.30227435940505
93185592,93185590.0,2,3,1,1,KNOWN_EXACT,808,KNOWN_ZERO_BELOW_CATI_CAWI_DETAIL_CAP,6,6,7,6.0,,1.0,7.0,6,1,7,CORE_STRICT_COUNT,MIXED_DIRECT_RBW_UNTIMED,3.42207842013096
93185593,93185590.0,3,1,403,403,NOT_APPLICABLE_UNDER_16,808,KNOWN_ZERO_BELOW_CATI_CAWI_DETAIL_CAP,4,4,4,4.0,,,4.0,4,0,4,CORE_STRICT_COUNT,DIRECT_REPORTED_CHAIN_COMPLETE,5.96971979230134
93185594,93185590.0,4,1,403,403,NOT_APPLICABLE_UNDER_16,808,KNOWN_ZERO_BELOW_CATI_CAWI_DETAIL_CAP,2,2,2,2.0,,,2.0,2,0,2,CORE_STRICT_COUNT,DIRECT_REPORTED_CHAIN_COMPLETE,5.89117158849507
93186641,93186640.0,1,1,404,404,NOT_APPLICABLE_NOT_EMPLOYED,808,KNOWN_ZERO_BELOW_CATI_CAWI_DETAIL_CAP,7,7,7,7.0,,,7.0,7,0,7,CORE_STRICT_COUNT,DIRECT_REPORTED_CHAIN_COMPLETE,1.56039783207067
93187951,93187950.0,1,1,2,607,EXPLICIT_NO_RBW,807,KNOWN_ZERO_BELOW_PAPI_DETAIL_CAP,3,3,3,3.0,,,3.0,3,0,3,CORE_STRICT_COUNT,DIRECT_REPORTED_CHAIN_COMPLETE,4.39907568840898
93188471,93188470.0,1,1,2,607,EXPLICIT_NO_RBW,808,KNOWN_ZERO_BELOW_CATI_CAWI_DETAIL_CAP,4,4,4,4.0,,,4.0,4,0,4,CORE_STRICT_COUNT,DIRECT_REPORTED_CHAIN_COMPLETE,2.01152319284441
93188472,93188470.0,2,1,2,607,EXPLICIT_NO_RBW,808,KNOWN_ZERO_BELOW_CATI_CAWI_DETAIL_CAP,3,3,3,3.0,,,3.0,3,0,3,CORE_STRICT_COUNT,DIRECT_REPORTED_CHAIN_COMPLETE,1.44079388744654
93188473,93188470.0,3,1,404,404,NOT_APPLICABLE_NOT_EMPLOYED,808,KNOWN_ZERO_BELOW_CATI_CAWI_DETAIL_CAP,4,4,4,4.0,,,4.0,4,0,4,CORE_STRICT_COUNT,DIRECT_REPORTED_CHAIN_COMPLETE,1.77946757554149
93188474,93188470.0,4,4,206,206,NOT_OBSERVED_PROXY,801,NOT_APPLICABLE_NOT_MOBILE,0,0,0,0.0,,,0.0,0,0,0,EXCLUDED_OUT_OF_SCOPE,OUT_OF_SCOPE_FAR_ABROAD,2.52076888708235
93189392,93189390.0,2,1,606,606,NOT_OBSERVED_PAPI,807,KNOWN_ZERO_BELOW_PAPI_DETAIL_CAP,2,2,2,2.0,,,2.0,2,0,2,CORE_STRICT_COUNT,DIRECT_REPORTED_CHAIN_COMPLETE,5.64229560631061
93190211,93190210.0,1,1,206,206,NOT_OBSERVED_PROXY,808,KNOWN_ZERO_BELOW_CATI_CAWI_DETAIL_CAP,4,4,4,4.0,,,4.0,4,0,4,CORE_STRICT_COUNT,DIRECT_REPORTED_CHAIN_COMPLETE,4.37100000464347
93190212,93190210.0,2,1,403,403,NOT_APPLICABLE_UNDER_16,808,KNOWN_ZERO_BELOW_CATI_CAWI_DETAIL_CAP,1,1,1,1.0,,,1.0,1,0,1,CORE_STRICT_COUNT,DIRECT_REPORTED_CHAIN_COMPLETE,7.84997596402908
93190213,93190210.0,3,1,2,607,EXPLICIT_NO_RBW,808,KNOWN_ZERO_BELOW_CATI_CAWI_DETAIL_CAP,2,2,2,2.0,,,2.0,2,0,2,CORE_STRICT_COUNT,DIRECT_REPORTED_CHAIN_COMPLETE,4.50406593140805
93190291,93190290.0,1,1,2,607,EXPLICIT_NO_RBW,807,KNOWN_ZERO_BELOW_PAPI_DETAIL_CAP,2,2,2,2.0,,,2.0,2,0,2,CORE_STRICT_COUNT,DIRECT_REPORTED_CHAIN_COMPLETE,6.13788454683152
93191931,93191930.0,1,1,606,606,NOT_OBSERVED_PAPI,807,KNOWN_ZERO_BELOW_PAPI_DETAIL_CAP,3,3,3,3.0,,,3.0,3,0,3,CORE_STRICT_COUNT,DIRECT_REPORTED_CHAIN_COMPLETE,1.17990879781213
93191932,93191930.0,2,1,606,606,NOT_OBSERVED_PAPI,807,KNOWN_ZERO_BELOW_PAPI_DETAIL_CAP,2,2,2,2.0,,,2.0,2,0,2,CORE_STRICT_COUNT,DIRECT_REPORTED_CHAIN_COMPLETE,1.39454578714151
93193811,93193810.0,1,1,2,607,EXPLICIT_NO_RBW,808,KNOWN_ZERO_BELOW_CATI_CAWI_DETAIL_CAP,2,2,2,2.0,,,2.0,2,0,2,CORE_STRICT_COUNT,DIRECT_REPORTED_CHAIN_COMPLETE,4.48680457916405
93194951,93194950.0,1,1,2,607,EXPLICIT_NO_RBW,807,KNOWN_ZERO_BELOW_PAPI_DETAIL_CAP,2,2,2,2.0,,,2.0,2,0,2,CORE_STRICT_COUNT,DIRECT_REPORTED_CHAIN_COMPLETE,3.01388868189793
93194952,93194950.0,2,1,2,607,EXPLICIT_NO_RBW,807,KNOWN_ZERO_BELOW_PAPI_DETAIL_CAP,4,4,4,4.0,,,4.0,4,0,4,CORE_STRICT_COUNT,DIRECT_REPORTED_CHAIN_COMPLETE,3.18198236489053
93195031,93195030.0,1,3,1,2,KNOWN_EXACT,807,KNOWN_ZERO_BELOW_PAPI_DETAIL_CAP,4,4,6,4.0,,2.0,6.0,4,2,6,CORE_STRICT_COUNT,MIXED_DIRECT_RBW_UNTIMED,4.67363449298702
93195032,93195030.0,2,1,2,607,EXPLICIT_NO_RBW,807,KNOWN_ZERO_BELOW_PAPI_DETAIL_CAP,5,5,5,5.0,,,5.0,5,0,5,CORE_STRICT_COUNT,DIRECT_REPORTED_CHAIN_COMPLETE,3.29485709556553
93195033,93195030.0,3,3,1,2,KNOWN_EXACT,807,KNOWN_ZERO_BELOW_PAPI_DETAIL_CAP,6,6,8,6.0,,2.0,8.0,6,2,8,CORE_STRICT_COUNT,MIXED_DIRECT_RBW_UNTIMED,3.29485709556553
93195034,93195030.0,4,1,606,606,NOT_OBSERVED_PAPI,807,KNOWN_ZERO_BELOW_PAPI_DETAIL_CAP,2,2,2,2.0,,,2.0,2,0,2,CORE_STRICT_COUNT,DIRECT_REPORTED_CHAIN_COMPLETE,3.82812871791054
93195771,93195770.0,1,1,606,606,NOT_OBSERVED_PAPI,807,KNOWN_ZERO_BELOW_PAPI_DETAIL_CAP,2,2,2,2.0,,,2.0,2,0,2,CORE_STRICT_COUNT,DIRECT_REPORTED_CHAIN_COMPLETE,2.34982179967971
93195772,93195770.0,2,0,606,606,NOT_OBSERVED_PAPI,801,NOT_APPLICABLE_NOT_MOBILE,0,0,0,0.0,,,0.0,0,0,0,CORE_STRICT_COUNT,ZERO_TRIP_COMPLETE,6.4071245878506
93196561,93196560.0,1,1,2,607,EXPLICIT_NO_RBW,807,KNOWN_ZERO_BELOW_PAPI_DETAIL_CAP,2,2,2,2.0,,,2.0,2,0,2,CORE_STRICT_COUNT,DIRECT_REPORTED_CHAIN_COMPLETE,2.96173722535416
93196562,93196560.0,2,9,606,606,NOT_OBSERVED_PAPI,804,UNAVAILABLE_MOBILITY_UNKNOWN,804,804,804,,,,,0,0,0,EXCLUDED_UNKNOWN,MOBILITY_UNKNOWN,2.0901722936435
93196581,93196580.0,1,1,2,607,EXPLICIT_NO_RBW,808,KNOWN_ZERO_BELOW_CATI_CAWI_DETAIL_CAP,5,5,5,5.0,,,5.0,5,0,5,CORE_STRICT_COUNT,DIRECT_REPORTED_CHAIN_COMPLETE,7.86464015280706
93197991,93197990.0,1,1,2,607,EXPLICIT_NO_RBW,807,KNOWN_ZERO_BELOW_PAPI_DETAIL_CAP,4,4,4,4.0,,,4.0,4,0,4,CORE_STRICT_COUNT,DIRECT_REPORTED_CHAIN_COMPLETE,2.78255151457459
93197992,93197990.0,2,1,606,606,NOT_OBSERVED_PAPI,807,KNOWN_ZERO_BELOW_PAPI_DETAIL_CAP,2,2,2,2.0,,,2.0,2,0,2,CORE_STRICT_COUNT,DIRECT_REPORTED_CHAIN_COMPLETE,2.67904291408113
93200291,93200290.0,1,0,606,606,NOT_OBSERVED_PAPI,801,NOT_APPLICABLE_NOT_MOBILE,0,0,0,0.0,,,0.0,0,0,0,CORE_STRICT_COUNT,ZERO_TRIP_COMPLETE,5.58041423536824
93201661,93201660.0,1,1,2,607,EXPLICIT_NO_RBW,807,KNOWN_ZERO_BELOW_PAPI_DETAIL_CAP,2,2,2,2.0,,,2.0,2,0,2,CORE_STRICT_COUNT,DIRECT_REPORTED_CHAIN_COMPLETE,2.33004209963086
93201662,93201660.0,2,1,2,607,EXPLICIT_NO_RBW,807,KNOWN_ZERO_BELOW_PAPI_DETAIL_CAP,2,2,2,2.0,,,2.0,2,0,2,CORE_STRICT_COUNT,DIRECT_REPORTED_CHAIN_COMPLETE,19.6572075634164
93204981,93204980.0,1,1,2,607,EXPLICIT_NO_RBW,808,KNOWN_ZERO_BELOW_CATI_CAWI_DETAIL_CAP,2,2,2,2.0,,,2.0,2,0,2,CORE_STRICT_COUNT,DIRECT_REPORTED_CHAIN_COMPLETE,2.90421204150342
93204982,93204980.0,2,0,206,206,NOT_OBSERVED_PROXY,801,NOT_APPLICABLE_NOT_MOBILE,0,0,0,0.0,,,0.0,0,0,0,CORE_STRICT_COUNT,ZERO_TRIP_COMPLETE,3.02890571221385
93205951,93205950.0,1,1,2,607,EXPLICIT_NO_RBW,807,KNOWN_ZERO_BELOW_PAPI_DETAIL_CAP,2,2,2,2.0,,,2.0,2,0,2,CORE_STRICT_COUNT,DIRECT_REPORTED_CHAIN_COMPLETE,2.26132536564971
93205952,93205950.0,2,1,2,607,EXPLICIT_NO_RBW,807,KNOWN_ZERO_BELOW_PAPI_DETAIL_CAP,4,4,4,4.0,,,4.0,4,0,4,CORE_STRICT_COUNT,DIRECT_REPORTED_CHAIN_COMPLETE,3.08426674035622
93205953,93205950.0,3,1,403,403,NOT_APPLICABLE_UNDER_16,807,KNOWN_ZERO_BELOW_PAPI_DETAIL_CAP,2,2,2,2.0,,,2.0,2,0,2,CORE_STRICT_COUNT,DIRECT_REPORTED_CHAIN_COMPLETE,4.28726567789871
93205954,93205950.0,4,1,403,403,NOT_APPLICABLE_UNDER_16,807,KNOWN_ZERO_BELOW_PAPI_DETAIL_CAP,2,2,2,2.0,,,2.0,2,0,2,CORE_STRICT_COUNT,DIRECT_REPORTED_CHAIN_COMPLETE,4.08793374593631
93206491,93206490.0,1,1,606,606,NOT_OBSERVED_PAPI,807,KNOWN_ZERO_BELOW_PAPI_DETAIL_CAP,3,3,3,3.0,,,3.0,3,0,3,CORE_STRICT_COUNT,DIRECT_REPORTED_CHAIN_COMPLETE,1.99565024523197
93206641,93206640.0,1,1,606,606,NOT_OBSERVED_PAPI,807,KNOWN_ZERO_BELOW_PAPI_DETAIL_CAP,3,3,3,3.0,,,3.0,3,0,3,CORE_STRICT_COUNT,DIRECT_REPORTED_CHAIN_COMPLETE,4.52811877954232
93210841,93210840.0,1,0,404,404,NOT_APPLICABLE_NOT_EMPLOYED,801,NOT_APPLICABLE_NOT_MOBILE,0,0,0,0.0,,,0.0,0,0,0,CORE_STRICT_COUNT,ZERO_TRIP_COMPLETE,1.7359962851735
93210921,93210920.0,1,1,2,607,EXPLICIT_NO_RBW,807,KNOWN_ZERO_BELOW_PAPI_DETAIL_CAP,3,3,3,3.0,,,3.0,3,0,3,CORE_STRICT_COUNT,DIRECT_REPORTED_CHAIN_COMPLETE,2.29292641214398
93210922,93210920.0,2,1,606,606,NOT_OBSERVED_PAPI,807,KNOWN_ZERO_BELOW_PAPI_DETAIL_CAP,1,1,1,1.0,,,1.0,1,0,1,CORE_STRICT_COUNT,DIRECT_REPORTED_CHAIN_COMPLETE,2.24072147864445
93210923,93210920.0,3,1,606,606,NOT_OBSERVED_PAPI,807,KNOWN_ZERO_BELOW_PAPI_DETAIL_CAP,1,1,1,1.0,,,1.0,1,0,1,CORE_STRICT_COUNT,DIRECT_REPORTED_CHAIN_COMPLETE,2.29865221802084
93210924,93210920.0,4,1,606,606,NOT_OBSERVED_PAPI,807,KNOWN_ZERO_BELOW_PAPI_DETAIL_CAP,2,2,2,2.0,,,2.0,2,0,2,CORE_STRICT_COUNT,DIRECT_REPORTED_CHAIN_COMPLETE,3.22551459435778
93216031,93216030.0,1,1,2,607,EXPLICIT_NO_RBW,808,KNOWN_ZERO_BELOW_CATI_CAWI_DETAIL_CAP,5,5,5,5.0,,,5.0,5,0,5,CORE_STRICT_COUNT,DIRECT_REPORTED_CHAIN_COMPLETE,3.2985195981676
93216032,93216030.0,2,1,2,607,EXPLICIT_NO_RBW,808,KNOWN_ZERO_BELOW_CATI_CAWI_DETAIL_CAP,5,5,5,5.0,,,5.0,5,0,5,CORE_STRICT_COUNT,DIRECT_REPORTED_CHAIN_COMPLETE,3.28041376864262
93217751,93217750.0,1,9,2,607,EXPLICIT_NO_RBW,804,UNAVAILABLE_MOBILITY_UNKNOWN,804,804,804,,,,,0,0,0,EXCLUDED_UNKNOWN,MOBILITY_UNKNOWN,6.07137843081232
93217752,93217750.0,2,1,606,606,NOT_OBSERVED_PAPI,807,KNOWN_ZERO_BELOW_PAPI_DETAIL_CAP,3,3,3,3.0,,,3.0,3,0,3,CORE_STRICT_COUNT,DIRECT_REPORTED_CHAIN_COMPLETE,8.33201296590306
93218791,93218790.0,1,1,2,607,EXPLICIT_NO_RBW,807,KNOWN_ZERO_BELOW_PAPI_DETAIL_CAP,2,2,2,2.0,,,2.0,2,0,2,CORE_STRICT_COUNT,DIRECT_REPORTED_CHAIN_COMPLETE,5.52790875297986
93218792,93218790.0,2,1,606,606,NOT_OBSERVED_PAPI,807,KNOWN_ZERO_BELOW_PAPI_DETAIL_CAP,2,2,2,2.0,,,2.0,2,0,2,CORE_STRICT_COUNT,DIRECT_REPORTED_CHAIN_COMPLETE,3.50168449617806
93220071,93220070.0,1,1,2,607,EXPLICIT_NO_RBW,808,KNOWN_ZERO_BELOW_CATI_CAWI_DETAIL_CAP,5,5,5,5.0,,,5.0,5,0,5,CORE_STRICT_COUNT,DIRECT_REPORTED_CHAIN_COMPLETE,3.8850830192331
93220072,93220070.0,2,1,403,403,NOT_APPLICABLE_UNDER_16,808,KNOWN_ZERO_BELOW_CATI_CAWI_DETAIL_CAP,2,2,2,2.0,,,2.0,2,0,2,CORE_STRICT_COUNT,DIRECT_REPORTED_CHAIN_COMPLETE,6.47403420944949
93220411,93220410.0,1,1,2,607,EXPLICIT_NO_RBW,808,KNOWN_ZERO_BELOW_CATI_CAWI_DETAIL_CAP,2,2,2,2.0,,,2.0,2,0,2,CORE_STRICT_COUNT,DIRECT_REPORTED_CHAIN_COMPLETE,1.98081886129231
93220412,93220410.0,2,1,206,206,NOT_OBSERVED_PROXY,808,KNOWN_ZERO_BELOW_CATI_CAWI_DETAIL_CAP,2,2,2,2.0,,,2.0,2,0,2,CORE_STRICT_COUNT,DIRECT_REPORTED_CHAIN_COMPLETE,3.2480699926269
93220501,93220500.0,1,1,2,607,EXPLICIT_NO_RBW,808,KNOWN_ZERO_BELOW_CATI_CAWI_DETAIL_CAP,2,2,2,2.0,,,2.0,2,0,2,CORE_STRICT_COUNT,DIRECT_REPORTED_CHAIN_COMPLETE,6.07137843081232
93220502,93220500.0,2,1,206,206,NOT_OBSERVED_PROXY,808,KNOWN_ZERO_BELOW_CATI_CAWI_DETAIL_CAP,2,2,2,2.0,,,2.0,2,0,2,CORE_STRICT_COUNT,DIRECT_REPORTED_CHAIN_COMPLETE,8.33201296590306
93220503,93220500.0,3,1,403,403,NOT_APPLICABLE_UNDER_16,808,KNOWN_ZERO_BELOW_CATI_CAWI_DETAIL_CAP,2,2,2,2.0,,,2.0,2,0,2,CORE_STRICT_COUNT,DIRECT_REPORTED_CHAIN_COMPLETE,7.84783663943156
93221351,93221350.0,1,1,606,606,NOT_OBSERVED_PAPI,807,KNOWN_ZERO_BELOW_PAPI_DETAIL_CAP,3,3,3,3.0,,,3.0,3,0,3,CORE_STRICT_COUNT,DIRECT_REPORTED_CHAIN_COMPLETE,4.57833121647793
93222701,93222700.0,1,1,404,404,NOT_APPLICABLE_NOT_EMPLOYED,808,KNOWN_ZERO_BELOW_CATI_CAWI_DETAIL_CAP,5,5,5,5.0,,,5.0,5,0,5,CORE_STRICT_COUNT,DIRECT_REPORTED_CHAIN_COMPLETE,1.78343089337221
93222921,93222920.0,1,1,2,607,EXPLICIT_NO_RBW,807,KNOWN_ZERO_BELOW_PAPI_DETAIL_CAP,4,4,4,4.0,,,4.0,4,0,4,CORE_STRICT_COUNT,DIRECT_REPORTED_CHAIN_COMPLETE,2.2902655991183
93222922,93222920.0,2,1,2,607,EXPLICIT_NO_RBW,807,KNOWN_ZERO_BELOW_PAPI_DETAIL_CAP,6,6,6,6.0,,,6.0,6,0,6,CORE_STRICT_COUNT,DIRECT_REPORTED_CHAIN_COMPLETE,1.67917891977235
93222923,93222920.0,3,1,403,403,NOT_APPLICABLE_UNDER_16,807,KNOWN_ZERO_BELOW_PAPI_DETAIL_CAP,2,2,2,2.0,,,2.0,2,0,2,CORE_STRICT_COUNT,DIRECT_REPORTED_CHAIN_COMPLETE,3.18356936120187
93223321,93223320.0,1,1,2,607,EXPLICIT_NO_RBW,807,KNOWN_ZERO_BELOW_PAPI_DETAIL_CAP,5,5,5,5.0,,,5.0,5,0,5,CORE_STRICT_COUNT,DIRECT_REPORTED_CHAIN_COMPLETE,2.94574464489398
93223322,93223320.0,2,1,2,607,EXPLICIT_NO_RBW,807,KNOWN_ZERO_BELOW_PAPI_DETAIL_CAP,3,3,3,3.0,,,3.0,3,0,3,CORE_STRICT_COUNT,DIRECT_REPORTED_CHAIN_COMPLETE,3.79724252723427
93224181,93224180.0,1,1,2,607,EXPLICIT_NO_RBW,808,KNOWN_ZERO_BELOW_CATI_CAWI_DETAIL_CAP,2,2,2,2.0,,,2.0,2,0,2,CORE_STRICT_COUNT,DIRECT_REPORTED_CHAIN_COMPLETE,18.8152162042919
93224691,93224690.0,1,1,606,606,NOT_OBSERVED_PAPI,807,KNOWN_ZERO_BELOW_PAPI_DETAIL_CAP,3,3,3,3.0,,,3.0,3,0,3,CORE_STRICT_COUNT,DIRECT_REPORTED_CHAIN_COMPLETE,5.51553957173434
93226121,93226120.0,1,1,606,606,NOT_OBSERVED_PAPI,807,KNOWN_ZERO_BELOW_PAPI_DETAIL_CAP,4,4,4,4.0,,,4.0,4,0,4,CORE_STRICT_COUNT,DIRECT_REPORTED_CHAIN_COMPLETE,1.50300288114463
93226122,93226120.0,2,1,2,607,EXPLICIT_NO_RBW,808,KNOWN_ZERO_BELOW_CATI_CAWI_DETAIL_CAP,4,4,4,4.0,,,4.0,4,0,4,CORE_STRICT_COUNT,DIRECT_REPORTED_CHAIN_COMPLETE,1.269065532834
93226123,93226120.0,3,1,403,403,NOT_APPLICABLE_UNDER_16,807,KNOWN_ZERO_BELOW_PAPI_DETAIL_CAP,4,4,4,4.0,,,4.0,4,0,4,CORE_STRICT_COUNT,DIRECT_REPORTED_CHAIN_COMPLETE,2.1853154520938
93226124,93226120.0,4,1,403,403,NOT_APPLICABLE_UNDER_16,807,KNOWN_ZERO_BELOW_PAPI_DETAIL_CAP,2,2,2,2.0,,,2.0,2,0,2,CORE_STRICT_COUNT,DIRECT_REPORTED_CHAIN_COMPLETE,2.14967327126391
93226125,93226120.0,5,1,403,403,NOT_APPLICABLE_UNDER_16,807,KNOWN_ZERO_BELOW_PAPI_DETAIL_CAP,2,2,2,2.0,,,2.0,2,0,2,CORE_STRICT_COUNT,DIRECT_REPORTED_CHAIN_COMPLETE,1.98887297998886
93226126,93226120.0,6,1,403,403,NOT_APPLICABLE_UNDER_16,807,KNOWN_ZERO_BELOW_PAPI_DETAIL_CAP,5,5,5,5.0,,,5.0,5,0,5,CORE_STRICT_COUNT,DIRECT_REPORTED_CHAIN_COMPLETE,2.18471989624479
93227701,93227700.0,1,1,404,404,NOT_APPLICABLE_NOT_EMPLOYED,808,KNOWN_ZERO_BELOW_CATI_CAWI_DETAIL_CAP,2,2,2,2.0,,,2.0,2,0,2,CORE_STRICT_COUNT,DIRECT_REPORTED_CHAIN_COMPLETE,2.24310639249801
93228561,93228560.0,1,0,404,404,NOT_APPLICABLE_NOT_EMPLOYED,801,NOT_APPLICABLE_NOT_MOBILE,0,0,0,0.0,,,0.0,0,0,0,CORE_STRICT_COUNT,ZERO_TRIP_COMPLETE,3.19843767364534
93228562,93228560.0,2,1,206,206,NOT_OBSERVED_PROXY,808,KNOWN_ZERO_BELOW_CATI_CAWI_DETAIL_CAP,2,2,2,2.0,,,2.0,2,0,2,CORE_STRICT_COUNT,DIRECT_REPORTED_CHAIN_COMPLETE,5.64229560631061
93229811,93229810.0,1,1,1,99,MISSING_RESPONSE,807,KNOWN_ZERO_BELOW_PAPI_DETAIL_CAP,4,4,4,4.0,,,4.0,4,0,4,ANALYTIC_WITH_COMPONENT_WARNING,DIRECT_ROWS_RBW_COUNT_UNKNOWN,0.852417304518881
93229812,93229810.0,2,1,606,606,NOT_OBSERVED_PAPI,807,KNOWN_ZERO_BELOW_PAPI_DETAIL_CAP,4,4,4,4.0,,,4.0,4,0,4,CORE_STRICT_COUNT,DIRECT_REPORTED_CHAIN_COMPLETE,1.72075957587563
93234821,93234820.0,1,1,2,607,EXPLICIT_NO_RBW,808,KNOWN_ZERO_BELOW_CATI_CAWI_DETAIL_CAP,2,2,2,2.0,,,2.0,2,0,2,CORE_STRICT_COUNT,DIRECT_REPORTED_CHAIN_COMPLETE,2.49102436029177
93234822,93234820.0,2,0,206,206,NOT_OBSERVED_PROXY,801,NOT_APPLICABLE_NOT_MOBILE,0,0,0,0.0,,,0.0,0,0,0,CORE_STRICT_COUNT,ZERO_TRIP_COMPLETE,1.20382165867144
93235271,93235270.0,1,1,404,404,NOT_APPLICABLE_NOT_EMPLOYED,808,KNOWN_ZERO_BELOW_CATI_CAWI_DETAIL_CAP,4,4,4,4.0,,,4.0,4,0,4,CORE_STRICT_COUNT,DIRECT_REPORTED_CHAIN_COMPLETE,0.741998279996667
93235272,93235270.0,2,1,404,404,NOT_APPLICABLE_NOT_EMPLOYED,808,KNOWN_ZERO_BELOW_CATI_CAWI_DETAIL_CAP,6,6,6,6.0,,,6.0,6,0,6,CORE_STRICT_COUNT,DIRECT_REPORTED_CHAIN_COMPLETE,0.615034131830512
93235711,93235710.0,1,1,606,606,NOT_OBSERVED_PAPI,807,KNOWN_ZERO_BELOW_PAPI_DETAIL_CAP,5,5,5,5.0,,,5.0,5,0,5,CORE_STRICT_COUNT,DIRECT_REPORTED_CHAIN_COMPLETE,3.19843767364534
93238071,93238070.0,1,1,2,607,EXPLICIT_NO_RBW,807,KNOWN_ZERO_BELOW_PAPI_DETAIL_CAP,4,4,4,4.0,,,4.0,4,0,4,CORE_STRICT_COUNT,DIRECT_REPORTED_CHAIN_COMPLETE,6.07137843081232
93238072,93238070.0,2,1,2,607,EXPLICIT_NO_RBW,807,KNOWN_ZERO_BELOW_PAPI_DETAIL_CAP,5,5,5,5.0,,,5.0,5,0,5,CORE_STRICT_COUNT,DIRECT_REPORTED_CHAIN_COMPLETE,5.51084841623137
93238281,93238280.0,1,1,2,607,EXPLICIT_NO_RBW,808,KNOWN_ZERO_BELOW_CATI_CAWI_DETAIL_CAP,5,5,5,5.0,,,5.0,5,0,5,CORE_STRICT_COUNT,DIRECT_REPORTED_CHAIN_COMPLETE,3.8850830192331
93238282,93238280.0,2,1,206,206,NOT_OBSERVED_PROXY,808,KNOWN_ZERO_BELOW_CATI_CAWI_DETAIL_CAP,4,4,4,4.0,,,4.0,4,0,4,CORE_STRICT_COUNT,DIRECT_REPORTED_CHAIN_COMPLETE,5.51084841623137
93238283,93238280.0,3,1,403,403,NOT_APPLICABLE_UNDER_16,808,KNOWN_ZERO_BELOW_CATI_CAWI_DETAIL_CAP,4,4,4,4.0,,,4.0,4,0,4,CORE_STRICT_COUNT,DIRECT_REPORTED_CHAIN_COMPLETE,6.47403420944949
93238761,93238760.0,1,1,606,606,NOT_OBSERVED_PAPI,807,KNOWN_ZERO_BELOW_PAPI_DETAIL_CAP,2,2,2,2.0,,,2.0,2,0,2,CORE_STRICT_COUNT,DIRECT_REPORTED_CHAIN_COMPLETE,9.39089578821591
93239641,93239640.0,1,1,606,606,NOT_OBSERVED_PAPI,807,KNOWN_ZERO_BELOW_PAPI_DETAIL_CAP,7,7,7,7.0,,,7.0,7,0,7,CORE_STRICT_COUNT,DIRECT_REPORTED_CHAIN_COMPLETE,4.33527548370603
93239642,93239640.0,2,1,2,607,EXPLICIT_NO_RBW,807,KNOWN_ZERO_BELOW_PAPI_DETAIL_CAP,3,3,3,3.0,,,3.0,3,0,3,CORE_STRICT_COUNT,DIRECT_REPORTED_CHAIN_COMPLETE,3.75103492007849
93239643,93239640.0,3,1,403,403,NOT_APPLICABLE_UNDER_16,807,KNOWN_ZERO_BELOW_PAPI_DETAIL_CAP,4,4,4,4.0,,,4.0,4,0,4,CORE_STRICT_COUNT,DIRECT_REPORTED_CHAIN_COMPLETE,5.09299470227383
93239644,93239640.0,4,1,403,403,NOT_APPLICABLE_UNDER_16,807,KNOWN_ZERO_BELOW_PAPI_DETAIL_CAP,7,7,7,7.0,,,7.0,7,0,7,CORE_STRICT_COUNT,DIRECT_REPORTED_CHAIN_COMPLETE,5.09299470227383
93240751,93240750.0,1,1,2,607,EXPLICIT_NO_RBW,808,KNOWN_ZERO_BELOW_CATI_CAWI_DETAIL_CAP,2,2,2,2.0,,,2.0,2,0,2,CORE_STRICT_COUNT,DIRECT_REPORTED_CHAIN_COMPLETE,2.78786412329604
93240752,93240750.0,2,1,2,607,EXPLICIT_NO_RBW,808,KNOWN_ZERO_BELOW_CATI_CAWI_DETAIL_CAP,4,4,4,4.0,,,4.0,4,0,4,CORE_STRICT_COUNT,DIRECT_REPORTED_CHAIN_COMPLETE,1.96541126652028
93240801,93240800.0,1,1,2,607,EXPLICIT_NO_RBW,808,KNOWN_ZERO_BELOW_CATI_CAWI_DETAIL_CAP,4,4,4,4.0,,,4.0,4,0,4,CORE_STRICT_COUNT,DIRECT_REPORTED_CHAIN_COMPLETE,8.33201296590306
93241901,93241900.0,1,0,606,606,NOT_OBSERVED_PAPI,801,NOT_APPLICABLE_NOT_MOBILE,0,0,0,0.0,,,0.0,0,0,0,CORE_STRICT_COUNT,ZERO_TRIP_COMPLETE,3.60891540897997
93242431,93242430.0,1,1,606,606,NOT_OBSERVED_PAPI,807,KNOWN_ZERO_BELOW_PAPI_DETAIL_CAP,3,3,3,3.0,,,3.0,3,0,3,CORE_STRICT_COUNT,DIRECT_REPORTED_CHAIN_COMPLETE,3.07346329927022
93242691,93242690.0,1,1,404,404,NOT_APPLICABLE_NOT_EMPLOYED,808,KNOWN_ZERO_BELOW_CATI_CAWI_DETAIL_CAP,3,3,3,3.0,,,3.0,3,0,3,CORE_STRICT_COUNT,DIRECT_REPORTED_CHAIN_COMPLETE,2.67648094574817
93243001,93243000.0,1,1,404,404,NOT_APPLICABLE_NOT_EMPLOYED,808,KNOWN_ZERO_BELOW_CATI_CAWI_DETAIL_CAP,2,2,2,2.0,,,2.0,2,0,2,CORE_STRICT_COUNT,DIRECT_REPORTED_CHAIN_COMPLETE,2.31539880744787
93243002,93243000.0,2,1,2,607,EXPLICIT_NO_RBW,808,KNOWN_ZERO_BELOW_CATI_CAWI_DETAIL_CAP,5,5,5,5.0,,,5.0,5,0,5,CORE_STRICT_COUNT,DIRECT_REPORTED_CHAIN_COMPLETE,5.96600321768384
93243003,93243000.0,3,1,2,607,EXPLICIT_NO_RBW,808,KNOWN_ZERO_BELOW_CATI_CAWI_DETAIL_CAP,5,5,5,5.0,,,5.0,5,0,5,CORE_STRICT_COUNT,DIRECT_REPORTED_CHAIN_COMPLETE,5.85616892641074
93243811,93243810.0,1,1,2,607,EXPLICIT_NO_RBW,808,KNOWN_ZERO_BELOW_CATI_CAWI_DETAIL_CAP,4,4,4,4.0,,,4.0,4,0,4,CORE_STRICT_COUNT,DIRECT_REPORTED_CHAIN_COMPLETE,4.36239211760986
93244581,93244580.0,1,1,404,404,NOT_APPLICABLE_NOT_EMPLOYED,808,KNOWN_ZERO_BELOW_CATI_CAWI_DETAIL_CAP,6,6,6,6.0,,,6.0,6,0,6,CORE_STRICT_COUNT,DIRECT_REPORTED_CHAIN_COMPLETE,4.29763554016698
93244582,93244580.0,2,1,206,206,NOT_OBSERVED_PROXY,808,KNOWN_ZERO_BELOW_CATI_CAWI_DETAIL_CAP,8,8,8,8.0,,,8.0,8,0,8,CORE_STRICT_COUNT,DIRECT_REPORTED_CHAIN_COMPLETE,3.70259906254976
93246811,93246810.0,1,1,404,404,NOT_APPLICABLE_NOT_EMPLOYED,808,KNOWN_ZERO_BELOW_CATI_CAWI_DETAIL_CAP,2,2,2,2.0,,,2.0,2,0,2,CORE_STRICT_COUNT,DIRECT_REPORTED_CHAIN_COMPLETE,3.67032853846715
93246812,93246810.0,2,1,2,607,EXPLICIT_NO_RBW,808,KNOWN_ZERO_BELOW_CATI_CAWI_DETAIL_CAP,3,3,3,3.0,,,3.0,3,0,3,CORE_STRICT_COUNT,DIRECT_REPORTED_CHAIN_COMPLETE,2.7544233398438
93246813,93246810.0,3,0,206,206,NOT_OBSERVED_PROXY,801,NOT_APPLICABLE_NOT_MOBILE,0,0,0,0.0,,,0.0,0,0,0,CORE_STRICT_COUNT,ZERO_TRIP_COMPLETE,3.94739170582493
93246814,93246810.0,4,1,403,403,NOT_APPLICABLE_UNDER_16,808,KNOWN_ZERO_BELOW_CATI_CAWI_DETAIL_CAP,4,4,4,4.0,,,4.0,4,0,4,CORE_STRICT_COUNT,DIRECT_REPORTED_CHAIN_COMPLETE,4.0051167929749
93247671,93247670.0,1,4,602,602,NO_OUT_OF_HOME_ACTIVITY_OR_DOMESTIC_TRIPS,801,NOT_APPLICABLE_NOT_MOBILE,0,0,0,0.0,,,0.0,0,0,0,EXCLUDED_OUT_OF_SCOPE,OUT_OF_SCOPE_FAR_ABROAD,5.51084841623137
93248331,93248330.0,1,1,2,607,EXPLICIT_NO_RBW,808,KNOWN_ZERO_BELOW_CATI_CAWI_DETAIL_CAP,6,6,6,6.0,,,6.0,6,0,6,CORE_STRICT_COUNT,DIRECT_REPORTED_CHAIN_COMPLETE,4.68944699294088
93248611,93248610.0,1,1,2,607,EXPLICIT_NO_RBW,808,KNOWN_ZERO_BELOW_CATI_CAWI_DETAIL_CAP,4,4,4,4.0,,,4.0,4,0,4,CORE_STRICT_COUNT,DIRECT_REPORTED_CHAIN_COMPLETE,4.7223818317314
93248612,93248610.0,2,1,206,206,NOT_OBSERVED_PROXY,808,KNOWN_ZERO_BELOW_CATI_CAWI_DETAIL_CAP,4,4,4,4.0,,,4.0,4,0,4,CORE_STRICT_COUNT,DIRECT_REPORTED_CHAIN_COMPLETE,1.64776475830692
93249771,93249770.0,1,0,606,606,NOT_OBSERVED_PAPI,801,NOT_APPLICABLE_NOT_MOBILE,0,0,0,0.0,,,0.0,0,0,0,CORE_STRICT_COUNT,ZERO_TRIP_COMPLETE,3.83032496671695
93249772,93249770.0,2,1,2,607,EXPLICIT_NO_RBW,807,KNOWN_ZERO_BELOW_PAPI_DETAIL_CAP,2,2,2,2.0,,,2.0,2,0,2,CORE_STRICT_COUNT,DIRECT_REPORTED_CHAIN_COMPLETE,3.52101160154023
93250271,93250270.0,1,1,606,606,NOT_OBSERVED_PAPI,807,KNOWN_ZERO_BELOW_PAPI_DETAIL_CAP,3,3,3,3.0,,,3.0,3,0,3,CORE_STRICT_COUNT,DIRECT_REPORTED_CHAIN_COMPLETE,1.46768351929059
93250272,93250270.0,2,1,606,606,NOT_OBSERVED_PAPI,807,KNOWN_ZERO_BELOW_PAPI_DETAIL_CAP,3,3,3,3.0,,,3.0,3,0,3,CORE_STRICT_COUNT,DIRECT_REPORTED_CHAIN_COMPLETE,1.7512441616268
93250781,93250780.0,1,1,606,606,NOT_OBSERVED_PAPI,807,KNOWN_ZERO_BELOW_PAPI_DETAIL_CAP,3,3,3,3.0,,,3.0,3,0,3,CORE_STRICT_COUNT,DIRECT_REPORTED_CHAIN_COMPLETE,4.48680457916405
93250911,93250910.0,1,1,2,607,EXPLICIT_NO_RBW,807,KNOWN_ZERO_BELOW_PAPI_DETAIL_CAP,5,5,5,5.0,,,5.0,5,0,5,CORE_STRICT_COUNT,DIRECT_REPORTED_CHAIN_COMPLETE,24.9587535879505
93251711,93251710.0,1,1,206,206,NOT_OBSERVED_PROXY,808,KNOWN_ZERO_BELOW_CATI_CAWI_DETAIL_CAP,2,2,2,2.0,,,2.0,2,0,2,CORE_STRICT_COUNT,DIRECT_REPORTED_CHAIN_COMPLETE,14.0962499442526
93251712,93251710.0,2,3,1,5,KNOWN_EXACT,808,KNOWN_ZERO_BELOW_CATI_CAWI_DETAIL_CAP,3,3,8,3.0,,5.0,8.0,3,5,8,CORE_STRICT_COUNT,MIXED_DIRECT_RBW_UNTIMED,3.8850830192331
93253701,93253700.0,1,0,602,602,NO_OUT_OF_HOME_ACTIVITY_OR_DOMESTIC_TRIPS,801,NOT_APPLICABLE_NOT_MOBILE,0,0,0,0.0,,,0.0,0,0,0,CORE_STRICT_COUNT,ZERO_TRIP_COMPLETE,4.76659769151538
93253891,93253890.0,1,1,2,607,EXPLICIT_NO_RBW,808,KNOWN_ZERO_BELOW_CATI_CAWI_DETAIL_CAP,5,5,5,5.0,,,5.0,5,0,5,CORE_STRICT_COUNT,DIRECT_REPORTED_CHAIN_COMPLETE,3.50168449617806
93254621,93254620.0,1,3,1,2,KNOWN_EXACT,808,KNOWN_ZERO_BELOW_CATI_CAWI_DETAIL_CAP,3,3,5,3.0,,2.0,5.0,3,2,5,CORE_STRICT_COUNT,MIXED_DIRECT_RBW_UNTIMED,3.71095345505522
93254622,93254620.0,2,1,2,607,EXPLICIT_NO_RBW,808,KNOWN_ZERO_BELOW_CATI_CAWI_DETAIL_CAP,3,3,3,3.0,,,3.0,3,0,3,CORE_STRICT_COUNT,DIRECT_REPORTED_CHAIN_COMPLETE,1.54637097978901
93254851,93254850.0,1,1,404,404,NOT_APPLICABLE_NOT_EMPLOYED,808,KNOWN_ZERO_BELOW_CATI_CAWI_DETAIL_CAP,1,1,1,1.0,,,1.0,1,0,1,CORE_STRICT_COUNT,DIRECT_REPORTED_CHAIN_COMPLETE,2.88843934897403
93258551,93258550.0,1,1,404,404,NOT_APPLICABLE_NOT_EMPLOYED,808,KNOWN_ZERO_BELOW_CATI_CAWI_DETAIL_CAP,2,2,2,2.0,,,2.0,2,0,2,CORE_STRICT_COUNT,DIRECT_REPORTED_CHAIN_COMPLETE,1.35727558120637
93258552,93258550.0,2,0,206,206,NOT_OBSERVED_PROXY,801,NOT_APPLICABLE_NOT_MOBILE,0,0,0,0.0,,,0.0,0,0,0,CORE_STRICT_COUNT,ZERO_TRIP_COMPLETE,1.99386364461595
93259101,93259100.0,1,1,404,404,NOT_APPLICABLE_NOT_EMPLOYED,808,KNOWN_ZERO_BELOW_CATI_CAWI_DETAIL_CAP,2,2,2,2.0,,,2.0,2,0,2,CORE_STRICT_COUNT,DIRECT_REPORTED_CHAIN_COMPLETE,2.67648094574817
93261401,93261400.0,1,1,2,607,EXPLICIT_NO_RBW,808,KNOWN_ZERO_BELOW_CATI_CAWI_DETAIL_CAP,2,2,2,2.0,,,2.0,2,0,2,CORE_STRICT_COUNT,DIRECT_REPORTED_CHAIN_COMPLETE,2.0396952525275
93261402,93261400.0,2,1,206,206,NOT_OBSERVED_PROXY,808,KNOWN_ZERO_BELOW_CATI_CAWI_DETAIL_CAP,2,2,2,2.0,,,2.0,2,0,2,CORE_STRICT_COUNT,DIRECT_REPORTED_CHAIN_COMPLETE,6.79235446371741
93261403,93261400.0,3,1,403,403,NOT_APPLICABLE_UNDER_16,808,KNOWN_ZERO_BELOW_CATI_CAWI_DETAIL_CAP,2,2,2,2.0,,,2.0,2,0,2,CORE_STRICT_COUNT,DIRECT_REPORTED_CHAIN_COMPLETE,4.17510315338367
93261404,93261400.0,4,1,403,403,NOT_APPLICABLE_UNDER_16,808,KNOWN_ZERO_BELOW_CATI_CAWI_DETAIL_CAP,2,2,2,2.0,,,2.0,2,0,2,CORE_STRICT_COUNT,DIRECT_REPORTED_CHAIN_COMPLETE,4.12016810369723
93261771,93261770.0,1,1,2,607,EXPLICIT_NO_RBW,808,KNOWN_ZERO_BELOW_CATI_CAWI_DETAIL_CAP,6,6,6,6.0,,,6.0,6,0,6,CORE_STRICT_COUNT,DIRECT_REPORTED_CHAIN_COMPLETE,2.26980803046828
93261772,93261770.0,2,1,206,206,NOT_OBSERVED_PROXY,808,KNOWN_ZERO_BELOW_CATI_CAWI_DETAIL_CAP,5,5,5,5.0,,,5.0,5,0,5,CORE_STRICT_COUNT,DIRECT_REPORTED_CHAIN_COMPLETE,2.0750593379558
93261773,93261770.0,3,1,206,206,NOT_OBSERVED_PROXY,808,KNOWN_ZERO_BELOW_CATI_CAWI_DETAIL_CAP,4,4,4,4.0,,,4.0,4,0,4,CORE_STRICT_COUNT,DIRECT_REPORTED_CHAIN_COMPLETE,3.45150545937125
93263101,93263100.0,1,1,2,607,EXPLICIT_NO_RBW,808,KNOWN_ZERO_BELOW_CATI_CAWI_DETAIL_CAP,2,2,2,2.0,,,2.0,2,0,2,CORE_STRICT_COUNT,DIRECT_REPORTED_CHAIN_COMPLETE,3.64100483250538
93263102,93263100.0,2,1,206,206,NOT_OBSERVED_PROXY,808,KNOWN_ZERO_BELOW_CATI_CAWI_DETAIL_CAP,2,2,2,2.0,,,2.0,2,0,2,CORE_STRICT_COUNT,DIRECT_REPORTED_CHAIN_COMPLETE,2.56686538610799
93263103,93263100.0,3,1,403,403,NOT_APPLICABLE_UNDER_16,808,KNOWN_ZERO_BELOW_CATI_CAWI_DETAIL_CAP,2,2,2,2.0,,,2.0,2,0,2,CORE_STRICT_COUNT,DIRECT_REPORTED_CHAIN_COMPLETE,4.27737946356554
93263202,93263200.0,2,3,1,1,KNOWN_EXACT,808,KNOWN_ZERO_BELOW_CATI_CAWI_DETAIL_CAP,4,4,5,4.0,,1.0,5.0,4,1,5,CORE_STRICT_COUNT,MIXED_DIRECT_RBW_UNTIMED,10.5080905783166
93263671,93263670.0,1,1,2,607,EXPLICIT_NO_RBW,807,KNOWN_ZERO_BELOW_PAPI_DETAIL_CAP,1,1,1,1.0,,,1.0,1,0,1,CORE_STRICT_COUNT,DIRECT_REPORTED_CHAIN_COMPLETE,2.15985023406759
93263672,93263670.0,2,1,606,606,NOT_OBSERVED_PAPI,807,KNOWN_ZERO_BELOW_PAPI_DETAIL_CAP,1,1,1,1.0,,,1.0,1,0,1,CORE_STRICT_COUNT,DIRECT_REPORTED_CHAIN_COMPLETE,1.28997142168787
93264651,93264650.0,1,1,2,607,EXPLICIT_NO_RBW,808,KNOWN_ZERO_BELOW_CATI_CAWI_DETAIL_CAP,4,4,4,4.0,,,4.0,4,0,4,CORE_STRICT_COUNT,DIRECT_REPORTED_CHAIN_COMPLETE,6.17176182545754
93264652,93264650.0,2,0,206,206,NOT_OBSERVED_PROXY,801,NOT_APPLICABLE_NOT_MOBILE,0,0,0,0.0,,,0.0,0,0,0,CORE_STRICT_COUNT,ZERO_TRIP_COMPLETE,5.82445182866943
93264653,93264650.0,3,0,403,403,NOT_APPLICABLE_UNDER_16,801,NOT_APPLICABLE_NOT_MOBILE,0,0,0,0.0,,,0.0,0,0,0,CORE_STRICT_COUNT,ZERO_TRIP_COMPLETE,6.3557279912113
93265101,93265100.0,1,1,206,206,NOT_OBSERVED_PROXY,808,KNOWN_ZERO_BELOW_CATI_CAWI_DETAIL_CAP,6,6,6,6.0,,,6.0,6,0,6,CORE_STRICT_COUNT,DIRECT_REPORTED_CHAIN_COMPLETE,11.3245886410082
93265102,93265100.0,2,1,2,607,EXPLICIT_NO_RBW,808,KNOWN_ZERO_BELOW_CATI_CAWI_DETAIL_CAP,9,9,9,9.0,,,9.0,9,0,9,CORE_STRICT_COUNT,DIRECT_REPORTED_CHAIN_COMPLETE,7.71244169857267
93265103,93265100.0,3,1,403,403,NOT_APPLICABLE_UNDER_16,808,KNOWN_ZERO_BELOW_CATI_CAWI_DETAIL_CAP,6,6,6,6.0,,,6.0,6,0,6,CORE_STRICT_COUNT,DIRECT_REPORTED_CHAIN_COMPLETE,7.84783663943156
93265191,93265190.0,1,1,2,607,EXPLICIT_NO_RBW,808,KNOWN_ZERO_BELOW_CATI_CAWI_DETAIL_CAP,3,3,3,3.0,,,3.0,3,0,3,CORE_STRICT_COUNT,DIRECT_REPORTED_CHAIN_COMPLETE,3.87537786509479
93266041,93266040.0,1,1,2,607,EXPLICIT_NO_RBW,807,KNOWN_ZERO_BELOW_PAPI_DETAIL_CAP,2,2,2,2.0,,,2.0,2,0,2,CORE_STRICT_COUNT,DIRECT_REPORTED_CHAIN_COMPLETE,4.5586708866126
93266811,93266810.0,1,1,404,404,NOT_APPLICABLE_NOT_EMPLOYED,808,KNOWN_ZERO_BELOW_CATI_CAWI_DETAIL_CAP,4,4,4,4.0,,,4.0,4,0,4,CORE_STRICT_COUNT,DIRECT_REPORTED_CHAIN_COMPLETE,5.06733255993707
93266812,93266810.0,2,1,206,206,NOT_OBSERVED_PROXY,808,KNOWN_ZERO_BELOW_CATI_CAWI_DETAIL_CAP,4,4,4,4.0,,,4.0,4,0,4,CORE_STRICT_COUNT,DIRECT_REPORTED_CHAIN_COMPLETE,3.7768138163029
93267481,93267480.0,1,1,2,607,EXPLICIT_NO_RBW,807,KNOWN_ZERO_BELOW_PAPI_DETAIL_CAP,4,4,4,4.0,,,4.0,4,0,4,CORE_STRICT_COUNT,DIRECT_REPORTED_CHAIN_COMPLETE,3.25552746182052
93267482,93267480.0,2,1,2,607,EXPLICIT_NO_RBW,807,KNOWN_ZERO_BELOW_PAPI_DETAIL_CAP,2,2,2,2.0,,,2.0,2,0,2,CORE_STRICT_COUNT,DIRECT_REPORTED_CHAIN_COMPLETE,2.6026846588192
93267581,93267580.0,1,1,2,607,EXPLICIT_NO_RBW,808,KNOWN_ZERO_BELOW_CATI_CAWI_DETAIL_CAP,3,3,3,3.0,,,3.0,3,0,3,CORE_STRICT_COUNT,DIRECT_REPORTED_CHAIN_COMPLETE,6.07137843081232
93267582,93267580.0,2,1,2,607,EXPLICIT_NO_RBW,808,KNOWN_ZERO_BELOW_CATI_CAWI_DETAIL_CAP,3,3,3,3.0,,,3.0,3,0,3,CORE_STRICT_COUNT,DIRECT_REPORTED_CHAIN_COMPLETE,8.33201296590306
93268111,93268110.0,1,5,2,607,EXPLICIT_NO_RBW,803,UNAVAILABLE_NO_TRIP_PROTOCOL,803,803,803,,,,,0,0,0,EXCLUDED_COUNT_UNOBSERVED,TRIP_DAY_NO_ROWS,3.83032496671695
93268711,93268710.0,1,1,606,606,NOT_OBSERVED_PAPI,807,KNOWN_ZERO_BELOW_PAPI_DETAIL_CAP,2,2,2,2.0,,,2.0,2,0,2,CORE_STRICT_COUNT,DIRECT_REPORTED_CHAIN_COMPLETE,3.30686580096917
93268712,93268710.0,2,0,606,606,NOT_OBSERVED_PAPI,801,NOT_APPLICABLE_NOT_MOBILE,0,0,0,0.0,,,0.0,0,0,0,CORE_STRICT_COUNT,ZERO_TRIP_COMPLETE,1.99992685601474
93269241,93269240.0,1,1,2,607,EXPLICIT_NO_RBW,2,KNOWN_POSITIVE_UNDETAILED,8,10,10,8.0,2.0,,10.0,8,0,8,CORE_STRICT_COUNT,DIRECT_ROWS_PLUS_UNDETAILED_TRIPS,5.99998701653939
93269242,93269240.0,2,0,606,606,NOT_OBSERVED_PAPI,801,NOT_APPLICABLE_NOT_MOBILE,0,0,0,0.0,,,0.0,0,0,0,CORE_STRICT_COUNT,ZERO_TRIP_COMPLETE,4.39907568840898
93269243,93269240.0,3,1,403,403,NOT_APPLICABLE_UNDER_16,807,KNOWN_ZERO_BELOW_PAPI_DETAIL_CAP,3,3,3,3.0,,,3.0,3,0,3,CORE_STRICT_COUNT,DIRECT_REPORTED_CHAIN_COMPLETE,7.72194398468614
93269244,93269240.0,4,1,403,403,NOT_APPLICABLE_UNDER_16,2,KNOWN_POSITIVE_UNDETAILED,8,10,10,8.0,2.0,,10.0,8,0,8,CORE_STRICT_COUNT,DIRECT_ROWS_PLUS_UNDETAILED_TRIPS,6.47403420944949
93271221,93271220.0,1,1,404,404,NOT_APPLICABLE_NOT_EMPLOYED,808,KNOWN_ZERO_BELOW_CATI_CAWI_DETAIL_CAP,8,8,8,8.0,,,8.0,8,0,8,CORE_STRICT_COUNT,DIRECT_REPORTED_CHAIN_COMPLETE,2.24310639249801
93271271,93271270.0,1,0,406,406,NOT_OBSERVED_SECONDARY_EMPLOYMENT,801,NOT_APPLICABLE_NOT_MOBILE,0,0,0,0.0,,,0.0,0,0,0,CORE_STRICT_COUNT,ZERO_TRIP_COMPLETE,1.88569510248053
93271272,93271270.0,2,1,206,206,NOT_OBSERVED_PROXY,808,KNOWN_ZERO_BELOW_CATI_CAWI_DETAIL_CAP,10,10,10,10.0,,,10.0,10,0,10,CORE_STRICT_COUNT,DIRECT_REPORTED_CHAIN_COMPLETE,2.37583385927049
93271273,93271270.0,3,1,206,206,NOT_OBSERVED_PROXY,808,KNOWN_ZERO_BELOW_CATI_CAWI_DETAIL_CAP,2,2,2,2.0,,,2.0,2,0,2,CORE_STRICT_COUNT,DIRECT_REPORTED_CHAIN_COMPLETE,1.98970138604499
93271274,93271270.0,4,1,206,206,NOT_OBSERVED_PROXY,808,KNOWN_ZERO_BELOW_CATI_CAWI_DETAIL_CAP,5,5,5,5.0,,,5.0,5,0,5,CORE_STRICT_COUNT,DIRECT_REPORTED_CHAIN_COMPLETE,1.51308273594304
93272341,93272340.0,1,1,2,607,EXPLICIT_NO_RBW,808,KNOWN_ZERO_BELOW_CATI_CAWI_DETAIL_CAP,4,4,4,4.0,,,4.0,4,0,4,CORE_STRICT_COUNT,DIRECT_REPORTED_CHAIN_COMPLETE,4.37100000464347
93274721,93274720.0,1,1,404,404,NOT_APPLICABLE_NOT_EMPLOYED,808,KNOWN_ZERO_BELOW_CATI_CAWI_DETAIL_CAP,2,2,2,2.0,,,2.0,2,0,2,CORE_STRICT_COUNT,DIRECT_REPORTED_CHAIN_COMPLETE,1.06458730981203
93274722,93274720.0,2,1,404,404,NOT_APPLICABLE_NOT_EMPLOYED,808,KNOWN_ZERO_BELOW_CATI_CAWI_DETAIL_CAP,5,5,5,5.0,,,5.0,5,0,5,CORE_STRICT_COUNT,DIRECT_REPORTED_CHAIN_COMPLETE,1.28435465920531
93275051,93275050.0,1,1,606,606,NOT_OBSERVED_PAPI,807,KNOWN_ZERO_BELOW_PAPI_DETAIL_CAP,2,2,2,2.0,,,2.0,2,0,2,CORE_STRICT_COUNT,DIRECT_REPORTED_CHAIN_COMPLETE,15.9473528242812
93275052,93275050.0,2,1,606,606,NOT_OBSERVED_PAPI,807,KNOWN_ZERO_BELOW_PAPI_DETAIL_CAP,2,2,2,2.0,,,2.0,2,0,2,CORE_STRICT_COUNT,DIRECT_REPORTED_CHAIN_COMPLETE,18.3965497461621
93275053,93275050.0,3,0,606,606,NOT_OBSERVED_PAPI,801,NOT_APPLICABLE_NOT_MOBILE,0,0,0,0.0,,,0.0,0,0,0,CORE_STRICT_COUNT,ZERO_TRIP_COMPLETE,7.81171576562978
93276561,93276560.0,1,1,2,607,EXPLICIT_NO_RBW,808,KNOWN_ZERO_BELOW_CATI_CAWI_DETAIL_CAP,4,4,4,4.0,,,4.0,4,0,4,CORE_STRICT_COUNT,DIRECT_REPORTED_CHAIN_COMPLETE,3.26743691310159
93276601,93276600.0,1,1,606,606,NOT_OBSERVED_PAPI,807,KNOWN_ZERO_BELOW_PAPI_DETAIL_CAP,1,1,1,1.0,,,1.0,1,0,1,CORE_STRICT_COUNT,DIRECT_REPORTED_CHAIN_COMPLETE,3.1851879472899
93276771,93276770.0,1,3,1,2,KNOWN_EXACT,807,KNOWN_ZERO_BELOW_PAPI_DETAIL_CAP,2,2,4,2.0,,2.0,4.0,2,2,4,CORE_STRICT_COUNT,MIXED_DIRECT_RBW_UNTIMED,5.14811860598873
93277291,93277290.0,1,1,606,606,NOT_OBSERVED_PAPI,807,KNOWN_ZERO_BELOW_PAPI_DETAIL_CAP,3,3,3,3.0,,,3.0,3,0,3,CORE_STRICT_COUNT,DIRECT_REPORTED_CHAIN_COMPLETE,0.80706458159748
93277292,93277290.0,2,1,2,607,EXPLICIT_NO_RBW,807,KNOWN_ZERO_BELOW_PAPI_DETAIL_CAP,3,3,3,3.0,,,3.0,3,0,3,CORE_STRICT_COUNT,DIRECT_REPORTED_CHAIN_COMPLETE,1.17259033369566
93277691,93277690.0,1,1,404,404,NOT_APPLICABLE_NOT_EMPLOYED,808,KNOWN_ZERO_BELOW_CATI_CAWI_DETAIL_CAP,2,2,2,2.0,,,2.0,2,0,2,CORE_STRICT_COUNT,DIRECT_REPORTED_CHAIN_COMPLETE,4.52811877954232
93277692,93277690.0,2,1,206,206,NOT_OBSERVED_PROXY,808,KNOWN_ZERO_BELOW_CATI_CAWI_DETAIL_CAP,2,2,2,2.0,,,2.0,2,0,2,CORE_STRICT_COUNT,DIRECT_REPORTED_CHAIN_COMPLETE,3.50168449617806
93277693,93277690.0,3,1,206,206,NOT_OBSERVED_PROXY,808,KNOWN_ZERO_BELOW_CATI_CAWI_DETAIL_CAP,2,2,2,2.0,,,2.0,2,0,2,CORE_STRICT_COUNT,DIRECT_REPORTED_CHAIN_COMPLETE,7.71244169857267
93277712,93277710.0,2,0,403,403,NOT_APPLICABLE_UNDER_16,801,NOT_APPLICABLE_NOT_MOBILE,0,0,0,0.0,,,0.0,0,0,0,CORE_STRICT_COUNT,ZERO_TRIP_COMPLETE,7.84997596402908
93277713,93277710.0,3,1,403,403,NOT_APPLICABLE_UNDER_16,807,KNOWN_ZERO_BELOW_PAPI_DETAIL_CAP,2,2,2,2.0,,,2.0,2,0,2,CORE_STRICT_COUNT,DIRECT_REPORTED_CHAIN_COMPLETE,7.84997596402908
93277714,93277710.0,4,1,606,606,NOT_OBSERVED_PAPI,807,KNOWN_ZERO_BELOW_PAPI_DETAIL_CAP,2,2,2,2.0,,,2.0,2,0,2,CORE_STRICT_COUNT,DIRECT_REPORTED_CHAIN_COMPLETE,12.8661289799792
93278001,93278000.0,1,1,2,607,EXPLICIT_NO_RBW,807,KNOWN_ZERO_BELOW_PAPI_DETAIL_CAP,3,3,3,3.0,,,3.0,3,0,3,CORE_STRICT_COUNT,DIRECT_REPORTED_CHAIN_COMPLETE,3.03396201964114
93278002,93278000.0,2,1,2,607,EXPLICIT_NO_RBW,807,KNOWN_ZERO_BELOW_PAPI_DETAIL_CAP,6,6,6,6.0,,,6.0,6,0,6,CORE_STRICT_COUNT,DIRECT_REPORTED_CHAIN_COMPLETE,2.29402066436355
93278121,93278120.0,1,1,2,607,EXPLICIT_NO_RBW,808,KNOWN_ZERO_BELOW_CATI_CAWI_DETAIL_CAP,2,2,2,2.0,,,2.0,2,0,2,CORE_STRICT_COUNT,DIRECT_REPORTED_CHAIN_COMPLETE,1.42941385570337
93278122,93278120.0,2,1,2,607,EXPLICIT_NO_RBW,808,KNOWN_ZERO_BELOW_CATI_CAWI_DETAIL_CAP,2,2,2,2.0,,,2.0,2,0,2,CORE_STRICT_COUNT,DIRECT_REPORTED_CHAIN_COMPLETE,1.32647094777563
93278531,93278530.0,1,1,606,606,NOT_OBSERVED_PAPI,807,KNOWN_ZERO_BELOW_PAPI_DETAIL_CAP,4,4,4,4.0,,,4.0,4,0,4,CORE_STRICT_COUNT,DIRECT_REPORTED_CHAIN_COMPLETE,3.52101160154023
93278861,93278860.0,1,1,404,404,NOT_APPLICABLE_NOT_EMPLOYED,808,KNOWN_ZERO_BELOW_CATI_CAWI_DETAIL_CAP,2,2,2,2.0,,,2.0,2,0,2,CORE_STRICT_COUNT,DIRECT_REPORTED_CHAIN_COMPLETE,21.2252142498613
93279391,93279390.0,1,0,2,607,EXPLICIT_NO_RBW,801,NOT_APPLICABLE_NOT_MOBILE,0,0,0,0.0,,,0.0,0,0,0,CORE_STRICT_COUNT,ZERO_TRIP_COMPLETE,10.6759931918152
93279451,93279450.0,1,1,2,607,EXPLICIT_NO_RBW,808,KNOWN_ZERO_BELOW_CATI_CAWI_DETAIL_CAP,5,5,5,5.0,,,5.0,5,0,5,CORE_STRICT_COUNT,DIRECT_REPORTED_CHAIN_COMPLETE,3.50168449617806
93279452,93279450.0,2,1,2,607,EXPLICIT_NO_RBW,808,KNOWN_ZERO_BELOW_CATI_CAWI_DETAIL_CAP,8,8,8,8.0,,,8.0,8,0,8,CORE_STRICT_COUNT,DIRECT_REPORTED_CHAIN_COMPLETE,3.26743691310159
93279453,93279450.0,3,1,206,206,NOT_OBSERVED_PROXY,808,KNOWN_ZERO_BELOW_CATI_CAWI_DETAIL_CAP,5,5,5,5.0,,,5.0,5,0,5,CORE_STRICT_COUNT,DIRECT_REPORTED_CHAIN_COMPLETE,3.0522575611157
93279581,93279580.0,1,1,2,607,EXPLICIT_NO_RBW,0,KNOWN_ZERO,8,8,8,8.0,0.0,,8.0,8,0,8,CORE_STRICT_COUNT,DIRECT_REPORTED_CHAIN_COMPLETE,2.78003825422635
93279582,93279580.0,2,1,2,607,EXPLICIT_NO_RBW,807,KNOWN_ZERO_BELOW_PAPI_DETAIL_CAP,7,7,7,7.0,,,7.0,7,0,7,CORE_STRICT_COUNT,DIRECT_REPORTED_CHAIN_COMPLETE,3.65667362332027
93280031,93280030.0,1,1,2,607,EXPLICIT_NO_RBW,808,KNOWN_ZERO_BELOW_CATI_CAWI_DETAIL_CAP,4,4,4,4.0,,,4.0,4,0,4,CORE_STRICT_COUNT,DIRECT_REPORTED_CHAIN_COMPLETE,1.63838506300508
93280032,93280030.0,2,1,2,607,EXPLICIT_NO_RBW,808,KNOWN_ZERO_BELOW_CATI_CAWI_DETAIL_CAP,4,4,4,4.0,,,4.0,4,0,4,CORE_STRICT_COUNT,DIRECT_REPORTED_CHAIN_COMPLETE,3.480071359224
93280911,93280910.0,1,1,2,607,EXPLICIT_NO_RBW,807,KNOWN_ZERO_BELOW_PAPI_DETAIL_CAP,3,3,3,3.0,,,3.0,3,0,3,CORE_STRICT_COUNT,DIRECT_REPORTED_CHAIN_COMPLETE,3.75682316204019
93280912,93280910.0,2,1,2,607,EXPLICIT_NO_RBW,807,KNOWN_ZERO_BELOW_PAPI_DETAIL_CAP,2,2,2,2.0,,,2.0,2,0,2,CORE_STRICT_COUNT,DIRECT_REPORTED_CHAIN_COMPLETE,7.23926024182915
93281401,93281400.0,1,1,2,607,EXPLICIT_NO_RBW,808,KNOWN_ZERO_BELOW_CATI_CAWI_DETAIL_CAP,6,6,6,6.0,,,6.0,6,0,6,CORE_STRICT_COUNT,DIRECT_REPORTED_CHAIN_COMPLETE,3.93368950264791
93281402,93281400.0,2,1,206,206,NOT_OBSERVED_PROXY,808,KNOWN_ZERO_BELOW_CATI_CAWI_DETAIL_CAP,6,6,6,6.0,,,6.0,6,0,6,CORE_STRICT_COUNT,DIRECT_REPORTED_CHAIN_COMPLETE,9.30683586657556
93281403,93281400.0,3,1,403,403,NOT_APPLICABLE_UNDER_16,808,KNOWN_ZERO_BELOW_CATI_CAWI_DETAIL_CAP,2,2,2,2.0,,,2.0,2,0,2,CORE_STRICT_COUNT,DIRECT_REPORTED_CHAIN_COMPLETE,6.85588721746046
93282301,93282300.0,1,1,2,607,EXPLICIT_NO_RBW,808,KNOWN_ZERO_BELOW_CATI_CAWI_DETAIL_CAP,2,2,2,2.0,,,2.0,2,0,2,CORE_STRICT_COUNT,DIRECT_REPORTED_CHAIN_COMPLETE,4.94127967294616
93282302,93282300.0,2,9,603,603,OUT_OF_HOME_ACTIVITY_INFO_UNKNOWN,804,UNAVAILABLE_MOBILITY_UNKNOWN,804,804,804,,,,,0,0,0,EXCLUDED_UNKNOWN,MOBILITY_UNKNOWN,5.48441377895336
93282361,93282360.0,1,1,206,206,NOT_OBSERVED_PROXY,808,KNOWN_ZERO_BELOW_CATI_CAWI_DETAIL_CAP,2,2,2,2.0,,,2.0,2,0,2,CORE_STRICT_COUNT,DIRECT_REPORTED_CHAIN_COMPLETE,1.89066439098999
93282362,93282360.0,2,1,404,404,NOT_APPLICABLE_NOT_EMPLOYED,808,KNOWN_ZERO_BELOW_CATI_CAWI_DETAIL_CAP,5,5,5,5.0,,,5.0,5,0,5,CORE_STRICT_COUNT,DIRECT_REPORTED_CHAIN_COMPLETE,1.58452888978536
93282791,93282790.0,1,1,2,607,EXPLICIT_NO_RBW,807,KNOWN_ZERO_BELOW_PAPI_DETAIL_CAP,5,5,5,5.0,,,5.0,5,0,5,CORE_STRICT_COUNT,DIRECT_REPORTED_CHAIN_COMPLETE,4.65661306177276
93283381,93283380.0,1,1,2,607,EXPLICIT_NO_RBW,807,KNOWN_ZERO_BELOW_PAPI_DETAIL_CAP,1,1,1,1.0,,,1.0,1,0,1,CORE_STRICT_COUNT,DIRECT_REPORTED_CHAIN_COMPLETE,3.5098945856471
93283382,93283380.0,2,1,2,607,EXPLICIT_NO_RBW,807,KNOWN_ZERO_BELOW_PAPI_DETAIL_CAP,1,1,1,1.0,,,1.0,1,0,1,CORE_STRICT_COUNT,DIRECT_REPORTED_CHAIN_COMPLETE,1.66413974630788
93283383,93283380.0,3,1,2,607,EXPLICIT_NO_RBW,807,KNOWN_ZERO_BELOW_PAPI_DETAIL_CAP,1,1,1,1.0,,,1.0,1,0,1,CORE_STRICT_COUNT,DIRECT_REPORTED_CHAIN_COMPLETE,1.58252493838725
93283384,93283380.0,4,6,606,606,NOT_OBSERVED_PAPI,803,UNAVAILABLE_NO_TRIP_PROTOCOL,803,803,803,,,,,0,0,0,EXCLUDED_REPORTING_RISK,NO_TRIP_REPORTING_RISK,2.61781025296042
93284571,93284570.0,1,1,2,607,EXPLICIT_NO_RBW,808,KNOWN_ZERO_BELOW_CATI_CAWI_DETAIL_CAP,2,2,2,2.0,,,2.0,2,0,2,CORE_STRICT_COUNT,DIRECT_REPORTED_CHAIN_COMPLETE,8.36251709948629
93284572,93284570.0,2,1,404,404,NOT_APPLICABLE_NOT_EMPLOYED,808,KNOWN_ZERO_BELOW_CATI_CAWI_DETAIL_CAP,2,2,2,2.0,,,2.0,2,0,2,CORE_STRICT_COUNT,DIRECT_REPORTED_CHAIN_COMPLETE,7.80927949788967
93284573,93284570.0,3,0,404,404,NOT_APPLICABLE_NOT_EMPLOYED,801,NOT_APPLICABLE_NOT_MOBILE,0,0,0,0.0,,,0.0,0,0,0,CORE_STRICT_COUNT,ZERO_TRIP_COMPLETE,5.82445182866943
93285621,93285620.0,1,1,2,607,EXPLICIT_NO_RBW,808,KNOWN_ZERO_BELOW_CATI_CAWI_DETAIL_CAP,6,6,6,6.0,,,6.0,6,0,6,CORE_STRICT_COUNT,DIRECT_REPORTED_CHAIN_COMPLETE,2.42403217387605
93285622,93285620.0,2,4,206,206,NOT_OBSERVED_PROXY,801,NOT_APPLICABLE_NOT_MOBILE,0,0,0,0.0,,,0.0,0,0,0,EXCLUDED_OUT_OF_SCOPE,OUT_OF_SCOPE_FAR_ABROAD,8.83654780374678
93285623,93285620.0,3,4,206,206,NOT_OBSERVED_PROXY,801,NOT_APPLICABLE_NOT_MOBILE,0,0,0,0.0,,,0.0,0,0,0,EXCLUDED_OUT_OF_SCOPE,OUT_OF_SCOPE_FAR_ABROAD,3.626617130167
93285861,93285860.0,1,1,2,607,EXPLICIT_NO_RBW,808,KNOWN_ZERO_BELOW_CATI_CAWI_DETAIL_CAP,2,2,2,2.0,,,2.0,2,0,2,CORE_STRICT_COUNT,DIRECT_REPORTED_CHAIN_COMPLETE,3.8850830192331
93286991,93286990.0,1,3,1,2,KNOWN_EXACT,808,KNOWN_ZERO_BELOW_CATI_CAWI_DETAIL_CAP,4,4,6,4.0,,2.0,6.0,4,2,6,CORE_STRICT_COUNT,MIXED_DIRECT_RBW_UNTIMED,3.60891540897997
93286992,93286990.0,2,2,1,2,KNOWN_EXACT,802,NOT_APPLICABLE_RBW_ONLY,0,0,2,0.0,,2.0,2.0,0,2,2,CORE_STRICT_COUNT,RBW_ONLY_AGGREGATED_UNTIMED,7.45353726088459
93287081,93287080.0,1,9,606,606,NOT_OBSERVED_PAPI,804,UNAVAILABLE_MOBILITY_UNKNOWN,804,804,804,,,,,0,0,0,EXCLUDED_UNKNOWN,MOBILITY_UNKNOWN,4.37100000464347
93287791,93287790.0,1,1,2,607,EXPLICIT_NO_RBW,807,KNOWN_ZERO_BELOW_PAPI_DETAIL_CAP,2,2,2,2.0,,,2.0,2,0,2,CORE_STRICT_COUNT,DIRECT_REPORTED_CHAIN_COMPLETE,3.8850830192331
93288051,93288050.0,1,3,1,1,KNOWN_EXACT,808,KNOWN_ZERO_BELOW_CATI_CAWI_DETAIL_CAP,3,3,4,3.0,,1.0,4.0,3,1,4,CORE_STRICT_COUNT,MIXED_DIRECT_RBW_UNTIMED,4.26654163626653
93288052,93288050.0,2,1,206,206,NOT_OBSERVED_PROXY,808,KNOWN_ZERO_BELOW_CATI_CAWI_DETAIL_CAP,5,5,5,5.0,,,5.0,5,0,5,CORE_STRICT_COUNT,DIRECT_REPORTED_CHAIN_COMPLETE,6.37352588699981
93288941,93288940.0,1,1,2,607,EXPLICIT_NO_RBW,808,KNOWN_ZERO_BELOW_CATI_CAWI_DETAIL_CAP,4,4,4,4.0,,,4.0,4,0,4,CORE_STRICT_COUNT,DIRECT_REPORTED_CHAIN_COMPLETE,3.26743691310159
93289671,93289670.0,1,1,404,404,NOT_APPLICABLE_NOT_EMPLOYED,808,KNOWN_ZERO_BELOW_CATI_CAWI_DETAIL_CAP,4,4,4,4.0,,,4.0,4,0,4,CORE_STRICT_COUNT,DIRECT_REPORTED_CHAIN_COMPLETE,1.28887100244219
93289672,93289670.0,2,1,206,206,NOT_OBSERVED_PROXY,808,KNOWN_ZERO_BELOW_CATI_CAWI_DETAIL_CAP,2,2,2,2.0,,,2.0,2,0,2,CORE_STRICT_COUNT,DIRECT_REPORTED_CHAIN_COMPLETE,1.01399901110201
93289901,93289900.0,1,5,406,406,NOT_OBSERVED_SECONDARY_EMPLOYMENT,803,UNAVAILABLE_NO_TRIP_PROTOCOL,803,803,803,,,,,0,0,0,EXCLUDED_COUNT_UNOBSERVED,TRIP_DAY_NO_ROWS,26.469824826047
93290971,93290970.0,1,1,2,607,EXPLICIT_NO_RBW,808,KNOWN_ZERO_BELOW_CATI_CAWI_DETAIL_CAP,7,7,7,7.0,,,7.0,7,0,7,CORE_STRICT_COUNT,DIRECT_REPORTED_CHAIN_COMPLETE,7.62006004963525
93291681,93291680.0,1,1,2,607,EXPLICIT_NO_RBW,807,KNOWN_ZERO_BELOW_PAPI_DETAIL_CAP,4,4,4,4.0,,,4.0,4,0,4,CORE_STRICT_COUNT,DIRECT_REPORTED_CHAIN_COMPLETE,1.26917078379561
93291682,93291680.0,2,1,2,607,EXPLICIT_NO_RBW,807,KNOWN_ZERO_BELOW_PAPI_DETAIL_CAP,2,2,2,2.0,,,2.0,2,0,2,CORE_STRICT_COUNT,DIRECT_REPORTED_CHAIN_COMPLETE,2.15546663892525
93292011,93292010.0,1,1,2,607,EXPLICIT_NO_RBW,807,KNOWN_ZERO_BELOW_PAPI_DETAIL_CAP,4,4,4,4.0,,,4.0,4,0,4,CORE_STRICT_COUNT,DIRECT_REPORTED_CHAIN_COMPLETE,0.919200546193041
93292012,93292010.0,2,1,2,607,EXPLICIT_NO_RBW,807,KNOWN_ZERO_BELOW_PAPI_DETAIL_CAP,1,1,1,1.0,,,1.0,1,0,1,CORE_STRICT_COUNT,DIRECT_REPORTED_CHAIN_COMPLETE,1.63854404677883
93292021,93292020.0,1,6,606,606,NOT_OBSERVED_PAPI,803,UNAVAILABLE_NO_TRIP_PROTOCOL,803,803,803,,,,,0,0,0,EXCLUDED_REPORTING_RISK,NO_TRIP_REPORTING_RISK,1.67807424735842
93292022,93292020.0,2,6,606,606,NOT_OBSERVED_PAPI,803,UNAVAILABLE_NO_TRIP_PROTOCOL,803,803,803,,,,,0,0,0,EXCLUDED_REPORTING_RISK,NO_TRIP_REPORTING_RISK,1.40636124360069
93292261,93292260.0,1,1,404,404,NOT_APPLICABLE_NOT_EMPLOYED,808,KNOWN_ZERO_BELOW_CATI_CAWI_DETAIL_CAP,4,4,4,4.0,,,4.0,4,0,4,CORE_STRICT_COUNT,DIRECT_REPORTED_CHAIN_COMPLETE,4.38192973047199
93292262,93292260.0,2,0,206,206,NOT_OBSERVED_PROXY,801,NOT_APPLICABLE_NOT_MOBILE,0,0,0,0.0,,,0.0,0,0,0,CORE_STRICT_COUNT,ZERO_TRIP_COMPLETE,10.5592551322262
93292581,93292580.0,1,1,404,404,NOT_APPLICABLE_NOT_EMPLOYED,808,KNOWN_ZERO_BELOW_CATI_CAWI_DETAIL_CAP,5,5,5,5.0,,,5.0,5,0,5,CORE_STRICT_COUNT,DIRECT_REPORTED_CHAIN_COMPLETE,14.7526228131597
93293081,93293080.0,1,1,2,607,EXPLICIT_NO_RBW,808,KNOWN_ZERO_BELOW_CATI_CAWI_DETAIL_CAP,6,6,6,6.0,,,6.0,6,0,6,CORE_STRICT_COUNT,DIRECT_REPORTED_CHAIN_COMPLETE,3.26743691310159
93293481,93293480.0,1,3,1,1,KNOWN_EXACT,807,KNOWN_ZERO_BELOW_PAPI_DETAIL_CAP,2,2,3,2.0,,1.0,3.0,2,1,3,CORE_STRICT_COUNT,MIXED_DIRECT_RBW_UNTIMED,1.48407831088427
93293482,93293480.0,2,1,2,607,EXPLICIT_NO_RBW,807,KNOWN_ZERO_BELOW_PAPI_DETAIL_CAP,5,5,5,5.0,,,5.0,5,0,5,CORE_STRICT_COUNT,DIRECT_REPORTED_CHAIN_COMPLETE,1.22469050427293
93293484,93293480.0,4,1,403,403,NOT_APPLICABLE_UNDER_16,807,KNOWN_ZERO_BELOW_PAPI_DETAIL_CAP,5,5,5,5.0,,,5.0,5,0,5,CORE_STRICT_COUNT,DIRECT_REPORTED_CHAIN_COMPLETE,2.59649798952218
93293631,93293630.0,1,1,404,404,NOT_APPLICABLE_NOT_EMPLOYED,808,KNOWN_ZERO_BELOW_CATI_CAWI_DETAIL_CAP,6,6,6,6.0,,,6.0,6,0,6,CORE_STRICT_COUNT,DIRECT_REPORTED_CHAIN_COMPLETE,2.24310639249801
93296801,93296800.0,1,0,406,406,NOT_OBSERVED_SECONDARY_EMPLOYMENT,801,NOT_APPLICABLE_NOT_MOBILE,0,0,0,0.0,,,0.0,0,0,0,CORE_STRICT_COUNT,ZERO_TRIP_COMPLETE,2.67648094574817
93297601,93297600.0,1,1,2,607,EXPLICIT_NO_RBW,808,KNOWN_ZERO_BELOW_CATI_CAWI_DETAIL_CAP,4,4,4,4.0,,,4.0,4,0,4,CORE_STRICT_COUNT,DIRECT_REPORTED_CHAIN_COMPLETE,2.57439765358832
93297602,93297600.0,2,1,2,607,EXPLICIT_NO_RBW,808,KNOWN_ZERO_BELOW_CATI_CAWI_DETAIL_CAP,2,2,2,2.0,,,2.0,2,0,2,CORE_STRICT_COUNT,DIRECT_REPORTED_CHAIN_COMPLETE,2.65276979023242
93297603,93297600.0,3,1,206,206,NOT_OBSERVED_PROXY,808,KNOWN_ZERO_BELOW_CATI_CAWI_DETAIL_CAP,2,2,2,2.0,,,2.0,2,0,2,CORE_STRICT_COUNT,DIRECT_REPORTED_CHAIN_COMPLETE,2.60295044856856
93297604,93297600.0,4,1,403,403,NOT_APPLICABLE_UNDER_16,808,KNOWN_ZERO_BELOW_CATI_CAWI_DETAIL_CAP,2,2,2,2.0,,,2.0,2,0,2,CORE_STRICT_COUNT,DIRECT_REPORTED_CHAIN_COMPLETE,3.74334733700248
93298231,93298230.0,1,1,2,607,EXPLICIT_NO_RBW,808,KNOWN_ZERO_BELOW_CATI_CAWI_DETAIL_CAP,2,2,2,2.0,,,2.0,2,0,2,CORE_STRICT_COUNT,DIRECT_REPORTED_CHAIN_COMPLETE,7.71244169857267
93302251,93302250.0,1,1,2,607,EXPLICIT_NO_RBW,808,KNOWN_ZERO_BELOW_CATI_CAWI_DETAIL_CAP,3,3,3,3.0,,,3.0,3,0,3,CORE_STRICT_COUNT,DIRECT_REPORTED_CHAIN_COMPLETE,4.42503116989118
93302411,93302410.0,1,1,2,607,EXPLICIT_NO_RBW,807,KNOWN_ZERO_BELOW_PAPI_DETAIL_CAP,5,5,5,5.0,,,5.0,5,0,5,CORE_STRICT_COUNT,DIRECT_REPORTED_CHAIN_COMPLETE,3.52101160154023
93303391,93303390.0,1,1,406,406,NOT_OBSERVED_SECONDARY_EMPLOYMENT,808,KNOWN_ZERO_BELOW_CATI_CAWI_DETAIL_CAP,2,2,2,2.0,,,2.0,2,0,2,CORE_STRICT_COUNT,DIRECT_REPORTED_CHAIN_COMPLETE,5.58041423536824
93304111,93304110.0,1,0,602,602,NO_OUT_OF_HOME_ACTIVITY_OR_DOMESTIC_TRIPS,801,NOT_APPLICABLE_NOT_MOBILE,0,0,0,0.0,,,0.0,0,0,0,CORE_STRICT_COUNT,ZERO_TRIP_COMPLETE,3.8850830192331
93304271,93304270.0,1,0,404,404,NOT_APPLICABLE_NOT_EMPLOYED,801,NOT_APPLICABLE_NOT_MOBILE,0,0,0,0.0,,,0.0,0,0,0,CORE_STRICT_COUNT,ZERO_TRIP_COMPLETE,2.60780229056074
93304291,93304290.0,1,1,2,607,EXPLICIT_NO_RBW,808,KNOWN_ZERO_BELOW_CATI_CAWI_DETAIL_CAP,6,6,6,6.0,,,6.0,6,0,6,CORE_STRICT_COUNT,DIRECT_REPORTED_CHAIN_COMPLETE,4.39907568840898
93304292,93304290.0,2,1,403,403,NOT_APPLICABLE_UNDER_16,808,KNOWN_ZERO_BELOW_CATI_CAWI_DETAIL_CAP,4,4,4,4.0,,,4.0,4,0,4,CORE_STRICT_COUNT,DIRECT_REPORTED_CHAIN_COMPLETE,8.3402443982119
93305381,93305380.0,1,1,606,606,NOT_OBSERVED_PAPI,0,KNOWN_ZERO,8,8,8,8.0,0.0,,8.0,8,0,8,CORE_STRICT_COUNT,DIRECT_REPORTED_CHAIN_COMPLETE,5.64229560631061
93305382,93305380.0,2,1,606,606,NOT_OBSERVED_PAPI,807,KNOWN_ZERO_BELOW_PAPI_DETAIL_CAP,4,4,4,4.0,,,4.0,4,0,4,CORE_STRICT_COUNT,DIRECT_REPORTED_CHAIN_COMPLETE,10.6759931918152
93306681,93306680.0,1,1,2,607,EXPLICIT_NO_RBW,807,KNOWN_ZERO_BELOW_PAPI_DETAIL_CAP,3,3,3,3.0,,,3.0,3,0,3,CORE_STRICT_COUNT,DIRECT_REPORTED_CHAIN_COMPLETE,3.8850830192331
93306682,93306680.0,2,1,606,606,NOT_OBSERVED_PAPI,807,KNOWN_ZERO_BELOW_PAPI_DETAIL_CAP,6,6,6,6.0,,,6.0,6,0,6,CORE_STRICT_COUNT,DIRECT_REPORTED_CHAIN_COMPLETE,9.32335283178073
93306683,93306680.0,3,1,403,403,NOT_APPLICABLE_UNDER_16,807,KNOWN_ZERO_BELOW_PAPI_DETAIL_CAP,2,2,2,2.0,,,2.0,2,0,2,CORE_STRICT_COUNT,DIRECT_REPORTED_CHAIN_COMPLETE,8.3402443982119
93306684,93306680.0,4,1,403,403,NOT_APPLICABLE_UNDER_16,807,KNOWN_ZERO_BELOW_PAPI_DETAIL_CAP,4,4,4,4.0,,,4.0,4,0,4,CORE_STRICT_COUNT,DIRECT_REPORTED_CHAIN_COMPLETE,7.14432558167317
93307631,93307630.0,1,3,1,4,KNOWN_EXACT,807,KNOWN_ZERO_BELOW_PAPI_DETAIL_CAP,6,6,10,6.0,,4.0,10.0,6,4,10,CORE_STRICT_COUNT,MIXED_DIRECT_RBW_UNTIMED,3.69538596695053
93307632,93307630.0,2,3,1,1,KNOWN_EXACT,807,KNOWN_ZERO_BELOW_PAPI_DETAIL_CAP,4,4,5,4.0,,1.0,5.0,4,1,5,CORE_STRICT_COUNT,MIXED_DIRECT_RBW_UNTIMED,3.0495049150413
93308091,93308090.0,1,1,2,607,EXPLICIT_NO_RBW,808,KNOWN_ZERO_BELOW_CATI_CAWI_DETAIL_CAP,3,3,3,3.0,,,3.0,3,0,3,CORE_STRICT_COUNT,DIRECT_REPORTED_CHAIN_COMPLETE,8.33201296590306
93308092,93308090.0,2,1,406,406,NOT_OBSERVED_SECONDARY_EMPLOYMENT,808,KNOWN_ZERO_BELOW_CATI_CAWI_DETAIL_CAP,2,2,2,2.0,,,2.0,2,0,2,CORE_STRICT_COUNT,DIRECT_REPORTED_CHAIN_COMPLETE,4.51388252844394
93308351,93308350.0,1,1,606,606,NOT_OBSERVED_PAPI,807,KNOWN_ZERO_BELOW_PAPI_DETAIL_CAP,2,2,2,2.0,,,2.0,2,0,2,CORE_STRICT_COUNT,DIRECT_REPORTED_CHAIN_COMPLETE,1.13064844255296
93308352,93308350.0,2,1,606,606,NOT_OBSERVED_PAPI,807,KNOWN_ZERO_BELOW_PAPI_DETAIL_CAP,2,2,2,2.0,,,2.0,2,0,2,CORE_STRICT_COUNT,DIRECT_REPORTED_CHAIN_COMPLETE,0.937181934268366
93310031,93310030.0,1,1,404,404,NOT_APPLICABLE_NOT_EMPLOYED,808,KNOWN_ZERO_BELOW_CATI_CAWI_DETAIL_CAP,4,4,4,4.0,,,4.0,4,0,4,CORE_STRICT_COUNT,DIRECT_REPORTED_CHAIN_COMPLETE,3.9318014168437
93310161,93310160.0,1,1,2,607,EXPLICIT_NO_RBW,0,KNOWN_ZERO,8,8,8,8.0,0.0,,8.0,8,0,8,CORE_STRICT_COUNT,DIRECT_REPORTED_CHAIN_COMPLETE,3.32710116653776
93310162,93310160.0,2,1,2,607,EXPLICIT_NO_RBW,807,KNOWN_ZERO_BELOW_PAPI_DETAIL_CAP,2,2,2,2.0,,,2.0,2,0,2,CORE_STRICT_COUNT,DIRECT_REPORTED_CHAIN_COMPLETE,4.71671888480904
93310891,93310890.0,1,1,2,607,EXPLICIT_NO_RBW,8,KNOWN_POSITIVE_UNDETAILED,8,16,16,8.0,8.0,,16.0,8,0,8,CORE_STRICT_COUNT,DIRECT_ROWS_PLUS_UNDETAILED_TRIPS,3.9318014168437
93313561,93313560.0,1,1,2,607,EXPLICIT_NO_RBW,808,KNOWN_ZERO_BELOW_CATI_CAWI_DETAIL_CAP,7,7,7,7.0,,,7.0,7,0,7,CORE_STRICT_COUNT,DIRECT_REPORTED_CHAIN_COMPLETE,2.67042078054678
93313562,93313560.0,2,1,206,206,NOT_OBSERVED_PROXY,808,KNOWN_ZERO_BELOW_CATI_CAWI_DETAIL_CAP,4,4,4,4.0,,,4.0,4,0,4,CORE_STRICT_COUNT,DIRECT_REPORTED_CHAIN_COMPLETE,2.26206759738322
93313631,93313630.0,1,1,2,607,EXPLICIT_NO_RBW,807,KNOWN_ZERO_BELOW_PAPI_DETAIL_CAP,4,4,4,4.0,,,4.0,4,0,4,CORE_STRICT_COUNT,DIRECT_REPORTED_CHAIN_COMPLETE,0.953645882639034
93313632,93313630.0,2,1,2,607,EXPLICIT_NO_RBW,807,KNOWN_ZERO_BELOW_PAPI_DETAIL_CAP,4,4,4,4.0,,,4.0,4,0,4,CORE_STRICT_COUNT,DIRECT_REPORTED_CHAIN_COMPLETE,2.02562620836327
93313633,93313630.0,3,0,606,606,NOT_OBSERVED_PAPI,801,NOT_APPLICABLE_NOT_MOBILE,0,0,0,0.0,,,0.0,0,0,0,CORE_STRICT_COUNT,ZERO_TRIP_COMPLETE,3.2500626637658
93313634,93313630.0,4,1,403,403,NOT_APPLICABLE_UNDER_16,807,KNOWN_ZERO_BELOW_PAPI_DETAIL_CAP,4,4,4,4.0,,,4.0,4,0,4,CORE_STRICT_COUNT,DIRECT_REPORTED_CHAIN_COMPLETE,2.02184928220569
93315041,93315040.0,1,1,606,606,NOT_OBSERVED_PAPI,807,KNOWN_ZERO_BELOW_PAPI_DETAIL_CAP,3,3,3,3.0,,,3.0,3,0,3,CORE_STRICT_COUNT,DIRECT_REPORTED_CHAIN_COMPLETE,1.39764252426044
93315042,93315040.0,2,1,2,607,EXPLICIT_NO_RBW,807,KNOWN_ZERO_BELOW_PAPI_DETAIL_CAP,4,4,4,4.0,,,4.0,4,0,4,CORE_STRICT_COUNT,DIRECT_REPORTED_CHAIN_COMPLETE,1.32909760403226
93315043,93315040.0,3,1,606,606,NOT_OBSERVED_PAPI,807,KNOWN_ZERO_BELOW_PAPI_DETAIL_CAP,3,3,3,3.0,,,3.0,3,0,3,CORE_STRICT_COUNT,DIRECT_REPORTED_CHAIN_COMPLETE,2.89931284151787
93315161,93315160.0,1,1,2,607,EXPLICIT_NO_RBW,808,KNOWN_ZERO_BELOW_CATI_CAWI_DETAIL_CAP,5,5,5,5.0,,,5.0,5,0,5,CORE_STRICT_COUNT,DIRECT_REPORTED_CHAIN_COMPLETE,2.12687119437215
93315162,93315160.0,2,1,2,607,EXPLICIT_NO_RBW,808,KNOWN_ZERO_BELOW_CATI_CAWI_DETAIL_CAP,5,5,5,5.0,,,5.0,5,0,5,CORE_STRICT_COUNT,DIRECT_REPORTED_CHAIN_COMPLETE,4.01738206251427
93315163,93315160.0,3,1,404,404,NOT_APPLICABLE_NOT_EMPLOYED,808,KNOWN_ZERO_BELOW_CATI_CAWI_DETAIL_CAP,5,5,5,5.0,,,5.0,5,0,5,CORE_STRICT_COUNT,DIRECT_REPORTED_CHAIN_COMPLETE,1.98680459858652
93316482,93316480.0,2,1,406,406,NOT_OBSERVED_SECONDARY_EMPLOYMENT,808,KNOWN_ZERO_BELOW_CATI_CAWI_DETAIL_CAP,1,1,1,1.0,,,1.0,1,0,1,CORE_STRICT_COUNT,DIRECT_REPORTED_CHAIN_COMPLETE,4.44648241385773
93317331,93317330.0,1,5,2,607,EXPLICIT_NO_RBW,803,UNAVAILABLE_NO_TRIP_PROTOCOL,803,803,803,,,,,0,0,0,EXCLUDED_COUNT_UNOBSERVED,TRIP_DAY_NO_ROWS,4.39907568840898
93318151,93318150.0,1,0,606,606,NOT_OBSERVED_PAPI,801,NOT_APPLICABLE_NOT_MOBILE,0,0,0,0.0,,,0.0,0,0,0,CORE_STRICT_COUNT,ZERO_TRIP_COMPLETE,2.16157834997656
93319301,93319300.0,1,0,602,602,NO_OUT_OF_HOME_ACTIVITY_OR_DOMESTIC_TRIPS,801,NOT_APPLICABLE_NOT_MOBILE,0,0,0,0.0,,,0.0,0,0,0,CORE_STRICT_COUNT,ZERO_TRIP_COMPLETE,14.0962499442526
93319302,93319300.0,2,1,2,607,EXPLICIT_NO_RBW,808,KNOWN_ZERO_BELOW_CATI_CAWI_DETAIL_CAP,2,2,2,2.0,,,2.0,2,0,2,CORE_STRICT_COUNT,DIRECT_REPORTED_CHAIN_COMPLETE,9.32335283178073
93319651,93319650.0,1,1,2,607,EXPLICIT_NO_RBW,808,KNOWN_ZERO_BELOW_CATI_CAWI_DETAIL_CAP,1,1,1,1.0,,,1.0,1,0,1,CORE_STRICT_COUNT,DIRECT_REPORTED_CHAIN_COMPLETE,4.37100000464347
93319671,93319670.0,1,3,1,2,KNOWN_EXACT,808,KNOWN_ZERO_BELOW_CATI_CAWI_DETAIL_CAP,1,1,3,1.0,,2.0,3.0,1,2,3,CORE_STRICT_COUNT,MIXED_DIRECT_RBW_UNTIMED,7.71244169857267
93319691,93319690.0,1,1,2,607,EXPLICIT_NO_RBW,808,KNOWN_ZERO_BELOW_CATI_CAWI_DETAIL_CAP,5,5,5,5.0,,,5.0,5,0,5,CORE_STRICT_COUNT,DIRECT_REPORTED_CHAIN_COMPLETE,2.99570900221034
93319692,93319690.0,2,1,206,206,NOT_OBSERVED_PROXY,808,KNOWN_ZERO_BELOW_CATI_CAWI_DETAIL_CAP,4,4,4,4.0,,,4.0,4,0,4,CORE_STRICT_COUNT,DIRECT_REPORTED_CHAIN_COMPLETE,2.99570900221034
93319821,93319820.0,1,1,2,607,EXPLICIT_NO_RBW,808,KNOWN_ZERO_BELOW_CATI_CAWI_DETAIL_CAP,2,2,2,2.0,,,2.0,2,0,2,CORE_STRICT_COUNT,DIRECT_REPORTED_CHAIN_COMPLETE,2.33147215551403
93319822,93319820.0,2,1,206,206,NOT_OBSERVED_PROXY,808,KNOWN_ZERO_BELOW_CATI_CAWI_DETAIL_CAP,4,4,4,4.0,,,4.0,4,0,4,CORE_STRICT_COUNT,DIRECT_REPORTED_CHAIN_COMPLETE,1.39815106851503
93320751,93320750.0,1,1,2,607,EXPLICIT_NO_RBW,808,KNOWN_ZERO_BELOW_CATI_CAWI_DETAIL_CAP,4,4,4,4.0,,,4.0,4,0,4,CORE_STRICT_COUNT,DIRECT_REPORTED_CHAIN_COMPLETE,3.39154627825668
93321181,93321180.0,1,0,602,602,NO_OUT_OF_HOME_ACTIVITY_OR_DOMESTIC_TRIPS,801,NOT_APPLICABLE_NOT_MOBILE,0,0,0,0.0,,,0.0,0,0,0,CORE_STRICT_COUNT,ZERO_TRIP_COMPLETE,4.39582433441296
93321341,93321340.0,1,1,2,607,EXPLICIT_NO_RBW,807,KNOWN_ZERO_BELOW_PAPI_DETAIL_CAP,4,4,4,4.0,,,4.0,4,0,4,CORE_STRICT_COUNT,DIRECT_REPORTED_CHAIN_COMPLETE,3.89615625291809
93321342,93321340.0,2,1,2,607,EXPLICIT_NO_RBW,807,KNOWN_ZERO_BELOW_PAPI_DETAIL_CAP,2,2,2,2.0,,,2.0,2,0,2,CORE_STRICT_COUNT,DIRECT_REPORTED_CHAIN_COMPLETE,3.71070344639526
93322341,93322340.0,1,1,2,607,EXPLICIT_NO_RBW,807,KNOWN_ZERO_BELOW_PAPI_DETAIL_CAP,2,2,2,2.0,,,2.0,2,0,2,CORE_STRICT_COUNT,DIRECT_REPORTED_CHAIN_COMPLETE,4.21152377354408
93322342,93322340.0,2,0,606,606,NOT_OBSERVED_PAPI,801,NOT_APPLICABLE_NOT_MOBILE,0,0,0,0.0,,,0.0,0,0,0,CORE_STRICT_COUNT,ZERO_TRIP_COMPLETE,4.23109145519907
93323611,93323610.0,1,1,2,607,EXPLICIT_NO_RBW,808,KNOWN_ZERO_BELOW_CATI_CAWI_DETAIL_CAP,2,2,2,2.0,,,2.0,2,0,2,CORE_STRICT_COUNT,DIRECT_REPORTED_CHAIN_COMPLETE,2.01934799189856
93323612,93323610.0,2,1,206,206,NOT_OBSERVED_PROXY,808,KNOWN_ZERO_BELOW_CATI_CAWI_DETAIL_CAP,4,4,4,4.0,,,4.0,4,0,4,CORE_STRICT_COUNT,DIRECT_REPORTED_CHAIN_COMPLETE,7.82356073558252
93323613,93323610.0,3,1,404,404,NOT_APPLICABLE_NOT_EMPLOYED,808,KNOWN_ZERO_BELOW_CATI_CAWI_DETAIL_CAP,4,4,4,4.0,,,4.0,4,0,4,CORE_STRICT_COUNT,DIRECT_REPORTED_CHAIN_COMPLETE,4.18899787519189
93323614,93323610.0,4,1,206,206,NOT_OBSERVED_PROXY,808,KNOWN_ZERO_BELOW_CATI_CAWI_DETAIL_CAP,2,2,2,2.0,,,2.0,2,0,2,CORE_STRICT_COUNT,DIRECT_REPORTED_CHAIN_COMPLETE,2.55081707740209
93323711,93323710.0,1,1,606,606,NOT_OBSERVED_PAPI,807,KNOWN_ZERO_BELOW_PAPI_DETAIL_CAP,4,4,4,4.0,,,4.0,4,0,4,CORE_STRICT_COUNT,DIRECT_REPORTED_CHAIN_COMPLETE,10.6759931918152
93324761,93324760.0,1,1,2,607,EXPLICIT_NO_RBW,808,KNOWN_ZERO_BELOW_CATI_CAWI_DETAIL_CAP,2,2,2,2.0,,,2.0,2,0,2,CORE_STRICT_COUNT,DIRECT_REPORTED_CHAIN_COMPLETE,7.32619300319779
93324762,93324760.0,2,1,2,607,EXPLICIT_NO_RBW,808,KNOWN_ZERO_BELOW_CATI_CAWI_DETAIL_CAP,4,4,4,4.0,,,4.0,4,0,4,CORE_STRICT_COUNT,DIRECT_REPORTED_CHAIN_COMPLETE,10.9312917940081
93326061,93326060.0,1,1,606,606,NOT_OBSERVED_PAPI,807,KNOWN_ZERO_BELOW_PAPI_DETAIL_CAP,2,2,2,2.0,,,2.0,2,0,2,CORE_STRICT_COUNT,DIRECT_REPORTED_CHAIN_COMPLETE,1.47711356383973
93326062,93326060.0,2,0,606,606,NOT_OBSERVED_PAPI,801,NOT_APPLICABLE_NOT_MOBILE,0,0,0,0.0,,,0.0,0,0,0,CORE_STRICT_COUNT,ZERO_TRIP_COMPLETE,1.22436302460879
93326511,93326510.0,1,0,404,404,NOT_APPLICABLE_NOT_EMPLOYED,801,NOT_APPLICABLE_NOT_MOBILE,0,0,0,0.0,,,0.0,0,0,0,CORE_STRICT_COUNT,ZERO_TRIP_COMPLETE,4.57833121647793
93326881,93326880.0,1,1,2,607,EXPLICIT_NO_RBW,808,KNOWN_ZERO_BELOW_CATI_CAWI_DETAIL_CAP,4,4,4,4.0,,,4.0,4,0,4,CORE_STRICT_COUNT,DIRECT_REPORTED_CHAIN_COMPLETE,8.33201296590306
93330061,93330060.0,1,0,404,404,NOT_APPLICABLE_NOT_EMPLOYED,801,NOT_APPLICABLE_NOT_MOBILE,0,0,0,0.0,,,0.0,0,0,0,CORE_STRICT_COUNT,ZERO_TRIP_COMPLETE,5.58041423536824
93331631,93331630.0,1,1,404,404,NOT_APPLICABLE_NOT_EMPLOYED,808,KNOWN_ZERO_BELOW_CATI_CAWI_DETAIL_CAP,4,4,4,4.0,,,4.0,4,0,4,CORE_STRICT_COUNT,DIRECT_REPORTED_CHAIN_COMPLETE,7.48721438974686
93332471,93332470.0,1,6,602,602,NO_OUT_OF_HOME_ACTIVITY_OR_DOMESTIC_TRIPS,803,UNAVAILABLE_NO_TRIP_PROTOCOL,803,803,803,,,,,0,0,0,EXCLUDED_REPORTING_RISK,NO_TRIP_REPORTING_RISK,3.60891540897997
93333141,93333140.0,1,1,2,607,EXPLICIT_NO_RBW,807,KNOWN_ZERO_BELOW_PAPI_DETAIL_CAP,3,3,3,3.0,,,3.0,3,0,3,CORE_STRICT_COUNT,DIRECT_REPORTED_CHAIN_COMPLETE,3.70259906254976
93333142,93333140.0,2,1,2,607,EXPLICIT_NO_RBW,807,KNOWN_ZERO_BELOW_PAPI_DETAIL_CAP,3,3,3,3.0,,,3.0,3,0,3,CORE_STRICT_COUNT,DIRECT_REPORTED_CHAIN_COMPLETE,3.52101160154023
93333143,93333140.0,3,1,2,607,EXPLICIT_NO_RBW,807,KNOWN_ZERO_BELOW_PAPI_DETAIL_CAP,3,3,3,3.0,,,3.0,3,0,3,CORE_STRICT_COUNT,DIRECT_REPORTED_CHAIN_COMPLETE,12.6186031850589
93333144,93333140.0,4,0,403,403,NOT_APPLICABLE_UNDER_16,801,NOT_APPLICABLE_NOT_MOBILE,0,0,0,0.0,,,0.0,0,0,0,CORE_STRICT_COUNT,ZERO_TRIP_COMPLETE,7.84997596402908
93333145,93333140.0,5,0,403,403,NOT_APPLICABLE_UNDER_16,801,NOT_APPLICABLE_NOT_MOBILE,0,0,0,0.0,,,0.0,0,0,0,CORE_STRICT_COUNT,ZERO_TRIP_COMPLETE,7.84997596402908
93333451,93333450.0,1,1,2,607,EXPLICIT_NO_RBW,808,KNOWN_ZERO_BELOW_CATI_CAWI_DETAIL_CAP,5,5,5,5.0,,,5.0,5,0,5,CORE_STRICT_COUNT,DIRECT_REPORTED_CHAIN_COMPLETE,3.43218397521796
93333581,93333580.0,1,1,2,607,EXPLICIT_NO_RBW,807,KNOWN_ZERO_BELOW_PAPI_DETAIL_CAP,2,2,2,2.0,,,2.0,2,0,2,CORE_STRICT_COUNT,DIRECT_REPORTED_CHAIN_COMPLETE,1.82351417833143
93336551,93336550.0,1,1,2,607,EXPLICIT_NO_RBW,808,KNOWN_ZERO_BELOW_CATI_CAWI_DETAIL_CAP,2,2,2,2.0,,,2.0,2,0,2,CORE_STRICT_COUNT,DIRECT_REPORTED_CHAIN_COMPLETE,5.51084841623137
93336651,93336650.0,1,0,606,606,NOT_OBSERVED_PAPI,801,NOT_APPLICABLE_NOT_MOBILE,0,0,0,0.0,,,0.0,0,0,0,CORE_STRICT_COUNT,ZERO_TRIP_COMPLETE,4.75640611876725
93336652,93336650.0,2,1,606,606,NOT_OBSERVED_PAPI,807,KNOWN_ZERO_BELOW_PAPI_DETAIL_CAP,2,2,2,2.0,,,2.0,2,0,2,CORE_STRICT_COUNT,DIRECT_REPORTED_CHAIN_COMPLETE,2.92925301985421
93336731,93336730.0,1,1,606,606,NOT_OBSERVED_PAPI,807,KNOWN_ZERO_BELOW_PAPI_DETAIL_CAP,4,4,4,4.0,,,4.0,4,0,4,CORE_STRICT_COUNT,DIRECT_REPORTED_CHAIN_COMPLETE,1.71894856513097
93336732,93336730.0,2,1,606,606,NOT_OBSERVED_PAPI,807,KNOWN_ZERO_BELOW_PAPI_DETAIL_CAP,4,4,4,4.0,,,4.0,4,0,4,CORE_STRICT_COUNT,DIRECT_REPORTED_CHAIN_COMPLETE,1.44061721079906
93339071,93339070.0,1,1,606,606,NOT_OBSERVED_PAPI,807,KNOWN_ZERO_BELOW_PAPI_DETAIL_CAP,3,3,3,3.0,,,3.0,3,0,3,CORE_STRICT_COUNT,DIRECT_REPORTED_CHAIN_COMPLETE,1.78649559784115
93339072,93339070.0,2,1,606,606,NOT_OBSERVED_PAPI,807,KNOWN_ZERO_BELOW_PAPI_DETAIL_CAP,3,3,3,3.0,,,3.0,3,0,3,CORE_STRICT_COUNT,DIRECT_REPORTED_CHAIN_COMPLETE,3.2284306205092
93339451,93339450.0,1,1,404,404,NOT_APPLICABLE_NOT_EMPLOYED,808,KNOWN_ZERO_BELOW_CATI_CAWI_DETAIL_CAP,2,2,2,2.0,,,2.0,2,0,2,CORE_STRICT_COUNT,DIRECT_REPORTED_CHAIN_COMPLETE,2.19255482344549
93340571,93340570.0,1,1,2,607,EXPLICIT_NO_RBW,807,KNOWN_ZERO_BELOW_PAPI_DETAIL_CAP,3,3,3,3.0,,,3.0,3,0,3,CORE_STRICT_COUNT,DIRECT_REPORTED_CHAIN_COMPLETE,2.56595090993366
93340572,93340570.0,2,1,2,607,EXPLICIT_NO_RBW,807,KNOWN_ZERO_BELOW_PAPI_DETAIL_CAP,4,4,4,4.0,,,4.0,4,0,4,CORE_STRICT_COUNT,DIRECT_REPORTED_CHAIN_COMPLETE,2.44010835908262
93341641,93341640.0,1,1,404,404,NOT_APPLICABLE_NOT_EMPLOYED,808,KNOWN_ZERO_BELOW_CATI_CAWI_DETAIL_CAP,2,2,2,2.0,,,2.0,2,0,2,CORE_STRICT_COUNT,DIRECT_REPORTED_CHAIN_COMPLETE,2.67648094574817
93341701,93341700.0,1,5,404,404,NOT_APPLICABLE_NOT_EMPLOYED,803,UNAVAILABLE_NO_TRIP_PROTOCOL,803,803,803,,,,,0,0,0,EXCLUDED_COUNT_UNOBSERVED,TRIP_DAY_NO_ROWS,1.3475378352497
93341702,93341700.0,2,5,2,607,EXPLICIT_NO_RBW,803,UNAVAILABLE_NO_TRIP_PROTOCOL,803,803,803,,,,,0,0,0,EXCLUDED_COUNT_UNOBSERVED,TRIP_DAY_NO_ROWS,1.05433495145404
93342851,93342850.0,1,1,606,606,NOT_OBSERVED_PAPI,807,KNOWN_ZERO_BELOW_PAPI_DETAIL_CAP,2,2,2,2.0,,,2.0,2,0,2,CORE_STRICT_COUNT,DIRECT_REPORTED_CHAIN_COMPLETE,3.50168449617806
93342911,93342910.0,1,1,2,607,EXPLICIT_NO_RBW,807,KNOWN_ZERO_BELOW_PAPI_DETAIL_CAP,4,4,4,4.0,,,4.0,4,0,4,CORE_STRICT_COUNT,DIRECT_REPORTED_CHAIN_COMPLETE,5.15770162045539
93342912,93342910.0,2,1,2,607,EXPLICIT_NO_RBW,807,KNOWN_ZERO_BELOW_PAPI_DETAIL_CAP,4,4,4,4.0,,,4.0,4,0,4,CORE_STRICT_COUNT,DIRECT_REPORTED_CHAIN_COMPLETE,3.63611870086702
93343091,93343090.0,1,1,606,606,NOT_OBSERVED_PAPI,807,KNOWN_ZERO_BELOW_PAPI_DETAIL_CAP,2,2,2,2.0,,,2.0,2,0,2,CORE_STRICT_COUNT,DIRECT_REPORTED_CHAIN_COMPLETE,7.42173312788494
93343771,93343770.0,1,1,2,607,EXPLICIT_NO_RBW,808,KNOWN_ZERO_BELOW_CATI_CAWI_DETAIL_CAP,6,6,6,6.0,,,6.0,6,0,6,CORE_STRICT_COUNT,DIRECT_REPORTED_CHAIN_COMPLETE,3.10384590272252
93343772,93343770.0,2,4,206,206,NOT_OBSERVED_PROXY,801,NOT_APPLICABLE_NOT_MOBILE,0,0,0,0.0,,,0.0,0,0,0,EXCLUDED_OUT_OF_SCOPE,OUT_OF_SCOPE_FAR_ABROAD,3.41955024762625
93344121,93344120.0,1,1,606,606,NOT_OBSERVED_PAPI,807,KNOWN_ZERO_BELOW_PAPI_DETAIL_CAP,3,3,3,3.0,,,3.0,3,0,3,CORE_STRICT_COUNT,DIRECT_REPORTED_CHAIN_COMPLETE,6.07137843081232
93345331,93345330.0,1,0,404,404,NOT_APPLICABLE_NOT_EMPLOYED,801,NOT_APPLICABLE_NOT_MOBILE,0,0,0,0.0,,,0.0,0,0,0,CORE_STRICT_COUNT,ZERO_TRIP_COMPLETE,0.718991267914909
93345332,93345330.0,2,1,2,607,EXPLICIT_NO_RBW,808,KNOWN_ZERO_BELOW_CATI_CAWI_DETAIL_CAP,4,4,4,4.0,,,4.0,4,0,4,CORE_STRICT_COUNT,DIRECT_REPORTED_CHAIN_COMPLETE,1.19208498210613
93347101,93347100.0,1,9,606,606,NOT_OBSERVED_PAPI,804,UNAVAILABLE_MOBILITY_UNKNOWN,804,804,804,,,,,0,0,0,EXCLUDED_UNKNOWN,MOBILITY_UNKNOWN,2.68311725201542
93347381,93347380.0,1,1,606,606,NOT_OBSERVED_PAPI,807,KNOWN_ZERO_BELOW_PAPI_DETAIL_CAP,5,5,5,5.0,,,5.0,5,0,5,CORE_STRICT_COUNT,DIRECT_REPORTED_CHAIN_COMPLETE,3.60891540897997
93348901,93348900.0,1,1,404,404,NOT_APPLICABLE_NOT_EMPLOYED,808,KNOWN_ZERO_BELOW_CATI_CAWI_DETAIL_CAP,1,1,1,1.0,,,1.0,1,0,1,CORE_STRICT_COUNT,DIRECT_REPORTED_CHAIN_COMPLETE,3.81778060416909
93349921,93349920.0,1,2,1,5,KNOWN_EXACT,802,NOT_APPLICABLE_RBW_ONLY,0,0,5,0.0,,5.0,5.0,0,5,5,CORE_STRICT_COUNT,RBW_ONLY_AGGREGATED_UNTIMED,7.62006004963525
93350041,93350040.0,1,1,206,206,NOT_OBSERVED_PROXY,808,KNOWN_ZERO_BELOW_CATI_CAWI_DETAIL_CAP,2,2,2,2.0,,,2.0,2,0,2,CORE_STRICT_COUNT,DIRECT_REPORTED_CHAIN_COMPLETE,1.54165824821588
93350042,93350040.0,2,1,2,607,EXPLICIT_NO_RBW,808,KNOWN_ZERO_BELOW_CATI_CAWI_DETAIL_CAP,2,2,2,2.0,,,2.0,2,0,2,CORE_STRICT_COUNT,DIRECT_REPORTED_CHAIN_COMPLETE,2.11620440709439
93350043,93350040.0,3,1,403,403,NOT_APPLICABLE_UNDER_16,808,KNOWN_ZERO_BELOW_CATI_CAWI_DETAIL_CAP,2,2,2,2.0,,,2.0,2,0,2,CORE_STRICT_COUNT,DIRECT_REPORTED_CHAIN_COMPLETE,2.76869827965807
93350044,93350040.0,4,1,403,403,NOT_APPLICABLE_UNDER_16,808,KNOWN_ZERO_BELOW_CATI_CAWI_DETAIL_CAP,4,4,4,4.0,,,4.0,4,0,4,CORE_STRICT_COUNT,DIRECT_REPORTED_CHAIN_COMPLETE,2.24167478166513
93350211,93350210.0,1,0,606,606,NOT_OBSERVED_PAPI,801,NOT_APPLICABLE_NOT_MOBILE,0,0,0,0.0,,,0.0,0,0,0,CORE_STRICT_COUNT,ZERO_TRIP_COMPLETE,1.15501277323674
93350212,93350210.0,2,1,606,606,NOT_OBSERVED_PAPI,807,KNOWN_ZERO_BELOW_PAPI_DETAIL_CAP,2,2,2,2.0,,,2.0,2,0,2,CORE_STRICT_COUNT,DIRECT_REPORTED_CHAIN_COMPLETE,2.41936963290332
93350291,93350290.0,1,5,2,607,EXPLICIT_NO_RBW,803,UNAVAILABLE_NO_TRIP_PROTOCOL,803,803,803,,,,,0,0,0,EXCLUDED_COUNT_UNOBSERVED,TRIP_DAY_NO_ROWS,2.53915411852848
93350292,93350290.0,2,5,2,607,EXPLICIT_NO_RBW,803,UNAVAILABLE_NO_TRIP_PROTOCOL,803,803,803,,,,,0,0,0,EXCLUDED_COUNT_UNOBSERVED,TRIP_DAY_NO_ROWS,2.04671273862074
93350441,93350440.0,1,5,404,404,NOT_APPLICABLE_NOT_EMPLOYED,803,UNAVAILABLE_NO_TRIP_PROTOCOL,803,803,803,,,,,0,0,0,EXCLUDED_COUNT_UNOBSERVED,TRIP_DAY_NO_ROWS,12.3597557644318
93351271,93351270.0,1,1,606,606,NOT_OBSERVED_PAPI,807,KNOWN_ZERO_BELOW_PAPI_DETAIL_CAP,5,5,5,5.0,,,5.0,5,0,5,CORE_STRICT_COUNT,DIRECT_REPORTED_CHAIN_COMPLETE,1.20647829087367
93351272,93351270.0,2,1,2,607,EXPLICIT_NO_RBW,807,KNOWN_ZERO_BELOW_PAPI_DETAIL_CAP,3,3,3,3.0,,,3.0,3,0,3,CORE_STRICT_COUNT,DIRECT_REPORTED_CHAIN_COMPLETE,1.662369009844
93351273,93351270.0,3,3,1,4,KNOWN_EXACT,807,KNOWN_ZERO_BELOW_PAPI_DETAIL_CAP,3,3,7,3.0,,4.0,7.0,3,4,7,CORE_STRICT_COUNT,MIXED_DIRECT_RBW_UNTIMED,1.91205590046369
93351941,93351940.0,1,0,602,602,NO_OUT_OF_HOME_ACTIVITY_OR_DOMESTIC_TRIPS,801,NOT_APPLICABLE_NOT_MOBILE,0,0,0,0.0,,,0.0,0,0,0,CORE_STRICT_COUNT,ZERO_TRIP_COMPLETE,4.37100000464347
93351942,93351940.0,2,1,403,403,NOT_APPLICABLE_UNDER_16,808,KNOWN_ZERO_BELOW_CATI_CAWI_DETAIL_CAP,2,2,2,2.0,,,2.0,2,0,2,CORE_STRICT_COUNT,DIRECT_REPORTED_CHAIN_COMPLETE,7.84997596402908
93353741,93353740.0,1,1,2,607,EXPLICIT_NO_RBW,807,KNOWN_ZERO_BELOW_PAPI_DETAIL_CAP,4,4,4,4.0,,,4.0,4,0,4,CORE_STRICT_COUNT,DIRECT_REPORTED_CHAIN_COMPLETE,3.42169748134864
93353742,93353740.0,2,1,2,607,EXPLICIT_NO_RBW,807,KNOWN_ZERO_BELOW_PAPI_DETAIL_CAP,3,3,3,3.0,,,3.0,3,0,3,CORE_STRICT_COUNT,DIRECT_REPORTED_CHAIN_COMPLETE,3.91560747371898
93353861,93353860.0,1,1,2,607,EXPLICIT_NO_RBW,807,KNOWN_ZERO_BELOW_PAPI_DETAIL_CAP,5,5,5,5.0,,,5.0,5,0,5,CORE_STRICT_COUNT,DIRECT_REPORTED_CHAIN_COMPLETE,11.6881939420362
93354461,93354460.0,1,1,2,607,EXPLICIT_NO_RBW,808,KNOWN_ZERO_BELOW_CATI_CAWI_DETAIL_CAP,4,4,4,4.0,,,4.0,4,0,4,CORE_STRICT_COUNT,DIRECT_REPORTED_CHAIN_COMPLETE,5.99998701653939
93355101,93355100.0,1,0,606,606,NOT_OBSERVED_PAPI,801,NOT_APPLICABLE_NOT_MOBILE,0,0,0,0.0,,,0.0,0,0,0,CORE_STRICT_COUNT,ZERO_TRIP_COMPLETE,7.76302317003101
93355661,93355660.0,1,0,606,606,NOT_OBSERVED_PAPI,801,NOT_APPLICABLE_NOT_MOBILE,0,0,0,0.0,,,0.0,0,0,0,CORE_STRICT_COUNT,ZERO_TRIP_COMPLETE,1.04998035861581
93355662,93355660.0,2,0,606,606,NOT_OBSERVED_PAPI,801,NOT_APPLICABLE_NOT_MOBILE,0,0,0,0.0,,,0.0,0,0,0,CORE_STRICT_COUNT,ZERO_TRIP_COMPLETE,0.963046419964899
93358201,93358200.0,1,0,606,606,NOT_OBSERVED_PAPI,801,NOT_APPLICABLE_NOT_MOBILE,0,0,0,0.0,,,0.0,0,0,0,CORE_STRICT_COUNT,ZERO_TRIP_COMPLETE,0.939071527202073
93358202,93358200.0,2,0,606,606,NOT_OBSERVED_PAPI,801,NOT_APPLICABLE_NOT_MOBILE,0,0,0,0.0,,,0.0,0,0,0,CORE_STRICT_COUNT,ZERO_TRIP_COMPLETE,3.70470308857868
93358331,93358330.0,1,1,2,607,EXPLICIT_NO_RBW,808,KNOWN_ZERO_BELOW_CATI_CAWI_DETAIL_CAP,3,3,3,3.0,,,3.0,3,0,3,CORE_STRICT_COUNT,DIRECT_REPORTED_CHAIN_COMPLETE,2.04303534435376
93358332,93358330.0,2,1,206,206,NOT_OBSERVED_PROXY,808,KNOWN_ZERO_BELOW_CATI_CAWI_DETAIL_CAP,3,3,3,3.0,,,3.0,3,0,3,CORE_STRICT_COUNT,DIRECT_REPORTED_CHAIN_COMPLETE,3.51518101763826
93358333,93358330.0,3,1,403,403,NOT_APPLICABLE_UNDER_16,808,KNOWN_ZERO_BELOW_CATI_CAWI_DETAIL_CAP,2,2,2,2.0,,,2.0,2,0,2,CORE_STRICT_COUNT,DIRECT_REPORTED_CHAIN_COMPLETE,3.57443210727643
93358334,93358330.0,4,1,403,403,NOT_APPLICABLE_UNDER_16,808,KNOWN_ZERO_BELOW_CATI_CAWI_DETAIL_CAP,3,3,3,3.0,,,3.0,3,0,3,CORE_STRICT_COUNT,DIRECT_REPORTED_CHAIN_COMPLETE,3.51613363352076
93359241,93359240.0,1,0,606,606,NOT_OBSERVED_PAPI,801,NOT_APPLICABLE_NOT_MOBILE,0,0,0,0.0,,,0.0,0,0,0,CORE_STRICT_COUNT,ZERO_TRIP_COMPLETE,4.52811877954232
93360411,93360410.0,1,1,2,607,EXPLICIT_NO_RBW,808,KNOWN_ZERO_BELOW_CATI_CAWI_DETAIL_CAP,4,4,4,4.0,,,4.0,4,0,4,CORE_STRICT_COUNT,DIRECT_REPORTED_CHAIN_COMPLETE,4.50406593140805
93360412,93360410.0,2,1,2,607,EXPLICIT_NO_RBW,808,KNOWN_ZERO_BELOW_CATI_CAWI_DETAIL_CAP,2,2,2,2.0,,,2.0,2,0,2,CORE_STRICT_COUNT,DIRECT_REPORTED_CHAIN_COMPLETE,7.71086564700451
93360413,93360410.0,3,1,403,403,NOT_APPLICABLE_UNDER_16,808,KNOWN_ZERO_BELOW_CATI_CAWI_DETAIL_CAP,2,2,2,2.0,,,2.0,2,0,2,CORE_STRICT_COUNT,DIRECT_REPORTED_CHAIN_COMPLETE,8.3402443982119
93361271,93361270.0,1,1,2,607,EXPLICIT_NO_RBW,808,KNOWN_ZERO_BELOW_CATI_CAWI_DETAIL_CAP,4,4,4,4.0,,,4.0,4,0,4,CORE_STRICT_COUNT,DIRECT_REPORTED_CHAIN_COMPLETE,3.95789298215505
93361272,93361270.0,2,1,206,206,NOT_OBSERVED_PROXY,808,KNOWN_ZERO_BELOW_CATI_CAWI_DETAIL_CAP,4,4,4,4.0,,,4.0,4,0,4,CORE_STRICT_COUNT,DIRECT_REPORTED_CHAIN_COMPLETE,2.79026778737419
93361273,93361270.0,3,1,403,403,NOT_APPLICABLE_UNDER_16,808,KNOWN_ZERO_BELOW_CATI_CAWI_DETAIL_CAP,4,4,4,4.0,,,4.0,4,0,4,CORE_STRICT_COUNT,DIRECT_REPORTED_CHAIN_COMPLETE,5.63631862361162
93362421,93362420.0,1,1,406,406,NOT_OBSERVED_SECONDARY_EMPLOYMENT,808,KNOWN_ZERO_BELOW_CATI_CAWI_DETAIL_CAP,2,2,2,2.0,,,2.0,2,0,2,CORE_STRICT_COUNT,DIRECT_REPORTED_CHAIN_COMPLETE,13.7144412878842
93362422,93362420.0,2,0,602,602,NO_OUT_OF_HOME_ACTIVITY_OR_DOMESTIC_TRIPS,801,NOT_APPLICABLE_NOT_MOBILE,0,0,0,0.0,,,0.0,0,0,0,CORE_STRICT_COUNT,ZERO_TRIP_COMPLETE,4.61520441409074
93362911,93362910.0,1,1,606,606,NOT_OBSERVED_PAPI,807,KNOWN_ZERO_BELOW_PAPI_DETAIL_CAP,2,2,2,2.0,,,2.0,2,0,2,CORE_STRICT_COUNT,DIRECT_REPORTED_CHAIN_COMPLETE,0.884732659229789
93362912,93362910.0,2,1,2,607,EXPLICIT_NO_RBW,807,KNOWN_ZERO_BELOW_PAPI_DETAIL_CAP,4,4,4,4.0,,,4.0,4,0,4,CORE_STRICT_COUNT,DIRECT_REPORTED_CHAIN_COMPLETE,0.967766684067763
93362913,93362910.0,3,1,2,607,EXPLICIT_NO_RBW,807,KNOWN_ZERO_BELOW_PAPI_DETAIL_CAP,4,4,4,4.0,,,4.0,4,0,4,CORE_STRICT_COUNT,DIRECT_REPORTED_CHAIN_COMPLETE,1.40010440488432
93362914,93362910.0,4,1,606,606,NOT_OBSERVED_PAPI,807,KNOWN_ZERO_BELOW_PAPI_DETAIL_CAP,2,2,2,2.0,,,2.0,2,0,2,CORE_STRICT_COUNT,DIRECT_REPORTED_CHAIN_COMPLETE,1.99923357349441
93363171,93363170.0,1,1,1,94,IMPLAUSIBLE_VALUE,1,KNOWN_POSITIVE_UNDETAILED,8,9,9,8.0,1.0,,9.0,8,0,8,ANALYTIC_WITH_COMPONENT_WARNING,DIRECT_ROWS_UNDETAILED_PLUS_RBW_UNKNOWN,1.92188673197242
93363172,93363170.0,2,1,606,606,NOT_OBSERVED_PAPI,807,KNOWN_ZERO_BELOW_PAPI_DETAIL_CAP,2,2,2,2.0,,,2.0,2,0,2,CORE_STRICT_COUNT,DIRECT_REPORTED_CHAIN_COMPLETE,4.15928544507517
93363551,93363550.0,1,1,2,607,EXPLICIT_NO_RBW,807,KNOWN_ZERO_BELOW_PAPI_DETAIL_CAP,4,4,4,4.0,,,4.0,4,0,4,CORE_STRICT_COUNT,DIRECT_REPORTED_CHAIN_COMPLETE,5.11513626453431
93363552,93363550.0,2,1,2,607,EXPLICIT_NO_RBW,807,KNOWN_ZERO_BELOW_PAPI_DETAIL_CAP,3,3,3,3.0,,,3.0,3,0,3,CORE_STRICT_COUNT,DIRECT_REPORTED_CHAIN_COMPLETE,4.60679999984693
93363871,93363870.0,1,1,2,607,EXPLICIT_NO_RBW,807,KNOWN_ZERO_BELOW_PAPI_DETAIL_CAP,5,5,5,5.0,,,5.0,5,0,5,CORE_STRICT_COUNT,DIRECT_REPORTED_CHAIN_COMPLETE,2.86398257760404
93363872,93363870.0,2,1,1,99,MISSING_RESPONSE,807,KNOWN_ZERO_BELOW_PAPI_DETAIL_CAP,4,4,4,4.0,,,4.0,4,0,4,ANALYTIC_WITH_COMPONENT_WARNING,DIRECT_ROWS_RBW_COUNT_UNKNOWN,10.03849415213
93363873,93363870.0,3,1,1,99,MISSING_RESPONSE,807,KNOWN_ZERO_BELOW_PAPI_DETAIL_CAP,3,3,3,3.0,,,3.0,3,0,3,ANALYTIC_WITH_COMPONENT_WARNING,DIRECT_ROWS_RBW_COUNT_UNKNOWN,3.66969958540389
93363874,93363870.0,4,1,2,607,EXPLICIT_NO_RBW,807,KNOWN_ZERO_BELOW_PAPI_DETAIL_CAP,3,3,3,3.0,,,3.0,3,0,3,CORE_STRICT_COUNT,DIRECT_REPORTED_CHAIN_COMPLETE,4.90731198084084
93363875,93363870.0,5,1,2,607,EXPLICIT_NO_RBW,807,KNOWN_ZERO_BELOW_PAPI_DETAIL_CAP,7,7,7,7.0,,,7.0,7,0,7,CORE_STRICT_COUNT,DIRECT_REPORTED_CHAIN_COMPLETE,3.57498451778549
93363876,93363870.0,6,1,403,403,NOT_APPLICABLE_UNDER_16,807,KNOWN_ZERO_BELOW_PAPI_DETAIL_CAP,4,4,4,4.0,,,4.0,4,0,4,CORE_STRICT_COUNT,DIRECT_REPORTED_CHAIN_COMPLETE,5.19826793495728
93365802,93365800.0,2,6,404,404,NOT_APPLICABLE_NOT_EMPLOYED,803,UNAVAILABLE_NO_TRIP_PROTOCOL,803,803,803,,,,,0,0,0,EXCLUDED_REPORTING_RISK,NO_TRIP_REPORTING_RISK,2.70616051848926
93366221,93366220.0,1,3,1,4,KNOWN_EXACT,808,KNOWN_ZERO_BELOW_CATI_CAWI_DETAIL_CAP,6,6,10,6.0,,4.0,10.0,6,4,10,CORE_STRICT_COUNT,MIXED_DIRECT_RBW_UNTIMED,4.48680457916405
93366222,93366220.0,2,1,2,607,EXPLICIT_NO_RBW,808,KNOWN_ZERO_BELOW_CATI_CAWI_DETAIL_CAP,2,2,2,2.0,,,2.0,2,0,2,CORE_STRICT_COUNT,DIRECT_REPORTED_CHAIN_COMPLETE,7.62006004963525
93366223,93366220.0,3,1,404,404,NOT_APPLICABLE_NOT_EMPLOYED,808,KNOWN_ZERO_BELOW_CATI_CAWI_DETAIL_CAP,2,2,2,2.0,,,2.0,2,0,2,CORE_STRICT_COUNT,DIRECT_REPORTED_CHAIN_COMPLETE,55.0692889198278
93366561,93366560.0,1,1,404,404,NOT_APPLICABLE_NOT_EMPLOYED,808,KNOWN_ZERO_BELOW_CATI_CAWI_DETAIL_CAP,1,1,1,1.0,,,1.0,1,0,1,CORE_STRICT_COUNT,DIRECT_REPORTED_CHAIN_COMPLETE,36.1693445451929
93367001,93367000.0,1,1,2,607,EXPLICIT_NO_RBW,808,KNOWN_ZERO_BELOW_CATI_CAWI_DETAIL_CAP,4,4,4,4.0,,,4.0,4,0,4,CORE_STRICT_COUNT,DIRECT_REPORTED_CHAIN_COMPLETE,8.08009257086666
93367101,93367100.0,1,1,404,404,NOT_APPLICABLE_NOT_EMPLOYED,808,KNOWN_ZERO_BELOW_CATI_CAWI_DETAIL_CAP,2,2,2,2.0,,,2.0,2,0,2,CORE_STRICT_COUNT,DIRECT_REPORTED_CHAIN_COMPLETE,1.10711262889713
93367102,93367100.0,2,1,206,206,NOT_OBSERVED_PROXY,808,KNOWN_ZERO_BELOW_CATI_CAWI_DETAIL_CAP,2,2,2,2.0,,,2.0,2,0,2,CORE_STRICT_COUNT,DIRECT_REPORTED_CHAIN_COMPLETE,1.49280936681068
93367103,93367100.0,3,1,206,206,NOT_OBSERVED_PROXY,808,KNOWN_ZERO_BELOW_CATI_CAWI_DETAIL_CAP,2,2,2,2.0,,,2.0,2,0,2,CORE_STRICT_COUNT,DIRECT_REPORTED_CHAIN_COMPLETE,4.86840799040414
93367341,93367340.0,1,1,2,607,EXPLICIT_NO_RBW,807,KNOWN_ZERO_BELOW_PAPI_DETAIL_CAP,5,5,5,5.0,,,5.0,5,0,5,CORE_STRICT_COUNT,DIRECT_REPORTED_CHAIN_COMPLETE,2.08666568681581
93367342,93367340.0,2,1,2,607,EXPLICIT_NO_RBW,807,KNOWN_ZERO_BELOW_PAPI_DETAIL_CAP,4,4,4,4.0,,,4.0,4,0,4,CORE_STRICT_COUNT,DIRECT_REPORTED_CHAIN_COMPLETE,2.46625065269247
93369511,93369510.0,1,1,2,607,EXPLICIT_NO_RBW,808,KNOWN_ZERO_BELOW_CATI_CAWI_DETAIL_CAP,3,3,3,3.0,,,3.0,3,0,3,CORE_STRICT_COUNT,DIRECT_REPORTED_CHAIN_COMPLETE,1.87246913187932
93369512,93369510.0,2,1,206,206,NOT_OBSERVED_PROXY,808,KNOWN_ZERO_BELOW_CATI_CAWI_DETAIL_CAP,3,3,3,3.0,,,3.0,3,0,3,CORE_STRICT_COUNT,DIRECT_REPORTED_CHAIN_COMPLETE,4.23624898479454
93369513,93369510.0,3,1,206,206,NOT_OBSERVED_PROXY,808,KNOWN_ZERO_BELOW_CATI_CAWI_DETAIL_CAP,3,3,3,3.0,,,3.0,3,0,3,CORE_STRICT_COUNT,DIRECT_REPORTED_CHAIN_COMPLETE,2.43070676845336
93369514,93369510.0,4,1,403,403,NOT_APPLICABLE_UNDER_16,808,KNOWN_ZERO_BELOW_CATI_CAWI_DETAIL_CAP,3,3,3,3.0,,,3.0,3,0,3,CORE_STRICT_COUNT,DIRECT_REPORTED_CHAIN_COMPLETE,2.98152702747558
93369621,93369620.0,1,1,606,606,NOT_OBSERVED_PAPI,807,KNOWN_ZERO_BELOW_PAPI_DETAIL_CAP,1,1,1,1.0,,,1.0,1,0,1,CORE_STRICT_COUNT,DIRECT_REPORTED_CHAIN_COMPLETE,10.6759931918152
93370991,93370990.0,1,1,404,404,NOT_APPLICABLE_NOT_EMPLOYED,808,KNOWN_ZERO_BELOW_CATI_CAWI_DETAIL_CAP,2,2,2,2.0,,,2.0,2,0,2,CORE_STRICT_COUNT,DIRECT_REPORTED_CHAIN_COMPLETE,2.27706332482099
93370992,93370990.0,2,1,206,206,NOT_OBSERVED_PROXY,808,KNOWN_ZERO_BELOW_CATI_CAWI_DETAIL_CAP,2,2,2,2.0,,,2.0,2,0,2,CORE_STRICT_COUNT,DIRECT_REPORTED_CHAIN_COMPLETE,1.8624735938163
93370993,93370990.0,3,1,206,206,NOT_OBSERVED_PROXY,808,KNOWN_ZERO_BELOW_CATI_CAWI_DETAIL_CAP,2,2,2,2.0,,,2.0,2,0,2,CORE_STRICT_COUNT,DIRECT_REPORTED_CHAIN_COMPLETE,1.86653284895131
93370994,93370990.0,4,0,206,206,NOT_OBSERVED_PROXY,801,NOT_APPLICABLE_NOT_MOBILE,0,0,0,0.0,,,0.0,0,0,0,CORE_STRICT_COUNT,ZERO_TRIP_COMPLETE,22.7716685335812
93370995,93370990.0,5,0,206,206,NOT_OBSERVED_PROXY,801,NOT_APPLICABLE_NOT_MOBILE,0,0,0,0.0,,,0.0,0,0,0,CORE_STRICT_COUNT,ZERO_TRIP_COMPLETE,4.59876209822199
93372831,93372830.0,1,0,602,602,NO_OUT_OF_HOME_ACTIVITY_OR_DOMESTIC_TRIPS,801,NOT_APPLICABLE_NOT_MOBILE,0,0,0,0.0,,,0.0,0,0,0,CORE_STRICT_COUNT,ZERO_TRIP_COMPLETE,0.929013229217238
93372832,93372830.0,2,0,602,602,NO_OUT_OF_HOME_ACTIVITY_OR_DOMESTIC_TRIPS,801,NOT_APPLICABLE_NOT_MOBILE,0,0,0,0.0,,,0.0,0,0,0,CORE_STRICT_COUNT,ZERO_TRIP_COMPLETE,1.09008367140287
93372833,93372830.0,3,0,206,206,NOT_OBSERVED_PROXY,801,NOT_APPLICABLE_NOT_MOBILE,0,0,0,0.0,,,0.0,0,0,0,CORE_STRICT_COUNT,ZERO_TRIP_COMPLETE,1.79036617329056
93372834,93372830.0,4,0,206,206,NOT_OBSERVED_PROXY,801,NOT_APPLICABLE_NOT_MOBILE,0,0,0,0.0,,,0.0,0,0,0,CORE_STRICT_COUNT,ZERO_TRIP_COMPLETE,1.08277795579571
93373371,93373370.0,1,1,2,607,EXPLICIT_NO_RBW,808,KNOWN_ZERO_BELOW_CATI_CAWI_DETAIL_CAP,5,5,5,5.0,,,5.0,5,0,5,CORE_STRICT_COUNT,DIRECT_REPORTED_CHAIN_COMPLETE,4.08178527440545
93373372,93373370.0,2,1,404,404,NOT_APPLICABLE_NOT_EMPLOYED,808,KNOWN_ZERO_BELOW_CATI_CAWI_DETAIL_CAP,3,3,3,3.0,,,3.0,3,0,3,CORE_STRICT_COUNT,DIRECT_REPORTED_CHAIN_COMPLETE,22.91419257085
93373471,93373470.0,1,1,606,606,NOT_OBSERVED_PAPI,807,KNOWN_ZERO_BELOW_PAPI_DETAIL_CAP,2,2,2,2.0,,,2.0,2,0,2,CORE_STRICT_COUNT,DIRECT_REPORTED_CHAIN_COMPLETE,2.17706291174551
93373472,93373470.0,2,1,606,606,NOT_OBSERVED_PAPI,807,KNOWN_ZERO_BELOW_PAPI_DETAIL_CAP,2,2,2,2.0,,,2.0,2,0,2,CORE_STRICT_COUNT,DIRECT_REPORTED_CHAIN_COMPLETE,8.58866599566079
93374851,93374850.0,1,1,404,404,NOT_APPLICABLE_NOT_EMPLOYED,808,KNOWN_ZERO_BELOW_CATI_CAWI_DETAIL_CAP,4,4,4,4.0,,,4.0,4,0,4,CORE_STRICT_COUNT,DIRECT_REPORTED_CHAIN_COMPLETE,1.64272781234114
93374852,93374850.0,2,1,404,404,NOT_APPLICABLE_NOT_EMPLOYED,808,KNOWN_ZERO_BELOW_CATI_CAWI_DETAIL_CAP,6,6,6,6.0,,,6.0,6,0,6,CORE_STRICT_COUNT,DIRECT_REPORTED_CHAIN_COMPLETE,1.11824815717961
93375001,93375000.0,1,1,2,607,EXPLICIT_NO_RBW,808,KNOWN_ZERO_BELOW_CATI_CAWI_DETAIL_CAP,3,3,3,3.0,,,3.0,3,0,3,CORE_STRICT_COUNT,DIRECT_REPORTED_CHAIN_COMPLETE,3.26743691310159
93375571,93375570.0,1,1,206,206,NOT_OBSERVED_PROXY,808,KNOWN_ZERO_BELOW_CATI_CAWI_DETAIL_CAP,3,3,3,3.0,,,3.0,3,0,3,CORE_STRICT_COUNT,DIRECT_REPORTED_CHAIN_COMPLETE,12.9679312511652
93375572,93375570.0,2,1,2,607,EXPLICIT_NO_RBW,808,KNOWN_ZERO_BELOW_CATI_CAWI_DETAIL_CAP,3,3,3,3.0,,,3.0,3,0,3,CORE_STRICT_COUNT,DIRECT_REPORTED_CHAIN_COMPLETE,5.51084841623137
93375573,93375570.0,3,1,403,403,NOT_APPLICABLE_UNDER_16,808,KNOWN_ZERO_BELOW_CATI_CAWI_DETAIL_CAP,2,2,2,2.0,,,2.0,2,0,2,CORE_STRICT_COUNT,DIRECT_REPORTED_CHAIN_COMPLETE,6.47403420944949
93376351,93376350.0,1,0,404,404,NOT_APPLICABLE_NOT_EMPLOYED,801,NOT_APPLICABLE_NOT_MOBILE,0,0,0,0.0,,,0.0,0,0,0,CORE_STRICT_COUNT,ZERO_TRIP_COMPLETE,1.49467134588586
93376352,93376350.0,2,0,404,404,NOT_APPLICABLE_NOT_EMPLOYED,801,NOT_APPLICABLE_NOT_MOBILE,0,0,0,0.0,,,0.0,0,0,0,CORE_STRICT_COUNT,ZERO_TRIP_COMPLETE,1.2389164751069
93376521,93376520.0,1,1,404,404,NOT_APPLICABLE_NOT_EMPLOYED,808,KNOWN_ZERO_BELOW_CATI_CAWI_DETAIL_CAP,4,4,4,4.0,,,4.0,4,0,4,CORE_STRICT_COUNT,DIRECT_REPORTED_CHAIN_COMPLETE,1.63907694039002
93376522,93376520.0,2,1,404,404,NOT_APPLICABLE_NOT_EMPLOYED,808,KNOWN_ZERO_BELOW_CATI_CAWI_DETAIL_CAP,4,4,4,4.0,,,4.0,4,0,4,CORE_STRICT_COUNT,DIRECT_REPORTED_CHAIN_COMPLETE,1.66246790328614
93380341,93380340.0,1,1,404,404,NOT_APPLICABLE_NOT_EMPLOYED,808,KNOWN_ZERO_BELOW_CATI_CAWI_DETAIL_CAP,2,2,2,2.0,,,2.0,2,0,2,CORE_STRICT_COUNT,DIRECT_REPORTED_CHAIN_COMPLETE,5.15365395527387
93380342,93380340.0,2,1,404,404,NOT_APPLICABLE_NOT_EMPLOYED,808,KNOWN_ZERO_BELOW_CATI_CAWI_DETAIL_CAP,2,2,2,2.0,,,2.0,2,0,2,CORE_STRICT_COUNT,DIRECT_REPORTED_CHAIN_COMPLETE,3.59543854498777
93380881,93380880.0,1,1,404,404,NOT_APPLICABLE_NOT_EMPLOYED,808,KNOWN_ZERO_BELOW_CATI_CAWI_DETAIL_CAP,8,8,8,8.0,,,8.0,8,0,8,CORE_STRICT_COUNT,DIRECT_REPORTED_CHAIN_COMPLETE,1.48106699775147
93380882,93380880.0,2,1,2,607,EXPLICIT_NO_RBW,808,KNOWN_ZERO_BELOW_CATI_CAWI_DETAIL_CAP,5,5,5,5.0,,,5.0,5,0,5,CORE_STRICT_COUNT,DIRECT_REPORTED_CHAIN_COMPLETE,1.99704224250431
93381041,93381040.0,1,0,404,404,NOT_APPLICABLE_NOT_EMPLOYED,801,NOT_APPLICABLE_NOT_MOBILE,0,0,0,0.0,,,0.0,0,0,0,CORE_STRICT_COUNT,ZERO_TRIP_COMPLETE,3.19843767364534
93382171,93382170.0,1,1,2,607,EXPLICIT_NO_RBW,808,KNOWN_ZERO_BELOW_CATI_CAWI_DETAIL_CAP,5,5,5,5.0,,,5.0,5,0,5,CORE_STRICT_COUNT,DIRECT_REPORTED_CHAIN_COMPLETE,4.39907568840898
93382172,93382170.0,2,1,206,206,NOT_OBSERVED_PROXY,808,KNOWN_ZERO_BELOW_CATI_CAWI_DETAIL_CAP,6,6,6,6.0,,,6.0,6,0,6,CORE_STRICT_COUNT,DIRECT_REPORTED_CHAIN_COMPLETE,4.5586708866126
93382173,93382170.0,3,1,403,403,NOT_APPLICABLE_UNDER_16,808,KNOWN_ZERO_BELOW_CATI_CAWI_DETAIL_CAP,2,2,2,2.0,,,2.0,2,0,2,CORE_STRICT_COUNT,DIRECT_REPORTED_CHAIN_COMPLETE,8.3402443982119
93382174,93382170.0,4,1,403,403,NOT_APPLICABLE_UNDER_16,808,KNOWN_ZERO_BELOW_CATI_CAWI_DETAIL_CAP,2,2,2,2.0,,,2.0,2,0,2,CORE_STRICT_COUNT,DIRECT_REPORTED_CHAIN_COMPLETE,7.95247346124749
93383301,93383300.0,1,0,606,606,NOT_OBSERVED_PAPI,801,NOT_APPLICABLE_NOT_MOBILE,0,0,0,0.0,,,0.0,0,0,0,CORE_STRICT_COUNT,ZERO_TRIP_COMPLETE,2.25673397932772
93383302,93383300.0,2,0,606,606,NOT_OBSERVED_PAPI,801,NOT_APPLICABLE_NOT_MOBILE,0,0,0,0.0,,,0.0,0,0,0,CORE_STRICT_COUNT,ZERO_TRIP_COMPLETE,3.20109475505843
93383831,93383830.0,1,1,2,607,EXPLICIT_NO_RBW,807,KNOWN_ZERO_BELOW_PAPI_DETAIL_CAP,3,3,3,3.0,,,3.0,3,0,3,CORE_STRICT_COUNT,DIRECT_REPORTED_CHAIN_COMPLETE,8.95253234378282
93383832,93383830.0,2,1,2,607,EXPLICIT_NO_RBW,807,KNOWN_ZERO_BELOW_PAPI_DETAIL_CAP,3,3,3,3.0,,,3.0,3,0,3,CORE_STRICT_COUNT,DIRECT_REPORTED_CHAIN_COMPLETE,2.26929608645844
93384831,93384830.0,1,1,404,404,NOT_APPLICABLE_NOT_EMPLOYED,808,KNOWN_ZERO_BELOW_CATI_CAWI_DETAIL_CAP,2,2,2,2.0,,,2.0,2,0,2,CORE_STRICT_COUNT,DIRECT_REPORTED_CHAIN_COMPLETE,5.25633164875029
93385321,93385320.0,1,1,2,607,EXPLICIT_NO_RBW,808,KNOWN_ZERO_BELOW_CATI_CAWI_DETAIL_CAP,6,6,6,6.0,,,6.0,6,0,6,CORE_STRICT_COUNT,DIRECT_REPORTED_CHAIN_COMPLETE,3.5703668347687
93385322,93385320.0,2,0,404,404,NOT_APPLICABLE_NOT_EMPLOYED,801,NOT_APPLICABLE_NOT_MOBILE,0,0,0,0.0,,,0.0,0,0,0,CORE_STRICT_COUNT,ZERO_TRIP_COMPLETE,4.14822962490501
93385931,93385930.0,1,1,404,404,NOT_APPLICABLE_NOT_EMPLOYED,808,KNOWN_ZERO_BELOW_CATI_CAWI_DETAIL_CAP,1,1,1,1.0,,,1.0,1,0,1,CORE_STRICT_COUNT,DIRECT_REPORTED_CHAIN_COMPLETE,3.9318014168437
93386541,93386540.0,1,1,2,607,EXPLICIT_NO_RBW,807,KNOWN_ZERO_BELOW_PAPI_DETAIL_CAP,3,3,3,3.0,,,3.0,3,0,3,CORE_STRICT_COUNT,DIRECT_REPORTED_CHAIN_COMPLETE,3.50168449617806
93388661,93388660.0,1,2,1,12,KNOWN_EXACT,802,NOT_APPLICABLE_RBW_ONLY,0,0,12,0.0,,12.0,12.0,0,12,12,CORE_STRICT_COUNT,RBW_ONLY_AGGREGATED_UNTIMED,7.62006004963525
93389191,93389190.0,1,5,406,406,NOT_OBSERVED_SECONDARY_EMPLOYMENT,803,UNAVAILABLE_NO_TRIP_PROTOCOL,803,803,803,,,,,0,0,0,EXCLUDED_COUNT_UNOBSERVED,TRIP_DAY_NO_ROWS,1.68964086165143
93389601,93389600.0,1,1,2,607,EXPLICIT_NO_RBW,807,KNOWN_ZERO_BELOW_PAPI_DETAIL_CAP,3,3,3,3.0,,,3.0,3,0,3,CORE_STRICT_COUNT,DIRECT_REPORTED_CHAIN_COMPLETE,1.96301583523877
93389602,93389600.0,2,1,2,607,EXPLICIT_NO_RBW,807,KNOWN_ZERO_BELOW_PAPI_DETAIL_CAP,3,3,3,3.0,,,3.0,3,0,3,CORE_STRICT_COUNT,DIRECT_REPORTED_CHAIN_COMPLETE,1.53456935025863
93394281,93394280.0,1,3,1,9,KNOWN_EXACT,807,KNOWN_ZERO_BELOW_PAPI_DETAIL_CAP,3,3,12,3.0,,9.0,12.0,3,9,12,CORE_STRICT_COUNT,MIXED_DIRECT_RBW_UNTIMED,2.32509044237988
93397492,93397490.0,2,5,2,607,EXPLICIT_NO_RBW,803,UNAVAILABLE_NO_TRIP_PROTOCOL,803,803,803,,,,,0,0,0,EXCLUDED_COUNT_UNOBSERVED,TRIP_DAY_NO_ROWS,3.50168449617806
93397621,93397620.0,1,1,404,404,NOT_APPLICABLE_NOT_EMPLOYED,808,KNOWN_ZERO_BELOW_CATI_CAWI_DETAIL_CAP,5,5,5,5.0,,,5.0,5,0,5,CORE_STRICT_COUNT,DIRECT_REPORTED_CHAIN_COMPLETE,4.05358589819734
93398161,93398160.0,1,2,1,2,KNOWN_EXACT,802,NOT_APPLICABLE_RBW_ONLY,0,0,2,0.0,,2.0,2.0,0,2,2,CORE_STRICT_COUNT,RBW_ONLY_AGGREGATED_UNTIMED,11.1213000613931
93398371,93398370.0,1,1,404,404,NOT_APPLICABLE_NOT_EMPLOYED,808,KNOWN_ZERO_BELOW_CATI_CAWI_DETAIL_CAP,4,4,4,4.0,,,4.0,4,0,4,CORE_STRICT_COUNT,DIRECT_REPORTED_CHAIN_COMPLETE,1.79295978381523
93398372,93398370.0,2,1,206,206,NOT_OBSERVED_PROXY,808,KNOWN_ZERO_BELOW_CATI_CAWI_DETAIL_CAP,4,4,4,4.0,,,4.0,4,0,4,CORE_STRICT_COUNT,DIRECT_REPORTED_CHAIN_COMPLETE,3.71446772283377
93398501,93398500.0,1,4,602,602,NO_OUT_OF_HOME_ACTIVITY_OR_DOMESTIC_TRIPS,801,NOT_APPLICABLE_NOT_MOBILE,0,0,0,0.0,,,0.0,0,0,0,EXCLUDED_OUT_OF_SCOPE,OUT_OF_SCOPE_FAR_ABROAD,3.29372436952844
93398502,93398500.0,2,4,206,206,NOT_OBSERVED_PROXY,801,NOT_APPLICABLE_NOT_MOBILE,0,0,0,0.0,,,0.0,0,0,0,EXCLUDED_OUT_OF_SCOPE,OUT_OF_SCOPE_FAR_ABROAD,5.43963846498192
93398671,93398670.0,1,1,2,607,EXPLICIT_NO_RBW,808,KNOWN_ZERO_BELOW_CATI_CAWI_DETAIL_CAP,4,4,4,4.0,,,4.0,4,0,4,CORE_STRICT_COUNT,DIRECT_REPORTED_CHAIN_COMPLETE,3.70259906254976
93399141,93399140.0,1,1,2,607,EXPLICIT_NO_RBW,0,KNOWN_ZERO,8,8,8,8.0,0.0,,8.0,8,0,8,CORE_STRICT_COUNT,DIRECT_REPORTED_CHAIN_COMPLETE,3.55846926838304
93399142,93399140.0,2,1,2,607,EXPLICIT_NO_RBW,807,KNOWN_ZERO_BELOW_PAPI_DETAIL_CAP,2,2,2,2.0,,,2.0,2,0,2,CORE_STRICT_COUNT,DIRECT_REPORTED_CHAIN_COMPLETE,4.11271686546162
93399143,93399140.0,3,1,403,403,NOT_APPLICABLE_UNDER_16,807,KNOWN_ZERO_BELOW_PAPI_DETAIL_CAP,4,4,4,4.0,,,4.0,4,0,4,CORE_STRICT_COUNT,DIRECT_REPORTED_CHAIN_COMPLETE,5.33177218693844
93399144,93399140.0,4,1,403,403,NOT_APPLICABLE_UNDER_16,807,KNOWN_ZERO_BELOW_PAPI_DETAIL_CAP,6,6,6,6.0,,,6.0,6,0,6,CORE_STRICT_COUNT,DIRECT_REPORTED_CHAIN_COMPLETE,5.85679874795938
93399511,93399510.0,1,1,2,607,EXPLICIT_NO_RBW,808,KNOWN_ZERO_BELOW_CATI_CAWI_DETAIL_CAP,4,4,4,4.0,,,4.0,4,0,4,CORE_STRICT_COUNT,DIRECT_REPORTED_CHAIN_COMPLETE,13.0648409994531
93401291,93401290.0,1,1,2,607,EXPLICIT_NO_RBW,808,KNOWN_ZERO_BELOW_CATI_CAWI_DETAIL_CAP,2,2,2,2.0,,,2.0,2,0,2,CORE_STRICT_COUNT,DIRECT_REPORTED_CHAIN_COMPLETE,5.22994654763189
93401292,93401290.0,2,1,2,607,EXPLICIT_NO_RBW,808,KNOWN_ZERO_BELOW_CATI_CAWI_DETAIL_CAP,2,2,2,2.0,,,2.0,2,0,2,CORE_STRICT_COUNT,DIRECT_REPORTED_CHAIN_COMPLETE,3.68705052090628
93401293,93401290.0,3,1,403,403,NOT_APPLICABLE_UNDER_16,808,KNOWN_ZERO_BELOW_CATI_CAWI_DETAIL_CAP,2,2,2,2.0,,,2.0,2,0,2,CORE_STRICT_COUNT,DIRECT_REPORTED_CHAIN_COMPLETE,7.44781257598847
93401294,93401290.0,4,1,403,403,NOT_APPLICABLE_UNDER_16,808,KNOWN_ZERO_BELOW_CATI_CAWI_DETAIL_CAP,2,2,2,2.0,,,2.0,2,0,2,CORE_STRICT_COUNT,DIRECT_REPORTED_CHAIN_COMPLETE,7.44781257598847
93404811,93404810.0,1,1,606,606,NOT_OBSERVED_PAPI,807,KNOWN_ZERO_BELOW_PAPI_DETAIL_CAP,2,2,2,2.0,,,2.0,2,0,2,CORE_STRICT_COUNT,DIRECT_REPORTED_CHAIN_COMPLETE,2.24310639249801
93404972,93404970.0,2,1,2,607,EXPLICIT_NO_RBW,807,KNOWN_ZERO_BELOW_PAPI_DETAIL_CAP,3,3,3,3.0,,,3.0,3,0,3,CORE_STRICT_COUNT,DIRECT_REPORTED_CHAIN_COMPLETE,9.46358539331242
93404973,93404970.0,3,1,403,403,NOT_APPLICABLE_UNDER_16,807,KNOWN_ZERO_BELOW_PAPI_DETAIL_CAP,2,2,2,2.0,,,2.0,2,0,2,CORE_STRICT_COUNT,DIRECT_REPORTED_CHAIN_COMPLETE,6.3557279912113
93404974,93404970.0,4,1,403,403,NOT_APPLICABLE_UNDER_16,807,KNOWN_ZERO_BELOW_PAPI_DETAIL_CAP,2,2,2,2.0,,,2.0,2,0,2,CORE_STRICT_COUNT,DIRECT_REPORTED_CHAIN_COMPLETE,7.72194398468614
93406101,93406100.0,1,3,1,4,KNOWN_EXACT,808,KNOWN_ZERO_BELOW_CATI_CAWI_DETAIL_CAP,5,5,9,5.0,,4.0,9.0,5,4,9,CORE_STRICT_COUNT,MIXED_DIRECT_RBW_UNTIMED,4.48680457916405
93406431,93406430.0,1,1,2,607,EXPLICIT_NO_RBW,807,KNOWN_ZERO_BELOW_PAPI_DETAIL_CAP,5,5,5,5.0,,,5.0,5,0,5,CORE_STRICT_COUNT,DIRECT_REPORTED_CHAIN_COMPLETE,5.75326403936526
93407681,93407680.0,1,4,404,404,NOT_APPLICABLE_NOT_EMPLOYED,801,NOT_APPLICABLE_NOT_MOBILE,0,0,0,0.0,,,0.0,0,0,0,EXCLUDED_OUT_OF_SCOPE,OUT_OF_SCOPE_FAR_ABROAD,2.55846196540939
93407682,93407680.0,2,1,403,403,NOT_APPLICABLE_UNDER_16,808,KNOWN_ZERO_BELOW_CATI_CAWI_DETAIL_CAP,2,2,2,2.0,,,2.0,2,0,2,CORE_STRICT_COUNT,DIRECT_REPORTED_CHAIN_COMPLETE,2.55846196540939
93407683,93407680.0,3,1,2,607,EXPLICIT_NO_RBW,808,KNOWN_ZERO_BELOW_CATI_CAWI_DETAIL_CAP,1,1,1,1.0,,,1.0,1,0,1,CORE_STRICT_COUNT,DIRECT_REPORTED_CHAIN_COMPLETE,1.54664756912649
93407791,93407790.0,1,1,606,606,NOT_OBSERVED_PAPI,807,KNOWN_ZERO_BELOW_PAPI_DETAIL_CAP,4,4,4,4.0,,,4.0,4,0,4,CORE_STRICT_COUNT,DIRECT_REPORTED_CHAIN_COMPLETE,2.77950528334009
93407792,93407790.0,2,1,606,606,NOT_OBSERVED_PAPI,807,KNOWN_ZERO_BELOW_PAPI_DETAIL_CAP,3,3,3,3.0,,,3.0,3,0,3,CORE_STRICT_COUNT,DIRECT_REPORTED_CHAIN_COMPLETE,3.23655608611506
93408631,93408630.0,1,1,606,606,NOT_OBSERVED_PAPI,807,KNOWN_ZERO_BELOW_PAPI_DETAIL_CAP,1,1,1,1.0,,,1.0,1,0,1,CORE_STRICT_COUNT,DIRECT_REPORTED_CHAIN_COMPLETE,3.596550728021
93408632,93408630.0,2,1,606,606,NOT_OBSERVED_PAPI,807,KNOWN_ZERO_BELOW_PAPI_DETAIL_CAP,3,3,3,3.0,,,3.0,3,0,3,CORE_STRICT_COUNT,DIRECT_REPORTED_CHAIN_COMPLETE,2.27746164486309
93408633,93408630.0,3,0,606,606,NOT_OBSERVED_PAPI,801,NOT_APPLICABLE_NOT_MOBILE,0,0,0,0.0,,,0.0,0,0,0,CORE_STRICT_COUNT,ZERO_TRIP_COMPLETE,6.62942387323836
93409141,93409140.0,1,1,2,607,EXPLICIT_NO_RBW,808,KNOWN_ZERO_BELOW_CATI_CAWI_DETAIL_CAP,2,2,2,2.0,,,2.0,2,0,2,CORE_STRICT_COUNT,DIRECT_REPORTED_CHAIN_COMPLETE,0.860670298531898
93409142,93409140.0,2,1,206,206,NOT_OBSERVED_PROXY,808,KNOWN_ZERO_BELOW_CATI_CAWI_DETAIL_CAP,2,2,2,2.0,,,2.0,2,0,2,CORE_STRICT_COUNT,DIRECT_REPORTED_CHAIN_COMPLETE,0.818460236994991
93409143,93409140.0,3,0,206,206,NOT_OBSERVED_PROXY,801,NOT_APPLICABLE_NOT_MOBILE,0,0,0,0.0,,,0.0,0,0,0,CORE_STRICT_COUNT,ZERO_TRIP_COMPLETE,1.7854010632418
93409581,93409580.0,1,1,406,406,NOT_OBSERVED_SECONDARY_EMPLOYMENT,808,KNOWN_ZERO_BELOW_CATI_CAWI_DETAIL_CAP,7,7,7,7.0,,,7.0,7,0,7,CORE_STRICT_COUNT,DIRECT_REPORTED_CHAIN_COMPLETE,2.32743984618943
93409582,93409580.0,2,1,404,404,NOT_APPLICABLE_NOT_EMPLOYED,808,KNOWN_ZERO_BELOW_CATI_CAWI_DETAIL_CAP,2,2,2,2.0,,,2.0,2,0,2,CORE_STRICT_COUNT,DIRECT_REPORTED_CHAIN_COMPLETE,1.95058186587715
93410471,93410470.0,1,1,2,607,EXPLICIT_NO_RBW,808,KNOWN_ZERO_BELOW_CATI_CAWI_DETAIL_CAP,6,6,6,6.0,,,6.0,6,0,6,CORE_STRICT_COUNT,DIRECT_REPORTED_CHAIN_COMPLETE,4.50406593140805
93411331,93411330.0,1,1,404,404,NOT_APPLICABLE_NOT_EMPLOYED,808,KNOWN_ZERO_BELOW_CATI_CAWI_DETAIL_CAP,4,4,4,4.0,,,4.0,4,0,4,CORE_STRICT_COUNT,DIRECT_REPORTED_CHAIN_COMPLETE,23.1091476853803
93412551,93412550.0,1,1,2,607,EXPLICIT_NO_RBW,807,KNOWN_ZERO_BELOW_PAPI_DETAIL_CAP,2,2,2,2.0,,,2.0,2,0,2,CORE_STRICT_COUNT,DIRECT_REPORTED_CHAIN_COMPLETE,2.14416508646916
93412552,93412550.0,2,1,2,607,EXPLICIT_NO_RBW,807,KNOWN_ZERO_BELOW_PAPI_DETAIL_CAP,2,2,2,2.0,,,2.0,2,0,2,CORE_STRICT_COUNT,DIRECT_REPORTED_CHAIN_COMPLETE,0.852417304518881
93412781,93412780.0,1,1,404,404,NOT_APPLICABLE_NOT_EMPLOYED,808,KNOWN_ZERO_BELOW_CATI_CAWI_DETAIL_CAP,4,4,4,4.0,,,4.0,4,0,4,CORE_STRICT_COUNT,DIRECT_REPORTED_CHAIN_COMPLETE,2.07101205741626
93412782,93412780.0,2,0,404,404,NOT_APPLICABLE_NOT_EMPLOYED,801,NOT_APPLICABLE_NOT_MOBILE,0,0,0,0.0,,,0.0,0,0,0,CORE_STRICT_COUNT,ZERO_TRIP_COMPLETE,3.42440471033615
93413041,93413040.0,1,1,2,607,EXPLICIT_NO_RBW,807,KNOWN_ZERO_BELOW_PAPI_DETAIL_CAP,3,3,3,3.0,,,3.0,3,0,3,CORE_STRICT_COUNT,DIRECT_REPORTED_CHAIN_COMPLETE,1.21260382169502
93413042,93413040.0,2,1,606,606,NOT_OBSERVED_PAPI,807,KNOWN_ZERO_BELOW_PAPI_DETAIL_CAP,1,1,1,1.0,,,1.0,1,0,1,CORE_STRICT_COUNT,DIRECT_REPORTED_CHAIN_COMPLETE,1.32640924619116
93413211,93413210.0,1,1,2,607,EXPLICIT_NO_RBW,807,KNOWN_ZERO_BELOW_PAPI_DETAIL_CAP,4,4,4,4.0,,,4.0,4,0,4,CORE_STRICT_COUNT,DIRECT_REPORTED_CHAIN_COMPLETE,3.8850830192331
93413212,93413210.0,2,1,2,607,EXPLICIT_NO_RBW,807,KNOWN_ZERO_BELOW_PAPI_DETAIL_CAP,6,6,6,6.0,,,6.0,6,0,6,CORE_STRICT_COUNT,DIRECT_REPORTED_CHAIN_COMPLETE,5.51084841623137
93413481,93413480.0,1,1,606,606,NOT_OBSERVED_PAPI,807,KNOWN_ZERO_BELOW_PAPI_DETAIL_CAP,1,1,1,1.0,,,1.0,1,0,1,CORE_STRICT_COUNT,DIRECT_REPORTED_CHAIN_COMPLETE,1.31308915857348
93413482,93413480.0,2,1,606,606,NOT_OBSERVED_PAPI,807,KNOWN_ZERO_BELOW_PAPI_DETAIL_CAP,3,3,3,3.0,,,3.0,3,0,3,CORE_STRICT_COUNT,DIRECT_REPORTED_CHAIN_COMPLETE,1.10047437109352
93413781,93413780.0,1,1,404,404,NOT_APPLICABLE_NOT_EMPLOYED,808,KNOWN_ZERO_BELOW_CATI_CAWI_DETAIL_CAP,1,1,1,1.0,,,1.0,1,0,1,CORE_STRICT_COUNT,DIRECT_REPORTED_CHAIN_COMPLETE,1.76049298875913
93413801,93413800.0,1,1,2,607,EXPLICIT_NO_RBW,808,KNOWN_ZERO_BELOW_CATI_CAWI_DETAIL_CAP,6,6,6,6.0,,,6.0,6,0,6,CORE_STRICT_COUNT,DIRECT_REPORTED_CHAIN_COMPLETE,3.8850830192331
93414001,93414000.0,1,1,2,607,EXPLICIT_NO_RBW,807,KNOWN_ZERO_BELOW_PAPI_DETAIL_CAP,3,3,3,3.0,,,3.0,3,0,3,CORE_STRICT_COUNT,DIRECT_REPORTED_CHAIN_COMPLETE,2.4386873003921
93414002,93414000.0,2,1,2,607,EXPLICIT_NO_RBW,807,KNOWN_ZERO_BELOW_PAPI_DETAIL_CAP,4,4,4,4.0,,,4.0,4,0,4,CORE_STRICT_COUNT,DIRECT_REPORTED_CHAIN_COMPLETE,5.96617976113388
93414441,93414440.0,1,0,404,404,NOT_APPLICABLE_NOT_EMPLOYED,801,NOT_APPLICABLE_NOT_MOBILE,0,0,0,0.0,,,0.0,0,0,0,CORE_STRICT_COUNT,ZERO_TRIP_COMPLETE,2.67648094574817
93415831,93415830.0,1,1,2,607,EXPLICIT_NO_RBW,808,KNOWN_ZERO_BELOW_CATI_CAWI_DETAIL_CAP,1,1,1,1.0,,,1.0,1,0,1,CORE_STRICT_COUNT,DIRECT_REPORTED_CHAIN_COMPLETE,4.93435487543354
93415832,93415830.0,2,1,2,607,EXPLICIT_NO_RBW,808,KNOWN_ZERO_BELOW_CATI_CAWI_DETAIL_CAP,1,1,1,1.0,,,1.0,1,0,1,CORE_STRICT_COUNT,DIRECT_REPORTED_CHAIN_COMPLETE,5.43624747007068
93417111,93417110.0,1,1,2,607,EXPLICIT_NO_RBW,808,KNOWN_ZERO_BELOW_CATI_CAWI_DETAIL_CAP,2,2,2,2.0,,,2.0,2,0,2,CORE_STRICT_COUNT,DIRECT_REPORTED_CHAIN_COMPLETE,1.1670091947867
93417112,93417110.0,2,1,2,607,EXPLICIT_NO_RBW,808,KNOWN_ZERO_BELOW_CATI_CAWI_DETAIL_CAP,1,1,1,1.0,,,1.0,1,0,1,CORE_STRICT_COUNT,DIRECT_REPORTED_CHAIN_COMPLETE,1.27653546744676
93418071,93418070.0,1,1,1,99,MISSING_RESPONSE,807,KNOWN_ZERO_BELOW_PAPI_DETAIL_CAP,3,3,3,3.0,,,3.0,3,0,3,ANALYTIC_WITH_COMPONENT_WARNING,DIRECT_ROWS_RBW_COUNT_UNKNOWN,10.086274063766
93418072,93418070.0,2,1,2,607,EXPLICIT_NO_RBW,807,KNOWN_ZERO_BELOW_PAPI_DETAIL_CAP,2,2,2,2.0,,,2.0,2,0,2,CORE_STRICT_COUNT,DIRECT_REPORTED_CHAIN_COMPLETE,14.5256591498849
93419161,93419160.0,1,1,2,607,EXPLICIT_NO_RBW,807,KNOWN_ZERO_BELOW_PAPI_DETAIL_CAP,2,2,2,2.0,,,2.0,2,0,2,CORE_STRICT_COUNT,DIRECT_REPORTED_CHAIN_COMPLETE,3.19843767364534
93419341,93419340.0,1,1,2,607,EXPLICIT_NO_RBW,808,KNOWN_ZERO_BELOW_CATI_CAWI_DETAIL_CAP,3,3,3,3.0,,,3.0,3,0,3,CORE_STRICT_COUNT,DIRECT_REPORTED_CHAIN_COMPLETE,4.4749959602898
93419342,93419340.0,2,1,2,607,EXPLICIT_NO_RBW,807,KNOWN_ZERO_BELOW_PAPI_DETAIL_CAP,2,2,2,2.0,,,2.0,2,0,2,CORE_STRICT_COUNT,DIRECT_REPORTED_CHAIN_COMPLETE,3.1548192770557
93420141,93420140.0,1,1,2,607,EXPLICIT_NO_RBW,807,KNOWN_ZERO_BELOW_PAPI_DETAIL_CAP,5,5,5,5.0,,,5.0,5,0,5,CORE_STRICT_COUNT,DIRECT_REPORTED_CHAIN_COMPLETE,4.52811877954232
93420631,93420630.0,1,1,404,404,NOT_APPLICABLE_NOT_EMPLOYED,808,KNOWN_ZERO_BELOW_CATI_CAWI_DETAIL_CAP,2,2,2,2.0,,,2.0,2,0,2,CORE_STRICT_COUNT,DIRECT_REPORTED_CHAIN_COMPLETE,4.52811877954232
93420791,93420790.0,1,3,1,1,KNOWN_EXACT,808,KNOWN_ZERO_BELOW_CATI_CAWI_DETAIL_CAP,4,4,5,4.0,,1.0,5.0,4,1,5,CORE_STRICT_COUNT,MIXED_DIRECT_RBW_UNTIMED,3.70259906254976
93422191,93422190.0,1,1,2,607,EXPLICIT_NO_RBW,808,KNOWN_ZERO_BELOW_CATI_CAWI_DETAIL_CAP,6,6,6,6.0,,,6.0,6,0,6,CORE_STRICT_COUNT,DIRECT_REPORTED_CHAIN_COMPLETE,3.20001794860839
93422192,93422190.0,2,1,206,206,NOT_OBSERVED_PROXY,808,KNOWN_ZERO_BELOW_CATI_CAWI_DETAIL_CAP,2,2,2,2.0,,,2.0,2,0,2,CORE_STRICT_COUNT,DIRECT_REPORTED_CHAIN_COMPLETE,4.36456826485918
93422193,93422190.0,3,1,403,403,NOT_APPLICABLE_UNDER_16,808,KNOWN_ZERO_BELOW_CATI_CAWI_DETAIL_CAP,3,3,3,3.0,,,3.0,3,0,3,CORE_STRICT_COUNT,DIRECT_REPORTED_CHAIN_COMPLETE,5.61717076481613
93422194,93422190.0,4,1,403,403,NOT_APPLICABLE_UNDER_16,808,KNOWN_ZERO_BELOW_CATI_CAWI_DETAIL_CAP,4,4,4,4.0,,,4.0,4,0,4,CORE_STRICT_COUNT,DIRECT_REPORTED_CHAIN_COMPLETE,5.1969940304266
93423331,93423330.0,1,1,206,206,NOT_OBSERVED_PROXY,808,KNOWN_ZERO_BELOW_CATI_CAWI_DETAIL_CAP,2,2,2,2.0,,,2.0,2,0,2,CORE_STRICT_COUNT,DIRECT_REPORTED_CHAIN_COMPLETE,1.16676258853924
93423332,93423330.0,2,1,404,404,NOT_APPLICABLE_NOT_EMPLOYED,808,KNOWN_ZERO_BELOW_CATI_CAWI_DETAIL_CAP,2,2,2,2.0,,,2.0,2,0,2,CORE_STRICT_COUNT,DIRECT_REPORTED_CHAIN_COMPLETE,0.794246073328892
93424341,93424340.0,1,1,2,607,EXPLICIT_NO_RBW,808,KNOWN_ZERO_BELOW_CATI_CAWI_DETAIL_CAP,7,7,7,7.0,,,7.0,7,0,7,CORE_STRICT_COUNT,DIRECT_REPORTED_CHAIN_COMPLETE,1.72459523529646
93424342,93424340.0,2,1,206,206,NOT_OBSERVED_PROXY,808,KNOWN_ZERO_BELOW_CATI_CAWI_DETAIL_CAP,2,2,2,2.0,,,2.0,2,0,2,CORE_STRICT_COUNT,DIRECT_REPORTED_CHAIN_COMPLETE,3.23965442203972
93424351,93424350.0,1,1,2,607,EXPLICIT_NO_RBW,808,KNOWN_ZERO_BELOW_CATI_CAWI_DETAIL_CAP,4,4,4,4.0,,,4.0,4,0,4,CORE_STRICT_COUNT,DIRECT_REPORTED_CHAIN_COMPLETE,7.86464015280706
93424353,93424350.0,3,1,403,403,NOT_APPLICABLE_UNDER_16,808,KNOWN_ZERO_BELOW_CATI_CAWI_DETAIL_CAP,3,3,3,3.0,,,3.0,3,0,3,CORE_STRICT_COUNT,DIRECT_REPORTED_CHAIN_COMPLETE,6.3557279912113
93424354,93424350.0,4,1,403,403,NOT_APPLICABLE_UNDER_16,808,KNOWN_ZERO_BELOW_CATI_CAWI_DETAIL_CAP,3,3,3,3.0,,,3.0,3,0,3,CORE_STRICT_COUNT,DIRECT_REPORTED_CHAIN_COMPLETE,6.3557279912113
93426681,93426680.0,1,1,404,404,NOT_APPLICABLE_NOT_EMPLOYED,808,KNOWN_ZERO_BELOW_CATI_CAWI_DETAIL_CAP,4,4,4,4.0,,,4.0,4,0,4,CORE_STRICT_COUNT,DIRECT_REPORTED_CHAIN_COMPLETE,6.40043021746235
93426682,93426680.0,2,1,404,404,NOT_APPLICABLE_NOT_EMPLOYED,808,KNOWN_ZERO_BELOW_CATI_CAWI_DETAIL_CAP,4,4,4,4.0,,,4.0,4,0,4,CORE_STRICT_COUNT,DIRECT_REPORTED_CHAIN_COMPLETE,6.23962890685317
93427411,93427410.0,1,3,1,1,KNOWN_EXACT,807,KNOWN_ZERO_BELOW_PAPI_DETAIL_CAP,4,4,5,4.0,,1.0,5.0,4,1,5,CORE_STRICT_COUNT,MIXED_DIRECT_RBW_UNTIMED,4.50406593140805
93427511,93427510.0,1,1,2,607,EXPLICIT_NO_RBW,807,KNOWN_ZERO_BELOW_PAPI_DETAIL_CAP,2,2,2,2.0,,,2.0,2,0,2,CORE_STRICT_COUNT,DIRECT_REPORTED_CHAIN_COMPLETE,2.39483533193605
93427512,93427510.0,2,1,2,607,EXPLICIT_NO_RBW,807,KNOWN_ZERO_BELOW_PAPI_DETAIL_CAP,5,5,5,5.0,,,5.0,5,0,5,CORE_STRICT_COUNT,DIRECT_REPORTED_CHAIN_COMPLETE,3.1500038451532
93428501,93428500.0,1,1,2,607,EXPLICIT_NO_RBW,808,KNOWN_ZERO_BELOW_CATI_CAWI_DETAIL_CAP,4,4,4,4.0,,,4.0,4,0,4,CORE_STRICT_COUNT,DIRECT_REPORTED_CHAIN_COMPLETE,2.21447809954701
93428502,93428500.0,2,1,206,206,NOT_OBSERVED_PROXY,808,KNOWN_ZERO_BELOW_CATI_CAWI_DETAIL_CAP,1,1,1,1.0,,,1.0,1,0,1,CORE_STRICT_COUNT,DIRECT_REPORTED_CHAIN_COMPLETE,2.3863362284355
93428881,93428880.0,1,1,2,607,EXPLICIT_NO_RBW,808,KNOWN_ZERO_BELOW_CATI_CAWI_DETAIL_CAP,2,2,2,2.0,,,2.0,2,0,2,CORE_STRICT_COUNT,DIRECT_REPORTED_CHAIN_COMPLETE,3.8850830192331
93428882,93428880.0,2,1,206,206,NOT_OBSERVED_PROXY,808,KNOWN_ZERO_BELOW_CATI_CAWI_DETAIL_CAP,2,2,2,2.0,,,2.0,2,0,2,CORE_STRICT_COUNT,DIRECT_REPORTED_CHAIN_COMPLETE,5.51084841623137
93428883,93428880.0,3,1,403,403,NOT_APPLICABLE_UNDER_16,808,KNOWN_ZERO_BELOW_CATI_CAWI_DETAIL_CAP,2,2,2,2.0,,,2.0,2,0,2,CORE_STRICT_COUNT,DIRECT_REPORTED_CHAIN_COMPLETE,7.84783663943156
93429511,93429510.0,1,1,606,606,NOT_OBSERVED_PAPI,807,KNOWN_ZERO_BELOW_PAPI_DETAIL_CAP,2,2,2,2.0,,,2.0,2,0,2,CORE_STRICT_COUNT,DIRECT_REPORTED_CHAIN_COMPLETE,4.57833121647793
93429521,93429520.0,1,0,602,602,NO_OUT_OF_HOME_ACTIVITY_OR_DOMESTIC_TRIPS,801,NOT_APPLICABLE_NOT_MOBILE,0,0,0,0.0,,,0.0,0,0,0,CORE_STRICT_COUNT,ZERO_TRIP_COMPLETE,6.17051532614902
93430291,93430290.0,1,1,1,99,MISSING_RESPONSE,807,KNOWN_ZERO_BELOW_PAPI_DETAIL_CAP,5,5,5,5.0,,,5.0,5,0,5,ANALYTIC_WITH_COMPONENT_WARNING,DIRECT_ROWS_RBW_COUNT_UNKNOWN,4.50406593140805
93430292,93430290.0,2,1,2,607,EXPLICIT_NO_RBW,807,KNOWN_ZERO_BELOW_PAPI_DETAIL_CAP,2,2,2,2.0,,,2.0,2,0,2,CORE_STRICT_COUNT,DIRECT_REPORTED_CHAIN_COMPLETE,4.48680457916405
93430293,93430290.0,3,1,403,403,NOT_APPLICABLE_UNDER_16,807,KNOWN_ZERO_BELOW_PAPI_DETAIL_CAP,3,3,3,3.0,,,3.0,3,0,3,CORE_STRICT_COUNT,DIRECT_REPORTED_CHAIN_COMPLETE,5.82445182866943
93430294,93430290.0,4,1,403,403,NOT_APPLICABLE_UNDER_16,807,KNOWN_ZERO_BELOW_PAPI_DETAIL_CAP,5,5,5,5.0,,,5.0,5,0,5,CORE_STRICT_COUNT,DIRECT_REPORTED_CHAIN_COMPLETE,6.3557279912113
93430295,93430290.0,5,1,403,403,NOT_APPLICABLE_UNDER_16,807,KNOWN_ZERO_BELOW_PAPI_DETAIL_CAP,3,3,3,3.0,,,3.0,3,0,3,CORE_STRICT_COUNT,DIRECT_REPORTED_CHAIN_COMPLETE,8.3402443982119
93430371,93430370.0,1,1,2,607,EXPLICIT_NO_RBW,808,KNOWN_ZERO_BELOW_CATI_CAWI_DETAIL_CAP,6,6,6,6.0,,,6.0,6,0,6,CORE_STRICT_COUNT,DIRECT_REPORTED_CHAIN_COMPLETE,1.13505909855859
93430372,93430370.0,2,1,2,607,EXPLICIT_NO_RBW,808,KNOWN_ZERO_BELOW_CATI_CAWI_DETAIL_CAP,4,4,4,4.0,,,4.0,4,0,4,CORE_STRICT_COUNT,DIRECT_REPORTED_CHAIN_COMPLETE,1.9899810192249
93430373,93430370.0,3,1,403,403,NOT_APPLICABLE_UNDER_16,808,KNOWN_ZERO_BELOW_CATI_CAWI_DETAIL_CAP,2,2,2,2.0,,,2.0,2,0,2,CORE_STRICT_COUNT,DIRECT_REPORTED_CHAIN_COMPLETE,1.67044441930775
93430391,93430390.0,1,1,2,607,EXPLICIT_NO_RBW,808,KNOWN_ZERO_BELOW_CATI_CAWI_DETAIL_CAP,5,5,5,5.0,,,5.0,5,0,5,CORE_STRICT_COUNT,DIRECT_REPORTED_CHAIN_COMPLETE,4.39907568840898
93430392,93430390.0,2,2,1,3,KNOWN_EXACT,802,NOT_APPLICABLE_RBW_ONLY,0,0,3,0.0,,3.0,3.0,0,3,3,CORE_STRICT_COUNT,RBW_ONLY_AGGREGATED_UNTIMED,4.5586708866126
93430393,93430390.0,3,1,403,403,NOT_APPLICABLE_UNDER_16,808,KNOWN_ZERO_BELOW_CATI_CAWI_DETAIL_CAP,2,2,2,2.0,,,2.0,2,0,2,CORE_STRICT_COUNT,DIRECT_REPORTED_CHAIN_COMPLETE,7.72194398468614
93430394,93430390.0,4,1,403,403,NOT_APPLICABLE_UNDER_16,808,KNOWN_ZERO_BELOW_CATI_CAWI_DETAIL_CAP,2,2,2,2.0,,,2.0,2,0,2,CORE_STRICT_COUNT,DIRECT_REPORTED_CHAIN_COMPLETE,7.14432558167317
93431631,93431630.0,1,5,404,404,NOT_APPLICABLE_NOT_EMPLOYED,803,UNAVAILABLE_NO_TRIP_PROTOCOL,803,803,803,,,,,0,0,0,EXCLUDED_COUNT_UNOBSERVED,TRIP_DAY_NO_ROWS,14.26068228487
93435051,93435050.0,1,1,2,607,EXPLICIT_NO_RBW,808,KNOWN_ZERO_BELOW_CATI_CAWI_DETAIL_CAP,1,1,1,1.0,,,1.0,1,0,1,CORE_STRICT_COUNT,DIRECT_REPORTED_CHAIN_COMPLETE,1.45188563322618
93435052,93435050.0,2,2,1,2,KNOWN_EXACT,802,NOT_APPLICABLE_RBW_ONLY,0,0,2,0.0,,2.0,2.0,0,2,2,CORE_STRICT_COUNT,RBW_ONLY_AGGREGATED_UNTIMED,1.71398307036873
93435053,93435050.0,3,5,403,403,NOT_APPLICABLE_UNDER_16,803,UNAVAILABLE_NO_TRIP_PROTOCOL,803,803,803,,,,,0,0,0,EXCLUDED_COUNT_UNOBSERVED,TRIP_DAY_NO_ROWS,3.02797557676215
93435231,93435230.0,1,1,2,607,EXPLICIT_NO_RBW,808,KNOWN_ZERO_BELOW_CATI_CAWI_DETAIL_CAP,2,2,2,2.0,,,2.0,2,0,2,CORE_STRICT_COUNT,DIRECT_REPORTED_CHAIN_COMPLETE,2.26643005522535
93435232,93435230.0,2,1,206,206,NOT_OBSERVED_PROXY,808,KNOWN_ZERO_BELOW_CATI_CAWI_DETAIL_CAP,2,2,2,2.0,,,2.0,2,0,2,CORE_STRICT_COUNT,DIRECT_REPORTED_CHAIN_COMPLETE,3.5045483505031
93435971,93435970.0,1,1,2,607,EXPLICIT_NO_RBW,808,KNOWN_ZERO_BELOW_CATI_CAWI_DETAIL_CAP,3,3,3,3.0,,,3.0,3,0,3,CORE_STRICT_COUNT,DIRECT_REPORTED_CHAIN_COMPLETE,2.10319285592962
93435972,93435970.0,2,1,206,206,NOT_OBSERVED_PROXY,808,KNOWN_ZERO_BELOW_CATI_CAWI_DETAIL_CAP,4,4,4,4.0,,,4.0,4,0,4,CORE_STRICT_COUNT,DIRECT_REPORTED_CHAIN_COMPLETE,1.95172602380233
93438881,93438880.0,1,0,606,606,NOT_OBSERVED_PAPI,801,NOT_APPLICABLE_NOT_MOBILE,0,0,0,0.0,,,0.0,0,0,0,CORE_STRICT_COUNT,ZERO_TRIP_COMPLETE,2.05087495000306
93438882,93438880.0,2,0,606,606,NOT_OBSERVED_PAPI,801,NOT_APPLICABLE_NOT_MOBILE,0,0,0,0.0,,,0.0,0,0,0,CORE_STRICT_COUNT,ZERO_TRIP_COMPLETE,5.73713796155643
93439091,93439090.0,1,1,406,406,NOT_OBSERVED_SECONDARY_EMPLOYMENT,808,KNOWN_ZERO_BELOW_CATI_CAWI_DETAIL_CAP,2,2,2,2.0,,,2.0,2,0,2,CORE_STRICT_COUNT,DIRECT_REPORTED_CHAIN_COMPLETE,5.5414749715266
93440001,93440000.0,1,1,606,606,NOT_OBSERVED_PAPI,807,KNOWN_ZERO_BELOW_PAPI_DETAIL_CAP,1,1,1,1.0,,,1.0,1,0,1,CORE_STRICT_COUNT,DIRECT_REPORTED_CHAIN_COMPLETE,4.57833121647793
93441641,93441640.0,1,1,404,404,NOT_APPLICABLE_NOT_EMPLOYED,808,KNOWN_ZERO_BELOW_CATI_CAWI_DETAIL_CAP,4,4,4,4.0,,,4.0,4,0,4,CORE_STRICT_COUNT,DIRECT_REPORTED_CHAIN_COMPLETE,2.67648094574817
93441981,93441980.0,1,1,404,404,NOT_APPLICABLE_NOT_EMPLOYED,808,KNOWN_ZERO_BELOW_CATI_CAWI_DETAIL_CAP,2,2,2,2.0,,,2.0,2,0,2,CORE_STRICT_COUNT,DIRECT_REPORTED_CHAIN_COMPLETE,2.21737237510427
93441982,93441980.0,2,1,206,206,NOT_OBSERVED_PROXY,808,KNOWN_ZERO_BELOW_CATI_CAWI_DETAIL_CAP,2,2,2,2.0,,,2.0,2,0,2,CORE_STRICT_COUNT,DIRECT_REPORTED_CHAIN_COMPLETE,6.20289951276567
93443641,93443640.0,1,0,404,404,NOT_APPLICABLE_NOT_EMPLOYED,801,NOT_APPLICABLE_NOT_MOBILE,0,0,0,0.0,,,0.0,0,0,0,CORE_STRICT_COUNT,ZERO_TRIP_COMPLETE,2.78069110003531
93443642,93443640.0,2,1,2,607,EXPLICIT_NO_RBW,808,KNOWN_ZERO_BELOW_CATI_CAWI_DETAIL_CAP,4,4,4,4.0,,,4.0,4,0,4,CORE_STRICT_COUNT,DIRECT_REPORTED_CHAIN_COMPLETE,3.81708142255821
93443643,93443640.0,3,1,206,206,NOT_OBSERVED_PROXY,808,KNOWN_ZERO_BELOW_CATI_CAWI_DETAIL_CAP,3,3,3,3.0,,,3.0,3,0,3,CORE_STRICT_COUNT,DIRECT_REPORTED_CHAIN_COMPLETE,3.54916459346928
93445401,93445400.0,1,1,404,404,NOT_APPLICABLE_NOT_EMPLOYED,808,KNOWN_ZERO_BELOW_CATI_CAWI_DETAIL_CAP,5,5,5,5.0,,,5.0,5,0,5,CORE_STRICT_COUNT,DIRECT_REPORTED_CHAIN_COMPLETE,4.35600087843227
93445402,93445400.0,2,1,404,404,NOT_APPLICABLE_NOT_EMPLOYED,808,KNOWN_ZERO_BELOW_CATI_CAWI_DETAIL_CAP,5,5,5,5.0,,,5.0,5,0,5,CORE_STRICT_COUNT,DIRECT_REPORTED_CHAIN_COMPLETE,2.77234205781186
93445403,93445400.0,3,1,206,206,NOT_OBSERVED_PROXY,808,KNOWN_ZERO_BELOW_CATI_CAWI_DETAIL_CAP,2,2,2,2.0,,,2.0,2,0,2,CORE_STRICT_COUNT,DIRECT_REPORTED_CHAIN_COMPLETE,11.3679961958479
93446381,93446380.0,1,1,2,607,EXPLICIT_NO_RBW,807,KNOWN_ZERO_BELOW_PAPI_DETAIL_CAP,3,3,3,3.0,,,3.0,3,0,3,CORE_STRICT_COUNT,DIRECT_REPORTED_CHAIN_COMPLETE,2.82074578481055
93446382,93446380.0,2,1,2,607,EXPLICIT_NO_RBW,807,KNOWN_ZERO_BELOW_PAPI_DETAIL_CAP,5,5,5,5.0,,,5.0,5,0,5,CORE_STRICT_COUNT,DIRECT_REPORTED_CHAIN_COMPLETE,2.69680357068326
93446383,93446380.0,3,1,403,403,NOT_APPLICABLE_UNDER_16,807,KNOWN_ZERO_BELOW_PAPI_DETAIL_CAP,3,3,3,3.0,,,3.0,3,0,3,CORE_STRICT_COUNT,DIRECT_REPORTED_CHAIN_COMPLETE,3.82988792282444
93446641,93446640.0,1,1,2,607,EXPLICIT_NO_RBW,808,KNOWN_ZERO_BELOW_CATI_CAWI_DETAIL_CAP,1,1,1,1.0,,,1.0,1,0,1,CORE_STRICT_COUNT,DIRECT_REPORTED_CHAIN_COMPLETE,5.51084841623137
93448411,93448410.0,1,1,2,607,EXPLICIT_NO_RBW,808,KNOWN_ZERO_BELOW_CATI_CAWI_DETAIL_CAP,2,2,2,2.0,,,2.0,2,0,2,CORE_STRICT_COUNT,DIRECT_REPORTED_CHAIN_COMPLETE,4.39907568840898
93449111,93449110.0,1,1,2,607,EXPLICIT_NO_RBW,807,KNOWN_ZERO_BELOW_PAPI_DETAIL_CAP,2,2,2,2.0,,,2.0,2,0,2,CORE_STRICT_COUNT,DIRECT_REPORTED_CHAIN_COMPLETE,4.39907568840898
93449251,93449250.0,1,3,1,6,KNOWN_EXACT,807,KNOWN_ZERO_BELOW_PAPI_DETAIL_CAP,4,4,10,4.0,,6.0,10.0,4,6,10,CORE_STRICT_COUNT,MIXED_DIRECT_RBW_UNTIMED,3.60891540897997
93450121,93450120.0,1,1,2,607,EXPLICIT_NO_RBW,807,KNOWN_ZERO_BELOW_PAPI_DETAIL_CAP,5,5,5,5.0,,,5.0,5,0,5,CORE_STRICT_COUNT,DIRECT_REPORTED_CHAIN_COMPLETE,0.657053281261636
93450122,93450120.0,2,1,2,607,EXPLICIT_NO_RBW,807,KNOWN_ZERO_BELOW_PAPI_DETAIL_CAP,5,5,5,5.0,,,5.0,5,0,5,CORE_STRICT_COUNT,DIRECT_REPORTED_CHAIN_COMPLETE,0.792691623652282
93450271,93450270.0,1,1,404,404,NOT_APPLICABLE_NOT_EMPLOYED,808,KNOWN_ZERO_BELOW_CATI_CAWI_DETAIL_CAP,6,6,6,6.0,,,6.0,6,0,6,CORE_STRICT_COUNT,DIRECT_REPORTED_CHAIN_COMPLETE,32.6306199607951
93450272,93450270.0,2,0,206,206,NOT_OBSERVED_PROXY,801,NOT_APPLICABLE_NOT_MOBILE,0,0,0,0.0,,,0.0,0,0,0,CORE_STRICT_COUNT,ZERO_TRIP_COMPLETE,4.00875435957287
93450273,93450270.0,3,1,403,403,NOT_APPLICABLE_UNDER_16,808,KNOWN_ZERO_BELOW_CATI_CAWI_DETAIL_CAP,3,3,3,3.0,,,3.0,3,0,3,CORE_STRICT_COUNT,DIRECT_REPORTED_CHAIN_COMPLETE,5.61717076481613
93450274,93450270.0,4,1,403,403,NOT_APPLICABLE_UNDER_16,808,KNOWN_ZERO_BELOW_CATI_CAWI_DETAIL_CAP,4,4,4,4.0,,,4.0,4,0,4,CORE_STRICT_COUNT,DIRECT_REPORTED_CHAIN_COMPLETE,5.78486473394317
93451281,93451280.0,1,0,602,602,NO_OUT_OF_HOME_ACTIVITY_OR_DOMESTIC_TRIPS,801,NOT_APPLICABLE_NOT_MOBILE,0,0,0,0.0,,,0.0,0,0,0,CORE_STRICT_COUNT,ZERO_TRIP_COMPLETE,4.24691780595063
93452451,93452450.0,1,1,404,404,NOT_APPLICABLE_NOT_EMPLOYED,808,KNOWN_ZERO_BELOW_CATI_CAWI_DETAIL_CAP,2,2,2,2.0,,,2.0,2,0,2,CORE_STRICT_COUNT,DIRECT_REPORTED_CHAIN_COMPLETE,2.12519221022752
93452452,93452450.0,2,1,206,206,NOT_OBSERVED_PROXY,808,KNOWN_ZERO_BELOW_CATI_CAWI_DETAIL_CAP,2,2,2,2.0,,,2.0,2,0,2,CORE_STRICT_COUNT,DIRECT_REPORTED_CHAIN_COMPLETE,3.1219477786725
93452671,93452670.0,1,1,2,607,EXPLICIT_NO_RBW,807,KNOWN_ZERO_BELOW_PAPI_DETAIL_CAP,4,4,4,4.0,,,4.0,4,0,4,CORE_STRICT_COUNT,DIRECT_REPORTED_CHAIN_COMPLETE,1.30190765134697
93452672,93452670.0,2,1,2,607,EXPLICIT_NO_RBW,807,KNOWN_ZERO_BELOW_PAPI_DETAIL_CAP,4,4,4,4.0,,,4.0,4,0,4,CORE_STRICT_COUNT,DIRECT_REPORTED_CHAIN_COMPLETE,8.06000858194245
93453921,93453920.0,1,1,2,607,EXPLICIT_NO_RBW,807,KNOWN_ZERO_BELOW_PAPI_DETAIL_CAP,3,3,3,3.0,,,3.0,3,0,3,CORE_STRICT_COUNT,DIRECT_REPORTED_CHAIN_COMPLETE,0.795206293929382
93453922,93453920.0,2,1,606,606,NOT_OBSERVED_PAPI,807,KNOWN_ZERO_BELOW_PAPI_DETAIL_CAP,6,6,6,6.0,,,6.0,6,0,6,CORE_STRICT_COUNT,DIRECT_REPORTED_CHAIN_COMPLETE,1.04592894107674
93453923,93453920.0,3,1,606,606,NOT_OBSERVED_PAPI,807,KNOWN_ZERO_BELOW_PAPI_DETAIL_CAP,4,4,4,4.0,,,4.0,4,0,4,CORE_STRICT_COUNT,DIRECT_REPORTED_CHAIN_COMPLETE,1.86929677947596
93453924,93453920.0,4,1,606,606,NOT_OBSERVED_PAPI,807,KNOWN_ZERO_BELOW_PAPI_DETAIL_CAP,4,4,4,4.0,,,4.0,4,0,4,CORE_STRICT_COUNT,DIRECT_REPORTED_CHAIN_COMPLETE,1.34864601588502
93453925,93453920.0,5,1,606,606,NOT_OBSERVED_PAPI,807,KNOWN_ZERO_BELOW_PAPI_DETAIL_CAP,4,4,4,4.0,,,4.0,4,0,4,CORE_STRICT_COUNT,DIRECT_REPORTED_CHAIN_COMPLETE,1.78640035629184
93453931,93453930.0,1,1,606,606,NOT_OBSERVED_PAPI,807,KNOWN_ZERO_BELOW_PAPI_DETAIL_CAP,2,2,2,2.0,,,2.0,2,0,2,CORE_STRICT_COUNT,DIRECT_REPORTED_CHAIN_COMPLETE,0.671256764039468
93453932,93453930.0,2,1,606,606,NOT_OBSERVED_PAPI,807,KNOWN_ZERO_BELOW_PAPI_DETAIL_CAP,4,4,4,4.0,,,4.0,4,0,4,CORE_STRICT_COUNT,DIRECT_REPORTED_CHAIN_COMPLETE,0.791634157245302
93454781,93454780.0,1,0,602,602,NO_OUT_OF_HOME_ACTIVITY_OR_DOMESTIC_TRIPS,801,NOT_APPLICABLE_NOT_MOBILE,0,0,0,0.0,,,0.0,0,0,0,CORE_STRICT_COUNT,ZERO_TRIP_COMPLETE,5.08837403972605
93455421,93455420.0,1,1,2,607,EXPLICIT_NO_RBW,808,KNOWN_ZERO_BELOW_CATI_CAWI_DETAIL_CAP,4,4,4,4.0,,,4.0,4,0,4,CORE_STRICT_COUNT,DIRECT_REPORTED_CHAIN_COMPLETE,3.52101160154023
93455671,93455670.0,1,1,406,406,NOT_OBSERVED_SECONDARY_EMPLOYMENT,808,KNOWN_ZERO_BELOW_CATI_CAWI_DETAIL_CAP,4,4,4,4.0,,,4.0,4,0,4,CORE_STRICT_COUNT,DIRECT_REPORTED_CHAIN_COMPLETE,2.38599463265158
93455672,93455670.0,2,1,404,404,NOT_APPLICABLE_NOT_EMPLOYED,808,KNOWN_ZERO_BELOW_CATI_CAWI_DETAIL_CAP,2,2,2,2.0,,,2.0,2,0,2,CORE_STRICT_COUNT,DIRECT_REPORTED_CHAIN_COMPLETE,4.51462741962789
93455761,93455760.0,1,0,606,606,NOT_OBSERVED_PAPI,801,NOT_APPLICABLE_NOT_MOBILE,0,0,0,0.0,,,0.0,0,0,0,CORE_STRICT_COUNT,ZERO_TRIP_COMPLETE,6.46143946247052
93457471,93457470.0,1,1,2,607,EXPLICIT_NO_RBW,807,KNOWN_ZERO_BELOW_PAPI_DETAIL_CAP,2,2,2,2.0,,,2.0,2,0,2,CORE_STRICT_COUNT,DIRECT_REPORTED_CHAIN_COMPLETE,1.08215033178648
93457472,93457470.0,2,1,606,606,NOT_OBSERVED_PAPI,807,KNOWN_ZERO_BELOW_PAPI_DETAIL_CAP,2,2,2,2.0,,,2.0,2,0,2,CORE_STRICT_COUNT,DIRECT_REPORTED_CHAIN_COMPLETE,0.906929052018924
93457781,93457780.0,1,1,2,607,EXPLICIT_NO_RBW,808,KNOWN_ZERO_BELOW_CATI_CAWI_DETAIL_CAP,1,1,1,1.0,,,1.0,1,0,1,CORE_STRICT_COUNT,DIRECT_REPORTED_CHAIN_COMPLETE,4.39907568840898
93459181,93459180.0,1,1,606,606,NOT_OBSERVED_PAPI,807,KNOWN_ZERO_BELOW_PAPI_DETAIL_CAP,2,2,2,2.0,,,2.0,2,0,2,CORE_STRICT_COUNT,DIRECT_REPORTED_CHAIN_COMPLETE,3.19843767364534
93459411,93459410.0,1,1,2,607,EXPLICIT_NO_RBW,808,KNOWN_ZERO_BELOW_CATI_CAWI_DETAIL_CAP,4,4,4,4.0,,,4.0,4,0,4,CORE_STRICT_COUNT,DIRECT_REPORTED_CHAIN_COMPLETE,6.07137843081232
93459412,93459410.0,2,1,206,206,NOT_OBSERVED_PROXY,808,KNOWN_ZERO_BELOW_CATI_CAWI_DETAIL_CAP,2,2,2,2.0,,,2.0,2,0,2,CORE_STRICT_COUNT,DIRECT_REPORTED_CHAIN_COMPLETE,12.9376488742133
93459413,93459410.0,3,1,403,403,NOT_APPLICABLE_UNDER_16,808,KNOWN_ZERO_BELOW_CATI_CAWI_DETAIL_CAP,2,2,2,2.0,,,2.0,2,0,2,CORE_STRICT_COUNT,DIRECT_REPORTED_CHAIN_COMPLETE,7.84783663943156
93459421,93459420.0,1,1,404,404,NOT_APPLICABLE_NOT_EMPLOYED,808,KNOWN_ZERO_BELOW_CATI_CAWI_DETAIL_CAP,5,5,5,5.0,,,5.0,5,0,5,CORE_STRICT_COUNT,DIRECT_REPORTED_CHAIN_COMPLETE,5.75439988544725
93459422,93459420.0,2,1,2,607,EXPLICIT_NO_RBW,808,KNOWN_ZERO_BELOW_CATI_CAWI_DETAIL_CAP,2,2,2,2.0,,,2.0,2,0,2,CORE_STRICT_COUNT,DIRECT_REPORTED_CHAIN_COMPLETE,6.07137843081232
93461851,93461850.0,1,1,2,607,EXPLICIT_NO_RBW,807,KNOWN_ZERO_BELOW_PAPI_DETAIL_CAP,3,3,3,3.0,,,3.0,3,0,3,CORE_STRICT_COUNT,DIRECT_REPORTED_CHAIN_COMPLETE,5.4176912767226
93463171,93463170.0,1,1,2,607,EXPLICIT_NO_RBW,808,KNOWN_ZERO_BELOW_CATI_CAWI_DETAIL_CAP,2,2,2,2.0,,,2.0,2,0,2,CORE_STRICT_COUNT,DIRECT_REPORTED_CHAIN_COMPLETE,0.891860878638634
93463172,93463170.0,2,1,2,607,EXPLICIT_NO_RBW,808,KNOWN_ZERO_BELOW_CATI_CAWI_DETAIL_CAP,4,4,4,4.0,,,4.0,4,0,4,CORE_STRICT_COUNT,DIRECT_REPORTED_CHAIN_COMPLETE,0.761369685265886
93463173,93463170.0,3,0,406,406,NOT_OBSERVED_SECONDARY_EMPLOYMENT,801,NOT_APPLICABLE_NOT_MOBILE,0,0,0,0.0,,,0.0,0,0,0,CORE_STRICT_COUNT,ZERO_TRIP_COMPLETE,0.878478296437614
93463174,93463170.0,4,1,403,403,NOT_APPLICABLE_UNDER_16,808,KNOWN_ZERO_BELOW_CATI_CAWI_DETAIL_CAP,2,2,2,2.0,,,2.0,2,0,2,CORE_STRICT_COUNT,DIRECT_REPORTED_CHAIN_COMPLETE,1.56037249607058
93467061,93467060.0,1,3,1,3,KNOWN_EXACT,807,KNOWN_ZERO_BELOW_PAPI_DETAIL_CAP,6,6,9,6.0,,3.0,9.0,6,3,9,CORE_STRICT_COUNT,MIXED_DIRECT_RBW_UNTIMED,3.31457386904904
93467251,93467250.0,1,1,2,607,EXPLICIT_NO_RBW,807,KNOWN_ZERO_BELOW_PAPI_DETAIL_CAP,2,2,2,2.0,,,2.0,2,0,2,CORE_STRICT_COUNT,DIRECT_REPORTED_CHAIN_COMPLETE,1.02802332882553
93467253,93467250.0,3,1,2,607,EXPLICIT_NO_RBW,807,KNOWN_ZERO_BELOW_PAPI_DETAIL_CAP,2,2,2,2.0,,,2.0,2,0,2,CORE_STRICT_COUNT,DIRECT_REPORTED_CHAIN_COMPLETE,1.22350454872563
93467441,93467440.0,1,1,2,607,EXPLICIT_NO_RBW,807,KNOWN_ZERO_BELOW_PAPI_DETAIL_CAP,4,4,4,4.0,,,4.0,4,0,4,CORE_STRICT_COUNT,DIRECT_REPORTED_CHAIN_COMPLETE,3.9318014168437
93468271,93468270.0,1,1,2,607,EXPLICIT_NO_RBW,807,KNOWN_ZERO_BELOW_PAPI_DETAIL_CAP,3,3,3,3.0,,,3.0,3,0,3,CORE_STRICT_COUNT,DIRECT_REPORTED_CHAIN_COMPLETE,2.77742195141704
93468272,93468270.0,2,0,606,606,NOT_OBSERVED_PAPI,801,NOT_APPLICABLE_NOT_MOBILE,0,0,0,0.0,,,0.0,0,0,0,CORE_STRICT_COUNT,ZERO_TRIP_COMPLETE,5.42526508588432
93469711,93469710.0,1,1,404,404,NOT_APPLICABLE_NOT_EMPLOYED,808,KNOWN_ZERO_BELOW_CATI_CAWI_DETAIL_CAP,2,2,2,2.0,,,2.0,2,0,2,CORE_STRICT_COUNT,DIRECT_REPORTED_CHAIN_COMPLETE,2.01725167869547
93469712,93469710.0,2,1,404,404,NOT_APPLICABLE_NOT_EMPLOYED,808,KNOWN_ZERO_BELOW_CATI_CAWI_DETAIL_CAP,2,2,2,2.0,,,2.0,2,0,2,CORE_STRICT_COUNT,DIRECT_REPORTED_CHAIN_COMPLETE,2.86308966060383
93470931,93470930.0,1,0,406,406,NOT_OBSERVED_SECONDARY_EMPLOYMENT,801,NOT_APPLICABLE_NOT_MOBILE,0,0,0,0.0,,,0.0,0,0,0,CORE_STRICT_COUNT,ZERO_TRIP_COMPLETE,0.731923617367206
93470932,93470930.0,2,1,404,404,NOT_APPLICABLE_NOT_EMPLOYED,808,KNOWN_ZERO_BELOW_CATI_CAWI_DETAIL_CAP,4,4,4,4.0,,,4.0,4,0,4,CORE_STRICT_COUNT,DIRECT_REPORTED_CHAIN_COMPLETE,0.613410884745795
93472471,93472470.0,1,1,2,607,EXPLICIT_NO_RBW,808,KNOWN_ZERO_BELOW_CATI_CAWI_DETAIL_CAP,4,4,4,4.0,,,4.0,4,0,4,CORE_STRICT_COUNT,DIRECT_REPORTED_CHAIN_COMPLETE,3.03528787710005
93472472,93472470.0,2,1,2,607,EXPLICIT_NO_RBW,808,KNOWN_ZERO_BELOW_CATI_CAWI_DETAIL_CAP,3,3,3,3.0,,,3.0,3,0,3,CORE_STRICT_COUNT,DIRECT_REPORTED_CHAIN_COMPLETE,2.91033146609912
93472911,93472910.0,1,1,404,404,NOT_APPLICABLE_NOT_EMPLOYED,808,KNOWN_ZERO_BELOW_CATI_CAWI_DETAIL_CAP,6,6,6,6.0,,,6.0,6,0,6,CORE_STRICT_COUNT,DIRECT_REPORTED_CHAIN_COMPLETE,3.9318014168437
93473501,93473500.0,1,1,606,606,NOT_OBSERVED_PAPI,807,KNOWN_ZERO_BELOW_PAPI_DETAIL_CAP,2,2,2,2.0,,,2.0,2,0,2,CORE_STRICT_COUNT,DIRECT_REPORTED_CHAIN_COMPLETE,1.18960217774509
93473502,93473500.0,2,1,606,606,NOT_OBSERVED_PAPI,807,KNOWN_ZERO_BELOW_PAPI_DETAIL_CAP,1,1,1,1.0,,,1.0,1,0,1,CORE_STRICT_COUNT,DIRECT_REPORTED_CHAIN_COMPLETE,2.53160370428604
93474671,93474670.0,1,1,2,607,EXPLICIT_NO_RBW,807,KNOWN_ZERO_BELOW_PAPI_DETAIL_CAP,3,3,3,3.0,,,3.0,3,0,3,CORE_STRICT_COUNT,DIRECT_REPORTED_CHAIN_COMPLETE,4.39907568840898
93474672,93474670.0,2,1,2,607,EXPLICIT_NO_RBW,807,KNOWN_ZERO_BELOW_PAPI_DETAIL_CAP,2,2,2,2.0,,,2.0,2,0,2,CORE_STRICT_COUNT,DIRECT_REPORTED_CHAIN_COMPLETE,4.51388252844394
93478111,93478110.0,1,1,206,206,NOT_OBSERVED_PROXY,808,KNOWN_ZERO_BELOW_CATI_CAWI_DETAIL_CAP,3,3,3,3.0,,,3.0,3,0,3,CORE_STRICT_COUNT,DIRECT_REPORTED_CHAIN_COMPLETE,5.53212194600878
93478112,93478110.0,2,3,1,1,KNOWN_EXACT,808,KNOWN_ZERO_BELOW_CATI_CAWI_DETAIL_CAP,5,5,6,5.0,,1.0,6.0,5,1,6,CORE_STRICT_COUNT,MIXED_DIRECT_RBW_UNTIMED,7.59196816808122
93478181,93478180.0,1,5,2,607,EXPLICIT_NO_RBW,803,UNAVAILABLE_NO_TRIP_PROTOCOL,803,803,803,,,,,0,0,0,EXCLUDED_COUNT_UNOBSERVED,TRIP_DAY_NO_ROWS,4.50406593140805
93479861,93479860.0,1,1,404,404,NOT_APPLICABLE_NOT_EMPLOYED,808,KNOWN_ZERO_BELOW_CATI_CAWI_DETAIL_CAP,6,6,6,6.0,,,6.0,6,0,6,CORE_STRICT_COUNT,DIRECT_REPORTED_CHAIN_COMPLETE,3.9318014168437
93481401,93481400.0,1,1,404,404,NOT_APPLICABLE_NOT_EMPLOYED,808,KNOWN_ZERO_BELOW_CATI_CAWI_DETAIL_CAP,1,1,1,1.0,,,1.0,1,0,1,CORE_STRICT_COUNT,DIRECT_REPORTED_CHAIN_COMPLETE,5.15202120782886
93481402,93481400.0,2,1,206,206,NOT_OBSERVED_PROXY,808,KNOWN_ZERO_BELOW_CATI_CAWI_DETAIL_CAP,3,3,3,3.0,,,3.0,3,0,3,CORE_STRICT_COUNT,DIRECT_REPORTED_CHAIN_COMPLETE,9.0699346939362
93481403,93481400.0,3,1,403,403,NOT_APPLICABLE_UNDER_16,808,KNOWN_ZERO_BELOW_CATI_CAWI_DETAIL_CAP,3,3,3,3.0,,,3.0,3,0,3,CORE_STRICT_COUNT,DIRECT_REPORTED_CHAIN_COMPLETE,7.48882346123443
93481404,93481400.0,4,1,403,403,NOT_APPLICABLE_UNDER_16,808,KNOWN_ZERO_BELOW_CATI_CAWI_DETAIL_CAP,1,1,1,1.0,,,1.0,1,0,1,CORE_STRICT_COUNT,DIRECT_REPORTED_CHAIN_COMPLETE,7.48882346123443
93483941,93483940.0,1,1,404,404,NOT_APPLICABLE_NOT_EMPLOYED,808,KNOWN_ZERO_BELOW_CATI_CAWI_DETAIL_CAP,7,7,7,7.0,,,7.0,7,0,7,CORE_STRICT_COUNT,DIRECT_REPORTED_CHAIN_COMPLETE,6.17246366918843
93483942,93483940.0,2,0,404,404,NOT_APPLICABLE_NOT_EMPLOYED,801,NOT_APPLICABLE_NOT_MOBILE,0,0,0,0.0,,,0.0,0,0,0,CORE_STRICT_COUNT,ZERO_TRIP_COMPLETE,4.6515116073698
93483943,93483940.0,3,1,2,607,EXPLICIT_NO_RBW,808,KNOWN_ZERO_BELOW_CATI_CAWI_DETAIL_CAP,7,7,7,7.0,,,7.0,7,0,7,CORE_STRICT_COUNT,DIRECT_REPORTED_CHAIN_COMPLETE,5.61410174044006
93484031,93484030.0,1,1,2,607,EXPLICIT_NO_RBW,808,KNOWN_ZERO_BELOW_CATI_CAWI_DETAIL_CAP,2,2,2,2.0,,,2.0,2,0,2,CORE_STRICT_COUNT,DIRECT_REPORTED_CHAIN_COMPLETE,1.29328095165321
93484032,93484030.0,2,1,404,404,NOT_APPLICABLE_NOT_EMPLOYED,808,KNOWN_ZERO_BELOW_CATI_CAWI_DETAIL_CAP,5,5,5,5.0,,,5.0,5,0,5,CORE_STRICT_COUNT,DIRECT_REPORTED_CHAIN_COMPLETE,2.62136944691419
93484033,93484030.0,3,1,206,206,NOT_OBSERVED_PROXY,808,KNOWN_ZERO_BELOW_CATI_CAWI_DETAIL_CAP,2,2,2,2.0,,,2.0,2,0,2,CORE_STRICT_COUNT,DIRECT_REPORTED_CHAIN_COMPLETE,1.86069728967907
93484034,93484030.0,4,1,206,206,NOT_OBSERVED_PROXY,808,KNOWN_ZERO_BELOW_CATI_CAWI_DETAIL_CAP,2,2,2,2.0,,,2.0,2,0,2,CORE_STRICT_COUNT,DIRECT_REPORTED_CHAIN_COMPLETE,1.5240791167232
93484411,93484410.0,1,3,1,4,KNOWN_EXACT,807,KNOWN_ZERO_BELOW_PAPI_DETAIL_CAP,7,7,11,7.0,,4.0,11.0,7,4,11,CORE_STRICT_COUNT,MIXED_DIRECT_RBW_UNTIMED,1.53106963917119
93484412,93484410.0,2,1,2,607,EXPLICIT_NO_RBW,807,KNOWN_ZERO_BELOW_PAPI_DETAIL_CAP,5,5,5,5.0,,,5.0,5,0,5,CORE_STRICT_COUNT,DIRECT_REPORTED_CHAIN_COMPLETE,1.21990973213049
93485381,93485380.0,1,1,2,607,EXPLICIT_NO_RBW,808,KNOWN_ZERO_BELOW_CATI_CAWI_DETAIL_CAP,9,9,9,9.0,,,9.0,9,0,9,CORE_STRICT_COUNT,DIRECT_REPORTED_CHAIN_COMPLETE,5.51084841623137
93485711,93485710.0,1,1,606,606,NOT_OBSERVED_PAPI,807,KNOWN_ZERO_BELOW_PAPI_DETAIL_CAP,6,6,6,6.0,,,6.0,6,0,6,CORE_STRICT_COUNT,DIRECT_REPORTED_CHAIN_COMPLETE,1.39840407892117
93485712,93485710.0,2,1,606,606,NOT_OBSERVED_PAPI,807,KNOWN_ZERO_BELOW_PAPI_DETAIL_CAP,6,6,6,6.0,,,6.0,6,0,6,CORE_STRICT_COUNT,DIRECT_REPORTED_CHAIN_COMPLETE,1.17197513911183
93487591,93487590.0,1,1,606,606,NOT_OBSERVED_PAPI,807,KNOWN_ZERO_BELOW_PAPI_DETAIL_CAP,3,3,3,3.0,,,3.0,3,0,3,CORE_STRICT_COUNT,DIRECT_REPORTED_CHAIN_COMPLETE,1.73801003428062
93487592,93487590.0,2,1,606,606,NOT_OBSERVED_PAPI,807,KNOWN_ZERO_BELOW_PAPI_DETAIL_CAP,2,2,2,2.0,,,2.0,2,0,2,CORE_STRICT_COUNT,DIRECT_REPORTED_CHAIN_COMPLETE,6.85657157678324
93487711,93487710.0,1,1,606,606,NOT_OBSERVED_PAPI,0,KNOWN_ZERO,8,8,8,8.0,0.0,,8.0,8,0,8,CORE_STRICT_COUNT,DIRECT_REPORTED_CHAIN_COMPLETE,2.70856718630236
93487712,93487710.0,2,1,606,606,NOT_OBSERVED_PAPI,807,KNOWN_ZERO_BELOW_PAPI_DETAIL_CAP,4,4,4,4.0,,,4.0,4,0,4,CORE_STRICT_COUNT,DIRECT_REPORTED_CHAIN_COMPLETE,1.14600197041803
93488181,93488180.0,1,1,2,607,EXPLICIT_NO_RBW,808,KNOWN_ZERO_BELOW_CATI_CAWI_DETAIL_CAP,6,6,6,6.0,,,6.0,6,0,6,CORE_STRICT_COUNT,DIRECT_REPORTED_CHAIN_COMPLETE,10.44794787105
93488182,93488180.0,2,1,206,206,NOT_OBSERVED_PROXY,808,KNOWN_ZERO_BELOW_CATI_CAWI_DETAIL_CAP,8,8,8,8.0,,,8.0,8,0,8,CORE_STRICT_COUNT,DIRECT_REPORTED_CHAIN_COMPLETE,3.8850830192331
93488183,93488180.0,3,1,403,403,NOT_APPLICABLE_UNDER_16,808,KNOWN_ZERO_BELOW_CATI_CAWI_DETAIL_CAP,8,8,8,8.0,,,8.0,8,0,8,CORE_STRICT_COUNT,DIRECT_REPORTED_CHAIN_COMPLETE,6.47403420944949
93489771,93489770.0,1,1,406,406,NOT_OBSERVED_SECONDARY_EMPLOYMENT,808,KNOWN_ZERO_BELOW_CATI_CAWI_DETAIL_CAP,6,6,6,6.0,,,6.0,6,0,6,CORE_STRICT_COUNT,DIRECT_REPORTED_CHAIN_COMPLETE,4.14746275072144
93489772,93489770.0,2,0,406,406,NOT_OBSERVED_SECONDARY_EMPLOYMENT,801,NOT_APPLICABLE_NOT_MOBILE,0,0,0,0.0,,,0.0,0,0,0,CORE_STRICT_COUNT,ZERO_TRIP_COMPLETE,5.28727963726505
93489773,93489770.0,3,1,406,406,NOT_OBSERVED_SECONDARY_EMPLOYMENT,808,KNOWN_ZERO_BELOW_CATI_CAWI_DETAIL_CAP,3,3,3,3.0,,,3.0,3,0,3,CORE_STRICT_COUNT,DIRECT_REPORTED_CHAIN_COMPLETE,4.14746275072144
93489774,93489770.0,4,1,2,607,EXPLICIT_NO_RBW,808,KNOWN_ZERO_BELOW_CATI_CAWI_DETAIL_CAP,5,5,5,5.0,,,5.0,5,0,5,CORE_STRICT_COUNT,DIRECT_REPORTED_CHAIN_COMPLETE,5.57852707257053
93489775,93489770.0,5,1,2,607,EXPLICIT_NO_RBW,808,KNOWN_ZERO_BELOW_CATI_CAWI_DETAIL_CAP,5,5,5,5.0,,,5.0,5,0,5,CORE_STRICT_COUNT,DIRECT_REPORTED_CHAIN_COMPLETE,5.06349874795499
93489871,93489870.0,1,1,606,606,NOT_OBSERVED_PAPI,807,KNOWN_ZERO_BELOW_PAPI_DETAIL_CAP,4,4,4,4.0,,,4.0,4,0,4,CORE_STRICT_COUNT,DIRECT_REPORTED_CHAIN_COMPLETE,7.59639352673536
93491121,93491120.0,1,1,404,404,NOT_APPLICABLE_NOT_EMPLOYED,808,KNOWN_ZERO_BELOW_CATI_CAWI_DETAIL_CAP,1,1,1,1.0,,,1.0,1,0,1,CORE_STRICT_COUNT,DIRECT_REPORTED_CHAIN_COMPLETE,5.64229560631061
93492381,93492380.0,1,1,2,607,EXPLICIT_NO_RBW,807,KNOWN_ZERO_BELOW_PAPI_DETAIL_CAP,5,5,5,5.0,,,5.0,5,0,5,CORE_STRICT_COUNT,DIRECT_REPORTED_CHAIN_COMPLETE,1.81941591066989
93492382,93492380.0,2,3,1,2,KNOWN_EXACT,807,KNOWN_ZERO_BELOW_PAPI_DETAIL_CAP,3,3,5,3.0,,2.0,5.0,3,2,5,CORE_STRICT_COUNT,MIXED_DIRECT_RBW_UNTIMED,2.2047657608858
93492383,93492380.0,3,1,606,606,NOT_OBSERVED_PAPI,807,KNOWN_ZERO_BELOW_PAPI_DETAIL_CAP,4,4,4,4.0,,,4.0,4,0,4,CORE_STRICT_COUNT,DIRECT_REPORTED_CHAIN_COMPLETE,2.89999923244738
93494131,93494130.0,1,1,606,606,NOT_OBSERVED_PAPI,807,KNOWN_ZERO_BELOW_PAPI_DETAIL_CAP,2,2,2,2.0,,,2.0,2,0,2,CORE_STRICT_COUNT,DIRECT_REPORTED_CHAIN_COMPLETE,3.9318014168437
93496361,93496360.0,1,1,2,607,EXPLICIT_NO_RBW,807,KNOWN_ZERO_BELOW_PAPI_DETAIL_CAP,2,2,2,2.0,,,2.0,2,0,2,CORE_STRICT_COUNT,DIRECT_REPORTED_CHAIN_COMPLETE,6.17176182545754
93496362,93496360.0,2,1,2,607,EXPLICIT_NO_RBW,807,KNOWN_ZERO_BELOW_PAPI_DETAIL_CAP,2,2,2,2.0,,,2.0,2,0,2,CORE_STRICT_COUNT,DIRECT_REPORTED_CHAIN_COMPLETE,6.26412393291325
93496363,93496360.0,3,1,2,607,EXPLICIT_NO_RBW,807,KNOWN_ZERO_BELOW_PAPI_DETAIL_CAP,4,4,4,4.0,,,4.0,4,0,4,CORE_STRICT_COUNT,DIRECT_REPORTED_CHAIN_COMPLETE,10.7778318346928
93497571,93497570.0,1,0,2,607,EXPLICIT_NO_RBW,801,NOT_APPLICABLE_NOT_MOBILE,0,0,0,0.0,,,0.0,0,0,0,CORE_STRICT_COUNT,ZERO_TRIP_COMPLETE,2.22768402565506
93499391,93499390.0,1,1,404,404,NOT_APPLICABLE_NOT_EMPLOYED,808,KNOWN_ZERO_BELOW_CATI_CAWI_DETAIL_CAP,6,6,6,6.0,,,6.0,6,0,6,CORE_STRICT_COUNT,DIRECT_REPORTED_CHAIN_COMPLETE,2.46286868257918
93499392,93499390.0,2,1,404,404,NOT_APPLICABLE_NOT_EMPLOYED,808,KNOWN_ZERO_BELOW_CATI_CAWI_DETAIL_CAP,7,7,7,7.0,,,7.0,7,0,7,CORE_STRICT_COUNT,DIRECT_REPORTED_CHAIN_COMPLETE,2.83640010030973
93499421,93499420.0,1,3,1,2,KNOWN_EXACT,808,KNOWN_ZERO_BELOW_CATI_CAWI_DETAIL_CAP,6,6,8,6.0,,2.0,8.0,6,2,8,CORE_STRICT_COUNT,MIXED_DIRECT_RBW_UNTIMED,3.83032496671695
93500551,93500550.0,1,4,602,602,NO_OUT_OF_HOME_ACTIVITY_OR_DOMESTIC_TRIPS,801,NOT_APPLICABLE_NOT_MOBILE,0,0,0,0.0,,,0.0,0,0,0,EXCLUDED_OUT_OF_SCOPE,OUT_OF_SCOPE_FAR_ABROAD,4.48680457916405
93502271,93502270.0,1,1,2,607,EXPLICIT_NO_RBW,807,KNOWN_ZERO_BELOW_PAPI_DETAIL_CAP,4,4,4,4.0,,,4.0,4,0,4,CORE_STRICT_COUNT,DIRECT_REPORTED_CHAIN_COMPLETE,3.2058297224101
93502272,93502270.0,2,1,2,607,EXPLICIT_NO_RBW,807,KNOWN_ZERO_BELOW_PAPI_DETAIL_CAP,2,2,2,2.0,,,2.0,2,0,2,CORE_STRICT_COUNT,DIRECT_REPORTED_CHAIN_COMPLETE,5.61929915000358
93502631,93502630.0,1,1,404,404,NOT_APPLICABLE_NOT_EMPLOYED,808,KNOWN_ZERO_BELOW_CATI_CAWI_DETAIL_CAP,8,8,8,8.0,,,8.0,8,0,8,CORE_STRICT_COUNT,DIRECT_REPORTED_CHAIN_COMPLETE,3.19843767364534
93502721,93502720.0,1,1,2,607,EXPLICIT_NO_RBW,807,KNOWN_ZERO_BELOW_PAPI_DETAIL_CAP,2,2,2,2.0,,,2.0,2,0,2,CORE_STRICT_COUNT,DIRECT_REPORTED_CHAIN_COMPLETE,0.828185649116851
93502722,93502720.0,2,1,2,607,EXPLICIT_NO_RBW,807,KNOWN_ZERO_BELOW_PAPI_DETAIL_CAP,2,2,2,2.0,,,2.0,2,0,2,CORE_STRICT_COUNT,DIRECT_REPORTED_CHAIN_COMPLETE,1.55574783318361
93502723,93502720.0,3,3,1,2,KNOWN_EXACT,807,KNOWN_ZERO_BELOW_PAPI_DETAIL_CAP,2,2,4,2.0,,2.0,4.0,2,2,4,CORE_STRICT_COUNT,MIXED_DIRECT_RBW_UNTIMED,1.51591244894167
93503281,93503280.0,1,1,2,607,EXPLICIT_NO_RBW,808,KNOWN_ZERO_BELOW_CATI_CAWI_DETAIL_CAP,3,3,3,3.0,,,3.0,3,0,3,CORE_STRICT_COUNT,DIRECT_REPORTED_CHAIN_COMPLETE,4.48680457916405
93503471,93503470.0,1,1,2,607,EXPLICIT_NO_RBW,807,KNOWN_ZERO_BELOW_PAPI_DETAIL_CAP,3,3,3,3.0,,,3.0,3,0,3,CORE_STRICT_COUNT,DIRECT_REPORTED_CHAIN_COMPLETE,4.48680457916405
93503472,93503470.0,2,1,2,607,EXPLICIT_NO_RBW,807,KNOWN_ZERO_BELOW_PAPI_DETAIL_CAP,4,4,4,4.0,,,4.0,4,0,4,CORE_STRICT_COUNT,DIRECT_REPORTED_CHAIN_COMPLETE,7.62006004963525
93503473,93503470.0,3,1,2,607,EXPLICIT_NO_RBW,807,KNOWN_ZERO_BELOW_PAPI_DETAIL_CAP,2,2,2,2.0,,,2.0,2,0,2,CORE_STRICT_COUNT,DIRECT_REPORTED_CHAIN_COMPLETE,5.5414749715266
93503631,93503630.0,1,2,1,1,KNOWN_EXACT,802,NOT_APPLICABLE_RBW_ONLY,0,0,1,0.0,,1.0,1.0,0,1,1,CORE_STRICT_COUNT,RBW_ONLY_AGGREGATED_UNTIMED,4.39907568840898
93503731,93503730.0,1,1,404,404,NOT_APPLICABLE_NOT_EMPLOYED,808,KNOWN_ZERO_BELOW_CATI_CAWI_DETAIL_CAP,4,4,4,4.0,,,4.0,4,0,4,CORE_STRICT_COUNT,DIRECT_REPORTED_CHAIN_COMPLETE,1.47770443700901
93503732,93503730.0,2,0,404,404,NOT_APPLICABLE_NOT_EMPLOYED,801,NOT_APPLICABLE_NOT_MOBILE,0,0,0,0.0,,,0.0,0,0,0,CORE_STRICT_COUNT,ZERO_TRIP_COMPLETE,2.0948916415005
93503881,93503880.0,1,1,404,404,NOT_APPLICABLE_NOT_EMPLOYED,808,KNOWN_ZERO_BELOW_CATI_CAWI_DETAIL_CAP,6,6,6,6.0,,,6.0,6,0,6,CORE_STRICT_COUNT,DIRECT_REPORTED_CHAIN_COMPLETE,3.12722409461695
93503882,93503880.0,2,1,206,206,NOT_OBSERVED_PROXY,808,KNOWN_ZERO_BELOW_CATI_CAWI_DETAIL_CAP,6,6,6,6.0,,,6.0,6,0,6,CORE_STRICT_COUNT,DIRECT_REPORTED_CHAIN_COMPLETE,0.792691623652282
93504001,93504000.0,1,1,2,607,EXPLICIT_NO_RBW,808,KNOWN_ZERO_BELOW_CATI_CAWI_DETAIL_CAP,4,4,4,4.0,,,4.0,4,0,4,CORE_STRICT_COUNT,DIRECT_REPORTED_CHAIN_COMPLETE,3.52101160154023
93504461,93504460.0,1,9,606,606,NOT_OBSERVED_PAPI,804,UNAVAILABLE_MOBILITY_UNKNOWN,804,804,804,,,,,0,0,0,EXCLUDED_UNKNOWN,MOBILITY_UNKNOWN,2.07258416447714
93504462,93504460.0,2,9,606,606,NOT_OBSERVED_PAPI,804,UNAVAILABLE_MOBILITY_UNKNOWN,804,804,804,,,,,0,0,0,EXCLUDED_UNKNOWN,MOBILITY_UNKNOWN,1.6135597246224
93505071,93505070.0,1,1,2,607,EXPLICIT_NO_RBW,808,KNOWN_ZERO_BELOW_CATI_CAWI_DETAIL_CAP,3,3,3,3.0,,,3.0,3,0,3,CORE_STRICT_COUNT,DIRECT_REPORTED_CHAIN_COMPLETE,1.20150486059038
93505072,93505070.0,2,1,206,206,NOT_OBSERVED_PROXY,808,KNOWN_ZERO_BELOW_CATI_CAWI_DETAIL_CAP,2,2,2,2.0,,,2.0,2,0,2,CORE_STRICT_COUNT,DIRECT_REPORTED_CHAIN_COMPLETE,1.23808215585845
93505073,93505070.0,3,1,403,403,NOT_APPLICABLE_UNDER_16,808,KNOWN_ZERO_BELOW_CATI_CAWI_DETAIL_CAP,2,2,2,2.0,,,2.0,2,0,2,CORE_STRICT_COUNT,DIRECT_REPORTED_CHAIN_COMPLETE,1.74706887804123
93505181,93505180.0,1,1,2,607,EXPLICIT_NO_RBW,808,KNOWN_ZERO_BELOW_CATI_CAWI_DETAIL_CAP,4,4,4,4.0,,,4.0,4,0,4,CORE_STRICT_COUNT,DIRECT_REPORTED_CHAIN_COMPLETE,2.13764779467008
93505182,93505180.0,2,1,2,607,EXPLICIT_NO_RBW,808,KNOWN_ZERO_BELOW_CATI_CAWI_DETAIL_CAP,4,4,4,4.0,,,4.0,4,0,4,CORE_STRICT_COUNT,DIRECT_REPORTED_CHAIN_COMPLETE,1.67108625843034
93505551,93505550.0,1,1,606,606,NOT_OBSERVED_PAPI,807,KNOWN_ZERO_BELOW_PAPI_DETAIL_CAP,2,2,2,2.0,,,2.0,2,0,2,CORE_STRICT_COUNT,DIRECT_REPORTED_CHAIN_COMPLETE,4.14578645750516
93505552,93505550.0,2,0,606,606,NOT_OBSERVED_PAPI,801,NOT_APPLICABLE_NOT_MOBILE,0,0,0,0.0,,,0.0,0,0,0,CORE_STRICT_COUNT,ZERO_TRIP_COMPLETE,2.12487295982928
93505611,93505610.0,1,1,2,607,EXPLICIT_NO_RBW,807,KNOWN_ZERO_BELOW_PAPI_DETAIL_CAP,2,2,2,2.0,,,2.0,2,0,2,CORE_STRICT_COUNT,DIRECT_REPORTED_CHAIN_COMPLETE,3.70838420824309
93505612,93505610.0,2,1,2,607,EXPLICIT_NO_RBW,807,KNOWN_ZERO_BELOW_PAPI_DETAIL_CAP,3,3,3,3.0,,,3.0,3,0,3,CORE_STRICT_COUNT,DIRECT_REPORTED_CHAIN_COMPLETE,4.65589564614831
93506321,93506320.0,1,0,2,607,EXPLICIT_NO_RBW,801,NOT_APPLICABLE_NOT_MOBILE,0,0,0,0.0,,,0.0,0,0,0,CORE_STRICT_COUNT,ZERO_TRIP_COMPLETE,3.9318014168437
93506551,93506550.0,1,1,2,607,EXPLICIT_NO_RBW,807,KNOWN_ZERO_BELOW_PAPI_DETAIL_CAP,2,2,2,2.0,,,2.0,2,0,2,CORE_STRICT_COUNT,DIRECT_REPORTED_CHAIN_COMPLETE,2.04341473323407
93506552,93506550.0,2,1,2,607,EXPLICIT_NO_RBW,807,KNOWN_ZERO_BELOW_PAPI_DETAIL_CAP,4,4,4,4.0,,,4.0,4,0,4,CORE_STRICT_COUNT,DIRECT_REPORTED_CHAIN_COMPLETE,2.11754830184304
93506553,93506550.0,3,1,403,403,NOT_APPLICABLE_UNDER_16,807,KNOWN_ZERO_BELOW_PAPI_DETAIL_CAP,2,2,2,2.0,,,2.0,2,0,2,CORE_STRICT_COUNT,DIRECT_REPORTED_CHAIN_COMPLETE,3.69400360152551
93506554,93506550.0,4,0,403,403,NOT_APPLICABLE_UNDER_16,801,NOT_APPLICABLE_NOT_MOBILE,0,0,0,0.0,,,0.0,0,0,0,CORE_STRICT_COUNT,ZERO_TRIP_COMPLETE,3.64539874939695
93506631,93506630.0,1,1,2,607,EXPLICIT_NO_RBW,807,KNOWN_ZERO_BELOW_PAPI_DETAIL_CAP,1,1,1,1.0,,,1.0,1,0,1,CORE_STRICT_COUNT,DIRECT_REPORTED_CHAIN_COMPLETE,2.63025512238404
93506632,93506630.0,2,9,2,607,EXPLICIT_NO_RBW,804,UNAVAILABLE_MOBILITY_UNKNOWN,804,804,804,,,,,0,0,0,EXCLUDED_UNKNOWN,MOBILITY_UNKNOWN,4.34910941161523
93508901,93508900.0,1,1,2,607,EXPLICIT_NO_RBW,808,KNOWN_ZERO_BELOW_CATI_CAWI_DETAIL_CAP,2,2,2,2.0,,,2.0,2,0,2,CORE_STRICT_COUNT,DIRECT_REPORTED_CHAIN_COMPLETE,6.26412393291325
93509311,93509310.0,1,1,2,607,EXPLICIT_NO_RBW,807,KNOWN_ZERO_BELOW_PAPI_DETAIL_CAP,2,2,2,2.0,,,2.0,2,0,2,CORE_STRICT_COUNT,DIRECT_REPORTED_CHAIN_COMPLETE,4.66563588763419
93509312,93509310.0,2,1,2,607,EXPLICIT_NO_RBW,807,KNOWN_ZERO_BELOW_PAPI_DETAIL_CAP,3,3,3,3.0,,,3.0,3,0,3,CORE_STRICT_COUNT,DIRECT_REPORTED_CHAIN_COMPLETE,3.71386764169303
93509371,93509370.0,1,1,2,607,EXPLICIT_NO_RBW,808,KNOWN_ZERO_BELOW_CATI_CAWI_DETAIL_CAP,2,2,2,2.0,,,2.0,2,0,2,CORE_STRICT_COUNT,DIRECT_REPORTED_CHAIN_COMPLETE,3.74400318648568
93511811,93511810.0,1,0,404,404,NOT_APPLICABLE_NOT_EMPLOYED,801,NOT_APPLICABLE_NOT_MOBILE,0,0,0,0.0,,,0.0,0,0,0,CORE_STRICT_COUNT,ZERO_TRIP_COMPLETE,13.4319850615255
93511812,93511810.0,2,0,404,404,NOT_APPLICABLE_NOT_EMPLOYED,801,NOT_APPLICABLE_NOT_MOBILE,0,0,0,0.0,,,0.0,0,0,0,CORE_STRICT_COUNT,ZERO_TRIP_COMPLETE,7.25728049963261
93511813,93511810.0,3,0,602,602,NO_OUT_OF_HOME_ACTIVITY_OR_DOMESTIC_TRIPS,801,NOT_APPLICABLE_NOT_MOBILE,0,0,0,0.0,,,0.0,0,0,0,CORE_STRICT_COUNT,ZERO_TRIP_COMPLETE,10.44794787105
93511814,93511810.0,4,0,404,404,NOT_APPLICABLE_NOT_EMPLOYED,801,NOT_APPLICABLE_NOT_MOBILE,0,0,0,0.0,,,0.0,0,0,0,CORE_STRICT_COUNT,ZERO_TRIP_COMPLETE,35.4900798233577
93511815,93511810.0,5,0,206,206,NOT_OBSERVED_PROXY,801,NOT_APPLICABLE_NOT_MOBILE,0,0,0,0.0,,,0.0,0,0,0,CORE_STRICT_COUNT,ZERO_TRIP_COMPLETE,6.3557279912113
93511816,93511810.0,6,0,403,403,NOT_APPLICABLE_UNDER_16,801,NOT_APPLICABLE_NOT_MOBILE,0,0,0,0.0,,,0.0,0,0,0,CORE_STRICT_COUNT,ZERO_TRIP_COMPLETE,8.3402443982119
93512681,93512680.0,1,0,606,606,NOT_OBSERVED_PAPI,801,NOT_APPLICABLE_NOT_MOBILE,0,0,0,0.0,,,0.0,0,0,0,CORE_STRICT_COUNT,ZERO_TRIP_COMPLETE,1.39285905043765
93512682,93512680.0,2,0,606,606,NOT_OBSERVED_PAPI,801,NOT_APPLICABLE_NOT_MOBILE,0,0,0,0.0,,,0.0,0,0,0,CORE_STRICT_COUNT,ZERO_TRIP_COMPLETE,0.812370244144504
93512683,93512680.0,3,1,2,607,EXPLICIT_NO_RBW,807,KNOWN_ZERO_BELOW_PAPI_DETAIL_CAP,2,2,2,2.0,,,2.0,2,0,2,CORE_STRICT_COUNT,DIRECT_REPORTED_CHAIN_COMPLETE,0.988677526208738
93512684,93512680.0,4,1,606,606,NOT_OBSERVED_PAPI,807,KNOWN_ZERO_BELOW_PAPI_DETAIL_CAP,4,4,4,4.0,,,4.0,4,0,4,CORE_STRICT_COUNT,DIRECT_REPORTED_CHAIN_COMPLETE,0.855439046363788
93512685,93512680.0,5,0,403,403,NOT_APPLICABLE_UNDER_16,801,NOT_APPLICABLE_NOT_MOBILE,0,0,0,0.0,,,0.0,0,0,0,CORE_STRICT_COUNT,ZERO_TRIP_COMPLETE,1.49628724595538
93512686,93512680.0,6,1,403,403,NOT_APPLICABLE_UNDER_16,807,KNOWN_ZERO_BELOW_PAPI_DETAIL_CAP,2,2,2,2.0,,,2.0,2,0,2,CORE_STRICT_COUNT,DIRECT_REPORTED_CHAIN_COMPLETE,1.42671893600797
93513821,93513820.0,1,5,2,607,EXPLICIT_NO_RBW,803,UNAVAILABLE_NO_TRIP_PROTOCOL,803,803,803,,,,,0,0,0,EXCLUDED_COUNT_UNOBSERVED,TRIP_DAY_NO_ROWS,4.48680457916405
93514151,93514150.0,1,1,2,607,EXPLICIT_NO_RBW,807,KNOWN_ZERO_BELOW_PAPI_DETAIL_CAP,2,2,2,2.0,,,2.0,2,0,2,CORE_STRICT_COUNT,DIRECT_REPORTED_CHAIN_COMPLETE,4.47547749337125
93515011,93515010.0,1,1,2,607,EXPLICIT_NO_RBW,807,KNOWN_ZERO_BELOW_PAPI_DETAIL_CAP,4,4,4,4.0,,,4.0,4,0,4,CORE_STRICT_COUNT,DIRECT_REPORTED_CHAIN_COMPLETE,1.23078609103537
93515012,93515010.0,2,1,2,607,EXPLICIT_NO_RBW,807,KNOWN_ZERO_BELOW_PAPI_DETAIL_CAP,3,3,3,3.0,,,3.0,3,0,3,CORE_STRICT_COUNT,DIRECT_REPORTED_CHAIN_COMPLETE,1.54427161095248
93516611,93516610.0,1,1,404,404,NOT_APPLICABLE_NOT_EMPLOYED,808,KNOWN_ZERO_BELOW_CATI_CAWI_DETAIL_CAP,6,6,6,6.0,,,6.0,6,0,6,CORE_STRICT_COUNT,DIRECT_REPORTED_CHAIN_COMPLETE,1.67653968294633
93516612,93516610.0,2,1,404,404,NOT_APPLICABLE_NOT_EMPLOYED,808,KNOWN_ZERO_BELOW_CATI_CAWI_DETAIL_CAP,2,2,2,2.0,,,2.0,2,0,2,CORE_STRICT_COUNT,DIRECT_REPORTED_CHAIN_COMPLETE,1.4050751551464
93516891,93516890.0,1,1,404,404,NOT_APPLICABLE_NOT_EMPLOYED,808,KNOWN_ZERO_BELOW_CATI_CAWI_DETAIL_CAP,4,4,4,4.0,,,4.0,4,0,4,CORE_STRICT_COUNT,DIRECT_REPORTED_CHAIN_COMPLETE,1.32880742474769
93516892,93516890.0,2,1,404,404,NOT_APPLICABLE_NOT_EMPLOYED,808,KNOWN_ZERO_BELOW_CATI_CAWI_DETAIL_CAP,4,4,4,4.0,,,4.0,4,0,4,CORE_STRICT_COUNT,DIRECT_REPORTED_CHAIN_COMPLETE,1.57053053552984
93517221,93517220.0,1,0,606,606,NOT_OBSERVED_PAPI,801,NOT_APPLICABLE_NOT_MOBILE,0,0,0,0.0,,,0.0,0,0,0,CORE_STRICT_COUNT,ZERO_TRIP_COMPLETE,0.672295595945245
93517222,93517220.0,2,0,606,606,NOT_OBSERVED_PAPI,801,NOT_APPLICABLE_NOT_MOBILE,0,0,0,0.0,,,0.0,0,0,0,CORE_STRICT_COUNT,ZERO_TRIP_COMPLETE,0.670632769069728
93517691,93517690.0,1,1,2,607,EXPLICIT_NO_RBW,808,KNOWN_ZERO_BELOW_CATI_CAWI_DETAIL_CAP,4,4,4,4.0,,,4.0,4,0,4,CORE_STRICT_COUNT,DIRECT_REPORTED_CHAIN_COMPLETE,1.62011717403343
93517692,93517690.0,2,1,206,206,NOT_OBSERVED_PROXY,808,KNOWN_ZERO_BELOW_CATI_CAWI_DETAIL_CAP,4,4,4,4.0,,,4.0,4,0,4,CORE_STRICT_COUNT,DIRECT_REPORTED_CHAIN_COMPLETE,2.12361102516262
93517693,93517690.0,3,1,403,403,NOT_APPLICABLE_UNDER_16,808,KNOWN_ZERO_BELOW_CATI_CAWI_DETAIL_CAP,4,4,4,4.0,,,4.0,4,0,4,CORE_STRICT_COUNT,DIRECT_REPORTED_CHAIN_COMPLETE,1.92911160304993
93517694,93517690.0,4,1,403,403,NOT_APPLICABLE_UNDER_16,808,KNOWN_ZERO_BELOW_CATI_CAWI_DETAIL_CAP,4,4,4,4.0,,,4.0,4,0,4,CORE_STRICT_COUNT,DIRECT_REPORTED_CHAIN_COMPLETE,2.14732778505964
93518671,93518670.0,1,1,2,607,EXPLICIT_NO_RBW,807,KNOWN_ZERO_BELOW_PAPI_DETAIL_CAP,4,4,4,4.0,,,4.0,4,0,4,CORE_STRICT_COUNT,DIRECT_REPORTED_CHAIN_COMPLETE,4.39907568840898
93518672,93518670.0,2,1,403,403,NOT_APPLICABLE_UNDER_16,807,KNOWN_ZERO_BELOW_PAPI_DETAIL_CAP,3,3,3,3.0,,,3.0,3,0,3,CORE_STRICT_COUNT,DIRECT_REPORTED_CHAIN_COMPLETE,7.84997596402908
93518673,93518670.0,3,1,403,403,NOT_APPLICABLE_UNDER_16,807,KNOWN_ZERO_BELOW_PAPI_DETAIL_CAP,2,2,2,2.0,,,2.0,2,0,2,CORE_STRICT_COUNT,DIRECT_REPORTED_CHAIN_COMPLETE,7.84997596402908
93518811,93518810.0,1,1,2,607,EXPLICIT_NO_RBW,808,KNOWN_ZERO_BELOW_CATI_CAWI_DETAIL_CAP,6,6,6,6.0,,,6.0,6,0,6,CORE_STRICT_COUNT,DIRECT_REPORTED_CHAIN_COMPLETE,5.52851439768371
93518812,93518810.0,2,1,2,607,EXPLICIT_NO_RBW,808,KNOWN_ZERO_BELOW_CATI_CAWI_DETAIL_CAP,4,4,4,4.0,,,4.0,4,0,4,CORE_STRICT_COUNT,DIRECT_REPORTED_CHAIN_COMPLETE,4.05340098450691
93518813,93518810.0,3,1,403,403,NOT_APPLICABLE_UNDER_16,808,KNOWN_ZERO_BELOW_CATI_CAWI_DETAIL_CAP,4,4,4,4.0,,,4.0,4,0,4,CORE_STRICT_COUNT,DIRECT_REPORTED_CHAIN_COMPLETE,6.5829320515432
93518814,93518810.0,4,1,403,403,NOT_APPLICABLE_UNDER_16,808,KNOWN_ZERO_BELOW_CATI_CAWI_DETAIL_CAP,6,6,6,6.0,,,6.0,6,0,6,CORE_STRICT_COUNT,DIRECT_REPORTED_CHAIN_COMPLETE,7.23116195621226
93519231,93519230.0,1,1,2,607,EXPLICIT_NO_RBW,808,KNOWN_ZERO_BELOW_CATI_CAWI_DETAIL_CAP,5,5,5,5.0,,,5.0,5,0,5,CORE_STRICT_COUNT,DIRECT_REPORTED_CHAIN_COMPLETE,0.914051824840809
93519232,93519230.0,2,1,2,607,EXPLICIT_NO_RBW,808,KNOWN_ZERO_BELOW_CATI_CAWI_DETAIL_CAP,5,5,5,5.0,,,5.0,5,0,5,CORE_STRICT_COUNT,DIRECT_REPORTED_CHAIN_COMPLETE,0.96119178599043
93520781,93520780.0,1,1,2,607,EXPLICIT_NO_RBW,808,KNOWN_ZERO_BELOW_CATI_CAWI_DETAIL_CAP,5,5,5,5.0,,,5.0,5,0,5,CORE_STRICT_COUNT,DIRECT_REPORTED_CHAIN_COMPLETE,6.81254671063718
93522511,93522510.0,1,1,2,607,EXPLICIT_NO_RBW,807,KNOWN_ZERO_BELOW_PAPI_DETAIL_CAP,2,2,2,2.0,,,2.0,2,0,2,CORE_STRICT_COUNT,DIRECT_REPORTED_CHAIN_COMPLETE,7.68016719265488
93522581,93522580.0,1,1,2,607,EXPLICIT_NO_RBW,807,KNOWN_ZERO_BELOW_PAPI_DETAIL_CAP,2,2,2,2.0,,,2.0,2,0,2,CORE_STRICT_COUNT,DIRECT_REPORTED_CHAIN_COMPLETE,3.69387100962136
93522582,93522580.0,2,1,2,607,EXPLICIT_NO_RBW,807,KNOWN_ZERO_BELOW_PAPI_DETAIL_CAP,2,2,2,2.0,,,2.0,2,0,2,CORE_STRICT_COUNT,DIRECT_REPORTED_CHAIN_COMPLETE,2.70161102845529
93523901,93523900.0,1,1,406,406,NOT_OBSERVED_SECONDARY_EMPLOYMENT,808,KNOWN_ZERO_BELOW_CATI_CAWI_DETAIL_CAP,2,2,2,2.0,,,2.0,2,0,2,CORE_STRICT_COUNT,DIRECT_REPORTED_CHAIN_COMPLETE,2.51751995858818
93523902,93523900.0,2,1,404,404,NOT_APPLICABLE_NOT_EMPLOYED,808,KNOWN_ZERO_BELOW_CATI_CAWI_DETAIL_CAP,1,1,1,1.0,,,1.0,1,0,1,CORE_STRICT_COUNT,DIRECT_REPORTED_CHAIN_COMPLETE,3.05923049048251
93524401,93524400.0,1,1,2,607,EXPLICIT_NO_RBW,808,KNOWN_ZERO_BELOW_CATI_CAWI_DETAIL_CAP,2,2,2,2.0,,,2.0,2,0,2,CORE_STRICT_COUNT,DIRECT_REPORTED_CHAIN_COMPLETE,6.07137843081232
93524402,93524400.0,2,1,206,206,NOT_OBSERVED_PROXY,808,KNOWN_ZERO_BELOW_CATI_CAWI_DETAIL_CAP,3,3,3,3.0,,,3.0,3,0,3,CORE_STRICT_COUNT,DIRECT_REPORTED_CHAIN_COMPLETE,5.75439988544725
93526211,93526210.0,1,1,606,606,NOT_OBSERVED_PAPI,807,KNOWN_ZERO_BELOW_PAPI_DETAIL_CAP,2,2,2,2.0,,,2.0,2,0,2,CORE_STRICT_COUNT,DIRECT_REPORTED_CHAIN_COMPLETE,3.9318014168437
93526481,93526480.0,1,0,606,606,NOT_OBSERVED_PAPI,801,NOT_APPLICABLE_NOT_MOBILE,0,0,0,0.0,,,0.0,0,0,0,CORE_STRICT_COUNT,ZERO_TRIP_COMPLETE,5.35835260461799
93526482,93526480.0,2,1,2,607,EXPLICIT_NO_RBW,807,KNOWN_ZERO_BELOW_PAPI_DETAIL_CAP,4,4,4,4.0,,,4.0,4,0,4,CORE_STRICT_COUNT,DIRECT_REPORTED_CHAIN_COMPLETE,3.05633411494836
93526483,93526480.0,3,1,403,403,NOT_APPLICABLE_UNDER_16,807,KNOWN_ZERO_BELOW_PAPI_DETAIL_CAP,2,2,2,2.0,,,2.0,2,0,2,CORE_STRICT_COUNT,DIRECT_REPORTED_CHAIN_COMPLETE,5.52511883391185
93526761,93526760.0,1,1,2,607,EXPLICIT_NO_RBW,807,KNOWN_ZERO_BELOW_PAPI_DETAIL_CAP,2,2,2,2.0,,,2.0,2,0,2,CORE_STRICT_COUNT,DIRECT_REPORTED_CHAIN_COMPLETE,3.27440045309693
93526762,93526760.0,2,0,606,606,NOT_OBSERVED_PAPI,801,NOT_APPLICABLE_NOT_MOBILE,0,0,0,0.0,,,0.0,0,0,0,CORE_STRICT_COUNT,ZERO_TRIP_COMPLETE,8.4520370164752
93527271,93527270.0,1,1,2,607,EXPLICIT_NO_RBW,807,KNOWN_ZERO_BELOW_PAPI_DETAIL_CAP,2,2,2,2.0,,,2.0,2,0,2,CORE_STRICT_COUNT,DIRECT_REPORTED_CHAIN_COMPLETE,4.5586708866126
93527272,93527270.0,2,1,606,606,NOT_OBSERVED_PAPI,807,KNOWN_ZERO_BELOW_PAPI_DETAIL_CAP,2,2,2,2.0,,,2.0,2,0,2,CORE_STRICT_COUNT,DIRECT_REPORTED_CHAIN_COMPLETE,4.39907568840898
93528191,93528190.0,1,1,206,206,NOT_OBSERVED_PROXY,808,KNOWN_ZERO_BELOW_CATI_CAWI_DETAIL_CAP,1,1,1,1.0,,,1.0,1,0,1,CORE_STRICT_COUNT,DIRECT_REPORTED_CHAIN_COMPLETE,4.52811877954232
93528251,93528250.0,1,1,2,607,EXPLICIT_NO_RBW,808,KNOWN_ZERO_BELOW_CATI_CAWI_DETAIL_CAP,3,3,3,3.0,,,3.0,3,0,3,CORE_STRICT_COUNT,DIRECT_REPORTED_CHAIN_COMPLETE,2.73392155376489
93528252,93528250.0,2,1,206,206,NOT_OBSERVED_PROXY,808,KNOWN_ZERO_BELOW_CATI_CAWI_DETAIL_CAP,1,1,1,1.0,,,1.0,1,0,1,CORE_STRICT_COUNT,DIRECT_REPORTED_CHAIN_COMPLETE,5.9941493786226
93528253,93528250.0,3,1,206,206,NOT_OBSERVED_PROXY,808,KNOWN_ZERO_BELOW_CATI_CAWI_DETAIL_CAP,4,4,4,4.0,,,4.0,4,0,4,CORE_STRICT_COUNT,DIRECT_REPORTED_CHAIN_COMPLETE,4.46805624523492
93528531,93528530.0,1,1,2,607,EXPLICIT_NO_RBW,808,KNOWN_ZERO_BELOW_CATI_CAWI_DETAIL_CAP,5,5,5,5.0,,,5.0,5,0,5,CORE_STRICT_COUNT,DIRECT_REPORTED_CHAIN_COMPLETE,11.1213000613931
93529251,93529250.0,1,3,1,2,KNOWN_EXACT,808,KNOWN_ZERO_BELOW_CATI_CAWI_DETAIL_CAP,5,5,7,5.0,,2.0,7.0,5,2,7,CORE_STRICT_COUNT,MIXED_DIRECT_RBW_UNTIMED,3.02500147398441
93529621,93529620.0,1,1,2,607,EXPLICIT_NO_RBW,807,KNOWN_ZERO_BELOW_PAPI_DETAIL_CAP,2,2,2,2.0,,,2.0,2,0,2,CORE_STRICT_COUNT,DIRECT_REPORTED_CHAIN_COMPLETE,6.39673482145753
93529622,93529620.0,2,1,2,607,EXPLICIT_NO_RBW,807,KNOWN_ZERO_BELOW_PAPI_DETAIL_CAP,6,6,6,6.0,,,6.0,6,0,6,CORE_STRICT_COUNT,DIRECT_REPORTED_CHAIN_COMPLETE,4.6611782748725
93529631,93529630.0,1,1,606,606,NOT_OBSERVED_PAPI,807,KNOWN_ZERO_BELOW_PAPI_DETAIL_CAP,3,3,3,3.0,,,3.0,3,0,3,CORE_STRICT_COUNT,DIRECT_REPORTED_CHAIN_COMPLETE,3.15994665925341
93529632,93529630.0,2,1,2,607,EXPLICIT_NO_RBW,807,KNOWN_ZERO_BELOW_PAPI_DETAIL_CAP,2,2,2,2.0,,,2.0,2,0,2,CORE_STRICT_COUNT,DIRECT_REPORTED_CHAIN_COMPLETE,2.1510590506531
93530321,93530320.0,1,0,606,606,NOT_OBSERVED_PAPI,801,NOT_APPLICABLE_NOT_MOBILE,0,0,0,0.0,,,0.0,0,0,0,CORE_STRICT_COUNT,ZERO_TRIP_COMPLETE,49.5385387527661
93531251,93531250.0,1,1,2,607,EXPLICIT_NO_RBW,807,KNOWN_ZERO_BELOW_PAPI_DETAIL_CAP,7,7,7,7.0,,,7.0,7,0,7,CORE_STRICT_COUNT,DIRECT_REPORTED_CHAIN_COMPLETE,2.1510590506531
93531252,93531250.0,2,1,606,606,NOT_OBSERVED_PAPI,807,KNOWN_ZERO_BELOW_PAPI_DETAIL_CAP,5,5,5,5.0,,,5.0,5,0,5,CORE_STRICT_COUNT,DIRECT_REPORTED_CHAIN_COMPLETE,10.5000726875571
93533641,93533640.0,1,1,2,607,EXPLICIT_NO_RBW,807,KNOWN_ZERO_BELOW_PAPI_DETAIL_CAP,1,1,1,1.0,,,1.0,1,0,1,CORE_STRICT_COUNT,DIRECT_REPORTED_CHAIN_COMPLETE,9.05553796281658
93533642,93533640.0,2,0,606,606,NOT_OBSERVED_PAPI,801,NOT_APPLICABLE_NOT_MOBILE,0,0,0,0.0,,,0.0,0,0,0,CORE_STRICT_COUNT,ZERO_TRIP_COMPLETE,4.78587997785072
93534481,93534480.0,1,1,2,607,EXPLICIT_NO_RBW,808,KNOWN_ZERO_BELOW_CATI_CAWI_DETAIL_CAP,2,2,2,2.0,,,2.0,2,0,2,CORE_STRICT_COUNT,DIRECT_REPORTED_CHAIN_COMPLETE,6.07137843081232
93535261,93535260.0,1,1,2,607,EXPLICIT_NO_RBW,808,KNOWN_ZERO_BELOW_CATI_CAWI_DETAIL_CAP,2,2,2,2.0,,,2.0,2,0,2,CORE_STRICT_COUNT,DIRECT_REPORTED_CHAIN_COMPLETE,3.52101160154023
93535341,93535340.0,1,1,2,607,EXPLICIT_NO_RBW,808,KNOWN_ZERO_BELOW_CATI_CAWI_DETAIL_CAP,6,6,6,6.0,,,6.0,6,0,6,CORE_STRICT_COUNT,DIRECT_REPORTED_CHAIN_COMPLETE,5.99998701653939
93536441,93536440.0,1,1,2,607,EXPLICIT_NO_RBW,808,KNOWN_ZERO_BELOW_CATI_CAWI_DETAIL_CAP,4,4,4,4.0,,,4.0,4,0,4,CORE_STRICT_COUNT,DIRECT_REPORTED_CHAIN_COMPLETE,1.7377865040464
93536442,93536440.0,2,1,206,206,NOT_OBSERVED_PROXY,808,KNOWN_ZERO_BELOW_CATI_CAWI_DETAIL_CAP,3,3,3,3.0,,,3.0,3,0,3,CORE_STRICT_COUNT,DIRECT_REPORTED_CHAIN_COMPLETE,3.36231545694205
93536443,93536440.0,3,1,403,403,NOT_APPLICABLE_UNDER_16,808,KNOWN_ZERO_BELOW_CATI_CAWI_DETAIL_CAP,5,5,5,5.0,,,5.0,5,0,5,CORE_STRICT_COUNT,DIRECT_REPORTED_CHAIN_COMPLETE,3.13685371604156
93537841,93537840.0,1,1,2,607,EXPLICIT_NO_RBW,807,KNOWN_ZERO_BELOW_PAPI_DETAIL_CAP,2,2,2,2.0,,,2.0,2,0,2,CORE_STRICT_COUNT,DIRECT_REPORTED_CHAIN_COMPLETE,8.57129150184929
93538401,93538400.0,1,1,2,607,EXPLICIT_NO_RBW,807,KNOWN_ZERO_BELOW_PAPI_DETAIL_CAP,4,4,4,4.0,,,4.0,4,0,4,CORE_STRICT_COUNT,DIRECT_REPORTED_CHAIN_COMPLETE,2.88843934897403
93538721,93538720.0,1,4,602,602,NO_OUT_OF_HOME_ACTIVITY_OR_DOMESTIC_TRIPS,801,NOT_APPLICABLE_NOT_MOBILE,0,0,0,0.0,,,0.0,0,0,0,EXCLUDED_OUT_OF_SCOPE,OUT_OF_SCOPE_FAR_ABROAD,3.83032496671695
93539541,93539540.0,1,1,2,607,EXPLICIT_NO_RBW,808,KNOWN_ZERO_BELOW_CATI_CAWI_DETAIL_CAP,3,3,3,3.0,,,3.0,3,0,3,CORE_STRICT_COUNT,DIRECT_REPORTED_CHAIN_COMPLETE,2.00363744406627
93539542,93539540.0,2,1,2,607,EXPLICIT_NO_RBW,808,KNOWN_ZERO_BELOW_CATI_CAWI_DETAIL_CAP,2,2,2,2.0,,,2.0,2,0,2,CORE_STRICT_COUNT,DIRECT_REPORTED_CHAIN_COMPLETE,2.00363744406627
93539731,93539730.0,1,1,404,404,NOT_APPLICABLE_NOT_EMPLOYED,808,KNOWN_ZERO_BELOW_CATI_CAWI_DETAIL_CAP,2,2,2,2.0,,,2.0,2,0,2,CORE_STRICT_COUNT,DIRECT_REPORTED_CHAIN_COMPLETE,2.07623011891885
93539732,93539730.0,2,1,404,404,NOT_APPLICABLE_NOT_EMPLOYED,808,KNOWN_ZERO_BELOW_CATI_CAWI_DETAIL_CAP,2,2,2,2.0,,,2.0,2,0,2,CORE_STRICT_COUNT,DIRECT_REPORTED_CHAIN_COMPLETE,1.02850770458687
93539733,93539730.0,3,1,406,406,NOT_OBSERVED_SECONDARY_EMPLOYMENT,808,KNOWN_ZERO_BELOW_CATI_CAWI_DETAIL_CAP,2,2,2,2.0,,,2.0,2,0,2,CORE_STRICT_COUNT,DIRECT_REPORTED_CHAIN_COMPLETE,1.78138577447989
93540191,93540190.0,1,1,2,607,EXPLICIT_NO_RBW,808,KNOWN_ZERO_BELOW_CATI_CAWI_DETAIL_CAP,6,6,6,6.0,,,6.0,6,0,6,CORE_STRICT_COUNT,DIRECT_REPORTED_CHAIN_COMPLETE,14.4197212877431
93542191,93542190.0,1,3,1,2,KNOWN_EXACT,808,KNOWN_ZERO_BELOW_CATI_CAWI_DETAIL_CAP,4,4,6,4.0,,2.0,6.0,4,2,6,CORE_STRICT_COUNT,MIXED_DIRECT_RBW_UNTIMED,5.41474769367679
93542201,93542200.0,1,1,2,607,EXPLICIT_NO_RBW,807,KNOWN_ZERO_BELOW_PAPI_DETAIL_CAP,2,2,2,2.0,,,2.0,2,0,2,CORE_STRICT_COUNT,DIRECT_REPORTED_CHAIN_COMPLETE,2.30959005551552
93542202,93542200.0,2,1,2,607,EXPLICIT_NO_RBW,807,KNOWN_ZERO_BELOW_PAPI_DETAIL_CAP,2,2,2,2.0,,,2.0,2,0,2,CORE_STRICT_COUNT,DIRECT_REPORTED_CHAIN_COMPLETE,1.46302264587239
93544171,93544170.0,1,1,2,607,EXPLICIT_NO_RBW,807,KNOWN_ZERO_BELOW_PAPI_DETAIL_CAP,2,2,2,2.0,,,2.0,2,0,2,CORE_STRICT_COUNT,DIRECT_REPORTED_CHAIN_COMPLETE,1.93386829409634
93544172,93544170.0,2,1,2,607,EXPLICIT_NO_RBW,807,KNOWN_ZERO_BELOW_PAPI_DETAIL_CAP,4,4,4,4.0,,,4.0,4,0,4,CORE_STRICT_COUNT,DIRECT_REPORTED_CHAIN_COMPLETE,1.8390251237937
93544173,93544170.0,3,1,2,607,EXPLICIT_NO_RBW,807,KNOWN_ZERO_BELOW_PAPI_DETAIL_CAP,2,2,2,2.0,,,2.0,2,0,2,CORE_STRICT_COUNT,DIRECT_REPORTED_CHAIN_COMPLETE,5.8086574361765
93546331,93546330.0,1,1,606,606,NOT_OBSERVED_PAPI,807,KNOWN_ZERO_BELOW_PAPI_DETAIL_CAP,5,5,5,5.0,,,5.0,5,0,5,CORE_STRICT_COUNT,DIRECT_REPORTED_CHAIN_COMPLETE,2.5457132185022
93546332,93546330.0,2,1,2,607,EXPLICIT_NO_RBW,807,KNOWN_ZERO_BELOW_PAPI_DETAIL_CAP,3,3,3,3.0,,,3.0,3,0,3,CORE_STRICT_COUNT,DIRECT_REPORTED_CHAIN_COMPLETE,2.10077243393179
93547811,93547810.0,1,1,2,607,EXPLICIT_NO_RBW,808,KNOWN_ZERO_BELOW_CATI_CAWI_DETAIL_CAP,2,2,2,2.0,,,2.0,2,0,2,CORE_STRICT_COUNT,DIRECT_REPORTED_CHAIN_COMPLETE,6.80991992651979
93547812,93547810.0,2,0,206,206,NOT_OBSERVED_PROXY,801,NOT_APPLICABLE_NOT_MOBILE,0,0,0,0.0,,,0.0,0,0,0,CORE_STRICT_COUNT,ZERO_TRIP_COMPLETE,9.50474612958643
93547871,93547870.0,1,1,1,99,MISSING_RESPONSE,808,KNOWN_ZERO_BELOW_CATI_CAWI_DETAIL_CAP,4,4,4,4.0,,,4.0,4,0,4,ANALYTIC_WITH_COMPONENT_WARNING,DIRECT_ROWS_RBW_COUNT_UNKNOWN,7.98615809475852
93548201,93548200.0,1,1,2,607,EXPLICIT_NO_RBW,808,KNOWN_ZERO_BELOW_CATI_CAWI_DETAIL_CAP,6,6,6,6.0,,,6.0,6,0,6,CORE_STRICT_COUNT,DIRECT_REPORTED_CHAIN_COMPLETE,9.39089578821591
93549141,93549140.0,1,1,2,607,EXPLICIT_NO_RBW,807,KNOWN_ZERO_BELOW_PAPI_DETAIL_CAP,2,2,2,2.0,,,2.0,2,0,2,CORE_STRICT_COUNT,DIRECT_REPORTED_CHAIN_COMPLETE,1.63909848697025
93549142,93549140.0,2,1,2,607,EXPLICIT_NO_RBW,807,KNOWN_ZERO_BELOW_PAPI_DETAIL_CAP,2,2,2,2.0,,,2.0,2,0,2,CORE_STRICT_COUNT,DIRECT_REPORTED_CHAIN_COMPLETE,3.55890179518715
93549143,93549140.0,3,1,2,607,EXPLICIT_NO_RBW,807,KNOWN_ZERO_BELOW_PAPI_DETAIL_CAP,4,4,4,4.0,,,4.0,4,0,4,CORE_STRICT_COUNT,DIRECT_REPORTED_CHAIN_COMPLETE,2.37134533501423
93549321,93549320.0,1,1,406,406,NOT_OBSERVED_SECONDARY_EMPLOYMENT,808,KNOWN_ZERO_BELOW_CATI_CAWI_DETAIL_CAP,5,5,5,5.0,,,5.0,5,0,5,CORE_STRICT_COUNT,DIRECT_REPORTED_CHAIN_COMPLETE,0.531218312940504
93549322,93549320.0,2,1,404,404,NOT_APPLICABLE_NOT_EMPLOYED,808,KNOWN_ZERO_BELOW_CATI_CAWI_DETAIL_CAP,3,3,3,3.0,,,3.0,3,0,3,CORE_STRICT_COUNT,DIRECT_REPORTED_CHAIN_COMPLETE,0.307474325097769
93549323,93549320.0,3,3,1,2,KNOWN_EXACT,808,KNOWN_ZERO_BELOW_CATI_CAWI_DETAIL_CAP,5,5,7,5.0,,2.0,7.0,5,2,7,CORE_STRICT_COUNT,MIXED_DIRECT_RBW_UNTIMED,0.599155831807603
93549324,93549320.0,4,1,2,607,EXPLICIT_NO_RBW,808,KNOWN_ZERO_BELOW_CATI_CAWI_DETAIL_CAP,2,2,2,2.0,,,2.0,2,0,2,CORE_STRICT_COUNT,DIRECT_REPORTED_CHAIN_COMPLETE,1.04452148538387
93549961,93549960.0,1,1,2,607,EXPLICIT_NO_RBW,807,KNOWN_ZERO_BELOW_PAPI_DETAIL_CAP,2,2,2,2.0,,,2.0,2,0,2,CORE_STRICT_COUNT,DIRECT_REPORTED_CHAIN_COMPLETE,5.64229560631061
93552301,93552300.0,1,1,2,607,EXPLICIT_NO_RBW,807,KNOWN_ZERO_BELOW_PAPI_DETAIL_CAP,5,5,5,5.0,,,5.0,5,0,5,CORE_STRICT_COUNT,DIRECT_REPORTED_CHAIN_COMPLETE,2.80455957387423
93552302,93552300.0,2,1,2,607,EXPLICIT_NO_RBW,807,KNOWN_ZERO_BELOW_PAPI_DETAIL_CAP,4,4,4,4.0,,,4.0,4,0,4,CORE_STRICT_COUNT,DIRECT_REPORTED_CHAIN_COMPLETE,2.79381139846314
93552303,93552300.0,3,1,403,403,NOT_APPLICABLE_UNDER_16,807,KNOWN_ZERO_BELOW_PAPI_DETAIL_CAP,4,4,4,4.0,,,4.0,4,0,4,CORE_STRICT_COUNT,DIRECT_REPORTED_CHAIN_COMPLETE,4.80824487495942
93553321,93553320.0,1,1,2,607,EXPLICIT_NO_RBW,808,KNOWN_ZERO_BELOW_CATI_CAWI_DETAIL_CAP,4,4,4,4.0,,,4.0,4,0,4,CORE_STRICT_COUNT,DIRECT_REPORTED_CHAIN_COMPLETE,1.67829515851326
93553322,93553320.0,2,0,206,206,NOT_OBSERVED_PROXY,801,NOT_APPLICABLE_NOT_MOBILE,0,0,0,0.0,,,0.0,0,0,0,CORE_STRICT_COUNT,ZERO_TRIP_COMPLETE,1.68475179004008
93553323,93553320.0,3,1,206,206,NOT_OBSERVED_PROXY,808,KNOWN_ZERO_BELOW_CATI_CAWI_DETAIL_CAP,4,4,4,4.0,,,4.0,4,0,4,CORE_STRICT_COUNT,DIRECT_REPORTED_CHAIN_COMPLETE,2.17864387284522
93553324,93553320.0,4,1,403,403,NOT_APPLICABLE_UNDER_16,808,KNOWN_ZERO_BELOW_CATI_CAWI_DETAIL_CAP,4,4,4,4.0,,,4.0,4,0,4,CORE_STRICT_COUNT,DIRECT_REPORTED_CHAIN_COMPLETE,2.37736842072683
93553361,93553360.0,1,1,606,606,NOT_OBSERVED_PAPI,807,KNOWN_ZERO_BELOW_PAPI_DETAIL_CAP,1,1,1,1.0,,,1.0,1,0,1,CORE_STRICT_COUNT,DIRECT_REPORTED_CHAIN_COMPLETE,3.9318014168437
93553362,93553360.0,2,1,606,606,NOT_OBSERVED_PAPI,807,KNOWN_ZERO_BELOW_PAPI_DETAIL_CAP,1,1,1,1.0,,,1.0,1,0,1,CORE_STRICT_COUNT,DIRECT_REPORTED_CHAIN_COMPLETE,2.67648094574817
93555321,93555320.0,1,0,606,606,NOT_OBSERVED_PAPI,801,NOT_APPLICABLE_NOT_MOBILE,0,0,0,0.0,,,0.0,0,0,0,CORE_STRICT_COUNT,ZERO_TRIP_COMPLETE,9.22719856050704
93555322,93555320.0,2,1,606,606,NOT_OBSERVED_PAPI,807,KNOWN_ZERO_BELOW_PAPI_DETAIL_CAP,1,1,1,1.0,,,1.0,1,0,1,CORE_STRICT_COUNT,DIRECT_REPORTED_CHAIN_COMPLETE,15.6399581328835
93555371,93555370.0,1,0,606,606,NOT_OBSERVED_PAPI,801,NOT_APPLICABLE_NOT_MOBILE,0,0,0,0.0,,,0.0,0,0,0,CORE_STRICT_COUNT,ZERO_TRIP_COMPLETE,7.59639352673536
93555881,93555880.0,1,1,404,404,NOT_APPLICABLE_NOT_EMPLOYED,808,KNOWN_ZERO_BELOW_CATI_CAWI_DETAIL_CAP,8,8,8,8.0,,,8.0,8,0,8,CORE_STRICT_COUNT,DIRECT_REPORTED_CHAIN_COMPLETE,6.17176182545754
93556831,93556830.0,1,1,1,99,MISSING_RESPONSE,807,KNOWN_ZERO_BELOW_PAPI_DETAIL_CAP,3,3,3,3.0,,,3.0,3,0,3,ANALYTIC_WITH_COMPONENT_WARNING,DIRECT_ROWS_RBW_COUNT_UNKNOWN,3.26898562757907
93557161,93557160.0,1,1,404,404,NOT_APPLICABLE_NOT_EMPLOYED,808,KNOWN_ZERO_BELOW_CATI_CAWI_DETAIL_CAP,4,4,4,4.0,,,4.0,4,0,4,CORE_STRICT_COUNT,DIRECT_REPORTED_CHAIN_COMPLETE,5.58041423536824
93558111,93558110.0,1,1,404,404,NOT_APPLICABLE_NOT_EMPLOYED,808,KNOWN_ZERO_BELOW_CATI_CAWI_DETAIL_CAP,4,4,4,4.0,,,4.0,4,0,4,CORE_STRICT_COUNT,DIRECT_REPORTED_CHAIN_COMPLETE,1.55500740427057
93558112,93558110.0,2,0,206,206,NOT_OBSERVED_PROXY,801,NOT_APPLICABLE_NOT_MOBILE,0,0,0,0.0,,,0.0,0,0,0,CORE_STRICT_COUNT,ZERO_TRIP_COMPLETE,3.91145577144268
93558521,93558520.0,1,1,2,607,EXPLICIT_NO_RBW,807,KNOWN_ZERO_BELOW_PAPI_DETAIL_CAP,5,5,5,5.0,,,5.0,5,0,5,CORE_STRICT_COUNT,DIRECT_REPORTED_CHAIN_COMPLETE,6.07137843081232
93558641,93558640.0,1,3,1,1,KNOWN_EXACT,808,KNOWN_ZERO_BELOW_CATI_CAWI_DETAIL_CAP,5,5,6,5.0,,1.0,6.0,5,1,6,CORE_STRICT_COUNT,MIXED_DIRECT_RBW_UNTIMED,3.57227203865729
93558642,93558640.0,2,1,206,206,NOT_OBSERVED_PROXY,808,KNOWN_ZERO_BELOW_CATI_CAWI_DETAIL_CAP,6,6,6,6.0,,,6.0,6,0,6,CORE_STRICT_COUNT,DIRECT_REPORTED_CHAIN_COMPLETE,2.60304628584397
93560771,93560770.0,1,1,2,607,EXPLICIT_NO_RBW,808,KNOWN_ZERO_BELOW_CATI_CAWI_DETAIL_CAP,4,4,4,4.0,,,4.0,4,0,4,CORE_STRICT_COUNT,DIRECT_REPORTED_CHAIN_COMPLETE,1.80551480089832
93560772,93560770.0,2,1,2,607,EXPLICIT_NO_RBW,808,KNOWN_ZERO_BELOW_CATI_CAWI_DETAIL_CAP,2,2,2,2.0,,,2.0,2,0,2,CORE_STRICT_COUNT,DIRECT_REPORTED_CHAIN_COMPLETE,3.00956358904525
93561181,93561180.0,1,1,2,607,EXPLICIT_NO_RBW,807,KNOWN_ZERO_BELOW_PAPI_DETAIL_CAP,3,3,3,3.0,,,3.0,3,0,3,CORE_STRICT_COUNT,DIRECT_REPORTED_CHAIN_COMPLETE,4.53091877529514
93561182,93561180.0,2,0,606,606,NOT_OBSERVED_PAPI,801,NOT_APPLICABLE_NOT_MOBILE,0,0,0,0.0,,,0.0,0,0,0,CORE_STRICT_COUNT,ZERO_TRIP_COMPLETE,3.47317891813944
93562311,93562310.0,1,1,2,607,EXPLICIT_NO_RBW,808,KNOWN_ZERO_BELOW_CATI_CAWI_DETAIL_CAP,3,3,3,3.0,,,3.0,3,0,3,CORE_STRICT_COUNT,DIRECT_REPORTED_CHAIN_COMPLETE,2.11860284037027
93562312,93562310.0,2,1,2,607,EXPLICIT_NO_RBW,808,KNOWN_ZERO_BELOW_CATI_CAWI_DETAIL_CAP,2,2,2,2.0,,,2.0,2,0,2,CORE_STRICT_COUNT,DIRECT_REPORTED_CHAIN_COMPLETE,3.69340673708511
93562351,93562350.0,1,1,606,606,NOT_OBSERVED_PAPI,807,KNOWN_ZERO_BELOW_PAPI_DETAIL_CAP,2,2,2,2.0,,,2.0,2,0,2,CORE_STRICT_COUNT,DIRECT_REPORTED_CHAIN_COMPLETE,3.19843767364534
93562352,93562350.0,2,1,606,606,NOT_OBSERVED_PAPI,807,KNOWN_ZERO_BELOW_PAPI_DETAIL_CAP,1,1,1,1.0,,,1.0,1,0,1,CORE_STRICT_COUNT,DIRECT_REPORTED_CHAIN_COMPLETE,7.68016719265488
93563361,93563360.0,1,1,2,607,EXPLICIT_NO_RBW,808,KNOWN_ZERO_BELOW_CATI_CAWI_DETAIL_CAP,3,3,3,3.0,,,3.0,3,0,3,CORE_STRICT_COUNT,DIRECT_REPORTED_CHAIN_COMPLETE,7.62006004963525
93563861,93563860.0,1,2,1,2,KNOWN_EXACT,802,NOT_APPLICABLE_RBW_ONLY,0,0,2,0.0,,2.0,2.0,0,2,2,CORE_STRICT_COUNT,RBW_ONLY_AGGREGATED_UNTIMED,1.42740376820283
93563862,93563860.0,2,1,206,206,NOT_OBSERVED_PROXY,808,KNOWN_ZERO_BELOW_CATI_CAWI_DETAIL_CAP,5,5,5,5.0,,,5.0,5,0,5,CORE_STRICT_COUNT,DIRECT_REPORTED_CHAIN_COMPLETE,1.47321896632736
93563863,93563860.0,3,1,206,206,NOT_OBSERVED_PROXY,808,KNOWN_ZERO_BELOW_CATI_CAWI_DETAIL_CAP,6,6,6,6.0,,,6.0,6,0,6,CORE_STRICT_COUNT,DIRECT_REPORTED_CHAIN_COMPLETE,2.36374013045625
93565521,93565520.0,1,1,606,606,NOT_OBSERVED_PAPI,807,KNOWN_ZERO_BELOW_PAPI_DETAIL_CAP,4,4,4,4.0,,,4.0,4,0,4,CORE_STRICT_COUNT,DIRECT_REPORTED_CHAIN_COMPLETE,3.60891540897997
93566151,93566150.0,1,3,1,1,KNOWN_EXACT,807,KNOWN_ZERO_BELOW_PAPI_DETAIL_CAP,3,3,4,3.0,,1.0,4.0,3,1,4,CORE_STRICT_COUNT,MIXED_DIRECT_RBW_UNTIMED,1.62606665967838
93566152,93566150.0,2,1,2,607,EXPLICIT_NO_RBW,807,KNOWN_ZERO_BELOW_PAPI_DETAIL_CAP,2,2,2,2.0,,,2.0,2,0,2,CORE_STRICT_COUNT,DIRECT_REPORTED_CHAIN_COMPLETE,2.30651618815191
93566321,93566320.0,1,1,606,606,NOT_OBSERVED_PAPI,807,KNOWN_ZERO_BELOW_PAPI_DETAIL_CAP,2,2,2,2.0,,,2.0,2,0,2,CORE_STRICT_COUNT,DIRECT_REPORTED_CHAIN_COMPLETE,1.27268872382065
93566322,93566320.0,2,0,606,606,NOT_OBSERVED_PAPI,801,NOT_APPLICABLE_NOT_MOBILE,0,0,0,0.0,,,0.0,0,0,0,CORE_STRICT_COUNT,ZERO_TRIP_COMPLETE,3.20131315154313
93567981,93567980.0,1,1,404,404,NOT_APPLICABLE_NOT_EMPLOYED,808,KNOWN_ZERO_BELOW_CATI_CAWI_DETAIL_CAP,5,5,5,5.0,,,5.0,5,0,5,CORE_STRICT_COUNT,DIRECT_REPORTED_CHAIN_COMPLETE,8.06421602057791
93568911,93568910.0,1,1,2,607,EXPLICIT_NO_RBW,807,KNOWN_ZERO_BELOW_PAPI_DETAIL_CAP,4,4,4,4.0,,,4.0,4,0,4,CORE_STRICT_COUNT,DIRECT_REPORTED_CHAIN_COMPLETE,3.05924621316666
93568912,93568910.0,2,1,2,607,EXPLICIT_NO_RBW,807,KNOWN_ZERO_BELOW_PAPI_DETAIL_CAP,6,6,6,6.0,,,6.0,6,0,6,CORE_STRICT_COUNT,DIRECT_REPORTED_CHAIN_COMPLETE,5.64695225304887
93569071,93569070.0,1,1,2,607,EXPLICIT_NO_RBW,807,KNOWN_ZERO_BELOW_PAPI_DETAIL_CAP,5,5,5,5.0,,,5.0,5,0,5,CORE_STRICT_COUNT,DIRECT_REPORTED_CHAIN_COMPLETE,1.37945162149048
93569072,93569070.0,2,1,2,607,EXPLICIT_NO_RBW,807,KNOWN_ZERO_BELOW_PAPI_DETAIL_CAP,5,5,5,5.0,,,5.0,5,0,5,CORE_STRICT_COUNT,DIRECT_REPORTED_CHAIN_COMPLETE,1.37603974545928
93569781,93569780.0,1,1,2,607,EXPLICIT_NO_RBW,808,KNOWN_ZERO_BELOW_CATI_CAWI_DETAIL_CAP,2,2,2,2.0,,,2.0,2,0,2,CORE_STRICT_COUNT,DIRECT_REPORTED_CHAIN_COMPLETE,3.70259906254976
93569801,93569800.0,1,1,404,404,NOT_APPLICABLE_NOT_EMPLOYED,808,KNOWN_ZERO_BELOW_CATI_CAWI_DETAIL_CAP,3,3,3,3.0,,,3.0,3,0,3,CORE_STRICT_COUNT,DIRECT_REPORTED_CHAIN_COMPLETE,2.12519221022752
93569802,93569800.0,2,1,2,607,EXPLICIT_NO_RBW,808,KNOWN_ZERO_BELOW_CATI_CAWI_DETAIL_CAP,2,2,2,2.0,,,2.0,2,0,2,CORE_STRICT_COUNT,DIRECT_REPORTED_CHAIN_COMPLETE,4.90053186280971
93570311,93570310.0,1,1,2,607,EXPLICIT_NO_RBW,808,KNOWN_ZERO_BELOW_CATI_CAWI_DETAIL_CAP,5,5,5,5.0,,,5.0,5,0,5,CORE_STRICT_COUNT,DIRECT_REPORTED_CHAIN_COMPLETE,4.39907568840898
93570312,93570310.0,2,1,2,607,EXPLICIT_NO_RBW,808,KNOWN_ZERO_BELOW_CATI_CAWI_DETAIL_CAP,3,3,3,3.0,,,3.0,3,0,3,CORE_STRICT_COUNT,DIRECT_REPORTED_CHAIN_COMPLETE,7.71244169857267
93570313,93570310.0,3,1,403,403,NOT_APPLICABLE_UNDER_16,808,KNOWN_ZERO_BELOW_CATI_CAWI_DETAIL_CAP,5,5,5,5.0,,,5.0,5,0,5,CORE_STRICT_COUNT,DIRECT_REPORTED_CHAIN_COMPLETE,7.84783663943156
93570751,93570750.0,1,1,2,607,EXPLICIT_NO_RBW,807,KNOWN_ZERO_BELOW_PAPI_DETAIL_CAP,2,2,2,2.0,,,2.0,2,0,2,CORE_STRICT_COUNT,DIRECT_REPORTED_CHAIN_COMPLETE,1.12389129970374
93570752,93570750.0,2,1,2,607,EXPLICIT_NO_RBW,807,KNOWN_ZERO_BELOW_PAPI_DETAIL_CAP,2,2,2,2.0,,,2.0,2,0,2,CORE_STRICT_COUNT,DIRECT_REPORTED_CHAIN_COMPLETE,1.65101769604351
93570821,93570820.0,1,1,2,607,EXPLICIT_NO_RBW,807,KNOWN_ZERO_BELOW_PAPI_DETAIL_CAP,7,7,7,7.0,,,7.0,7,0,7,CORE_STRICT_COUNT,DIRECT_REPORTED_CHAIN_COMPLETE,8.33201296590306
93570822,93570820.0,2,1,2,607,EXPLICIT_NO_RBW,807,KNOWN_ZERO_BELOW_PAPI_DETAIL_CAP,5,5,5,5.0,,,5.0,5,0,5,CORE_STRICT_COUNT,DIRECT_REPORTED_CHAIN_COMPLETE,4.51388252844394
93572081,93572080.0,1,1,404,404,NOT_APPLICABLE_NOT_EMPLOYED,808,KNOWN_ZERO_BELOW_CATI_CAWI_DETAIL_CAP,6,6,6,6.0,,,6.0,6,0,6,CORE_STRICT_COUNT,DIRECT_REPORTED_CHAIN_COMPLETE,3.19843767364534
93572082,93572080.0,2,1,404,404,NOT_APPLICABLE_NOT_EMPLOYED,808,KNOWN_ZERO_BELOW_CATI_CAWI_DETAIL_CAP,3,3,3,3.0,,,3.0,3,0,3,CORE_STRICT_COUNT,DIRECT_REPORTED_CHAIN_COMPLETE,2.70616051848926
93573411,93573410.0,1,1,2,607,EXPLICIT_NO_RBW,0,KNOWN_ZERO,8,8,8,8.0,0.0,,8.0,8,0,8,CORE_STRICT_COUNT,DIRECT_REPORTED_CHAIN_COMPLETE,3.8850830192331
93574081,93574080.0,1,1,406,406,NOT_OBSERVED_SECONDARY_EMPLOYMENT,808,KNOWN_ZERO_BELOW_CATI_CAWI_DETAIL_CAP,4,4,4,4.0,,,4.0,4,0,4,CORE_STRICT_COUNT,DIRECT_REPORTED_CHAIN_COMPLETE,5.52676220567608
93574082,93574080.0,2,1,406,406,NOT_OBSERVED_SECONDARY_EMPLOYMENT,808,KNOWN_ZERO_BELOW_CATI_CAWI_DETAIL_CAP,2,2,2,2.0,,,2.0,2,0,2,CORE_STRICT_COUNT,DIRECT_REPORTED_CHAIN_COMPLETE,3.98740633978864
93574951,93574950.0,1,1,2,607,EXPLICIT_NO_RBW,808,KNOWN_ZERO_BELOW_CATI_CAWI_DETAIL_CAP,5,5,5,5.0,,,5.0,5,0,5,CORE_STRICT_COUNT,DIRECT_REPORTED_CHAIN_COMPLETE,5.45135529942139
93577391,93577390.0,1,1,404,404,NOT_APPLICABLE_NOT_EMPLOYED,808,KNOWN_ZERO_BELOW_CATI_CAWI_DETAIL_CAP,2,2,2,2.0,,,2.0,2,0,2,CORE_STRICT_COUNT,DIRECT_REPORTED_CHAIN_COMPLETE,1.72136279274698
93577392,93577390.0,2,0,206,206,NOT_OBSERVED_PROXY,801,NOT_APPLICABLE_NOT_MOBILE,0,0,0,0.0,,,0.0,0,0,0,CORE_STRICT_COUNT,ZERO_TRIP_COMPLETE,3.03661934775591
93578951,93578950.0,1,1,406,406,NOT_OBSERVED_SECONDARY_EMPLOYMENT,808,KNOWN_ZERO_BELOW_CATI_CAWI_DETAIL_CAP,1,1,1,1.0,,,1.0,1,0,1,CORE_STRICT_COUNT,DIRECT_REPORTED_CHAIN_COMPLETE,2.92894755921974
93579471,93579470.0,1,1,404,404,NOT_APPLICABLE_NOT_EMPLOYED,808,KNOWN_ZERO_BELOW_CATI_CAWI_DETAIL_CAP,6,6,6,6.0,,,6.0,6,0,6,CORE_STRICT_COUNT,DIRECT_REPORTED_CHAIN_COMPLETE,3.11696124537508
93579831,93579830.0,1,1,606,606,NOT_OBSERVED_PAPI,807,KNOWN_ZERO_BELOW_PAPI_DETAIL_CAP,6,6,6,6.0,,,6.0,6,0,6,CORE_STRICT_COUNT,DIRECT_REPORTED_CHAIN_COMPLETE,2.52820905168079
93579832,93579830.0,2,1,606,606,NOT_OBSERVED_PAPI,807,KNOWN_ZERO_BELOW_PAPI_DETAIL_CAP,6,6,6,6.0,,,6.0,6,0,6,CORE_STRICT_COUNT,DIRECT_REPORTED_CHAIN_COMPLETE,5.89541065226682
93581681,93581680.0,1,1,406,406,NOT_OBSERVED_SECONDARY_EMPLOYMENT,808,KNOWN_ZERO_BELOW_CATI_CAWI_DETAIL_CAP,4,4,4,4.0,,,4.0,4,0,4,CORE_STRICT_COUNT,DIRECT_REPORTED_CHAIN_COMPLETE,5.5414749715266
93581841,93581840.0,1,1,2,607,EXPLICIT_NO_RBW,807,KNOWN_ZERO_BELOW_PAPI_DETAIL_CAP,3,3,3,3.0,,,3.0,3,0,3,CORE_STRICT_COUNT,DIRECT_REPORTED_CHAIN_COMPLETE,3.85676995789403
93581842,93581840.0,2,0,606,606,NOT_OBSERVED_PAPI,801,NOT_APPLICABLE_NOT_MOBILE,0,0,0,0.0,,,0.0,0,0,0,CORE_STRICT_COUNT,ZERO_TRIP_COMPLETE,3.69799485928457
93581843,93581840.0,3,1,403,403,NOT_APPLICABLE_UNDER_16,807,KNOWN_ZERO_BELOW_PAPI_DETAIL_CAP,4,4,4,4.0,,,4.0,4,0,4,CORE_STRICT_COUNT,DIRECT_REPORTED_CHAIN_COMPLETE,6.64131107976394
93581844,93581840.0,4,1,403,403,NOT_APPLICABLE_UNDER_16,807,KNOWN_ZERO_BELOW_PAPI_DETAIL_CAP,4,4,4,4.0,,,4.0,4,0,4,CORE_STRICT_COUNT,DIRECT_REPORTED_CHAIN_COMPLETE,6.53299225090757
93582281,93582280.0,1,1,606,606,NOT_OBSERVED_PAPI,807,KNOWN_ZERO_BELOW_PAPI_DETAIL_CAP,2,2,2,2.0,,,2.0,2,0,2,CORE_STRICT_COUNT,DIRECT_REPORTED_CHAIN_COMPLETE,3.26743691310159
93584072,93584070.0,2,1,404,404,NOT_APPLICABLE_NOT_EMPLOYED,808,KNOWN_ZERO_BELOW_CATI_CAWI_DETAIL_CAP,3,3,3,3.0,,,3.0,3,0,3,CORE_STRICT_COUNT,DIRECT_REPORTED_CHAIN_COMPLETE,5.58041423536824
93584331,93584330.0,1,1,404,404,NOT_APPLICABLE_NOT_EMPLOYED,808,KNOWN_ZERO_BELOW_CATI_CAWI_DETAIL_CAP,2,2,2,2.0,,,2.0,2,0,2,CORE_STRICT_COUNT,DIRECT_REPORTED_CHAIN_COMPLETE,4.52227186757199
93584332,93584330.0,2,1,206,206,NOT_OBSERVED_PROXY,808,KNOWN_ZERO_BELOW_CATI_CAWI_DETAIL_CAP,5,5,5,5.0,,,5.0,5,0,5,CORE_STRICT_COUNT,DIRECT_REPORTED_CHAIN_COMPLETE,2.7653086158529
93585021,93585020.0,1,1,2,607,EXPLICIT_NO_RBW,807,KNOWN_ZERO_BELOW_PAPI_DETAIL_CAP,1,1,1,1.0,,,1.0,1,0,1,CORE_STRICT_COUNT,DIRECT_REPORTED_CHAIN_COMPLETE,5.47999525516235
93586071,93586070.0,1,1,2,607,EXPLICIT_NO_RBW,808,KNOWN_ZERO_BELOW_CATI_CAWI_DETAIL_CAP,7,7,7,7.0,,,7.0,7,0,7,CORE_STRICT_COUNT,DIRECT_REPORTED_CHAIN_COMPLETE,6.26412393291325
93586141,93586140.0,1,1,2,607,EXPLICIT_NO_RBW,808,KNOWN_ZERO_BELOW_CATI_CAWI_DETAIL_CAP,4,4,4,4.0,,,4.0,4,0,4,CORE_STRICT_COUNT,DIRECT_REPORTED_CHAIN_COMPLETE,10.4056964653461
93586142,93586140.0,2,1,206,206,NOT_OBSERVED_PROXY,808,KNOWN_ZERO_BELOW_CATI_CAWI_DETAIL_CAP,2,2,2,2.0,,,2.0,2,0,2,CORE_STRICT_COUNT,DIRECT_REPORTED_CHAIN_COMPLETE,7.85591122047526
93586151,93586150.0,1,1,606,606,NOT_OBSERVED_PAPI,807,KNOWN_ZERO_BELOW_PAPI_DETAIL_CAP,3,3,3,3.0,,,3.0,3,0,3,CORE_STRICT_COUNT,DIRECT_REPORTED_CHAIN_COMPLETE,3.67435656821608
93587391,93587390.0,1,1,404,404,NOT_APPLICABLE_NOT_EMPLOYED,808,KNOWN_ZERO_BELOW_CATI_CAWI_DETAIL_CAP,3,3,3,3.0,,,3.0,3,0,3,CORE_STRICT_COUNT,DIRECT_REPORTED_CHAIN_COMPLETE,1.01043402902155
93587392,93587390.0,2,1,206,206,NOT_OBSERVED_PROXY,808,KNOWN_ZERO_BELOW_CATI_CAWI_DETAIL_CAP,2,2,2,2.0,,,2.0,2,0,2,CORE_STRICT_COUNT,DIRECT_REPORTED_CHAIN_COMPLETE,1.20565276558282
93589861,93589860.0,1,1,2,607,EXPLICIT_NO_RBW,808,KNOWN_ZERO_BELOW_CATI_CAWI_DETAIL_CAP,4,4,4,4.0,,,4.0,4,0,4,CORE_STRICT_COUNT,DIRECT_REPORTED_CHAIN_COMPLETE,8.33201296590306
93590241,93590240.0,1,1,404,404,NOT_APPLICABLE_NOT_EMPLOYED,808,KNOWN_ZERO_BELOW_CATI_CAWI_DETAIL_CAP,4,4,4,4.0,,,4.0,4,0,4,CORE_STRICT_COUNT,DIRECT_REPORTED_CHAIN_COMPLETE,5.73279068663414
93590971,93590970.0,1,1,2,607,EXPLICIT_NO_RBW,807,KNOWN_ZERO_BELOW_PAPI_DETAIL_CAP,3,3,3,3.0,,,3.0,3,0,3,CORE_STRICT_COUNT,DIRECT_REPORTED_CHAIN_COMPLETE,4.85038789655011
93590972,93590970.0,2,1,2,607,EXPLICIT_NO_RBW,807,KNOWN_ZERO_BELOW_PAPI_DETAIL_CAP,2,2,2,2.0,,,2.0,2,0,2,CORE_STRICT_COUNT,DIRECT_REPORTED_CHAIN_COMPLETE,4.87686334617339
93590973,93590970.0,3,1,403,403,NOT_APPLICABLE_UNDER_16,807,KNOWN_ZERO_BELOW_PAPI_DETAIL_CAP,2,2,2,2.0,,,2.0,2,0,2,CORE_STRICT_COUNT,DIRECT_REPORTED_CHAIN_COMPLETE,4.91523995837178
93592461,93592460.0,1,0,606,606,NOT_OBSERVED_PAPI,801,NOT_APPLICABLE_NOT_MOBILE,0,0,0,0.0,,,0.0,0,0,0,CORE_STRICT_COUNT,ZERO_TRIP_COMPLETE,6.30751668764054
93593061,93593060.0,1,1,2,607,EXPLICIT_NO_RBW,808,KNOWN_ZERO_BELOW_CATI_CAWI_DETAIL_CAP,2,2,2,2.0,,,2.0,2,0,2,CORE_STRICT_COUNT,DIRECT_REPORTED_CHAIN_COMPLETE,5.99998701653939
93593931,93593930.0,1,1,406,406,NOT_OBSERVED_SECONDARY_EMPLOYMENT,808,KNOWN_ZERO_BELOW_CATI_CAWI_DETAIL_CAP,5,5,5,5.0,,,5.0,5,0,5,CORE_STRICT_COUNT,DIRECT_REPORTED_CHAIN_COMPLETE,4.1438155151643
93594641,93594640.0,1,1,404,404,NOT_APPLICABLE_NOT_EMPLOYED,808,KNOWN_ZERO_BELOW_CATI_CAWI_DETAIL_CAP,8,8,8,8.0,,,8.0,8,0,8,CORE_STRICT_COUNT,DIRECT_REPORTED_CHAIN_COMPLETE,1.11105099641705
93594642,93594640.0,2,1,206,206,NOT_OBSERVED_PROXY,808,KNOWN_ZERO_BELOW_CATI_CAWI_DETAIL_CAP,5,5,5,5.0,,,5.0,5,0,5,CORE_STRICT_COUNT,DIRECT_REPORTED_CHAIN_COMPLETE,0.931150134438083
93594961,93594960.0,1,1,2,607,EXPLICIT_NO_RBW,808,KNOWN_ZERO_BELOW_CATI_CAWI_DETAIL_CAP,1,1,1,1.0,,,1.0,1,0,1,CORE_STRICT_COUNT,DIRECT_REPORTED_CHAIN_COMPLETE,3.24553961924535
93594962,93594960.0,2,0,206,206,NOT_OBSERVED_PROXY,801,NOT_APPLICABLE_NOT_MOBILE,0,0,0,0.0,,,0.0,0,0,0,CORE_STRICT_COUNT,ZERO_TRIP_COMPLETE,1.35723244663071
93595171,93595170.0,1,1,404,404,NOT_APPLICABLE_NOT_EMPLOYED,808,KNOWN_ZERO_BELOW_CATI_CAWI_DETAIL_CAP,2,2,2,2.0,,,2.0,2,0,2,CORE_STRICT_COUNT,DIRECT_REPORTED_CHAIN_COMPLETE,2.67648094574817
93596601,93596600.0,1,0,206,206,NOT_OBSERVED_PROXY,801,NOT_APPLICABLE_NOT_MOBILE,0,0,0,0.0,,,0.0,0,0,0,CORE_STRICT_COUNT,ZERO_TRIP_COMPLETE,1.47250501492088
93596602,93596600.0,2,0,404,404,NOT_APPLICABLE_NOT_EMPLOYED,801,NOT_APPLICABLE_NOT_MOBILE,0,0,0,0.0,,,0.0,0,0,0,CORE_STRICT_COUNT,ZERO_TRIP_COMPLETE,1.14615817920747
93596641,93596640.0,1,1,406,406,NOT_OBSERVED_SECONDARY_EMPLOYMENT,808,KNOWN_ZERO_BELOW_CATI_CAWI_DETAIL_CAP,7,7,7,7.0,,,7.0,7,0,7,CORE_STRICT_COUNT,DIRECT_REPORTED_CHAIN_COMPLETE,3.8850830192331
93596681,93596680.0,1,1,404,404,NOT_APPLICABLE_NOT_EMPLOYED,808,KNOWN_ZERO_BELOW_CATI_CAWI_DETAIL_CAP,2,2,2,2.0,,,2.0,2,0,2,CORE_STRICT_COUNT,DIRECT_REPORTED_CHAIN_COMPLETE,2.03974511311778
93596682,93596680.0,2,1,206,206,NOT_OBSERVED_PROXY,808,KNOWN_ZERO_BELOW_CATI_CAWI_DETAIL_CAP,2,2,2,2.0,,,2.0,2,0,2,CORE_STRICT_COUNT,DIRECT_REPORTED_CHAIN_COMPLETE,1.77112684454959
93598441,93598440.0,1,1,606,606,NOT_OBSERVED_PAPI,807,KNOWN_ZERO_BELOW_PAPI_DETAIL_CAP,2,2,2,2.0,,,2.0,2,0,2,CORE_STRICT_COUNT,DIRECT_REPORTED_CHAIN_COMPLETE,5.60634208835736
93599791,93599790.0,1,0,206,206,NOT_OBSERVED_PROXY,801,NOT_APPLICABLE_NOT_MOBILE,0,0,0,0.0,,,0.0,0,0,0,CORE_STRICT_COUNT,ZERO_TRIP_COMPLETE,0.431988766720349
93599792,93599790.0,2,0,404,404,NOT_APPLICABLE_NOT_EMPLOYED,801,NOT_APPLICABLE_NOT_MOBILE,0,0,0,0.0,,,0.0,0,0,0,CORE_STRICT_COUNT,ZERO_TRIP_COMPLETE,0.634599714879287
93599881,93599880.0,1,1,404,404,NOT_APPLICABLE_NOT_EMPLOYED,808,KNOWN_ZERO_BELOW_CATI_CAWI_DETAIL_CAP,3,3,3,3.0,,,3.0,3,0,3,CORE_STRICT_COUNT,DIRECT_REPORTED_CHAIN_COMPLETE,7.48721438974686
93600981,93600980.0,1,0,606,606,NOT_OBSERVED_PAPI,801,NOT_APPLICABLE_NOT_MOBILE,0,0,0,0.0,,,0.0,0,0,0,CORE_STRICT_COUNT,ZERO_TRIP_COMPLETE,2.00275060550192
93600982,93600980.0,2,0,606,606,NOT_OBSERVED_PAPI,801,NOT_APPLICABLE_NOT_MOBILE,0,0,0,0.0,,,0.0,0,0,0,CORE_STRICT_COUNT,ZERO_TRIP_COMPLETE,3.78947742570035
93601551,93601550.0,1,5,2,607,EXPLICIT_NO_RBW,803,UNAVAILABLE_NO_TRIP_PROTOCOL,803,803,803,,,,,0,0,0,EXCLUDED_COUNT_UNOBSERVED,TRIP_DAY_NO_ROWS,10.6563068405965
93602741,93602740.0,1,1,2,607,EXPLICIT_NO_RBW,807,KNOWN_ZERO_BELOW_PAPI_DETAIL_CAP,2,2,2,2.0,,,2.0,2,0,2,CORE_STRICT_COUNT,DIRECT_REPORTED_CHAIN_COMPLETE,3.9318014168437
93605121,93605120.0,1,1,2,607,EXPLICIT_NO_RBW,807,KNOWN_ZERO_BELOW_PAPI_DETAIL_CAP,2,2,2,2.0,,,2.0,2,0,2,CORE_STRICT_COUNT,DIRECT_REPORTED_CHAIN_COMPLETE,1.27022113165188
93605122,93605120.0,2,1,606,606,NOT_OBSERVED_PAPI,807,KNOWN_ZERO_BELOW_PAPI_DETAIL_CAP,2,2,2,2.0,,,2.0,2,0,2,CORE_STRICT_COUNT,DIRECT_REPORTED_CHAIN_COMPLETE,1.84551404508768
93605871,93605870.0,1,2,1,2,KNOWN_EXACT,802,NOT_APPLICABLE_RBW_ONLY,0,0,2,0.0,,2.0,2.0,0,2,2,CORE_STRICT_COUNT,RBW_ONLY_AGGREGATED_UNTIMED,0.434166973809233
93605872,93605870.0,2,1,206,206,NOT_OBSERVED_PROXY,808,KNOWN_ZERO_BELOW_CATI_CAWI_DETAIL_CAP,7,7,7,7.0,,,7.0,7,0,7,CORE_STRICT_COUNT,DIRECT_REPORTED_CHAIN_COMPLETE,0.506722423182677
93605873,93605870.0,3,1,206,206,NOT_OBSERVED_PROXY,808,KNOWN_ZERO_BELOW_CATI_CAWI_DETAIL_CAP,2,2,2,2.0,,,2.0,2,0,2,CORE_STRICT_COUNT,DIRECT_REPORTED_CHAIN_COMPLETE,0.900649386862456
93605874,93605870.0,4,0,206,206,NOT_OBSERVED_PROXY,801,NOT_APPLICABLE_NOT_MOBILE,0,0,0,0.0,,,0.0,0,0,0,CORE_STRICT_COUNT,ZERO_TRIP_COMPLETE,0.682975548211162
93605875,93605870.0,5,0,403,403,NOT_APPLICABLE_UNDER_16,801,NOT_APPLICABLE_NOT_MOBILE,0,0,0,0.0,,,0.0,0,0,0,CORE_STRICT_COUNT,ZERO_TRIP_COMPLETE,0.932507484240107
93606411,93606410.0,1,3,1,4,KNOWN_EXACT,808,KNOWN_ZERO_BELOW_CATI_CAWI_DETAIL_CAP,4,4,8,4.0,,4.0,8.0,4,4,8,CORE_STRICT_COUNT,MIXED_DIRECT_RBW_UNTIMED,4.48680457916405
93606412,93606410.0,2,1,2,607,EXPLICIT_NO_RBW,808,KNOWN_ZERO_BELOW_CATI_CAWI_DETAIL_CAP,4,4,4,4.0,,,4.0,4,0,4,CORE_STRICT_COUNT,DIRECT_REPORTED_CHAIN_COMPLETE,4.50406593140805
93606413,93606410.0,3,1,404,404,NOT_APPLICABLE_NOT_EMPLOYED,808,KNOWN_ZERO_BELOW_CATI_CAWI_DETAIL_CAP,4,4,4,4.0,,,4.0,4,0,4,CORE_STRICT_COUNT,DIRECT_REPORTED_CHAIN_COMPLETE,7.80927949788967
93606531,93606530.0,1,1,2,607,EXPLICIT_NO_RBW,807,KNOWN_ZERO_BELOW_PAPI_DETAIL_CAP,4,4,4,4.0,,,4.0,4,0,4,CORE_STRICT_COUNT,DIRECT_REPORTED_CHAIN_COMPLETE,1.46906152593511
93606532,93606530.0,2,1,2,607,EXPLICIT_NO_RBW,807,KNOWN_ZERO_BELOW_PAPI_DETAIL_CAP,4,4,4,4.0,,,4.0,4,0,4,CORE_STRICT_COUNT,DIRECT_REPORTED_CHAIN_COMPLETE,1.94291051664948
93606961,93606960.0,1,0,602,602,NO_OUT_OF_HOME_ACTIVITY_OR_DOMESTIC_TRIPS,801,NOT_APPLICABLE_NOT_MOBILE,0,0,0,0.0,,,0.0,0,0,0,CORE_STRICT_COUNT,ZERO_TRIP_COMPLETE,4.48680457916405
93606962,93606960.0,2,1,206,206,NOT_OBSERVED_PROXY,808,KNOWN_ZERO_BELOW_CATI_CAWI_DETAIL_CAP,2,2,2,2.0,,,2.0,2,0,2,CORE_STRICT_COUNT,DIRECT_REPORTED_CHAIN_COMPLETE,5.82445182866943
93606963,93606960.0,3,1,403,403,NOT_APPLICABLE_UNDER_16,808,KNOWN_ZERO_BELOW_CATI_CAWI_DETAIL_CAP,2,2,2,2.0,,,2.0,2,0,2,CORE_STRICT_COUNT,DIRECT_REPORTED_CHAIN_COMPLETE,6.3557279912113
93609361,93609360.0,1,1,2,607,EXPLICIT_NO_RBW,807,KNOWN_ZERO_BELOW_PAPI_DETAIL_CAP,3,3,3,3.0,,,3.0,3,0,3,CORE_STRICT_COUNT,DIRECT_REPORTED_CHAIN_COMPLETE,2.76941157765938
93609362,93609360.0,2,1,2,607,EXPLICIT_NO_RBW,807,KNOWN_ZERO_BELOW_PAPI_DETAIL_CAP,2,2,2,2.0,,,2.0,2,0,2,CORE_STRICT_COUNT,DIRECT_REPORTED_CHAIN_COMPLETE,3.1072876909711
93609891,93609890.0,1,1,606,606,NOT_OBSERVED_PAPI,807,KNOWN_ZERO_BELOW_PAPI_DETAIL_CAP,6,6,6,6.0,,,6.0,6,0,6,CORE_STRICT_COUNT,DIRECT_REPORTED_CHAIN_COMPLETE,2.24310639249801
93611701,93611700.0,1,1,206,206,NOT_OBSERVED_PROXY,808,KNOWN_ZERO_BELOW_CATI_CAWI_DETAIL_CAP,2,2,2,2.0,,,2.0,2,0,2,CORE_STRICT_COUNT,DIRECT_REPORTED_CHAIN_COMPLETE,3.39417310306407
93611702,93611700.0,2,1,404,404,NOT_APPLICABLE_NOT_EMPLOYED,808,KNOWN_ZERO_BELOW_CATI_CAWI_DETAIL_CAP,3,3,3,3.0,,,3.0,3,0,3,CORE_STRICT_COUNT,DIRECT_REPORTED_CHAIN_COMPLETE,3.59476402998714
93612361,93612360.0,1,1,2,607,EXPLICIT_NO_RBW,807,KNOWN_ZERO_BELOW_PAPI_DETAIL_CAP,4,4,4,4.0,,,4.0,4,0,4,CORE_STRICT_COUNT,DIRECT_REPORTED_CHAIN_COMPLETE,0.755811703035116
93612362,93612360.0,2,1,2,607,EXPLICIT_NO_RBW,807,KNOWN_ZERO_BELOW_PAPI_DETAIL_CAP,4,4,4,4.0,,,4.0,4,0,4,CORE_STRICT_COUNT,DIRECT_REPORTED_CHAIN_COMPLETE,0.745177414416849
93612621,93612620.0,1,1,404,404,NOT_APPLICABLE_NOT_EMPLOYED,808,KNOWN_ZERO_BELOW_CATI_CAWI_DETAIL_CAP,5,5,5,5.0,,,5.0,5,0,5,CORE_STRICT_COUNT,DIRECT_REPORTED_CHAIN_COMPLETE,1.55114911531387
93612622,93612620.0,2,1,2,607,EXPLICIT_NO_RBW,808,KNOWN_ZERO_BELOW_CATI_CAWI_DETAIL_CAP,3,3,3,3.0,,,3.0,3,0,3,CORE_STRICT_COUNT,DIRECT_REPORTED_CHAIN_COMPLETE,2.09153962137289
93613851,93613850.0,1,0,2,607,EXPLICIT_NO_RBW,801,NOT_APPLICABLE_NOT_MOBILE,0,0,0,0.0,,,0.0,0,0,0,CORE_STRICT_COUNT,ZERO_TRIP_COMPLETE,4.79364579265431
93613852,93613850.0,2,0,606,606,NOT_OBSERVED_PAPI,801,NOT_APPLICABLE_NOT_MOBILE,0,0,0,0.0,,,0.0,0,0,0,CORE_STRICT_COUNT,ZERO_TRIP_COMPLETE,2.533456710598
93614412,93614410.0,2,1,403,403,NOT_APPLICABLE_UNDER_16,807,KNOWN_ZERO_BELOW_PAPI_DETAIL_CAP,1,1,1,1.0,,,1.0,1,0,1,CORE_STRICT_COUNT,DIRECT_REPORTED_CHAIN_COMPLETE,8.3402443982119
93615221,93615220.0,1,3,1,10,KNOWN_EXACT,807,KNOWN_ZERO_BELOW_PAPI_DETAIL_CAP,2,2,12,2.0,,10.0,12.0,2,10,12,CORE_STRICT_COUNT,MIXED_DIRECT_RBW_UNTIMED,6.31409796757529
93615222,93615220.0,2,1,2,607,EXPLICIT_NO_RBW,807,KNOWN_ZERO_BELOW_PAPI_DETAIL_CAP,2,2,2,2.0,,,2.0,2,0,2,CORE_STRICT_COUNT,DIRECT_REPORTED_CHAIN_COMPLETE,2.96019283443975
93615491,93615490.0,1,1,606,606,NOT_OBSERVED_PAPI,807,KNOWN_ZERO_BELOW_PAPI_DETAIL_CAP,5,5,5,5.0,,,5.0,5,0,5,CORE_STRICT_COUNT,DIRECT_REPORTED_CHAIN_COMPLETE,1.13261223378798
93615492,93615490.0,2,1,2,607,EXPLICIT_NO_RBW,807,KNOWN_ZERO_BELOW_PAPI_DETAIL_CAP,4,4,4,4.0,,,4.0,4,0,4,CORE_STRICT_COUNT,DIRECT_REPORTED_CHAIN_COMPLETE,0.938809699008377
93616221,93616220.0,1,1,2,607,EXPLICIT_NO_RBW,808,KNOWN_ZERO_BELOW_CATI_CAWI_DETAIL_CAP,5,5,5,5.0,,,5.0,5,0,5,CORE_STRICT_COUNT,DIRECT_REPORTED_CHAIN_COMPLETE,2.60779142937945
93616222,93616220.0,2,0,206,206,NOT_OBSERVED_PROXY,801,NOT_APPLICABLE_NOT_MOBILE,0,0,0,0.0,,,0.0,0,0,0,CORE_STRICT_COUNT,ZERO_TRIP_COMPLETE,2.7024001652878
93616223,93616220.0,3,0,403,403,NOT_APPLICABLE_UNDER_16,801,NOT_APPLICABLE_NOT_MOBILE,0,0,0,0.0,,,0.0,0,0,0,CORE_STRICT_COUNT,ZERO_TRIP_COMPLETE,4.2351876485494
93616224,93616220.0,4,1,403,403,NOT_APPLICABLE_UNDER_16,808,KNOWN_ZERO_BELOW_CATI_CAWI_DETAIL_CAP,2,2,2,2.0,,,2.0,2,0,2,CORE_STRICT_COUNT,DIRECT_REPORTED_CHAIN_COMPLETE,4.65223209989402
93616501,93616500.0,1,1,404,404,NOT_APPLICABLE_NOT_EMPLOYED,808,KNOWN_ZERO_BELOW_CATI_CAWI_DETAIL_CAP,4,4,4,4.0,,,4.0,4,0,4,CORE_STRICT_COUNT,DIRECT_REPORTED_CHAIN_COMPLETE,0.923280160281158
93616502,93616500.0,2,1,206,206,NOT_OBSERVED_PROXY,808,KNOWN_ZERO_BELOW_CATI_CAWI_DETAIL_CAP,4,4,4,4.0,,,4.0,4,0,4,CORE_STRICT_COUNT,DIRECT_REPORTED_CHAIN_COMPLETE,2.58279309359795
93617371,93617370.0,1,1,404,404,NOT_APPLICABLE_NOT_EMPLOYED,808,KNOWN_ZERO_BELOW_CATI_CAWI_DETAIL_CAP,2,2,2,2.0,,,2.0,2,0,2,CORE_STRICT_COUNT,DIRECT_REPORTED_CHAIN_COMPLETE,5.60634208835736
93618081,93618080.0,1,1,404,404,NOT_APPLICABLE_NOT_EMPLOYED,808,KNOWN_ZERO_BELOW_CATI_CAWI_DETAIL_CAP,2,2,2,2.0,,,2.0,2,0,2,CORE_STRICT_COUNT,DIRECT_REPORTED_CHAIN_COMPLETE,4.57833121647793
93618082,93618080.0,2,1,404,404,NOT_APPLICABLE_NOT_EMPLOYED,808,KNOWN_ZERO_BELOW_CATI_CAWI_DETAIL_CAP,2,2,2,2.0,,,2.0,2,0,2,CORE_STRICT_COUNT,DIRECT_REPORTED_CHAIN_COMPLETE,3.19843767364534
93619091,93619090.0,1,1,2,607,EXPLICIT_NO_RBW,808,KNOWN_ZERO_BELOW_CATI_CAWI_DETAIL_CAP,4,4,4,4.0,,,4.0,4,0,4,CORE_STRICT_COUNT,DIRECT_REPORTED_CHAIN_COMPLETE,6.80991992651979
93622121,93622120.0,1,1,2,607,EXPLICIT_NO_RBW,807,KNOWN_ZERO_BELOW_PAPI_DETAIL_CAP,1,1,1,1.0,,,1.0,1,0,1,CORE_STRICT_COUNT,DIRECT_REPORTED_CHAIN_COMPLETE,6.13788454683152
93626301,93626300.0,1,1,2,607,EXPLICIT_NO_RBW,808,KNOWN_ZERO_BELOW_CATI_CAWI_DETAIL_CAP,4,4,4,4.0,,,4.0,4,0,4,CORE_STRICT_COUNT,DIRECT_REPORTED_CHAIN_COMPLETE,3.8850830192331
93626421,93626420.0,1,3,1,1,KNOWN_EXACT,808,KNOWN_ZERO_BELOW_CATI_CAWI_DETAIL_CAP,4,4,5,4.0,,1.0,5.0,4,1,5,CORE_STRICT_COUNT,MIXED_DIRECT_RBW_UNTIMED,0.947669106468299
93626422,93626420.0,2,1,206,206,NOT_OBSERVED_PROXY,808,KNOWN_ZERO_BELOW_CATI_CAWI_DETAIL_CAP,4,4,4,4.0,,,4.0,4,0,4,CORE_STRICT_COUNT,DIRECT_REPORTED_CHAIN_COMPLETE,1.01560896380918
93626423,93626420.0,3,1,206,206,NOT_OBSERVED_PROXY,808,KNOWN_ZERO_BELOW_CATI_CAWI_DETAIL_CAP,4,4,4,4.0,,,4.0,4,0,4,CORE_STRICT_COUNT,DIRECT_REPORTED_CHAIN_COMPLETE,1.59833561699431
93626481,93626480.0,1,1,404,404,NOT_APPLICABLE_NOT_EMPLOYED,808,KNOWN_ZERO_BELOW_CATI_CAWI_DETAIL_CAP,4,4,4,4.0,,,4.0,4,0,4,CORE_STRICT_COUNT,DIRECT_REPORTED_CHAIN_COMPLETE,2.58641860299728
93626831,93626830.0,1,1,404,404,NOT_APPLICABLE_NOT_EMPLOYED,808,KNOWN_ZERO_BELOW_CATI_CAWI_DETAIL_CAP,2,2,2,2.0,,,2.0,2,0,2,CORE_STRICT_COUNT,DIRECT_REPORTED_CHAIN_COMPLETE,3.03173261447244
93626832,93626830.0,2,1,404,404,NOT_APPLICABLE_NOT_EMPLOYED,808,KNOWN_ZERO_BELOW_CATI_CAWI_DETAIL_CAP,2,2,2,2.0,,,2.0,2,0,2,CORE_STRICT_COUNT,DIRECT_REPORTED_CHAIN_COMPLETE,4.30294464190248
93627391,93627390.0,1,1,606,606,NOT_OBSERVED_PAPI,807,KNOWN_ZERO_BELOW_PAPI_DETAIL_CAP,2,2,2,2.0,,,2.0,2,0,2,CORE_STRICT_COUNT,DIRECT_REPORTED_CHAIN_COMPLETE,1.86729259069221
93627392,93627390.0,2,1,2,607,EXPLICIT_NO_RBW,807,KNOWN_ZERO_BELOW_PAPI_DETAIL_CAP,2,2,2,2.0,,,2.0,2,0,2,CORE_STRICT_COUNT,DIRECT_REPORTED_CHAIN_COMPLETE,1.79783086041984
93627531,93627530.0,1,1,1,99,MISSING_RESPONSE,807,KNOWN_ZERO_BELOW_PAPI_DETAIL_CAP,3,3,3,3.0,,,3.0,3,0,3,ANALYTIC_WITH_COMPONENT_WARNING,DIRECT_ROWS_RBW_COUNT_UNKNOWN,4.39907568840898
93627631,93627630.0,1,4,404,404,NOT_APPLICABLE_NOT_EMPLOYED,801,NOT_APPLICABLE_NOT_MOBILE,0,0,0,0.0,,,0.0,0,0,0,EXCLUDED_OUT_OF_SCOPE,OUT_OF_SCOPE_FAR_ABROAD,1.55500740427057
93627632,93627630.0,2,4,206,206,NOT_OBSERVED_PROXY,801,NOT_APPLICABLE_NOT_MOBILE,0,0,0,0.0,,,0.0,0,0,0,EXCLUDED_OUT_OF_SCOPE,OUT_OF_SCOPE_FAR_ABROAD,3.17387483921255
93627801,93627800.0,1,1,2,607,EXPLICIT_NO_RBW,807,KNOWN_ZERO_BELOW_PAPI_DETAIL_CAP,4,4,4,4.0,,,4.0,4,0,4,CORE_STRICT_COUNT,DIRECT_REPORTED_CHAIN_COMPLETE,4.39907568840898
93627802,93627800.0,2,1,403,403,NOT_APPLICABLE_UNDER_16,807,KNOWN_ZERO_BELOW_PAPI_DETAIL_CAP,4,4,4,4.0,,,4.0,4,0,4,CORE_STRICT_COUNT,DIRECT_REPORTED_CHAIN_COMPLETE,7.84997596402908
93627803,93627800.0,3,1,403,403,NOT_APPLICABLE_UNDER_16,807,KNOWN_ZERO_BELOW_PAPI_DETAIL_CAP,4,4,4,4.0,,,4.0,4,0,4,CORE_STRICT_COUNT,DIRECT_REPORTED_CHAIN_COMPLETE,8.3402443982119
93628131,93628130.0,1,1,2,607,EXPLICIT_NO_RBW,808,KNOWN_ZERO_BELOW_CATI_CAWI_DETAIL_CAP,2,2,2,2.0,,,2.0,2,0,2,CORE_STRICT_COUNT,DIRECT_REPORTED_CHAIN_COMPLETE,4.37100000464347
93630391,93630390.0,1,1,606,606,NOT_OBSERVED_PAPI,807,KNOWN_ZERO_BELOW_PAPI_DETAIL_CAP,2,2,2,2.0,,,2.0,2,0,2,CORE_STRICT_COUNT,DIRECT_REPORTED_CHAIN_COMPLETE,1.28774402664405
93630392,93630390.0,2,1,606,606,NOT_OBSERVED_PAPI,807,KNOWN_ZERO_BELOW_PAPI_DETAIL_CAP,1,1,1,1.0,,,1.0,1,0,1,CORE_STRICT_COUNT,DIRECT_REPORTED_CHAIN_COMPLETE,1.06739671883135
93630891,93630890.0,1,0,2,607,EXPLICIT_NO_RBW,801,NOT_APPLICABLE_NOT_MOBILE,0,0,0,0.0,,,0.0,0,0,0,CORE_STRICT_COUNT,ZERO_TRIP_COMPLETE,7.53305753236643
93630911,93630910.0,1,3,1,1,KNOWN_EXACT,807,KNOWN_ZERO_BELOW_PAPI_DETAIL_CAP,4,4,5,4.0,,1.0,5.0,4,1,5,CORE_STRICT_COUNT,MIXED_DIRECT_RBW_UNTIMED,1.43504073687358
93630912,93630910.0,2,3,1,2,KNOWN_EXACT,807,KNOWN_ZERO_BELOW_PAPI_DETAIL_CAP,2,2,4,2.0,,2.0,4.0,2,2,4,CORE_STRICT_COUNT,MIXED_DIRECT_RBW_UNTIMED,1.13470814151133
93631811,93631810.0,1,1,2,607,EXPLICIT_NO_RBW,807,KNOWN_ZERO_BELOW_PAPI_DETAIL_CAP,5,5,5,5.0,,,5.0,5,0,5,CORE_STRICT_COUNT,DIRECT_REPORTED_CHAIN_COMPLETE,4.5586708866126
93631812,93631810.0,2,1,2,607,EXPLICIT_NO_RBW,807,KNOWN_ZERO_BELOW_PAPI_DETAIL_CAP,7,7,7,7.0,,,7.0,7,0,7,CORE_STRICT_COUNT,DIRECT_REPORTED_CHAIN_COMPLETE,4.5586708866126
93632161,93632160.0,1,1,2,607,EXPLICIT_NO_RBW,807,KNOWN_ZERO_BELOW_PAPI_DETAIL_CAP,3,3,3,3.0,,,3.0,3,0,3,CORE_STRICT_COUNT,DIRECT_REPORTED_CHAIN_COMPLETE,0.934230929076987
93632162,93632160.0,2,1,2,607,EXPLICIT_NO_RBW,807,KNOWN_ZERO_BELOW_PAPI_DETAIL_CAP,3,3,3,3.0,,,3.0,3,0,3,CORE_STRICT_COUNT,DIRECT_REPORTED_CHAIN_COMPLETE,0.883536646807798
93634561,93634560.0,1,0,602,602,NO_OUT_OF_HOME_ACTIVITY_OR_DOMESTIC_TRIPS,801,NOT_APPLICABLE_NOT_MOBILE,0,0,0,0.0,,,0.0,0,0,0,CORE_STRICT_COUNT,ZERO_TRIP_COMPLETE,1.92848363366884
93634562,93634560.0,2,0,602,602,NO_OUT_OF_HOME_ACTIVITY_OR_DOMESTIC_TRIPS,801,NOT_APPLICABLE_NOT_MOBILE,0,0,0,0.0,,,0.0,0,0,0,CORE_STRICT_COUNT,ZERO_TRIP_COMPLETE,3.14789550537673
93635191,93635190.0,1,5,206,206,NOT_OBSERVED_PROXY,803,UNAVAILABLE_NO_TRIP_PROTOCOL,803,803,803,,,,,0,0,0,EXCLUDED_COUNT_UNOBSERVED,TRIP_DAY_NO_ROWS,3.27307960212499
93744971,93744970.0,1,5,404,404,NOT_APPLICABLE_NOT_EMPLOYED,803,UNAVAILABLE_NO_TRIP_PROTOCOL,803,803,803,,,,,0,0,0,EXCLUDED_COUNT_UNOBSERVED,TRIP_DAY_NO_ROWS,1.77895395659863
93890861,93890860.0,1,1,404,404,NOT_APPLICABLE_NOT_EMPLOYED,808,KNOWN_ZERO_BELOW_CATI_CAWI_DETAIL_CAP,3,3,3,3.0,,,3.0,3,0,3,CORE_STRICT_COUNT,DIRECT_REPORTED_CHAIN_COMPLETE,4.44648033937582
94125811,94125810.0,1,0,404,404,NOT_APPLICABLE_NOT_EMPLOYED,801,NOT_APPLICABLE_NOT_MOBILE,0,0,0,0.0,,,0.0,0,0,0,CORE_STRICT_COUNT,ZERO_TRIP_COMPLETE,18.2197649658073
94153761,94153760.0,1,5,404,404,NOT_APPLICABLE_NOT_EMPLOYED,803,UNAVAILABLE_NO_TRIP_PROTOCOL,803,803,803,,,,,0,0,0,EXCLUDED_COUNT_UNOBSERVED,TRIP_DAY_NO_ROWS,0.40665392595727
94490301,94490300.0,1,1,404,404,NOT_APPLICABLE_NOT_EMPLOYED,808,KNOWN_ZERO_BELOW_CATI_CAWI_DETAIL_CAP,5,5,5,5.0,,,5.0,5,0,5,CORE_STRICT_COUNT,DIRECT_REPORTED_CHAIN_COMPLETE,3.2982011872697
95048841,95048840.0,1,1,404,404,NOT_APPLICABLE_NOT_EMPLOYED,808,KNOWN_ZERO_BELOW_CATI_CAWI_DETAIL_CAP,4,4,4,4.0,,,4.0,4,0,4,CORE_STRICT_COUNT,DIRECT_REPORTED_CHAIN_COMPLETE,0.666568631867148
95048842,95048840.0,2,1,206,206,NOT_OBSERVED_PROXY,808,KNOWN_ZERO_BELOW_CATI_CAWI_DETAIL_CAP,4,4,4,4.0,,,4.0,4,0,4,CORE_STRICT_COUNT,DIRECT_REPORTED_CHAIN_COMPLETE,1.40366654752853
95088941,95088940.0,1,1,404,404,NOT_APPLICABLE_NOT_EMPLOYED,808,KNOWN_ZERO_BELOW_CATI_CAWI_DETAIL_CAP,7,7,7,7.0,,,7.0,7,0,7,CORE_STRICT_COUNT,DIRECT_REPORTED_CHAIN_COMPLETE,0.652873564761619
96558071,96558070.0,1,1,2,607,EXPLICIT_NO_RBW,808,KNOWN_ZERO_BELOW_CATI_CAWI_DETAIL_CAP,6,6,6,6.0,,,6.0,6,0,6,CORE_STRICT_COUNT,DIRECT_REPORTED_CHAIN_COMPLETE,0.374076463494515
96558072,96558070.0,2,1,2,607,EXPLICIT_NO_RBW,808,KNOWN_ZERO_BELOW_CATI_CAWI_DETAIL_CAP,8,8,8,8.0,,,8.0,8,0,8,CORE_STRICT_COUNT,DIRECT_REPORTED_CHAIN_COMPLETE,0.900392831831718
96638651,96638650.0,1,0,404,404,NOT_APPLICABLE_NOT_EMPLOYED,801,NOT_APPLICABLE_NOT_MOBILE,0,0,0,0.0,,,0.0,0,0,0,CORE_STRICT_COUNT,ZERO_TRIP_COMPLETE,27.1731808292504
97470141,97470140.0,1,1,2,607,EXPLICIT_NO_RBW,808,KNOWN_ZERO_BELOW_CATI_CAWI_DETAIL_CAP,4,4,4,4.0,,,4.0,4,0,4,CORE_STRICT_COUNT,DIRECT_REPORTED_CHAIN_COMPLETE,0.355144246729876
97480291,97480290.0,1,1,2,607,EXPLICIT_NO_RBW,808,KNOWN_ZERO_BELOW_CATI_CAWI_DETAIL_CAP,3,3,3,3.0,,,3.0,3,0,3,CORE_STRICT_COUNT,DIRECT_REPORTED_CHAIN_COMPLETE,0.476781073568051
97480292,97480290.0,2,0,206,206,NOT_OBSERVED_PROXY,801,NOT_APPLICABLE_NOT_MOBILE,0,0,0,0.0,,,0.0,0,0,0,CORE_STRICT_COUNT,ZERO_TRIP_COMPLETE,1.09406340218057
97589241,97589240.0,1,1,404,404,NOT_APPLICABLE_NOT_EMPLOYED,808,KNOWN_ZERO_BELOW_CATI_CAWI_DETAIL_CAP,4,4,4,4.0,,,4.0,4,0,4,CORE_STRICT_COUNT,DIRECT_REPORTED_CHAIN_COMPLETE,3.46028537462493
98277761,98277760.0,1,1,404,404,NOT_APPLICABLE_NOT_EMPLOYED,808,KNOWN_ZERO_BELOW_CATI_CAWI_DETAIL_CAP,2,2,2,2.0,,,2.0,2,0,2,CORE_STRICT_COUNT,DIRECT_REPORTED_CHAIN_COMPLETE,0.637873159388402
98534551,98534550.0,1,1,404,404,NOT_APPLICABLE_NOT_EMPLOYED,808,KNOWN_ZERO_BELOW_CATI_CAWI_DETAIL_CAP,4,4,4,4.0,,,4.0,4,0,4,CORE_STRICT_COUNT,DIRECT_REPORTED_CHAIN_COMPLETE,0.937797723151378
98534552,98534550.0,2,1,206,206,NOT_OBSERVED_PROXY,808,KNOWN_ZERO_BELOW_CATI_CAWI_DETAIL_CAP,2,2,2,2.0,,,2.0,2,0,2,CORE_STRICT_COUNT,DIRECT_REPORTED_CHAIN_COMPLETE,1.10383835865863
98534553,98534550.0,3,1,403,403,NOT_APPLICABLE_UNDER_16,808,KNOWN_ZERO_BELOW_CATI_CAWI_DETAIL_CAP,2,2,2,2.0,,,2.0,2,0,2,CORE_STRICT_COUNT,DIRECT_REPORTED_CHAIN_COMPLETE,0.97066006540761
98534554,98534550.0,4,1,403,403,NOT_APPLICABLE_UNDER_16,808,KNOWN_ZERO_BELOW_CATI_CAWI_DETAIL_CAP,5,5,5,5.0,,,5.0,5,0,5,CORE_STRICT_COUNT,DIRECT_REPORTED_CHAIN_COMPLETE,0.97066006540761
99078271,99078270.0,1,1,2,607,EXPLICIT_NO_RBW,808,KNOWN_ZERO_BELOW_CATI_CAWI_DETAIL_CAP,3,3,3,3.0,,,3.0,3,0,3,CORE_STRICT_COUNT,DIRECT_REPORTED_CHAIN_COMPLETE,4.08755591690023
99078272,99078270.0,2,1,206,206,NOT_OBSERVED_PROXY,808,KNOWN_ZERO_BELOW_CATI_CAWI_DETAIL_CAP,2,2,2,2.0,,,2.0,2,0,2,CORE_STRICT_COUNT,DIRECT_REPORTED_CHAIN_COMPLETE,2.58928499385138
99078273,99078270.0,3,1,206,206,NOT_OBSERVED_PROXY,808,KNOWN_ZERO_BELOW_CATI_CAWI_DETAIL_CAP,5,5,5,5.0,,,5.0,5,0,5,CORE_STRICT_COUNT,DIRECT_REPORTED_CHAIN_COMPLETE,6.16102226363768
99607851,99607850.0,1,0,404,404,NOT_APPLICABLE_NOT_EMPLOYED,801,NOT_APPLICABLE_NOT_MOBILE,0,0,0,0.0,,,0.0,0,0,0,CORE_STRICT_COUNT,ZERO_TRIP_COMPLETE,6.69055037290998
