HP_ID,n_direct_trips,all_trip_time_valid,all_trip_duration_plausible,start_clock_nondecreasing,arrival_before_next_start,overnight_not_last,n_checkable_adjacent_pairs,n_pair_violations,temporal_sequence_consistent,temporal_quality_reason,trip_count_fit_tier,chain_coverage_status,temporal_sequence_fit_eligible
15,3,True,True,True,True,False,2,0,True,TEMPORAL_SEQUENCE_VALID,CORE_STRICT_COUNT,DIRECT_REPORTED_CHAIN_COMPLETE,True
17,3,True,True,True,True,False,2,0,True,TEMPORAL_SEQUENCE_VALID,CORE_STRICT_COUNT,DIRECT_REPORTED_CHAIN_COMPLETE,True
2632351,2,True,True,True,True,False,1,0,True,TEMPORAL_SEQUENCE_VALID,CORE_STRICT_COUNT,DIRECT_REPORTED_CHAIN_COMPLETE,True
2632352,3,True,True,True,True,False,2,0,True,TEMPORAL_SEQUENCE_VALID,CORE_STRICT_COUNT,DIRECT_REPORTED_CHAIN_COMPLETE,True
3384741,6,True,True,True,True,False,5,0,True,TEMPORAL_SEQUENCE_VALID,CORE_STRICT_COUNT,DIRECT_REPORTED_CHAIN_COMPLETE,True
5013731,2,True,True,True,True,False,1,0,True,TEMPORAL_SEQUENCE_VALID,CORE_STRICT_COUNT,DIRECT_REPORTED_CHAIN_COMPLETE,True
5507551,8,True,True,True,True,False,7,0,True,TEMPORAL_SEQUENCE_VALID,ANALYTIC_WITH_COMPONENT_WARNING,MIXED_DIRECT_RBW_ADDITIONAL_UNKNOWN,False
5507552,7,True,True,True,True,False,6,0,True,TEMPORAL_SEQUENCE_VALID,CORE_STRICT_COUNT,MIXED_DIRECT_RBW_UNTIMED,False
5507553,6,True,True,True,True,False,5,0,True,TEMPORAL_SEQUENCE_VALID,CORE_STRICT_COUNT,DIRECT_REPORTED_CHAIN_COMPLETE,True
5510281,7,True,True,True,True,False,6,0,True,TEMPORAL_SEQUENCE_VALID,CORE_STRICT_COUNT,DIRECT_REPORTED_CHAIN_COMPLETE,True
5514101,4,True,True,True,True,False,3,0,True,TEMPORAL_SEQUENCE_VALID,CORE_STRICT_COUNT,DIRECT_REPORTED_CHAIN_COMPLETE,True
5520141,5,True,True,True,True,False,4,0,True,TEMPORAL_SEQUENCE_VALID,CORE_STRICT_COUNT,DIRECT_REPORTED_CHAIN_COMPLETE,True
5520191,4,True,True,True,True,False,3,0,True,TEMPORAL_SEQUENCE_VALID,CORE_STRICT_COUNT,DIRECT_REPORTED_CHAIN_COMPLETE,True
5520192,6,True,True,True,True,False,5,0,True,TEMPORAL_SEQUENCE_VALID,CORE_STRICT_COUNT,DIRECT_REPORTED_CHAIN_COMPLETE,True
5522452,2,False,False,True,True,False,1,0,False,TIME_COMPONENT_MISSING,CORE_STRICT_COUNT,DIRECT_REPORTED_CHAIN_COMPLETE,False
5528741,4,True,True,True,True,False,3,0,True,TEMPORAL_SEQUENCE_VALID,CORE_STRICT_COUNT,DIRECT_REPORTED_CHAIN_COMPLETE,True
5528742,3,True,True,True,True,False,2,0,True,TEMPORAL_SEQUENCE_VALID,CORE_STRICT_COUNT,DIRECT_REPORTED_CHAIN_COMPLETE,True
5530651,2,True,True,True,True,False,1,0,True,TEMPORAL_SEQUENCE_VALID,CORE_STRICT_COUNT,DIRECT_REPORTED_CHAIN_COMPLETE,True
5535421,6,True,True,True,True,False,5,0,True,TEMPORAL_SEQUENCE_VALID,CORE_STRICT_COUNT,DIRECT_REPORTED_CHAIN_COMPLETE,True
5540101,2,True,True,True,True,False,1,0,True,TEMPORAL_SEQUENCE_VALID,CORE_STRICT_COUNT,DIRECT_REPORTED_CHAIN_COMPLETE,True
5540102,2,True,True,True,True,False,1,0,True,TEMPORAL_SEQUENCE_VALID,CORE_STRICT_COUNT,DIRECT_REPORTED_CHAIN_COMPLETE,True
5540103,3,True,True,True,True,False,2,0,True,TEMPORAL_SEQUENCE_VALID,CORE_STRICT_COUNT,DIRECT_REPORTED_CHAIN_COMPLETE,True
5540351,6,True,True,True,True,False,5,0,True,TEMPORAL_SEQUENCE_VALID,CORE_STRICT_COUNT,DIRECT_REPORTED_CHAIN_COMPLETE,True
5540352,7,True,True,True,True,False,6,0,True,TEMPORAL_SEQUENCE_VALID,CORE_STRICT_COUNT,DIRECT_REPORTED_CHAIN_COMPLETE,True
5542531,6,True,True,True,True,False,5,0,True,TEMPORAL_SEQUENCE_VALID,CORE_STRICT_COUNT,DIRECT_REPORTED_CHAIN_COMPLETE,True
5542532,7,True,True,True,True,False,6,0,True,TEMPORAL_SEQUENCE_VALID,CORE_STRICT_COUNT,DIRECT_REPORTED_CHAIN_COMPLETE,True
5542533,4,True,True,True,True,False,3,0,True,TEMPORAL_SEQUENCE_VALID,CORE_STRICT_COUNT,DIRECT_REPORTED_CHAIN_COMPLETE,True
5542534,2,True,True,True,True,False,1,0,True,TEMPORAL_SEQUENCE_VALID,CORE_STRICT_COUNT,DIRECT_REPORTED_CHAIN_COMPLETE,True
5543721,3,True,True,True,True,False,2,0,True,TEMPORAL_SEQUENCE_VALID,CORE_STRICT_COUNT,DIRECT_REPORTED_CHAIN_COMPLETE,True
5544581,1,True,True,True,True,False,0,0,True,TEMPORAL_SEQUENCE_VALID,CORE_STRICT_COUNT,DIRECT_REPORTED_CHAIN_COMPLETE,True
5544582,1,True,True,True,True,False,0,0,True,TEMPORAL_SEQUENCE_VALID,CORE_STRICT_COUNT,DIRECT_REPORTED_CHAIN_COMPLETE,True
5545491,4,True,True,True,True,False,3,0,True,TEMPORAL_SEQUENCE_VALID,CORE_STRICT_COUNT,MIXED_DIRECT_RBW_UNTIMED,False
5545492,4,True,True,True,True,False,3,0,True,TEMPORAL_SEQUENCE_VALID,CORE_STRICT_COUNT,DIRECT_REPORTED_CHAIN_COMPLETE,True
5545493,6,True,True,True,True,False,5,0,True,TEMPORAL_SEQUENCE_VALID,CORE_STRICT_COUNT,DIRECT_REPORTED_CHAIN_COMPLETE,True
5546991,2,True,True,True,True,False,1,0,True,TEMPORAL_SEQUENCE_VALID,CORE_STRICT_COUNT,DIRECT_REPORTED_CHAIN_COMPLETE,True
5550281,4,True,True,True,True,False,3,0,True,TEMPORAL_SEQUENCE_VALID,CORE_STRICT_COUNT,DIRECT_REPORTED_CHAIN_COMPLETE,True
5550282,4,True,True,True,True,False,3,0,True,TEMPORAL_SEQUENCE_VALID,CORE_STRICT_COUNT,DIRECT_REPORTED_CHAIN_COMPLETE,True
5551851,4,True,True,True,True,False,3,0,True,TEMPORAL_SEQUENCE_VALID,CORE_STRICT_COUNT,DIRECT_REPORTED_CHAIN_COMPLETE,True
5561591,4,True,True,True,True,False,3,0,True,TEMPORAL_SEQUENCE_VALID,CORE_STRICT_COUNT,DIRECT_REPORTED_CHAIN_COMPLETE,True
5561821,2,True,True,True,True,False,1,0,True,TEMPORAL_SEQUENCE_VALID,CORE_STRICT_COUNT,DIRECT_REPORTED_CHAIN_COMPLETE,True
5561822,2,True,True,True,True,False,1,0,True,TEMPORAL_SEQUENCE_VALID,CORE_STRICT_COUNT,DIRECT_REPORTED_CHAIN_COMPLETE,True
5567421,3,True,True,True,True,False,2,0,True,TEMPORAL_SEQUENCE_VALID,ANALYTIC_WITH_COMPONENT_WARNING,DIRECT_ROWS_RBW_COUNT_UNKNOWN,False
5567422,7,True,False,True,False,False,6,1,False,INTRA_TRIP_DURATION_IMPLAUSIBLE,ANALYTIC_WITH_COMPONENT_WARNING,DIRECT_ROWS_RBW_COUNT_UNKNOWN,False
5567423,2,True,True,True,True,False,1,0,True,TEMPORAL_SEQUENCE_VALID,CORE_STRICT_COUNT,DIRECT_REPORTED_CHAIN_COMPLETE,True
5579671,2,True,True,True,True,False,1,0,True,TEMPORAL_SEQUENCE_VALID,CORE_STRICT_COUNT,DIRECT_REPORTED_CHAIN_COMPLETE,True
5579673,2,True,True,True,True,False,1,0,True,TEMPORAL_SEQUENCE_VALID,CORE_STRICT_COUNT,DIRECT_REPORTED_CHAIN_COMPLETE,True
5579674,2,True,True,True,True,False,1,0,True,TEMPORAL_SEQUENCE_VALID,CORE_STRICT_COUNT,DIRECT_REPORTED_CHAIN_COMPLETE,True
5583441,6,True,True,True,True,False,5,0,True,TEMPORAL_SEQUENCE_VALID,CORE_STRICT_COUNT,DIRECT_REPORTED_CHAIN_COMPLETE,True
5583442,10,True,True,True,True,False,9,0,True,TEMPORAL_SEQUENCE_VALID,CORE_STRICT_COUNT,DIRECT_REPORTED_CHAIN_COMPLETE,True
5589001,2,True,True,True,True,False,1,0,True,TEMPORAL_SEQUENCE_VALID,CORE_STRICT_COUNT,DIRECT_REPORTED_CHAIN_COMPLETE,True
5592701,8,True,True,True,True,False,7,0,True,TEMPORAL_SEQUENCE_VALID,CORE_STRICT_COUNT,DIRECT_ROWS_PLUS_UNDETAILED_TRIPS,False
5600161,5,True,True,True,False,False,4,1,False,INTER_TRIP_OVERLAP_OR_NEXTDAY_CONFLICT,CORE_STRICT_COUNT,DIRECT_REPORTED_CHAIN_COMPLETE,False
5602222,2,True,True,True,True,False,1,0,True,TEMPORAL_SEQUENCE_VALID,CORE_STRICT_COUNT,DIRECT_REPORTED_CHAIN_COMPLETE,True
5602223,3,True,False,True,True,False,2,0,False,INTRA_TRIP_DURATION_IMPLAUSIBLE,CORE_STRICT_COUNT,DIRECT_REPORTED_CHAIN_COMPLETE,False
5608331,2,True,True,True,True,False,1,0,True,TEMPORAL_SEQUENCE_VALID,CORE_STRICT_COUNT,DIRECT_REPORTED_CHAIN_COMPLETE,True
5608332,2,True,True,True,True,False,1,0,True,TEMPORAL_SEQUENCE_VALID,CORE_STRICT_COUNT,DIRECT_REPORTED_CHAIN_COMPLETE,True
5611481,3,True,True,True,True,False,2,0,True,TEMPORAL_SEQUENCE_VALID,CORE_STRICT_COUNT,DIRECT_REPORTED_CHAIN_COMPLETE,True
5616651,4,True,True,True,True,False,3,0,True,TEMPORAL_SEQUENCE_VALID,CORE_STRICT_COUNT,DIRECT_REPORTED_CHAIN_COMPLETE,True
5619501,3,True,True,True,True,False,2,0,True,TEMPORAL_SEQUENCE_VALID,CORE_STRICT_COUNT,DIRECT_REPORTED_CHAIN_COMPLETE,True
5619502,5,True,True,True,True,False,4,0,True,TEMPORAL_SEQUENCE_VALID,CORE_STRICT_COUNT,DIRECT_REPORTED_CHAIN_COMPLETE,True
5626231,2,True,True,True,True,False,1,0,True,TEMPORAL_SEQUENCE_VALID,CORE_STRICT_COUNT,MIXED_DIRECT_RBW_UNTIMED,False
5626251,2,True,True,True,True,False,1,0,True,TEMPORAL_SEQUENCE_VALID,CORE_STRICT_COUNT,DIRECT_REPORTED_CHAIN_COMPLETE,True
5626252,3,True,True,True,True,False,2,0,True,TEMPORAL_SEQUENCE_VALID,CORE_STRICT_COUNT,DIRECT_REPORTED_CHAIN_COMPLETE,True
5626841,2,True,True,True,True,False,1,0,True,TEMPORAL_SEQUENCE_VALID,CORE_STRICT_COUNT,DIRECT_REPORTED_CHAIN_COMPLETE,True
5629691,2,True,True,True,True,False,1,0,True,TEMPORAL_SEQUENCE_VALID,CORE_STRICT_COUNT,DIRECT_REPORTED_CHAIN_COMPLETE,True
5629692,4,True,True,True,True,False,3,0,True,TEMPORAL_SEQUENCE_VALID,CORE_STRICT_COUNT,DIRECT_REPORTED_CHAIN_COMPLETE,True
5629694,3,True,True,True,True,False,2,0,True,TEMPORAL_SEQUENCE_VALID,CORE_STRICT_COUNT,DIRECT_REPORTED_CHAIN_COMPLETE,True
5640111,4,True,True,True,True,False,3,0,True,TEMPORAL_SEQUENCE_VALID,CORE_STRICT_COUNT,DIRECT_REPORTED_CHAIN_COMPLETE,True
5640112,4,True,True,True,True,False,3,0,True,TEMPORAL_SEQUENCE_VALID,CORE_STRICT_COUNT,DIRECT_REPORTED_CHAIN_COMPLETE,True
5641231,3,True,True,True,True,False,2,0,True,TEMPORAL_SEQUENCE_VALID,CORE_STRICT_COUNT,MIXED_DIRECT_RBW_UNTIMED,False
5641232,3,True,True,True,True,False,2,0,True,TEMPORAL_SEQUENCE_VALID,ANALYTIC_WITH_COMPONENT_WARNING,DIRECT_ROWS_RBW_COUNT_UNKNOWN,False
5641233,2,True,True,True,True,False,1,0,True,TEMPORAL_SEQUENCE_VALID,CORE_STRICT_COUNT,DIRECT_REPORTED_CHAIN_COMPLETE,True
5646861,3,True,True,True,True,False,2,0,True,TEMPORAL_SEQUENCE_VALID,CORE_STRICT_COUNT,DIRECT_REPORTED_CHAIN_COMPLETE,True
5646862,2,True,True,True,True,False,1,0,True,TEMPORAL_SEQUENCE_VALID,CORE_STRICT_COUNT,DIRECT_REPORTED_CHAIN_COMPLETE,True
5652441,5,True,True,True,True,False,4,0,True,TEMPORAL_SEQUENCE_VALID,CORE_STRICT_COUNT,DIRECT_REPORTED_CHAIN_COMPLETE,True
5652442,5,True,True,True,True,False,4,0,True,TEMPORAL_SEQUENCE_VALID,CORE_STRICT_COUNT,DIRECT_REPORTED_CHAIN_COMPLETE,True
5652443,3,True,True,True,True,False,2,0,True,TEMPORAL_SEQUENCE_VALID,CORE_STRICT_COUNT,DIRECT_REPORTED_CHAIN_COMPLETE,True
5652444,3,True,True,True,True,False,2,0,True,TEMPORAL_SEQUENCE_VALID,CORE_STRICT_COUNT,DIRECT_REPORTED_CHAIN_COMPLETE,True
5652691,3,True,True,True,True,False,2,0,True,TEMPORAL_SEQUENCE_VALID,CORE_STRICT_COUNT,DIRECT_REPORTED_CHAIN_COMPLETE,True
5652692,5,True,True,True,True,False,4,0,True,TEMPORAL_SEQUENCE_VALID,CORE_STRICT_COUNT,DIRECT_REPORTED_CHAIN_COMPLETE,True
5652693,2,True,True,True,True,False,1,0,True,TEMPORAL_SEQUENCE_VALID,CORE_STRICT_COUNT,DIRECT_REPORTED_CHAIN_COMPLETE,True
5659321,2,True,True,True,True,False,1,0,True,TEMPORAL_SEQUENCE_VALID,CORE_STRICT_COUNT,DIRECT_REPORTED_CHAIN_COMPLETE,True
5662121,2,True,True,True,True,False,1,0,True,TEMPORAL_SEQUENCE_VALID,CORE_STRICT_COUNT,DIRECT_REPORTED_CHAIN_COMPLETE,True
5662122,2,True,True,True,True,False,1,0,True,TEMPORAL_SEQUENCE_VALID,CORE_STRICT_COUNT,DIRECT_REPORTED_CHAIN_COMPLETE,True
5677051,2,True,True,True,True,False,1,0,True,TEMPORAL_SEQUENCE_VALID,CORE_STRICT_COUNT,DIRECT_REPORTED_CHAIN_COMPLETE,True
5687951,2,False,False,True,True,False,1,0,False,TIME_COMPONENT_MISSING,CORE_STRICT_COUNT,DIRECT_REPORTED_CHAIN_COMPLETE,False
5690471,5,True,True,True,True,False,4,0,True,TEMPORAL_SEQUENCE_VALID,CORE_STRICT_COUNT,DIRECT_REPORTED_CHAIN_COMPLETE,True
5690472,7,True,True,True,True,False,6,0,True,TEMPORAL_SEQUENCE_VALID,CORE_STRICT_COUNT,DIRECT_REPORTED_CHAIN_COMPLETE,True
5690473,3,True,True,True,True,False,2,0,True,TEMPORAL_SEQUENCE_VALID,CORE_STRICT_COUNT,DIRECT_REPORTED_CHAIN_COMPLETE,True
5690474,4,True,True,True,True,False,3,0,True,TEMPORAL_SEQUENCE_VALID,CORE_STRICT_COUNT,DIRECT_REPORTED_CHAIN_COMPLETE,True
5704081,4,True,True,True,True,False,3,0,True,TEMPORAL_SEQUENCE_VALID,CORE_STRICT_COUNT,DIRECT_REPORTED_CHAIN_COMPLETE,True
5704082,3,True,True,True,True,False,2,0,True,TEMPORAL_SEQUENCE_VALID,CORE_STRICT_COUNT,DIRECT_REPORTED_CHAIN_COMPLETE,True
5704083,2,True,True,True,True,False,1,0,True,TEMPORAL_SEQUENCE_VALID,CORE_STRICT_COUNT,DIRECT_REPORTED_CHAIN_COMPLETE,True
5704084,6,True,True,True,True,False,5,0,True,TEMPORAL_SEQUENCE_VALID,CORE_STRICT_COUNT,DIRECT_REPORTED_CHAIN_COMPLETE,True
5705821,2,True,True,True,True,False,1,0,True,TEMPORAL_SEQUENCE_VALID,CORE_STRICT_COUNT,DIRECT_REPORTED_CHAIN_COMPLETE,True
5705822,2,True,True,True,True,False,1,0,True,TEMPORAL_SEQUENCE_VALID,CORE_STRICT_COUNT,DIRECT_REPORTED_CHAIN_COMPLETE,True
5841361,2,True,True,True,True,False,1,0,True,TEMPORAL_SEQUENCE_VALID,CORE_STRICT_COUNT,DIRECT_REPORTED_CHAIN_COMPLETE,True
5977561,5,True,True,True,True,False,4,0,True,TEMPORAL_SEQUENCE_VALID,CORE_STRICT_COUNT,DIRECT_REPORTED_CHAIN_COMPLETE,True
10118761,6,True,True,True,True,False,5,0,True,TEMPORAL_SEQUENCE_VALID,CORE_STRICT_COUNT,DIRECT_REPORTED_CHAIN_COMPLETE,True
10232021,5,True,True,True,False,False,4,1,False,INTER_TRIP_OVERLAP_OR_NEXTDAY_CONFLICT,CORE_STRICT_COUNT,DIRECT_REPORTED_CHAIN_COMPLETE,False
10232022,1,True,True,True,True,False,0,0,True,TEMPORAL_SEQUENCE_VALID,CORE_STRICT_COUNT,DIRECT_REPORTED_CHAIN_COMPLETE,True
10232023,4,True,True,True,True,False,3,0,True,TEMPORAL_SEQUENCE_VALID,CORE_STRICT_COUNT,MIXED_DIRECT_RBW_UNTIMED,False
10232024,2,True,True,True,True,False,1,0,True,TEMPORAL_SEQUENCE_VALID,CORE_STRICT_COUNT,DIRECT_REPORTED_CHAIN_COMPLETE,True
10232025,3,True,True,True,True,False,2,0,True,TEMPORAL_SEQUENCE_VALID,CORE_STRICT_COUNT,DIRECT_REPORTED_CHAIN_COMPLETE,True
10248631,4,True,True,True,True,False,3,0,True,TEMPORAL_SEQUENCE_VALID,CORE_STRICT_COUNT,DIRECT_REPORTED_CHAIN_COMPLETE,True
10248632,4,True,True,True,True,False,3,0,True,TEMPORAL_SEQUENCE_VALID,CORE_STRICT_COUNT,DIRECT_REPORTED_CHAIN_COMPLETE,True
10307411,9,True,True,True,True,False,8,0,True,TEMPORAL_SEQUENCE_VALID,CORE_STRICT_COUNT,DIRECT_REPORTED_CHAIN_COMPLETE,True
10307412,2,True,True,True,True,False,1,0,True,TEMPORAL_SEQUENCE_VALID,CORE_STRICT_COUNT,DIRECT_REPORTED_CHAIN_COMPLETE,True
10307413,5,True,True,True,True,False,4,0,True,TEMPORAL_SEQUENCE_VALID,CORE_STRICT_COUNT,DIRECT_REPORTED_CHAIN_COMPLETE,True
10307414,5,True,True,True,True,False,4,0,True,TEMPORAL_SEQUENCE_VALID,CORE_STRICT_COUNT,DIRECT_REPORTED_CHAIN_COMPLETE,True
10400821,4,True,True,True,True,False,3,0,True,TEMPORAL_SEQUENCE_VALID,CORE_STRICT_COUNT,DIRECT_REPORTED_CHAIN_COMPLETE,True
10493521,6,True,True,True,True,False,5,0,True,TEMPORAL_SEQUENCE_VALID,CORE_STRICT_COUNT,DIRECT_REPORTED_CHAIN_COMPLETE,True
10843011,4,True,True,True,True,False,3,0,True,TEMPORAL_SEQUENCE_VALID,CORE_STRICT_COUNT,MIXED_DIRECT_RBW_UNTIMED,False
10843012,2,True,True,True,True,False,1,0,True,TEMPORAL_SEQUENCE_VALID,CORE_STRICT_COUNT,DIRECT_REPORTED_CHAIN_COMPLETE,True
11546492,2,True,True,True,True,False,1,0,True,TEMPORAL_SEQUENCE_VALID,CORE_STRICT_COUNT,DIRECT_REPORTED_CHAIN_COMPLETE,True
11704201,7,True,True,True,True,False,6,0,True,TEMPORAL_SEQUENCE_VALID,CORE_STRICT_COUNT,DIRECT_REPORTED_CHAIN_COMPLETE,True
11704202,6,True,True,True,True,False,5,0,True,TEMPORAL_SEQUENCE_VALID,CORE_STRICT_COUNT,DIRECT_REPORTED_CHAIN_COMPLETE,True
11863961,5,True,True,True,True,False,4,0,True,TEMPORAL_SEQUENCE_VALID,CORE_STRICT_COUNT,DIRECT_REPORTED_CHAIN_COMPLETE,True
11865951,6,True,True,True,True,False,5,0,True,TEMPORAL_SEQUENCE_VALID,CORE_STRICT_COUNT,DIRECT_REPORTED_CHAIN_COMPLETE,True
12128811,4,True,True,True,True,False,3,0,True,TEMPORAL_SEQUENCE_VALID,CORE_STRICT_COUNT,DIRECT_REPORTED_CHAIN_COMPLETE,True
12294221,8,True,True,True,True,False,7,0,True,TEMPORAL_SEQUENCE_VALID,CORE_STRICT_COUNT,DIRECT_REPORTED_CHAIN_COMPLETE,True
12294222,2,True,True,True,True,False,1,0,True,TEMPORAL_SEQUENCE_VALID,CORE_STRICT_COUNT,DIRECT_REPORTED_CHAIN_COMPLETE,True
12371661,2,True,True,True,True,False,1,0,True,TEMPORAL_SEQUENCE_VALID,CORE_STRICT_COUNT,DIRECT_REPORTED_CHAIN_COMPLETE,True
12388611,4,True,True,True,True,False,3,0,True,TEMPORAL_SEQUENCE_VALID,CORE_STRICT_COUNT,DIRECT_REPORTED_CHAIN_COMPLETE,True
12388612,5,True,True,True,True,False,4,0,True,TEMPORAL_SEQUENCE_VALID,CORE_STRICT_COUNT,DIRECT_REPORTED_CHAIN_COMPLETE,True
12421632,3,True,True,True,True,False,2,0,True,TEMPORAL_SEQUENCE_VALID,CORE_STRICT_COUNT,DIRECT_REPORTED_CHAIN_COMPLETE,True
12534001,4,True,True,True,True,False,3,0,True,TEMPORAL_SEQUENCE_VALID,CORE_STRICT_COUNT,DIRECT_REPORTED_CHAIN_COMPLETE,True
12964961,2,True,True,True,True,False,1,0,True,TEMPORAL_SEQUENCE_VALID,CORE_STRICT_COUNT,DIRECT_REPORTED_CHAIN_COMPLETE,True
13005911,3,True,True,True,True,False,2,0,True,TEMPORAL_SEQUENCE_VALID,CORE_STRICT_COUNT,MIXED_DIRECT_RBW_UNTIMED,False
13393891,2,True,True,True,True,False,1,0,True,TEMPORAL_SEQUENCE_VALID,CORE_STRICT_COUNT,DIRECT_REPORTED_CHAIN_COMPLETE,True
13414961,2,True,True,True,True,False,1,0,True,TEMPORAL_SEQUENCE_VALID,CORE_STRICT_COUNT,DIRECT_REPORTED_CHAIN_COMPLETE,True
13475601,4,True,True,True,True,False,3,0,True,TEMPORAL_SEQUENCE_VALID,CORE_STRICT_COUNT,DIRECT_REPORTED_CHAIN_COMPLETE,True
13475602,5,True,True,True,True,False,4,0,True,TEMPORAL_SEQUENCE_VALID,CORE_STRICT_COUNT,DIRECT_REPORTED_CHAIN_COMPLETE,True
13475603,4,True,True,True,True,False,3,0,True,TEMPORAL_SEQUENCE_VALID,CORE_STRICT_COUNT,DIRECT_REPORTED_CHAIN_COMPLETE,True
13475604,3,True,True,True,True,False,2,0,True,TEMPORAL_SEQUENCE_VALID,CORE_STRICT_COUNT,DIRECT_REPORTED_CHAIN_COMPLETE,True
13681261,3,True,True,True,True,False,2,0,True,TEMPORAL_SEQUENCE_VALID,CORE_STRICT_COUNT,DIRECT_REPORTED_CHAIN_COMPLETE,True
13681262,2,True,True,True,True,False,1,0,True,TEMPORAL_SEQUENCE_VALID,CORE_STRICT_COUNT,DIRECT_REPORTED_CHAIN_COMPLETE,True
13681263,2,True,True,True,True,False,1,0,True,TEMPORAL_SEQUENCE_VALID,CORE_STRICT_COUNT,DIRECT_REPORTED_CHAIN_COMPLETE,True
13681264,2,True,True,True,True,False,1,0,True,TEMPORAL_SEQUENCE_VALID,CORE_STRICT_COUNT,DIRECT_REPORTED_CHAIN_COMPLETE,True
13681265,2,True,True,True,True,False,1,0,True,TEMPORAL_SEQUENCE_VALID,CORE_STRICT_COUNT,DIRECT_REPORTED_CHAIN_COMPLETE,True
13793171,2,True,True,True,True,False,1,0,True,TEMPORAL_SEQUENCE_VALID,CORE_STRICT_COUNT,DIRECT_REPORTED_CHAIN_COMPLETE,True
13813161,2,True,True,True,True,False,1,0,True,TEMPORAL_SEQUENCE_VALID,CORE_STRICT_COUNT,DIRECT_REPORTED_CHAIN_COMPLETE,True
13813162,2,True,True,True,True,False,1,0,True,TEMPORAL_SEQUENCE_VALID,CORE_STRICT_COUNT,DIRECT_REPORTED_CHAIN_COMPLETE,True
13848991,2,True,False,True,True,False,1,0,False,INTRA_TRIP_DURATION_IMPLAUSIBLE,CORE_STRICT_COUNT,DIRECT_REPORTED_CHAIN_COMPLETE,False
13848992,2,True,False,True,True,False,1,0,False,INTRA_TRIP_DURATION_IMPLAUSIBLE,CORE_STRICT_COUNT,DIRECT_REPORTED_CHAIN_COMPLETE,False
13927111,5,True,True,True,True,False,4,0,True,TEMPORAL_SEQUENCE_VALID,CORE_STRICT_COUNT,DIRECT_REPORTED_CHAIN_COMPLETE,True
13927112,4,True,True,True,True,False,3,0,True,TEMPORAL_SEQUENCE_VALID,CORE_STRICT_COUNT,DIRECT_REPORTED_CHAIN_COMPLETE,True
14135461,4,True,True,True,True,False,3,0,True,TEMPORAL_SEQUENCE_VALID,CORE_STRICT_COUNT,DIRECT_REPORTED_CHAIN_COMPLETE,True
14559341,4,True,True,True,True,False,3,0,True,TEMPORAL_SEQUENCE_VALID,CORE_STRICT_COUNT,DIRECT_REPORTED_CHAIN_COMPLETE,True
14828701,2,True,True,True,True,False,1,0,True,TEMPORAL_SEQUENCE_VALID,CORE_STRICT_COUNT,DIRECT_REPORTED_CHAIN_COMPLETE,True
14828702,5,True,True,True,True,False,4,0,True,TEMPORAL_SEQUENCE_VALID,CORE_STRICT_COUNT,DIRECT_REPORTED_CHAIN_COMPLETE,True
14949881,4,True,True,True,True,False,3,0,True,TEMPORAL_SEQUENCE_VALID,CORE_STRICT_COUNT,DIRECT_REPORTED_CHAIN_COMPLETE,True
14949882,4,True,True,True,True,False,3,0,True,TEMPORAL_SEQUENCE_VALID,CORE_STRICT_COUNT,DIRECT_REPORTED_CHAIN_COMPLETE,True
15040121,6,True,True,True,True,False,5,0,True,TEMPORAL_SEQUENCE_VALID,CORE_STRICT_COUNT,DIRECT_REPORTED_CHAIN_COMPLETE,True
15040122,2,True,True,True,True,False,1,0,True,TEMPORAL_SEQUENCE_VALID,CORE_STRICT_COUNT,DIRECT_REPORTED_CHAIN_COMPLETE,True
15674321,5,True,True,True,True,False,4,0,True,TEMPORAL_SEQUENCE_VALID,CORE_STRICT_COUNT,DIRECT_REPORTED_CHAIN_COMPLETE,True
16327201,5,True,True,True,True,False,4,0,True,TEMPORAL_SEQUENCE_VALID,CORE_STRICT_COUNT,DIRECT_REPORTED_CHAIN_COMPLETE,True
16437511,3,True,True,True,True,False,2,0,True,TEMPORAL_SEQUENCE_VALID,CORE_STRICT_COUNT,DIRECT_REPORTED_CHAIN_COMPLETE,True
16458181,2,True,True,True,True,False,1,0,True,TEMPORAL_SEQUENCE_VALID,CORE_STRICT_COUNT,DIRECT_REPORTED_CHAIN_COMPLETE,True
16806841,2,True,True,True,True,False,1,0,True,TEMPORAL_SEQUENCE_VALID,CORE_STRICT_COUNT,DIRECT_REPORTED_CHAIN_COMPLETE,True
16806844,2,True,True,True,True,False,1,0,True,TEMPORAL_SEQUENCE_VALID,CORE_STRICT_COUNT,DIRECT_REPORTED_CHAIN_COMPLETE,True
16855761,6,True,True,True,True,False,5,0,True,TEMPORAL_SEQUENCE_VALID,CORE_STRICT_COUNT,DIRECT_REPORTED_CHAIN_COMPLETE,True
16855762,6,True,True,True,True,False,5,0,True,TEMPORAL_SEQUENCE_VALID,CORE_STRICT_COUNT,DIRECT_REPORTED_CHAIN_COMPLETE,True
16855763,7,True,True,True,True,False,6,0,True,TEMPORAL_SEQUENCE_VALID,CORE_STRICT_COUNT,DIRECT_REPORTED_CHAIN_COMPLETE,True
17378911,6,True,True,True,True,False,5,0,True,TEMPORAL_SEQUENCE_VALID,CORE_STRICT_COUNT,DIRECT_REPORTED_CHAIN_COMPLETE,True
17459821,6,True,True,True,True,False,5,0,True,TEMPORAL_SEQUENCE_VALID,CORE_STRICT_COUNT,DIRECT_REPORTED_CHAIN_COMPLETE,True
17465781,4,True,True,True,True,False,3,0,True,TEMPORAL_SEQUENCE_VALID,CORE_STRICT_COUNT,DIRECT_REPORTED_CHAIN_COMPLETE,True
17465782,3,True,True,True,True,False,2,0,True,TEMPORAL_SEQUENCE_VALID,CORE_STRICT_COUNT,DIRECT_REPORTED_CHAIN_COMPLETE,True
17703101,7,True,True,True,True,False,6,0,True,TEMPORAL_SEQUENCE_VALID,CORE_STRICT_COUNT,DIRECT_REPORTED_CHAIN_COMPLETE,True
17703102,3,True,True,True,True,False,2,0,True,TEMPORAL_SEQUENCE_VALID,CORE_STRICT_COUNT,DIRECT_REPORTED_CHAIN_COMPLETE,True
18125801,2,True,True,True,True,False,1,0,True,TEMPORAL_SEQUENCE_VALID,CORE_STRICT_COUNT,DIRECT_REPORTED_CHAIN_COMPLETE,True
18635821,4,True,True,True,True,False,3,0,True,TEMPORAL_SEQUENCE_VALID,CORE_STRICT_COUNT,DIRECT_REPORTED_CHAIN_COMPLETE,True
18635822,2,True,True,True,True,False,1,0,True,TEMPORAL_SEQUENCE_VALID,CORE_STRICT_COUNT,DIRECT_REPORTED_CHAIN_COMPLETE,True
18672972,2,True,True,True,True,False,1,0,True,TEMPORAL_SEQUENCE_VALID,CORE_STRICT_COUNT,DIRECT_REPORTED_CHAIN_COMPLETE,True
18955111,2,True,True,True,True,False,1,0,True,TEMPORAL_SEQUENCE_VALID,CORE_STRICT_COUNT,DIRECT_REPORTED_CHAIN_COMPLETE,True
18955112,4,True,True,True,True,False,3,0,True,TEMPORAL_SEQUENCE_VALID,CORE_STRICT_COUNT,DIRECT_REPORTED_CHAIN_COMPLETE,True
18957991,2,True,True,True,True,False,1,0,True,TEMPORAL_SEQUENCE_VALID,CORE_STRICT_COUNT,DIRECT_REPORTED_CHAIN_COMPLETE,True
18957992,3,True,True,True,True,False,2,0,True,TEMPORAL_SEQUENCE_VALID,CORE_STRICT_COUNT,DIRECT_REPORTED_CHAIN_COMPLETE,True
18957993,3,True,True,True,True,False,2,0,True,TEMPORAL_SEQUENCE_VALID,CORE_STRICT_COUNT,DIRECT_REPORTED_CHAIN_COMPLETE,True
19636441,4,True,True,True,True,False,3,0,True,TEMPORAL_SEQUENCE_VALID,CORE_STRICT_COUNT,DIRECT_REPORTED_CHAIN_COMPLETE,True
19988771,2,True,True,True,True,False,1,0,True,TEMPORAL_SEQUENCE_VALID,CORE_STRICT_COUNT,DIRECT_REPORTED_CHAIN_COMPLETE,True
19988772,2,True,True,True,True,False,1,0,True,TEMPORAL_SEQUENCE_VALID,CORE_STRICT_COUNT,DIRECT_REPORTED_CHAIN_COMPLETE,True
20073251,5,True,True,True,True,False,4,0,True,TEMPORAL_SEQUENCE_VALID,CORE_STRICT_COUNT,DIRECT_REPORTED_CHAIN_COMPLETE,True
20073252,4,True,True,True,True,False,3,0,True,TEMPORAL_SEQUENCE_VALID,CORE_STRICT_COUNT,DIRECT_REPORTED_CHAIN_COMPLETE,True
20391421,5,True,True,True,True,False,4,0,True,TEMPORAL_SEQUENCE_VALID,CORE_STRICT_COUNT,DIRECT_REPORTED_CHAIN_COMPLETE,True
20391422,4,False,False,True,True,False,3,0,False,TIME_COMPONENT_MISSING,CORE_STRICT_COUNT,DIRECT_REPORTED_CHAIN_COMPLETE,False
20422021,4,True,True,True,True,False,3,0,True,TEMPORAL_SEQUENCE_VALID,CORE_STRICT_COUNT,DIRECT_REPORTED_CHAIN_COMPLETE,True
20704712,6,True,True,True,True,False,5,0,True,TEMPORAL_SEQUENCE_VALID,CORE_STRICT_COUNT,DIRECT_REPORTED_CHAIN_COMPLETE,True
20749801,4,True,True,True,True,False,3,0,True,TEMPORAL_SEQUENCE_VALID,CORE_STRICT_COUNT,DIRECT_REPORTED_CHAIN_COMPLETE,True
20749802,1,True,True,True,True,False,0,0,True,TEMPORAL_SEQUENCE_VALID,CORE_STRICT_COUNT,DIRECT_REPORTED_CHAIN_COMPLETE,True
20923811,2,True,True,True,True,False,1,0,True,TEMPORAL_SEQUENCE_VALID,CORE_STRICT_COUNT,DIRECT_REPORTED_CHAIN_COMPLETE,True
20983912,2,True,True,True,True,False,1,0,True,TEMPORAL_SEQUENCE_VALID,CORE_STRICT_COUNT,DIRECT_REPORTED_CHAIN_COMPLETE,True
20983913,4,True,True,True,True,False,3,0,True,TEMPORAL_SEQUENCE_VALID,CORE_STRICT_COUNT,DIRECT_REPORTED_CHAIN_COMPLETE,True
21097591,5,True,True,True,True,False,4,0,True,TEMPORAL_SEQUENCE_VALID,CORE_STRICT_COUNT,DIRECT_REPORTED_CHAIN_COMPLETE,True
21097592,6,True,True,True,True,False,5,0,True,TEMPORAL_SEQUENCE_VALID,CORE_STRICT_COUNT,DIRECT_REPORTED_CHAIN_COMPLETE,True
21097593,3,True,True,True,True,False,2,0,True,TEMPORAL_SEQUENCE_VALID,CORE_STRICT_COUNT,DIRECT_REPORTED_CHAIN_COMPLETE,True
21302681,4,True,True,True,True,False,3,0,True,TEMPORAL_SEQUENCE_VALID,CORE_STRICT_COUNT,DIRECT_REPORTED_CHAIN_COMPLETE,True
21489481,5,True,True,True,True,False,4,0,True,TEMPORAL_SEQUENCE_VALID,CORE_STRICT_COUNT,DIRECT_REPORTED_CHAIN_COMPLETE,True
21749483,2,True,True,True,True,False,1,0,True,TEMPORAL_SEQUENCE_VALID,CORE_STRICT_COUNT,DIRECT_REPORTED_CHAIN_COMPLETE,True
21749484,2,True,True,True,True,False,1,0,True,TEMPORAL_SEQUENCE_VALID,CORE_STRICT_COUNT,DIRECT_REPORTED_CHAIN_COMPLETE,True
21855581,3,True,True,True,True,False,2,0,True,TEMPORAL_SEQUENCE_VALID,CORE_STRICT_COUNT,DIRECT_REPORTED_CHAIN_COMPLETE,True
21855582,3,True,True,True,True,False,2,0,True,TEMPORAL_SEQUENCE_VALID,CORE_STRICT_COUNT,DIRECT_REPORTED_CHAIN_COMPLETE,True
21855583,5,True,True,True,True,False,4,0,True,TEMPORAL_SEQUENCE_VALID,CORE_STRICT_COUNT,DIRECT_REPORTED_CHAIN_COMPLETE,True
21855584,2,True,True,True,True,False,1,0,True,TEMPORAL_SEQUENCE_VALID,CORE_STRICT_COUNT,DIRECT_REPORTED_CHAIN_COMPLETE,True
21906261,2,True,True,True,True,False,1,0,True,TEMPORAL_SEQUENCE_VALID,CORE_STRICT_COUNT,DIRECT_REPORTED_CHAIN_COMPLETE,True
22274631,2,True,True,True,True,False,1,0,True,TEMPORAL_SEQUENCE_VALID,CORE_STRICT_COUNT,DIRECT_REPORTED_CHAIN_COMPLETE,True
22274632,4,True,True,True,True,False,3,0,True,TEMPORAL_SEQUENCE_VALID,CORE_STRICT_COUNT,DIRECT_REPORTED_CHAIN_COMPLETE,True
22274633,2,True,True,True,True,False,1,0,True,TEMPORAL_SEQUENCE_VALID,CORE_STRICT_COUNT,DIRECT_REPORTED_CHAIN_COMPLETE,True
22346911,4,True,True,True,True,False,3,0,True,TEMPORAL_SEQUENCE_VALID,CORE_STRICT_COUNT,DIRECT_REPORTED_CHAIN_COMPLETE,True
22525951,6,True,True,True,True,False,5,0,True,TEMPORAL_SEQUENCE_VALID,CORE_STRICT_COUNT,DIRECT_REPORTED_CHAIN_COMPLETE,True
22525952,2,True,True,True,True,False,1,0,True,TEMPORAL_SEQUENCE_VALID,CORE_STRICT_COUNT,DIRECT_REPORTED_CHAIN_COMPLETE,True
22623381,4,True,True,True,True,False,3,0,True,TEMPORAL_SEQUENCE_VALID,CORE_STRICT_COUNT,DIRECT_REPORTED_CHAIN_COMPLETE,True
22781921,3,True,True,True,True,False,2,0,True,TEMPORAL_SEQUENCE_VALID,CORE_STRICT_COUNT,DIRECT_REPORTED_CHAIN_COMPLETE,True
22781922,6,True,True,True,True,False,5,0,True,TEMPORAL_SEQUENCE_VALID,CORE_STRICT_COUNT,DIRECT_REPORTED_CHAIN_COMPLETE,True
22781923,4,True,True,True,True,False,3,0,True,TEMPORAL_SEQUENCE_VALID,CORE_STRICT_COUNT,DIRECT_REPORTED_CHAIN_COMPLETE,True
22786681,3,True,True,True,True,False,2,0,True,TEMPORAL_SEQUENCE_VALID,CORE_STRICT_COUNT,DIRECT_REPORTED_CHAIN_COMPLETE,True
22790801,10,True,True,True,True,False,9,0,True,TEMPORAL_SEQUENCE_VALID,CORE_STRICT_COUNT,DIRECT_REPORTED_CHAIN_COMPLETE,True
22950141,4,True,True,True,True,False,3,0,True,TEMPORAL_SEQUENCE_VALID,CORE_STRICT_COUNT,DIRECT_REPORTED_CHAIN_COMPLETE,True
22950142,2,True,True,True,True,False,1,0,True,TEMPORAL_SEQUENCE_VALID,CORE_STRICT_COUNT,DIRECT_REPORTED_CHAIN_COMPLETE,True
23256871,8,True,True,True,True,False,7,0,True,TEMPORAL_SEQUENCE_VALID,CORE_STRICT_COUNT,DIRECT_REPORTED_CHAIN_COMPLETE,True
23256872,5,True,True,True,True,False,4,0,True,TEMPORAL_SEQUENCE_VALID,CORE_STRICT_COUNT,DIRECT_REPORTED_CHAIN_COMPLETE,True
23256873,4,True,True,True,True,False,3,0,True,TEMPORAL_SEQUENCE_VALID,CORE_STRICT_COUNT,DIRECT_REPORTED_CHAIN_COMPLETE,True
23256874,2,True,True,True,True,False,1,0,True,TEMPORAL_SEQUENCE_VALID,CORE_STRICT_COUNT,DIRECT_REPORTED_CHAIN_COMPLETE,True
23283941,4,True,True,True,True,False,3,0,True,TEMPORAL_SEQUENCE_VALID,CORE_STRICT_COUNT,DIRECT_REPORTED_CHAIN_COMPLETE,True
23740631,4,True,True,True,True,False,3,0,True,TEMPORAL_SEQUENCE_VALID,CORE_STRICT_COUNT,DIRECT_REPORTED_CHAIN_COMPLETE,True
23740632,4,True,True,True,True,False,3,0,True,TEMPORAL_SEQUENCE_VALID,CORE_STRICT_COUNT,DIRECT_REPORTED_CHAIN_COMPLETE,True
23860261,4,True,True,True,True,False,3,0,True,TEMPORAL_SEQUENCE_VALID,CORE_STRICT_COUNT,DIRECT_REPORTED_CHAIN_COMPLETE,True
23860262,2,True,True,True,True,False,1,0,True,TEMPORAL_SEQUENCE_VALID,CORE_STRICT_COUNT,DIRECT_REPORTED_CHAIN_COMPLETE,True
23944791,6,True,True,True,True,False,5,0,True,TEMPORAL_SEQUENCE_VALID,CORE_STRICT_COUNT,DIRECT_REPORTED_CHAIN_COMPLETE,True
24186812,4,True,True,True,True,False,3,0,True,TEMPORAL_SEQUENCE_VALID,CORE_STRICT_COUNT,DIRECT_REPORTED_CHAIN_COMPLETE,True
24376661,6,True,True,True,True,False,5,0,True,TEMPORAL_SEQUENCE_VALID,CORE_STRICT_COUNT,DIRECT_REPORTED_CHAIN_COMPLETE,True
24386701,4,True,True,True,True,False,3,0,True,TEMPORAL_SEQUENCE_VALID,CORE_STRICT_COUNT,DIRECT_REPORTED_CHAIN_COMPLETE,True
24386702,4,True,True,True,True,False,3,0,True,TEMPORAL_SEQUENCE_VALID,CORE_STRICT_COUNT,DIRECT_REPORTED_CHAIN_COMPLETE,True
24539561,3,True,True,True,True,False,2,0,True,TEMPORAL_SEQUENCE_VALID,CORE_STRICT_COUNT,DIRECT_REPORTED_CHAIN_COMPLETE,True
24539562,6,True,True,True,True,False,5,0,True,TEMPORAL_SEQUENCE_VALID,CORE_STRICT_COUNT,DIRECT_REPORTED_CHAIN_COMPLETE,True
24666131,2,True,True,True,True,False,1,0,True,TEMPORAL_SEQUENCE_VALID,CORE_STRICT_COUNT,DIRECT_REPORTED_CHAIN_COMPLETE,True
24666132,2,True,True,True,True,False,1,0,True,TEMPORAL_SEQUENCE_VALID,CORE_STRICT_COUNT,DIRECT_REPORTED_CHAIN_COMPLETE,True
24732931,3,True,True,True,True,False,2,0,True,TEMPORAL_SEQUENCE_VALID,CORE_STRICT_COUNT,DIRECT_REPORTED_CHAIN_COMPLETE,True
24732932,2,True,True,True,True,False,1,0,True,TEMPORAL_SEQUENCE_VALID,CORE_STRICT_COUNT,DIRECT_REPORTED_CHAIN_COMPLETE,True
24816421,1,True,True,True,True,False,0,0,True,TEMPORAL_SEQUENCE_VALID,CORE_STRICT_COUNT,DIRECT_REPORTED_CHAIN_COMPLETE,True
24816422,1,True,True,True,True,False,0,0,True,TEMPORAL_SEQUENCE_VALID,CORE_STRICT_COUNT,DIRECT_REPORTED_CHAIN_COMPLETE,True
24990021,4,True,True,True,True,False,3,0,True,TEMPORAL_SEQUENCE_VALID,CORE_STRICT_COUNT,DIRECT_REPORTED_CHAIN_COMPLETE,True
24990022,4,True,True,True,True,False,3,0,True,TEMPORAL_SEQUENCE_VALID,CORE_STRICT_COUNT,DIRECT_REPORTED_CHAIN_COMPLETE,True
25060092,2,True,True,True,True,False,1,0,True,TEMPORAL_SEQUENCE_VALID,CORE_STRICT_COUNT,DIRECT_REPORTED_CHAIN_COMPLETE,True
25114951,3,True,True,True,True,False,2,0,True,TEMPORAL_SEQUENCE_VALID,CORE_STRICT_COUNT,DIRECT_REPORTED_CHAIN_COMPLETE,True
25114952,2,True,True,True,True,False,1,0,True,TEMPORAL_SEQUENCE_VALID,CORE_STRICT_COUNT,DIRECT_REPORTED_CHAIN_COMPLETE,True
25180011,1,True,True,True,True,False,0,0,True,TEMPORAL_SEQUENCE_VALID,CORE_STRICT_COUNT,DIRECT_REPORTED_CHAIN_COMPLETE,True
25180012,3,True,True,True,True,False,2,0,True,TEMPORAL_SEQUENCE_VALID,CORE_STRICT_COUNT,DIRECT_REPORTED_CHAIN_COMPLETE,True
25284751,2,True,True,True,True,False,1,0,True,TEMPORAL_SEQUENCE_VALID,CORE_STRICT_COUNT,DIRECT_REPORTED_CHAIN_COMPLETE,True
25284752,2,True,True,True,True,False,1,0,True,TEMPORAL_SEQUENCE_VALID,CORE_STRICT_COUNT,DIRECT_REPORTED_CHAIN_COMPLETE,True
25691341,6,True,True,True,True,False,5,0,True,TEMPORAL_SEQUENCE_VALID,CORE_STRICT_COUNT,DIRECT_REPORTED_CHAIN_COMPLETE,True
25979091,6,True,True,True,True,False,5,0,True,TEMPORAL_SEQUENCE_VALID,CORE_STRICT_COUNT,DIRECT_REPORTED_CHAIN_COMPLETE,True
26014961,4,True,True,True,True,False,3,0,True,TEMPORAL_SEQUENCE_VALID,CORE_STRICT_COUNT,DIRECT_REPORTED_CHAIN_COMPLETE,True
26248571,2,True,True,True,True,False,1,0,True,TEMPORAL_SEQUENCE_VALID,CORE_STRICT_COUNT,DIRECT_REPORTED_CHAIN_COMPLETE,True
26275911,4,True,True,True,True,False,3,0,True,TEMPORAL_SEQUENCE_VALID,CORE_STRICT_COUNT,DIRECT_REPORTED_CHAIN_COMPLETE,True
26275912,4,True,True,True,True,False,3,0,True,TEMPORAL_SEQUENCE_VALID,CORE_STRICT_COUNT,DIRECT_REPORTED_CHAIN_COMPLETE,True
26453701,5,True,True,True,True,False,4,0,True,TEMPORAL_SEQUENCE_VALID,CORE_STRICT_COUNT,DIRECT_REPORTED_CHAIN_COMPLETE,True
26522541,4,True,True,True,True,False,3,0,True,TEMPORAL_SEQUENCE_VALID,CORE_STRICT_COUNT,DIRECT_REPORTED_CHAIN_COMPLETE,True
26522542,1,True,True,True,True,False,0,0,True,TEMPORAL_SEQUENCE_VALID,CORE_STRICT_COUNT,DIRECT_REPORTED_CHAIN_COMPLETE,True
26582261,2,True,True,True,True,False,1,0,True,TEMPORAL_SEQUENCE_VALID,CORE_STRICT_COUNT,DIRECT_REPORTED_CHAIN_COMPLETE,True
26582262,2,True,True,True,True,False,1,0,True,TEMPORAL_SEQUENCE_VALID,CORE_STRICT_COUNT,DIRECT_REPORTED_CHAIN_COMPLETE,True
26597334,4,True,True,True,True,False,3,0,True,TEMPORAL_SEQUENCE_VALID,CORE_STRICT_COUNT,DIRECT_REPORTED_CHAIN_COMPLETE,True
26597335,4,True,True,True,True,False,3,0,True,TEMPORAL_SEQUENCE_VALID,CORE_STRICT_COUNT,DIRECT_REPORTED_CHAIN_COMPLETE,True
26756371,4,True,True,True,True,False,3,0,True,TEMPORAL_SEQUENCE_VALID,CORE_STRICT_COUNT,DIRECT_REPORTED_CHAIN_COMPLETE,True
26756372,2,True,True,True,True,False,1,0,True,TEMPORAL_SEQUENCE_VALID,CORE_STRICT_COUNT,DIRECT_REPORTED_CHAIN_COMPLETE,True
26845811,3,True,True,True,True,False,2,0,True,TEMPORAL_SEQUENCE_VALID,CORE_STRICT_COUNT,DIRECT_REPORTED_CHAIN_COMPLETE,True
26845812,3,True,True,True,True,False,2,0,True,TEMPORAL_SEQUENCE_VALID,CORE_STRICT_COUNT,DIRECT_REPORTED_CHAIN_COMPLETE,True
26845813,4,True,True,True,True,False,3,0,True,TEMPORAL_SEQUENCE_VALID,CORE_STRICT_COUNT,DIRECT_REPORTED_CHAIN_COMPLETE,True
26845814,3,True,True,True,True,False,2,0,True,TEMPORAL_SEQUENCE_VALID,CORE_STRICT_COUNT,DIRECT_REPORTED_CHAIN_COMPLETE,True
27496821,6,True,True,True,True,False,5,0,True,TEMPORAL_SEQUENCE_VALID,CORE_STRICT_COUNT,DIRECT_REPORTED_CHAIN_COMPLETE,True
27496822,4,True,True,True,True,False,3,0,True,TEMPORAL_SEQUENCE_VALID,CORE_STRICT_COUNT,DIRECT_REPORTED_CHAIN_COMPLETE,True
27496823,4,True,True,True,True,False,3,0,True,TEMPORAL_SEQUENCE_VALID,CORE_STRICT_COUNT,DIRECT_REPORTED_CHAIN_COMPLETE,True
27951791,1,True,True,True,True,False,0,0,True,TEMPORAL_SEQUENCE_VALID,CORE_STRICT_COUNT,DIRECT_REPORTED_CHAIN_COMPLETE,True
27951792,4,True,True,True,True,False,3,0,True,TEMPORAL_SEQUENCE_VALID,CORE_STRICT_COUNT,DIRECT_REPORTED_CHAIN_COMPLETE,True
27951793,2,True,True,True,True,False,1,0,True,TEMPORAL_SEQUENCE_VALID,CORE_STRICT_COUNT,DIRECT_REPORTED_CHAIN_COMPLETE,True
27951794,2,True,True,True,True,False,1,0,True,TEMPORAL_SEQUENCE_VALID,CORE_STRICT_COUNT,DIRECT_REPORTED_CHAIN_COMPLETE,True
28020051,2,True,True,True,True,False,1,0,True,TEMPORAL_SEQUENCE_VALID,CORE_STRICT_COUNT,DIRECT_REPORTED_CHAIN_COMPLETE,True
28020053,2,True,True,True,True,False,1,0,True,TEMPORAL_SEQUENCE_VALID,CORE_STRICT_COUNT,DIRECT_REPORTED_CHAIN_COMPLETE,True
28020055,2,True,True,True,True,False,1,0,True,TEMPORAL_SEQUENCE_VALID,CORE_STRICT_COUNT,DIRECT_REPORTED_CHAIN_COMPLETE,True
28245991,4,True,True,True,True,False,3,0,True,TEMPORAL_SEQUENCE_VALID,CORE_STRICT_COUNT,DIRECT_REPORTED_CHAIN_COMPLETE,True
28245992,6,True,True,True,True,False,5,0,True,TEMPORAL_SEQUENCE_VALID,CORE_STRICT_COUNT,DIRECT_REPORTED_CHAIN_COMPLETE,True
28376891,4,True,True,True,True,False,3,0,True,TEMPORAL_SEQUENCE_VALID,CORE_STRICT_COUNT,DIRECT_REPORTED_CHAIN_COMPLETE,True
28376892,4,True,True,True,True,False,3,0,True,TEMPORAL_SEQUENCE_VALID,CORE_STRICT_COUNT,DIRECT_REPORTED_CHAIN_COMPLETE,True
28376893,2,True,True,True,True,False,1,0,True,TEMPORAL_SEQUENCE_VALID,CORE_STRICT_COUNT,DIRECT_REPORTED_CHAIN_COMPLETE,True
28643891,3,True,True,True,True,False,2,0,True,TEMPORAL_SEQUENCE_VALID,CORE_STRICT_COUNT,DIRECT_REPORTED_CHAIN_COMPLETE,True
28962801,2,True,True,True,True,False,1,0,True,TEMPORAL_SEQUENCE_VALID,CORE_STRICT_COUNT,DIRECT_REPORTED_CHAIN_COMPLETE,True
28962803,2,True,True,True,True,False,1,0,True,TEMPORAL_SEQUENCE_VALID,CORE_STRICT_COUNT,DIRECT_REPORTED_CHAIN_COMPLETE,True
29223041,2,True,True,True,True,False,1,0,True,TEMPORAL_SEQUENCE_VALID,CORE_STRICT_COUNT,DIRECT_REPORTED_CHAIN_COMPLETE,True
29223042,2,True,True,True,True,False,1,0,True,TEMPORAL_SEQUENCE_VALID,CORE_STRICT_COUNT,DIRECT_REPORTED_CHAIN_COMPLETE,True
29398201,2,True,True,True,True,False,1,0,True,TEMPORAL_SEQUENCE_VALID,CORE_STRICT_COUNT,DIRECT_REPORTED_CHAIN_COMPLETE,True
30105721,2,True,True,True,True,False,1,0,True,TEMPORAL_SEQUENCE_VALID,CORE_STRICT_COUNT,DIRECT_REPORTED_CHAIN_COMPLETE,True
30482271,6,True,True,True,True,False,5,0,True,TEMPORAL_SEQUENCE_VALID,CORE_STRICT_COUNT,DIRECT_REPORTED_CHAIN_COMPLETE,True
30482272,2,True,True,True,True,False,1,0,True,TEMPORAL_SEQUENCE_VALID,CORE_STRICT_COUNT,DIRECT_REPORTED_CHAIN_COMPLETE,True
30482273,4,True,True,True,True,False,3,0,True,TEMPORAL_SEQUENCE_VALID,CORE_STRICT_COUNT,DIRECT_REPORTED_CHAIN_COMPLETE,True
30482274,6,True,True,True,True,False,5,0,True,TEMPORAL_SEQUENCE_VALID,CORE_STRICT_COUNT,DIRECT_REPORTED_CHAIN_COMPLETE,True
30521971,2,True,True,True,True,False,1,0,True,TEMPORAL_SEQUENCE_VALID,CORE_STRICT_COUNT,DIRECT_REPORTED_CHAIN_COMPLETE,True
30946981,4,True,True,True,True,False,3,0,True,TEMPORAL_SEQUENCE_VALID,CORE_STRICT_COUNT,DIRECT_REPORTED_CHAIN_COMPLETE,True
30973601,7,True,True,True,True,False,6,0,True,TEMPORAL_SEQUENCE_VALID,CORE_STRICT_COUNT,DIRECT_REPORTED_CHAIN_COMPLETE,True
31066411,5,True,True,True,True,False,4,0,True,TEMPORAL_SEQUENCE_VALID,CORE_STRICT_COUNT,DIRECT_REPORTED_CHAIN_COMPLETE,True
31262001,4,True,True,True,True,False,3,0,True,TEMPORAL_SEQUENCE_VALID,CORE_STRICT_COUNT,DIRECT_REPORTED_CHAIN_COMPLETE,True
31262002,1,True,True,True,True,False,0,0,True,TEMPORAL_SEQUENCE_VALID,CORE_STRICT_COUNT,DIRECT_REPORTED_CHAIN_COMPLETE,True
31331751,3,True,True,True,False,False,2,1,False,INTER_TRIP_OVERLAP_OR_NEXTDAY_CONFLICT,CORE_STRICT_COUNT,MIXED_DIRECT_RBW_UNTIMED,False
31457401,5,True,True,True,True,False,4,0,True,TEMPORAL_SEQUENCE_VALID,CORE_STRICT_COUNT,DIRECT_REPORTED_CHAIN_COMPLETE,True
31457403,3,True,True,True,True,False,2,0,True,TEMPORAL_SEQUENCE_VALID,CORE_STRICT_COUNT,DIRECT_REPORTED_CHAIN_COMPLETE,True
31457404,3,True,True,True,True,False,2,0,True,TEMPORAL_SEQUENCE_VALID,CORE_STRICT_COUNT,DIRECT_REPORTED_CHAIN_COMPLETE,True
31457405,5,True,True,True,True,False,4,0,True,TEMPORAL_SEQUENCE_VALID,CORE_STRICT_COUNT,DIRECT_REPORTED_CHAIN_COMPLETE,True
31735671,6,True,True,True,True,False,5,0,True,TEMPORAL_SEQUENCE_VALID,CORE_STRICT_COUNT,DIRECT_REPORTED_CHAIN_COMPLETE,True
31851901,6,True,True,True,True,False,5,0,True,TEMPORAL_SEQUENCE_VALID,CORE_STRICT_COUNT,DIRECT_REPORTED_CHAIN_COMPLETE,True
31851902,4,True,True,True,True,False,3,0,True,TEMPORAL_SEQUENCE_VALID,CORE_STRICT_COUNT,DIRECT_REPORTED_CHAIN_COMPLETE,True
31851903,4,True,True,True,True,False,3,0,True,TEMPORAL_SEQUENCE_VALID,CORE_STRICT_COUNT,DIRECT_REPORTED_CHAIN_COMPLETE,True
32561361,4,True,True,True,True,False,3,0,True,TEMPORAL_SEQUENCE_VALID,CORE_STRICT_COUNT,DIRECT_REPORTED_CHAIN_COMPLETE,True
32561363,2,True,True,True,True,False,1,0,True,TEMPORAL_SEQUENCE_VALID,CORE_STRICT_COUNT,DIRECT_REPORTED_CHAIN_COMPLETE,True
32691661,2,True,True,True,True,False,1,0,True,TEMPORAL_SEQUENCE_VALID,CORE_STRICT_COUNT,DIRECT_REPORTED_CHAIN_COMPLETE,True
32691662,3,True,True,True,True,False,2,0,True,TEMPORAL_SEQUENCE_VALID,CORE_STRICT_COUNT,DIRECT_REPORTED_CHAIN_COMPLETE,True
32795461,2,True,True,True,True,False,1,0,True,TEMPORAL_SEQUENCE_VALID,CORE_STRICT_COUNT,DIRECT_REPORTED_CHAIN_COMPLETE,True
32795462,3,True,True,True,True,False,2,0,True,TEMPORAL_SEQUENCE_VALID,CORE_STRICT_COUNT,DIRECT_REPORTED_CHAIN_COMPLETE,True
32799191,2,True,True,True,True,False,1,0,True,TEMPORAL_SEQUENCE_VALID,CORE_STRICT_COUNT,DIRECT_REPORTED_CHAIN_COMPLETE,True
33168471,1,True,True,True,True,False,0,0,True,TEMPORAL_SEQUENCE_VALID,CORE_STRICT_COUNT,DIRECT_REPORTED_CHAIN_COMPLETE,True
33168472,1,True,True,True,True,False,0,0,True,TEMPORAL_SEQUENCE_VALID,CORE_STRICT_COUNT,DIRECT_REPORTED_CHAIN_COMPLETE,True
33282061,6,True,True,True,True,False,5,0,True,TEMPORAL_SEQUENCE_VALID,CORE_STRICT_COUNT,DIRECT_REPORTED_CHAIN_COMPLETE,True
33531111,4,True,True,True,True,False,3,0,True,TEMPORAL_SEQUENCE_VALID,CORE_STRICT_COUNT,DIRECT_REPORTED_CHAIN_COMPLETE,True
33626161,1,True,True,True,True,False,0,0,True,TEMPORAL_SEQUENCE_VALID,CORE_STRICT_COUNT,DIRECT_REPORTED_CHAIN_COMPLETE,True
33626162,3,True,True,True,True,False,2,0,True,TEMPORAL_SEQUENCE_VALID,CORE_STRICT_COUNT,DIRECT_REPORTED_CHAIN_COMPLETE,True
33626164,3,True,True,True,True,False,2,0,True,TEMPORAL_SEQUENCE_VALID,CORE_STRICT_COUNT,DIRECT_REPORTED_CHAIN_COMPLETE,True
34241451,3,True,True,True,True,False,2,0,True,TEMPORAL_SEQUENCE_VALID,CORE_STRICT_COUNT,DIRECT_REPORTED_CHAIN_COMPLETE,True
34438971,2,True,True,True,True,False,1,0,True,TEMPORAL_SEQUENCE_VALID,CORE_STRICT_COUNT,DIRECT_REPORTED_CHAIN_COMPLETE,True
34622671,3,True,True,True,True,False,2,0,True,TEMPORAL_SEQUENCE_VALID,CORE_STRICT_COUNT,DIRECT_REPORTED_CHAIN_COMPLETE,True
34927751,2,True,True,True,True,False,1,0,True,TEMPORAL_SEQUENCE_VALID,CORE_STRICT_COUNT,DIRECT_REPORTED_CHAIN_COMPLETE,True
35082251,3,True,True,True,True,False,2,0,True,TEMPORAL_SEQUENCE_VALID,CORE_STRICT_COUNT,DIRECT_REPORTED_CHAIN_COMPLETE,True
35187171,2,True,True,True,True,False,1,0,True,TEMPORAL_SEQUENCE_VALID,CORE_STRICT_COUNT,DIRECT_REPORTED_CHAIN_COMPLETE,True
35195611,2,True,True,True,True,False,1,0,True,TEMPORAL_SEQUENCE_VALID,CORE_STRICT_COUNT,DIRECT_REPORTED_CHAIN_COMPLETE,True
35379811,3,True,True,True,True,False,2,0,True,TEMPORAL_SEQUENCE_VALID,CORE_STRICT_COUNT,MIXED_DIRECT_RBW_UNTIMED,False
35379812,3,True,True,True,True,False,2,0,True,TEMPORAL_SEQUENCE_VALID,CORE_STRICT_COUNT,DIRECT_REPORTED_CHAIN_COMPLETE,True
36120391,2,True,True,True,True,False,1,0,True,TEMPORAL_SEQUENCE_VALID,CORE_STRICT_COUNT,DIRECT_REPORTED_CHAIN_COMPLETE,True
36120392,3,True,True,True,True,False,2,0,True,TEMPORAL_SEQUENCE_VALID,CORE_STRICT_COUNT,DIRECT_REPORTED_CHAIN_COMPLETE,True
36224001,2,True,True,True,True,False,1,0,True,TEMPORAL_SEQUENCE_VALID,CORE_STRICT_COUNT,DIRECT_REPORTED_CHAIN_COMPLETE,True
36629351,2,True,True,True,True,False,1,0,True,TEMPORAL_SEQUENCE_VALID,CORE_STRICT_COUNT,DIRECT_REPORTED_CHAIN_COMPLETE,True
36629352,2,True,True,True,True,False,1,0,True,TEMPORAL_SEQUENCE_VALID,CORE_STRICT_COUNT,DIRECT_REPORTED_CHAIN_COMPLETE,True
36694191,5,True,True,True,True,False,4,0,True,TEMPORAL_SEQUENCE_VALID,CORE_STRICT_COUNT,MIXED_DIRECT_RBW_UNTIMED,False
36776861,2,True,True,True,True,False,1,0,True,TEMPORAL_SEQUENCE_VALID,CORE_STRICT_COUNT,DIRECT_REPORTED_CHAIN_COMPLETE,True
36890091,4,True,True,True,True,False,3,0,True,TEMPORAL_SEQUENCE_VALID,CORE_STRICT_COUNT,DIRECT_REPORTED_CHAIN_COMPLETE,True
37031131,4,True,True,True,True,False,3,0,True,TEMPORAL_SEQUENCE_VALID,CORE_STRICT_COUNT,DIRECT_REPORTED_CHAIN_COMPLETE,True
37031132,4,True,True,True,True,False,3,0,True,TEMPORAL_SEQUENCE_VALID,CORE_STRICT_COUNT,DIRECT_REPORTED_CHAIN_COMPLETE,True
37031133,2,True,True,True,True,False,1,0,True,TEMPORAL_SEQUENCE_VALID,CORE_STRICT_COUNT,DIRECT_REPORTED_CHAIN_COMPLETE,True
37824222,2,True,True,True,True,False,1,0,True,TEMPORAL_SEQUENCE_VALID,CORE_STRICT_COUNT,DIRECT_REPORTED_CHAIN_COMPLETE,True
37901331,5,True,True,True,True,False,4,0,True,TEMPORAL_SEQUENCE_VALID,CORE_STRICT_COUNT,DIRECT_REPORTED_CHAIN_COMPLETE,True
37907931,6,True,True,True,True,False,5,0,True,TEMPORAL_SEQUENCE_VALID,CORE_STRICT_COUNT,DIRECT_REPORTED_CHAIN_COMPLETE,True
38746481,6,True,True,True,True,False,5,0,True,TEMPORAL_SEQUENCE_VALID,CORE_STRICT_COUNT,DIRECT_REPORTED_CHAIN_COMPLETE,True
38803591,1,True,True,True,True,False,0,0,True,TEMPORAL_SEQUENCE_VALID,CORE_STRICT_COUNT,DIRECT_REPORTED_CHAIN_COMPLETE,True
38803592,1,True,True,True,True,False,0,0,True,TEMPORAL_SEQUENCE_VALID,CORE_STRICT_COUNT,DIRECT_REPORTED_CHAIN_COMPLETE,True
38887001,8,True,True,True,True,False,7,0,True,TEMPORAL_SEQUENCE_VALID,CORE_STRICT_COUNT,DIRECT_REPORTED_CHAIN_COMPLETE,True
38887003,8,True,True,True,True,False,7,0,True,TEMPORAL_SEQUENCE_VALID,CORE_STRICT_COUNT,DIRECT_REPORTED_CHAIN_COMPLETE,True
38977091,6,True,True,True,True,False,5,0,True,TEMPORAL_SEQUENCE_VALID,CORE_STRICT_COUNT,DIRECT_REPORTED_CHAIN_COMPLETE,True
39131321,2,True,True,True,True,False,1,0,True,TEMPORAL_SEQUENCE_VALID,CORE_STRICT_COUNT,DIRECT_REPORTED_CHAIN_COMPLETE,True
39342371,6,True,True,True,True,False,5,0,True,TEMPORAL_SEQUENCE_VALID,CORE_STRICT_COUNT,DIRECT_REPORTED_CHAIN_COMPLETE,True
39342372,4,True,True,True,True,False,3,0,True,TEMPORAL_SEQUENCE_VALID,CORE_STRICT_COUNT,DIRECT_REPORTED_CHAIN_COMPLETE,True
39477771,6,True,True,True,True,False,5,0,True,TEMPORAL_SEQUENCE_VALID,CORE_STRICT_COUNT,DIRECT_REPORTED_CHAIN_COMPLETE,True
39622371,5,True,True,True,True,False,4,0,True,TEMPORAL_SEQUENCE_VALID,CORE_STRICT_COUNT,DIRECT_REPORTED_CHAIN_COMPLETE,True
39708531,2,True,True,True,True,False,1,0,True,TEMPORAL_SEQUENCE_VALID,CORE_STRICT_COUNT,DIRECT_REPORTED_CHAIN_COMPLETE,True
39940711,5,True,True,True,True,False,4,0,True,TEMPORAL_SEQUENCE_VALID,CORE_STRICT_COUNT,DIRECT_REPORTED_CHAIN_COMPLETE,True
39940713,4,True,True,True,True,False,3,0,True,TEMPORAL_SEQUENCE_VALID,CORE_STRICT_COUNT,DIRECT_REPORTED_CHAIN_COMPLETE,True
39996631,2,True,True,True,True,False,1,0,True,TEMPORAL_SEQUENCE_VALID,CORE_STRICT_COUNT,DIRECT_REPORTED_CHAIN_COMPLETE,True
39996632,2,True,True,True,True,False,1,0,True,TEMPORAL_SEQUENCE_VALID,CORE_STRICT_COUNT,DIRECT_REPORTED_CHAIN_COMPLETE,True
39996634,2,True,True,True,True,False,1,0,True,TEMPORAL_SEQUENCE_VALID,CORE_STRICT_COUNT,DIRECT_REPORTED_CHAIN_COMPLETE,True
40375971,3,True,True,True,True,False,2,0,True,TEMPORAL_SEQUENCE_VALID,CORE_STRICT_COUNT,DIRECT_REPORTED_CHAIN_COMPLETE,True
40477671,4,True,True,True,True,False,3,0,True,TEMPORAL_SEQUENCE_VALID,CORE_STRICT_COUNT,DIRECT_REPORTED_CHAIN_COMPLETE,True
40477672,2,True,True,True,True,False,1,0,True,TEMPORAL_SEQUENCE_VALID,CORE_STRICT_COUNT,DIRECT_REPORTED_CHAIN_COMPLETE,True
40477673,4,True,True,True,True,False,3,0,True,TEMPORAL_SEQUENCE_VALID,CORE_STRICT_COUNT,DIRECT_REPORTED_CHAIN_COMPLETE,True
40607371,2,True,True,True,True,False,1,0,True,TEMPORAL_SEQUENCE_VALID,CORE_STRICT_COUNT,DIRECT_REPORTED_CHAIN_COMPLETE,True
40699641,5,True,True,True,True,False,4,0,True,TEMPORAL_SEQUENCE_VALID,CORE_STRICT_COUNT,DIRECT_REPORTED_CHAIN_COMPLETE,True
40699642,4,True,True,True,True,False,3,0,True,TEMPORAL_SEQUENCE_VALID,CORE_STRICT_COUNT,DIRECT_REPORTED_CHAIN_COMPLETE,True
40919061,1,True,True,True,True,False,0,0,True,TEMPORAL_SEQUENCE_VALID,CORE_STRICT_COUNT,DIRECT_REPORTED_CHAIN_COMPLETE,True
40960951,4,True,True,True,True,False,3,0,True,TEMPORAL_SEQUENCE_VALID,CORE_STRICT_COUNT,DIRECT_REPORTED_CHAIN_COMPLETE,True
41176431,2,True,True,True,True,False,1,0,True,TEMPORAL_SEQUENCE_VALID,CORE_STRICT_COUNT,DIRECT_REPORTED_CHAIN_COMPLETE,True
41519311,4,True,True,True,True,False,3,0,True,TEMPORAL_SEQUENCE_VALID,CORE_STRICT_COUNT,DIRECT_REPORTED_CHAIN_COMPLETE,True
41519313,2,True,True,True,True,False,1,0,True,TEMPORAL_SEQUENCE_VALID,CORE_STRICT_COUNT,DIRECT_REPORTED_CHAIN_COMPLETE,True
41539951,4,True,True,True,True,False,3,0,True,TEMPORAL_SEQUENCE_VALID,CORE_STRICT_COUNT,DIRECT_REPORTED_CHAIN_COMPLETE,True
41740171,1,True,True,True,True,False,0,0,True,TEMPORAL_SEQUENCE_VALID,CORE_STRICT_COUNT,DIRECT_REPORTED_CHAIN_COMPLETE,True
41740172,1,True,True,True,True,False,0,0,True,TEMPORAL_SEQUENCE_VALID,CORE_STRICT_COUNT,DIRECT_REPORTED_CHAIN_COMPLETE,True
41740173,1,True,True,True,True,False,0,0,True,TEMPORAL_SEQUENCE_VALID,CORE_STRICT_COUNT,DIRECT_REPORTED_CHAIN_COMPLETE,True
41740174,1,True,True,True,True,False,0,0,True,TEMPORAL_SEQUENCE_VALID,CORE_STRICT_COUNT,DIRECT_REPORTED_CHAIN_COMPLETE,True
42034721,3,True,True,True,True,False,2,0,True,TEMPORAL_SEQUENCE_VALID,CORE_STRICT_COUNT,DIRECT_REPORTED_CHAIN_COMPLETE,True
42366401,2,True,True,True,True,False,1,0,True,TEMPORAL_SEQUENCE_VALID,CORE_STRICT_COUNT,DIRECT_REPORTED_CHAIN_COMPLETE,True
42522571,5,True,True,True,True,False,4,0,True,TEMPORAL_SEQUENCE_VALID,CORE_STRICT_COUNT,DIRECT_REPORTED_CHAIN_COMPLETE,True
42522572,6,True,True,True,True,False,5,0,True,TEMPORAL_SEQUENCE_VALID,CORE_STRICT_COUNT,DIRECT_REPORTED_CHAIN_COMPLETE,True
42956941,2,True,True,True,True,False,1,0,True,TEMPORAL_SEQUENCE_VALID,CORE_STRICT_COUNT,DIRECT_REPORTED_CHAIN_COMPLETE,True
42956942,2,True,True,True,True,False,1,0,True,TEMPORAL_SEQUENCE_VALID,CORE_STRICT_COUNT,DIRECT_REPORTED_CHAIN_COMPLETE,True
42956943,2,True,True,True,True,False,1,0,True,TEMPORAL_SEQUENCE_VALID,CORE_STRICT_COUNT,DIRECT_REPORTED_CHAIN_COMPLETE,True
42956944,2,True,True,True,True,False,1,0,True,TEMPORAL_SEQUENCE_VALID,CORE_STRICT_COUNT,DIRECT_REPORTED_CHAIN_COMPLETE,True
42978193,2,True,True,True,True,False,1,0,True,TEMPORAL_SEQUENCE_VALID,CORE_STRICT_COUNT,DIRECT_REPORTED_CHAIN_COMPLETE,True
43022591,1,True,True,True,True,False,0,0,True,TEMPORAL_SEQUENCE_VALID,CORE_STRICT_COUNT,DIRECT_REPORTED_CHAIN_COMPLETE,True
43071551,4,True,True,True,True,False,3,0,True,TEMPORAL_SEQUENCE_VALID,CORE_STRICT_COUNT,DIRECT_REPORTED_CHAIN_COMPLETE,True
43201881,3,True,True,True,True,False,2,0,True,TEMPORAL_SEQUENCE_VALID,CORE_STRICT_COUNT,DIRECT_REPORTED_CHAIN_COMPLETE,True
43201882,2,True,True,True,True,False,1,0,True,TEMPORAL_SEQUENCE_VALID,CORE_STRICT_COUNT,DIRECT_REPORTED_CHAIN_COMPLETE,True
43381461,3,True,True,True,True,False,2,0,True,TEMPORAL_SEQUENCE_VALID,CORE_STRICT_COUNT,DIRECT_REPORTED_CHAIN_COMPLETE,True
43778321,5,True,True,True,True,False,4,0,True,TEMPORAL_SEQUENCE_VALID,CORE_STRICT_COUNT,DIRECT_REPORTED_CHAIN_COMPLETE,True
43778322,2,True,True,True,True,False,1,0,True,TEMPORAL_SEQUENCE_VALID,CORE_STRICT_COUNT,DIRECT_REPORTED_CHAIN_COMPLETE,True
43814101,6,True,True,True,True,False,5,0,True,TEMPORAL_SEQUENCE_VALID,CORE_STRICT_COUNT,DIRECT_REPORTED_CHAIN_COMPLETE,True
44018621,4,True,True,True,True,False,3,0,True,TEMPORAL_SEQUENCE_VALID,CORE_STRICT_COUNT,DIRECT_REPORTED_CHAIN_COMPLETE,True
44053531,2,True,True,True,True,False,1,0,True,TEMPORAL_SEQUENCE_VALID,CORE_STRICT_COUNT,DIRECT_REPORTED_CHAIN_COMPLETE,True
44408491,1,True,True,True,True,False,0,0,True,TEMPORAL_SEQUENCE_VALID,CORE_STRICT_COUNT,DIRECT_REPORTED_CHAIN_COMPLETE,True
44413091,3,True,True,True,True,False,2,0,True,TEMPORAL_SEQUENCE_VALID,CORE_STRICT_COUNT,DIRECT_REPORTED_CHAIN_COMPLETE,True
44413092,3,True,True,True,True,False,2,0,True,TEMPORAL_SEQUENCE_VALID,CORE_STRICT_COUNT,DIRECT_REPORTED_CHAIN_COMPLETE,True
44657871,2,True,True,True,True,False,1,0,True,TEMPORAL_SEQUENCE_VALID,CORE_STRICT_COUNT,DIRECT_REPORTED_CHAIN_COMPLETE,True
44764281,5,True,True,True,True,False,4,0,True,TEMPORAL_SEQUENCE_VALID,CORE_STRICT_COUNT,DIRECT_REPORTED_CHAIN_COMPLETE,True
44764282,4,True,True,True,True,False,3,0,True,TEMPORAL_SEQUENCE_VALID,CORE_STRICT_COUNT,DIRECT_REPORTED_CHAIN_COMPLETE,True
45005651,6,True,True,True,True,False,5,0,True,TEMPORAL_SEQUENCE_VALID,CORE_STRICT_COUNT,DIRECT_REPORTED_CHAIN_COMPLETE,True
45005652,2,True,True,True,True,False,1,0,True,TEMPORAL_SEQUENCE_VALID,CORE_STRICT_COUNT,DIRECT_REPORTED_CHAIN_COMPLETE,True
45080791,4,True,True,True,True,False,3,0,True,TEMPORAL_SEQUENCE_VALID,CORE_STRICT_COUNT,DIRECT_REPORTED_CHAIN_COMPLETE,True
45080792,2,True,True,True,True,False,1,0,True,TEMPORAL_SEQUENCE_VALID,CORE_STRICT_COUNT,DIRECT_REPORTED_CHAIN_COMPLETE,True
45080793,4,True,True,True,True,False,3,0,True,TEMPORAL_SEQUENCE_VALID,CORE_STRICT_COUNT,DIRECT_REPORTED_CHAIN_COMPLETE,True
45320851,2,True,True,True,True,False,1,0,True,TEMPORAL_SEQUENCE_VALID,CORE_STRICT_COUNT,DIRECT_REPORTED_CHAIN_COMPLETE,True
45320853,2,True,True,True,True,False,1,0,True,TEMPORAL_SEQUENCE_VALID,CORE_STRICT_COUNT,DIRECT_REPORTED_CHAIN_COMPLETE,True
45356151,4,True,True,True,True,False,3,0,True,TEMPORAL_SEQUENCE_VALID,CORE_STRICT_COUNT,DIRECT_REPORTED_CHAIN_COMPLETE,True
45356153,2,True,True,True,True,False,1,0,True,TEMPORAL_SEQUENCE_VALID,CORE_STRICT_COUNT,DIRECT_REPORTED_CHAIN_COMPLETE,True
45356154,4,True,True,True,True,False,3,0,True,TEMPORAL_SEQUENCE_VALID,CORE_STRICT_COUNT,DIRECT_REPORTED_CHAIN_COMPLETE,True
45645051,2,True,True,True,True,False,1,0,True,TEMPORAL_SEQUENCE_VALID,CORE_STRICT_COUNT,DIRECT_REPORTED_CHAIN_COMPLETE,True
45645052,2,True,True,True,True,False,1,0,True,TEMPORAL_SEQUENCE_VALID,CORE_STRICT_COUNT,DIRECT_REPORTED_CHAIN_COMPLETE,True
45950291,3,True,True,True,True,False,2,0,True,TEMPORAL_SEQUENCE_VALID,CORE_STRICT_COUNT,DIRECT_REPORTED_CHAIN_COMPLETE,True
45950292,3,True,True,True,True,False,2,0,True,TEMPORAL_SEQUENCE_VALID,CORE_STRICT_COUNT,DIRECT_REPORTED_CHAIN_COMPLETE,True
45950293,3,True,True,True,True,False,2,0,True,TEMPORAL_SEQUENCE_VALID,CORE_STRICT_COUNT,DIRECT_REPORTED_CHAIN_COMPLETE,True
45950294,4,True,True,True,True,False,3,0,True,TEMPORAL_SEQUENCE_VALID,CORE_STRICT_COUNT,DIRECT_REPORTED_CHAIN_COMPLETE,True
46052711,2,True,True,True,True,False,1,0,True,TEMPORAL_SEQUENCE_VALID,CORE_STRICT_COUNT,DIRECT_REPORTED_CHAIN_COMPLETE,True
46192861,3,True,True,True,True,False,2,0,True,TEMPORAL_SEQUENCE_VALID,CORE_STRICT_COUNT,DIRECT_REPORTED_CHAIN_COMPLETE,True
46192862,1,True,True,True,True,False,0,0,True,TEMPORAL_SEQUENCE_VALID,CORE_STRICT_COUNT,DIRECT_REPORTED_CHAIN_COMPLETE,True
46244721,2,True,True,True,True,False,1,0,True,TEMPORAL_SEQUENCE_VALID,CORE_STRICT_COUNT,DIRECT_REPORTED_CHAIN_COMPLETE,True
46244722,2,True,True,True,True,False,1,0,True,TEMPORAL_SEQUENCE_VALID,CORE_STRICT_COUNT,DIRECT_REPORTED_CHAIN_COMPLETE,True
46253581,6,True,True,True,True,False,5,0,True,TEMPORAL_SEQUENCE_VALID,CORE_STRICT_COUNT,DIRECT_REPORTED_CHAIN_COMPLETE,True
46253582,2,True,True,True,True,False,1,0,True,TEMPORAL_SEQUENCE_VALID,CORE_STRICT_COUNT,DIRECT_REPORTED_CHAIN_COMPLETE,True
46635011,2,True,True,True,True,False,1,0,True,TEMPORAL_SEQUENCE_VALID,CORE_STRICT_COUNT,DIRECT_REPORTED_CHAIN_COMPLETE,True
46635012,3,True,True,True,True,False,2,0,True,TEMPORAL_SEQUENCE_VALID,CORE_STRICT_COUNT,DIRECT_REPORTED_CHAIN_COMPLETE,True
46635013,2,True,True,True,True,False,1,0,True,TEMPORAL_SEQUENCE_VALID,CORE_STRICT_COUNT,DIRECT_REPORTED_CHAIN_COMPLETE,True
47501401,2,True,True,True,True,False,1,0,True,TEMPORAL_SEQUENCE_VALID,CORE_STRICT_COUNT,DIRECT_REPORTED_CHAIN_COMPLETE,True
47641571,1,True,True,True,True,False,0,0,True,TEMPORAL_SEQUENCE_VALID,CORE_STRICT_COUNT,DIRECT_REPORTED_CHAIN_COMPLETE,True
47727921,7,True,True,True,True,False,6,0,True,TEMPORAL_SEQUENCE_VALID,CORE_STRICT_COUNT,DIRECT_REPORTED_CHAIN_COMPLETE,True
47768511,4,True,True,True,True,False,3,0,True,TEMPORAL_SEQUENCE_VALID,CORE_STRICT_COUNT,DIRECT_REPORTED_CHAIN_COMPLETE,True
47768512,6,True,True,True,True,False,5,0,True,TEMPORAL_SEQUENCE_VALID,CORE_STRICT_COUNT,DIRECT_REPORTED_CHAIN_COMPLETE,True
47781721,5,True,True,True,True,False,4,0,True,TEMPORAL_SEQUENCE_VALID,CORE_STRICT_COUNT,DIRECT_REPORTED_CHAIN_COMPLETE,True
47936281,2,True,True,True,True,False,1,0,True,TEMPORAL_SEQUENCE_VALID,CORE_STRICT_COUNT,DIRECT_REPORTED_CHAIN_COMPLETE,True
48583551,2,True,True,True,True,False,1,0,True,TEMPORAL_SEQUENCE_VALID,CORE_STRICT_COUNT,DIRECT_REPORTED_CHAIN_COMPLETE,True
48951311,3,True,True,True,True,False,2,0,True,TEMPORAL_SEQUENCE_VALID,CORE_STRICT_COUNT,DIRECT_REPORTED_CHAIN_COMPLETE,True
49082711,3,True,True,True,True,False,2,0,True,TEMPORAL_SEQUENCE_VALID,CORE_STRICT_COUNT,DIRECT_REPORTED_CHAIN_COMPLETE,True
49672181,2,True,True,True,True,False,1,0,True,TEMPORAL_SEQUENCE_VALID,CORE_STRICT_COUNT,DIRECT_REPORTED_CHAIN_COMPLETE,True
49887431,5,True,True,True,True,False,4,0,True,TEMPORAL_SEQUENCE_VALID,CORE_STRICT_COUNT,DIRECT_REPORTED_CHAIN_COMPLETE,True
49994861,4,True,True,True,True,False,3,0,True,TEMPORAL_SEQUENCE_VALID,CORE_STRICT_COUNT,DIRECT_REPORTED_CHAIN_COMPLETE,True
49994862,2,True,True,True,True,False,1,0,True,TEMPORAL_SEQUENCE_VALID,CORE_STRICT_COUNT,DIRECT_REPORTED_CHAIN_COMPLETE,True
50086961,2,True,True,True,True,False,1,0,True,TEMPORAL_SEQUENCE_VALID,CORE_STRICT_COUNT,DIRECT_REPORTED_CHAIN_COMPLETE,True
50086962,2,True,True,True,True,False,1,0,True,TEMPORAL_SEQUENCE_VALID,CORE_STRICT_COUNT,DIRECT_REPORTED_CHAIN_COMPLETE,True
50086963,2,True,True,True,True,False,1,0,True,TEMPORAL_SEQUENCE_VALID,CORE_STRICT_COUNT,DIRECT_REPORTED_CHAIN_COMPLETE,True
50086964,2,True,True,True,True,False,1,0,True,TEMPORAL_SEQUENCE_VALID,CORE_STRICT_COUNT,DIRECT_REPORTED_CHAIN_COMPLETE,True
50229511,3,True,True,True,True,False,2,0,True,TEMPORAL_SEQUENCE_VALID,CORE_STRICT_COUNT,DIRECT_REPORTED_CHAIN_COMPLETE,True
50304041,4,True,True,True,True,False,3,0,True,TEMPORAL_SEQUENCE_VALID,CORE_STRICT_COUNT,DIRECT_REPORTED_CHAIN_COMPLETE,True
50369911,3,True,True,True,True,False,2,0,True,TEMPORAL_SEQUENCE_VALID,CORE_STRICT_COUNT,DIRECT_REPORTED_CHAIN_COMPLETE,True
50369912,4,True,True,True,True,False,3,0,True,TEMPORAL_SEQUENCE_VALID,CORE_STRICT_COUNT,DIRECT_REPORTED_CHAIN_COMPLETE,True
50369913,2,True,True,True,True,False,1,0,True,TEMPORAL_SEQUENCE_VALID,CORE_STRICT_COUNT,DIRECT_REPORTED_CHAIN_COMPLETE,True
50374121,4,True,True,True,True,False,3,0,True,TEMPORAL_SEQUENCE_VALID,CORE_STRICT_COUNT,DIRECT_REPORTED_CHAIN_COMPLETE,True
50443081,3,True,True,True,True,False,2,0,True,TEMPORAL_SEQUENCE_VALID,CORE_STRICT_COUNT,DIRECT_REPORTED_CHAIN_COMPLETE,True
50514001,2,True,True,True,True,False,1,0,True,TEMPORAL_SEQUENCE_VALID,CORE_STRICT_COUNT,MIXED_DIRECT_RBW_UNTIMED,False
50514002,2,True,True,True,True,False,1,0,True,TEMPORAL_SEQUENCE_VALID,CORE_STRICT_COUNT,DIRECT_REPORTED_CHAIN_COMPLETE,True
50515121,4,True,True,True,True,False,3,0,True,TEMPORAL_SEQUENCE_VALID,CORE_STRICT_COUNT,MIXED_DIRECT_RBW_UNTIMED,False
50515122,4,True,True,True,True,False,3,0,True,TEMPORAL_SEQUENCE_VALID,CORE_STRICT_COUNT,DIRECT_REPORTED_CHAIN_COMPLETE,True
50545251,3,True,True,True,True,False,2,0,True,TEMPORAL_SEQUENCE_VALID,CORE_STRICT_COUNT,DIRECT_REPORTED_CHAIN_COMPLETE,True
50545252,1,True,True,True,True,False,0,0,True,TEMPORAL_SEQUENCE_VALID,CORE_STRICT_COUNT,DIRECT_REPORTED_CHAIN_COMPLETE,True
50635221,7,True,True,True,True,False,6,0,True,TEMPORAL_SEQUENCE_VALID,CORE_STRICT_COUNT,DIRECT_REPORTED_CHAIN_COMPLETE,True
50685102,5,True,True,True,True,False,4,0,True,TEMPORAL_SEQUENCE_VALID,CORE_STRICT_COUNT,DIRECT_REPORTED_CHAIN_COMPLETE,True
51021121,2,True,True,True,True,False,1,0,True,TEMPORAL_SEQUENCE_VALID,CORE_STRICT_COUNT,DIRECT_REPORTED_CHAIN_COMPLETE,True
51021122,4,True,True,True,True,False,3,0,True,TEMPORAL_SEQUENCE_VALID,CORE_STRICT_COUNT,DIRECT_REPORTED_CHAIN_COMPLETE,True
51021123,4,True,True,True,True,False,3,0,True,TEMPORAL_SEQUENCE_VALID,CORE_STRICT_COUNT,DIRECT_REPORTED_CHAIN_COMPLETE,True
51057661,2,True,True,True,True,False,1,0,True,TEMPORAL_SEQUENCE_VALID,CORE_STRICT_COUNT,DIRECT_REPORTED_CHAIN_COMPLETE,True
51077351,2,True,True,True,True,False,1,0,True,TEMPORAL_SEQUENCE_VALID,CORE_STRICT_COUNT,DIRECT_REPORTED_CHAIN_COMPLETE,True
51096601,7,True,True,True,True,False,6,0,True,TEMPORAL_SEQUENCE_VALID,CORE_STRICT_COUNT,DIRECT_REPORTED_CHAIN_COMPLETE,True
51111021,2,True,True,True,True,False,1,0,True,TEMPORAL_SEQUENCE_VALID,CORE_STRICT_COUNT,DIRECT_REPORTED_CHAIN_COMPLETE,True
51111022,4,True,True,True,True,False,3,0,True,TEMPORAL_SEQUENCE_VALID,CORE_STRICT_COUNT,DIRECT_REPORTED_CHAIN_COMPLETE,True
51111023,1,True,True,True,True,False,0,0,True,TEMPORAL_SEQUENCE_VALID,CORE_STRICT_COUNT,DIRECT_REPORTED_CHAIN_COMPLETE,True
51115311,2,True,True,True,True,False,1,0,True,TEMPORAL_SEQUENCE_VALID,CORE_STRICT_COUNT,DIRECT_REPORTED_CHAIN_COMPLETE,True
51210061,4,True,True,True,True,False,3,0,True,TEMPORAL_SEQUENCE_VALID,CORE_STRICT_COUNT,DIRECT_REPORTED_CHAIN_COMPLETE,True
51210062,7,True,True,True,True,False,6,0,True,TEMPORAL_SEQUENCE_VALID,CORE_STRICT_COUNT,DIRECT_REPORTED_CHAIN_COMPLETE,True
51210063,5,True,True,True,True,False,4,0,True,TEMPORAL_SEQUENCE_VALID,CORE_STRICT_COUNT,DIRECT_REPORTED_CHAIN_COMPLETE,True
51210064,5,True,True,True,True,False,4,0,True,TEMPORAL_SEQUENCE_VALID,CORE_STRICT_COUNT,DIRECT_REPORTED_CHAIN_COMPLETE,True
51460331,2,True,True,True,True,False,1,0,True,TEMPORAL_SEQUENCE_VALID,CORE_STRICT_COUNT,DIRECT_REPORTED_CHAIN_COMPLETE,True
51460332,2,True,True,True,True,False,1,0,True,TEMPORAL_SEQUENCE_VALID,CORE_STRICT_COUNT,DIRECT_REPORTED_CHAIN_COMPLETE,True
51460333,3,True,True,True,True,False,2,0,True,TEMPORAL_SEQUENCE_VALID,CORE_STRICT_COUNT,DIRECT_REPORTED_CHAIN_COMPLETE,True
51645351,2,True,True,True,True,False,1,0,True,TEMPORAL_SEQUENCE_VALID,CORE_STRICT_COUNT,MIXED_DIRECT_RBW_UNTIMED,False
51826771,2,True,True,True,True,False,1,0,True,TEMPORAL_SEQUENCE_VALID,CORE_STRICT_COUNT,DIRECT_REPORTED_CHAIN_COMPLETE,True
52052461,1,True,True,True,True,False,0,0,True,TEMPORAL_SEQUENCE_VALID,CORE_STRICT_COUNT,DIRECT_REPORTED_CHAIN_COMPLETE,True
52359251,4,True,True,True,True,False,3,0,True,TEMPORAL_SEQUENCE_VALID,CORE_STRICT_COUNT,DIRECT_REPORTED_CHAIN_COMPLETE,True
52359252,3,True,True,True,True,False,2,0,True,TEMPORAL_SEQUENCE_VALID,CORE_STRICT_COUNT,DIRECT_REPORTED_CHAIN_COMPLETE,True
52359253,2,True,True,True,True,False,1,0,True,TEMPORAL_SEQUENCE_VALID,CORE_STRICT_COUNT,DIRECT_REPORTED_CHAIN_COMPLETE,True
52359254,2,True,True,True,True,False,1,0,True,TEMPORAL_SEQUENCE_VALID,CORE_STRICT_COUNT,DIRECT_REPORTED_CHAIN_COMPLETE,True
52359255,4,True,True,True,True,False,3,0,True,TEMPORAL_SEQUENCE_VALID,CORE_STRICT_COUNT,DIRECT_REPORTED_CHAIN_COMPLETE,True
52411361,4,True,True,True,True,False,3,0,True,TEMPORAL_SEQUENCE_VALID,CORE_STRICT_COUNT,MIXED_DIRECT_RBW_UNTIMED,False
52411362,2,True,True,True,True,False,1,0,True,TEMPORAL_SEQUENCE_VALID,CORE_STRICT_COUNT,DIRECT_REPORTED_CHAIN_COMPLETE,True
52667011,2,True,True,True,True,False,1,0,True,TEMPORAL_SEQUENCE_VALID,CORE_STRICT_COUNT,DIRECT_REPORTED_CHAIN_COMPLETE,True
52834511,6,True,True,True,True,False,5,0,True,TEMPORAL_SEQUENCE_VALID,CORE_STRICT_COUNT,DIRECT_REPORTED_CHAIN_COMPLETE,True
52834512,2,True,True,True,True,False,1,0,True,TEMPORAL_SEQUENCE_VALID,CORE_STRICT_COUNT,DIRECT_REPORTED_CHAIN_COMPLETE,True
53095642,2,True,True,True,True,False,1,0,True,TEMPORAL_SEQUENCE_VALID,CORE_STRICT_COUNT,DIRECT_REPORTED_CHAIN_COMPLETE,True
53246271,3,True,True,True,True,False,2,0,True,TEMPORAL_SEQUENCE_VALID,CORE_STRICT_COUNT,DIRECT_REPORTED_CHAIN_COMPLETE,True
53246272,5,True,True,True,True,False,4,0,True,TEMPORAL_SEQUENCE_VALID,CORE_STRICT_COUNT,DIRECT_REPORTED_CHAIN_COMPLETE,True
53304731,4,True,True,True,True,False,3,0,True,TEMPORAL_SEQUENCE_VALID,CORE_STRICT_COUNT,DIRECT_REPORTED_CHAIN_COMPLETE,True
53356791,4,True,True,True,True,False,3,0,True,TEMPORAL_SEQUENCE_VALID,CORE_STRICT_COUNT,DIRECT_REPORTED_CHAIN_COMPLETE,True
53369671,2,True,True,True,True,False,1,0,True,TEMPORAL_SEQUENCE_VALID,CORE_STRICT_COUNT,DIRECT_REPORTED_CHAIN_COMPLETE,True
53369672,2,True,True,True,True,False,1,0,True,TEMPORAL_SEQUENCE_VALID,CORE_STRICT_COUNT,DIRECT_REPORTED_CHAIN_COMPLETE,True
53382652,2,True,True,True,True,False,1,0,True,TEMPORAL_SEQUENCE_VALID,CORE_STRICT_COUNT,DIRECT_REPORTED_CHAIN_COMPLETE,True
54033841,5,True,True,True,True,False,4,0,True,TEMPORAL_SEQUENCE_VALID,CORE_STRICT_COUNT,DIRECT_REPORTED_CHAIN_COMPLETE,True
54200241,7,True,True,True,True,False,6,0,True,TEMPORAL_SEQUENCE_VALID,CORE_STRICT_COUNT,DIRECT_REPORTED_CHAIN_COMPLETE,True
54200242,5,True,True,True,True,False,4,0,True,TEMPORAL_SEQUENCE_VALID,CORE_STRICT_COUNT,DIRECT_REPORTED_CHAIN_COMPLETE,True
54244931,4,True,True,True,True,False,3,0,True,TEMPORAL_SEQUENCE_VALID,CORE_STRICT_COUNT,DIRECT_REPORTED_CHAIN_COMPLETE,True
54362201,4,True,True,True,True,False,3,0,True,TEMPORAL_SEQUENCE_VALID,CORE_STRICT_COUNT,DIRECT_REPORTED_CHAIN_COMPLETE,True
54362202,4,True,True,True,True,False,3,0,True,TEMPORAL_SEQUENCE_VALID,CORE_STRICT_COUNT,DIRECT_REPORTED_CHAIN_COMPLETE,True
54455421,5,True,True,True,True,False,4,0,True,TEMPORAL_SEQUENCE_VALID,CORE_STRICT_COUNT,DIRECT_REPORTED_CHAIN_COMPLETE,True
54455422,2,True,True,True,True,False,1,0,True,TEMPORAL_SEQUENCE_VALID,CORE_STRICT_COUNT,DIRECT_REPORTED_CHAIN_COMPLETE,True
54670601,2,True,True,True,True,False,1,0,True,TEMPORAL_SEQUENCE_VALID,CORE_STRICT_COUNT,DIRECT_REPORTED_CHAIN_COMPLETE,True
55051131,6,True,True,True,True,False,5,0,True,TEMPORAL_SEQUENCE_VALID,CORE_STRICT_COUNT,DIRECT_REPORTED_CHAIN_COMPLETE,True
55288681,1,True,False,True,True,False,0,0,False,INTRA_TRIP_DURATION_IMPLAUSIBLE,CORE_STRICT_COUNT,DIRECT_REPORTED_CHAIN_COMPLETE,False
55288682,1,True,False,True,True,False,0,0,False,INTRA_TRIP_DURATION_IMPLAUSIBLE,CORE_STRICT_COUNT,DIRECT_REPORTED_CHAIN_COMPLETE,False
55288683,1,True,False,True,True,False,0,0,False,INTRA_TRIP_DURATION_IMPLAUSIBLE,CORE_STRICT_COUNT,DIRECT_REPORTED_CHAIN_COMPLETE,False
55308011,2,True,True,True,True,False,1,0,True,TEMPORAL_SEQUENCE_VALID,CORE_STRICT_COUNT,DIRECT_REPORTED_CHAIN_COMPLETE,True
55308013,3,True,True,True,True,False,2,0,True,TEMPORAL_SEQUENCE_VALID,CORE_STRICT_COUNT,DIRECT_REPORTED_CHAIN_COMPLETE,True
55340831,2,True,True,True,True,False,1,0,True,TEMPORAL_SEQUENCE_VALID,CORE_STRICT_COUNT,MIXED_DIRECT_RBW_UNTIMED,False
55677712,2,True,True,True,True,False,1,0,True,TEMPORAL_SEQUENCE_VALID,CORE_STRICT_COUNT,DIRECT_REPORTED_CHAIN_COMPLETE,True
55690011,4,True,True,True,True,False,3,0,True,TEMPORAL_SEQUENCE_VALID,CORE_STRICT_COUNT,DIRECT_REPORTED_CHAIN_COMPLETE,True
55690012,4,True,True,True,True,False,3,0,True,TEMPORAL_SEQUENCE_VALID,CORE_STRICT_COUNT,DIRECT_REPORTED_CHAIN_COMPLETE,True
55706881,6,True,True,True,True,False,5,0,True,TEMPORAL_SEQUENCE_VALID,CORE_STRICT_COUNT,DIRECT_REPORTED_CHAIN_COMPLETE,True
55706882,4,True,True,True,True,False,3,0,True,TEMPORAL_SEQUENCE_VALID,CORE_STRICT_COUNT,DIRECT_REPORTED_CHAIN_COMPLETE,True
56399671,2,True,True,True,True,False,1,0,True,TEMPORAL_SEQUENCE_VALID,CORE_STRICT_COUNT,DIRECT_REPORTED_CHAIN_COMPLETE,True
56399672,2,True,True,True,True,False,1,0,True,TEMPORAL_SEQUENCE_VALID,CORE_STRICT_COUNT,DIRECT_REPORTED_CHAIN_COMPLETE,True
56526791,2,True,True,True,True,False,1,0,True,TEMPORAL_SEQUENCE_VALID,CORE_STRICT_COUNT,DIRECT_REPORTED_CHAIN_COMPLETE,True
56600301,4,True,True,True,True,False,3,0,True,TEMPORAL_SEQUENCE_VALID,CORE_STRICT_COUNT,MIXED_DIRECT_RBW_UNTIMED,False
56618271,1,True,True,True,True,False,0,0,True,TEMPORAL_SEQUENCE_VALID,CORE_STRICT_COUNT,DIRECT_REPORTED_CHAIN_COMPLETE,True
56684521,3,True,True,True,True,False,2,0,True,TEMPORAL_SEQUENCE_VALID,CORE_STRICT_COUNT,DIRECT_REPORTED_CHAIN_COMPLETE,True
56684871,7,True,True,True,True,False,6,0,True,TEMPORAL_SEQUENCE_VALID,CORE_STRICT_COUNT,DIRECT_REPORTED_CHAIN_COMPLETE,True
56747141,12,True,True,True,True,False,11,0,True,TEMPORAL_SEQUENCE_VALID,CORE_STRICT_COUNT,DIRECT_ROWS_PLUS_UNDETAILED_TRIPS,False
56788141,3,True,True,True,True,False,2,0,True,TEMPORAL_SEQUENCE_VALID,CORE_STRICT_COUNT,DIRECT_REPORTED_CHAIN_COMPLETE,True
56809051,7,True,True,True,True,False,6,0,True,TEMPORAL_SEQUENCE_VALID,CORE_STRICT_COUNT,DIRECT_REPORTED_CHAIN_COMPLETE,True
56809052,2,True,True,True,True,False,1,0,True,TEMPORAL_SEQUENCE_VALID,CORE_STRICT_COUNT,DIRECT_REPORTED_CHAIN_COMPLETE,True
56990471,6,True,True,True,True,False,5,0,True,TEMPORAL_SEQUENCE_VALID,CORE_STRICT_COUNT,MIXED_DIRECT_RBW_UNTIMED,False
56990472,4,True,True,True,True,False,3,0,True,TEMPORAL_SEQUENCE_VALID,CORE_STRICT_COUNT,DIRECT_REPORTED_CHAIN_COMPLETE,True
56996631,4,True,True,True,True,False,3,0,True,TEMPORAL_SEQUENCE_VALID,CORE_STRICT_COUNT,DIRECT_REPORTED_CHAIN_COMPLETE,True
56996632,4,True,True,True,True,False,3,0,True,TEMPORAL_SEQUENCE_VALID,CORE_STRICT_COUNT,DIRECT_REPORTED_CHAIN_COMPLETE,True
57289482,2,True,True,True,True,False,1,0,True,TEMPORAL_SEQUENCE_VALID,CORE_STRICT_COUNT,DIRECT_REPORTED_CHAIN_COMPLETE,True
57402101,4,True,True,True,True,False,3,0,True,TEMPORAL_SEQUENCE_VALID,CORE_STRICT_COUNT,DIRECT_REPORTED_CHAIN_COMPLETE,True
57402102,4,True,True,True,True,False,3,0,True,TEMPORAL_SEQUENCE_VALID,CORE_STRICT_COUNT,DIRECT_REPORTED_CHAIN_COMPLETE,True
57402103,6,True,True,True,True,False,5,0,True,TEMPORAL_SEQUENCE_VALID,CORE_STRICT_COUNT,DIRECT_REPORTED_CHAIN_COMPLETE,True
57448501,6,True,True,True,True,False,5,0,True,TEMPORAL_SEQUENCE_VALID,CORE_STRICT_COUNT,DIRECT_REPORTED_CHAIN_COMPLETE,True
57475931,6,True,True,True,True,False,5,0,True,TEMPORAL_SEQUENCE_VALID,CORE_STRICT_COUNT,DIRECT_REPORTED_CHAIN_COMPLETE,True
57475932,3,True,True,True,True,False,2,0,True,TEMPORAL_SEQUENCE_VALID,CORE_STRICT_COUNT,DIRECT_REPORTED_CHAIN_COMPLETE,True
57534231,2,True,True,True,True,False,1,0,True,TEMPORAL_SEQUENCE_VALID,CORE_STRICT_COUNT,DIRECT_REPORTED_CHAIN_COMPLETE,True
57608371,5,True,True,True,True,False,4,0,True,TEMPORAL_SEQUENCE_VALID,CORE_STRICT_COUNT,DIRECT_REPORTED_CHAIN_COMPLETE,True
57720211,5,True,True,True,True,False,4,0,True,TEMPORAL_SEQUENCE_VALID,CORE_STRICT_COUNT,DIRECT_REPORTED_CHAIN_COMPLETE,True
57720212,2,True,True,True,True,False,1,0,True,TEMPORAL_SEQUENCE_VALID,CORE_STRICT_COUNT,DIRECT_REPORTED_CHAIN_COMPLETE,True
57789511,2,True,True,True,True,False,1,0,True,TEMPORAL_SEQUENCE_VALID,CORE_STRICT_COUNT,DIRECT_REPORTED_CHAIN_COMPLETE,True
57862701,3,True,True,True,True,False,2,0,True,TEMPORAL_SEQUENCE_VALID,CORE_STRICT_COUNT,DIRECT_REPORTED_CHAIN_COMPLETE,True
57862702,2,True,True,True,True,False,1,0,True,TEMPORAL_SEQUENCE_VALID,CORE_STRICT_COUNT,DIRECT_REPORTED_CHAIN_COMPLETE,True
58369382,2,True,True,True,True,False,1,0,True,TEMPORAL_SEQUENCE_VALID,CORE_STRICT_COUNT,DIRECT_REPORTED_CHAIN_COMPLETE,True
58527521,2,True,True,True,True,False,1,0,True,TEMPORAL_SEQUENCE_VALID,CORE_STRICT_COUNT,DIRECT_REPORTED_CHAIN_COMPLETE,True
58658591,7,True,True,True,True,False,6,0,True,TEMPORAL_SEQUENCE_VALID,CORE_STRICT_COUNT,DIRECT_REPORTED_CHAIN_COMPLETE,True
58658592,6,True,True,True,True,False,5,0,True,TEMPORAL_SEQUENCE_VALID,CORE_STRICT_COUNT,DIRECT_REPORTED_CHAIN_COMPLETE,True
58658593,4,True,True,True,True,False,3,0,True,TEMPORAL_SEQUENCE_VALID,CORE_STRICT_COUNT,DIRECT_REPORTED_CHAIN_COMPLETE,True
58795321,4,True,True,True,True,False,3,0,True,TEMPORAL_SEQUENCE_VALID,CORE_STRICT_COUNT,DIRECT_REPORTED_CHAIN_COMPLETE,True
58806911,5,True,True,True,True,False,4,0,True,TEMPORAL_SEQUENCE_VALID,CORE_STRICT_COUNT,DIRECT_REPORTED_CHAIN_COMPLETE,True
58806912,2,True,True,True,True,False,1,0,True,TEMPORAL_SEQUENCE_VALID,CORE_STRICT_COUNT,DIRECT_REPORTED_CHAIN_COMPLETE,True
58806913,2,True,True,True,True,False,1,0,True,TEMPORAL_SEQUENCE_VALID,CORE_STRICT_COUNT,DIRECT_REPORTED_CHAIN_COMPLETE,True
59060101,4,True,True,True,True,False,3,0,True,TEMPORAL_SEQUENCE_VALID,CORE_STRICT_COUNT,DIRECT_REPORTED_CHAIN_COMPLETE,True
59208531,2,True,True,True,True,False,1,0,True,TEMPORAL_SEQUENCE_VALID,CORE_STRICT_COUNT,DIRECT_REPORTED_CHAIN_COMPLETE,True
59208532,4,True,True,True,True,False,3,0,True,TEMPORAL_SEQUENCE_VALID,CORE_STRICT_COUNT,DIRECT_REPORTED_CHAIN_COMPLETE,True
59281001,1,True,True,True,True,False,0,0,True,TEMPORAL_SEQUENCE_VALID,CORE_STRICT_COUNT,DIRECT_REPORTED_CHAIN_COMPLETE,True
59363021,2,True,True,True,True,False,1,0,True,TEMPORAL_SEQUENCE_VALID,CORE_STRICT_COUNT,DIRECT_REPORTED_CHAIN_COMPLETE,True
59363022,2,True,True,True,True,False,1,0,True,TEMPORAL_SEQUENCE_VALID,CORE_STRICT_COUNT,DIRECT_REPORTED_CHAIN_COMPLETE,True
59413201,3,True,True,True,True,False,2,0,True,TEMPORAL_SEQUENCE_VALID,CORE_STRICT_COUNT,DIRECT_REPORTED_CHAIN_COMPLETE,True
59413202,2,True,True,True,True,False,1,0,True,TEMPORAL_SEQUENCE_VALID,CORE_STRICT_COUNT,DIRECT_REPORTED_CHAIN_COMPLETE,True
59612202,2,True,True,True,True,False,1,0,True,TEMPORAL_SEQUENCE_VALID,CORE_STRICT_COUNT,DIRECT_REPORTED_CHAIN_COMPLETE,True
59612203,3,True,True,True,True,False,2,0,True,TEMPORAL_SEQUENCE_VALID,CORE_STRICT_COUNT,DIRECT_REPORTED_CHAIN_COMPLETE,True
59612204,4,True,True,True,True,False,3,0,True,TEMPORAL_SEQUENCE_VALID,CORE_STRICT_COUNT,DIRECT_REPORTED_CHAIN_COMPLETE,True
59932211,2,True,True,True,True,False,1,0,True,TEMPORAL_SEQUENCE_VALID,CORE_STRICT_COUNT,DIRECT_REPORTED_CHAIN_COMPLETE,True
60031791,4,True,True,True,True,False,3,0,True,TEMPORAL_SEQUENCE_VALID,CORE_STRICT_COUNT,DIRECT_REPORTED_CHAIN_COMPLETE,True
60031792,2,True,True,True,True,False,1,0,True,TEMPORAL_SEQUENCE_VALID,CORE_STRICT_COUNT,DIRECT_REPORTED_CHAIN_COMPLETE,True
60110281,4,True,True,True,True,False,3,0,True,TEMPORAL_SEQUENCE_VALID,CORE_STRICT_COUNT,DIRECT_REPORTED_CHAIN_COMPLETE,True
60110282,2,True,True,True,True,False,1,0,True,TEMPORAL_SEQUENCE_VALID,CORE_STRICT_COUNT,DIRECT_REPORTED_CHAIN_COMPLETE,True
60110283,3,True,True,True,True,False,2,0,True,TEMPORAL_SEQUENCE_VALID,CORE_STRICT_COUNT,DIRECT_REPORTED_CHAIN_COMPLETE,True
60181531,5,True,True,True,True,False,4,0,True,TEMPORAL_SEQUENCE_VALID,CORE_STRICT_COUNT,DIRECT_REPORTED_CHAIN_COMPLETE,True
60189061,2,True,True,True,True,False,1,0,True,TEMPORAL_SEQUENCE_VALID,CORE_STRICT_COUNT,DIRECT_REPORTED_CHAIN_COMPLETE,True
60292201,6,True,True,True,True,False,5,0,True,TEMPORAL_SEQUENCE_VALID,CORE_STRICT_COUNT,DIRECT_REPORTED_CHAIN_COMPLETE,True
60456241,4,True,True,True,True,False,3,0,True,TEMPORAL_SEQUENCE_VALID,CORE_STRICT_COUNT,DIRECT_REPORTED_CHAIN_COMPLETE,True
60456243,6,True,True,True,True,False,5,0,True,TEMPORAL_SEQUENCE_VALID,CORE_STRICT_COUNT,DIRECT_REPORTED_CHAIN_COMPLETE,True
60698141,2,True,True,True,True,False,1,0,True,TEMPORAL_SEQUENCE_VALID,CORE_STRICT_COUNT,DIRECT_REPORTED_CHAIN_COMPLETE,True
60724111,2,True,True,True,True,False,1,0,True,TEMPORAL_SEQUENCE_VALID,CORE_STRICT_COUNT,DIRECT_REPORTED_CHAIN_COMPLETE,True
60724112,2,True,True,True,True,False,1,0,True,TEMPORAL_SEQUENCE_VALID,CORE_STRICT_COUNT,DIRECT_REPORTED_CHAIN_COMPLETE,True
61173231,7,True,True,True,True,False,6,0,True,TEMPORAL_SEQUENCE_VALID,CORE_STRICT_COUNT,DIRECT_REPORTED_CHAIN_COMPLETE,True
61282471,3,True,True,True,True,False,2,0,True,TEMPORAL_SEQUENCE_VALID,CORE_STRICT_COUNT,DIRECT_REPORTED_CHAIN_COMPLETE,True
61282472,2,True,True,True,True,False,1,0,True,TEMPORAL_SEQUENCE_VALID,CORE_STRICT_COUNT,DIRECT_REPORTED_CHAIN_COMPLETE,True
61363921,3,True,True,True,True,False,2,0,True,TEMPORAL_SEQUENCE_VALID,CORE_STRICT_COUNT,DIRECT_REPORTED_CHAIN_COMPLETE,True
61363922,1,True,True,True,True,False,0,0,True,TEMPORAL_SEQUENCE_VALID,CORE_STRICT_COUNT,DIRECT_REPORTED_CHAIN_COMPLETE,True
61411061,8,True,True,True,True,False,7,0,True,TEMPORAL_SEQUENCE_VALID,ANALYTIC_WITH_COMPONENT_WARNING,DIRECT_ROWS_ADDITIONAL_COUNT_UNKNOWN,False
61411062,3,False,False,True,True,False,1,0,False,TIME_COMPONENT_MISSING,CORE_STRICT_COUNT,DIRECT_REPORTED_CHAIN_COMPLETE,False
61441981,8,True,True,True,True,False,7,0,True,TEMPORAL_SEQUENCE_VALID,CORE_STRICT_COUNT,DIRECT_REPORTED_CHAIN_COMPLETE,True
61505271,5,True,True,True,True,False,4,0,True,TEMPORAL_SEQUENCE_VALID,CORE_STRICT_COUNT,DIRECT_REPORTED_CHAIN_COMPLETE,True
61505272,7,True,True,True,True,False,6,0,True,TEMPORAL_SEQUENCE_VALID,CORE_STRICT_COUNT,DIRECT_REPORTED_CHAIN_COMPLETE,True
61505273,2,True,True,True,True,False,1,0,True,TEMPORAL_SEQUENCE_VALID,CORE_STRICT_COUNT,DIRECT_REPORTED_CHAIN_COMPLETE,True
61505274,5,True,True,True,True,False,4,0,True,TEMPORAL_SEQUENCE_VALID,CORE_STRICT_COUNT,DIRECT_REPORTED_CHAIN_COMPLETE,True
61519351,4,True,True,True,True,False,3,0,True,TEMPORAL_SEQUENCE_VALID,CORE_STRICT_COUNT,DIRECT_REPORTED_CHAIN_COMPLETE,True
61575861,5,True,True,True,True,False,4,0,True,TEMPORAL_SEQUENCE_VALID,CORE_STRICT_COUNT,DIRECT_REPORTED_CHAIN_COMPLETE,True
61582201,4,True,True,True,True,False,3,0,True,TEMPORAL_SEQUENCE_VALID,CORE_STRICT_COUNT,DIRECT_REPORTED_CHAIN_COMPLETE,True
61582202,3,True,True,True,True,False,2,0,True,TEMPORAL_SEQUENCE_VALID,CORE_STRICT_COUNT,DIRECT_REPORTED_CHAIN_COMPLETE,True
61805441,2,True,True,True,True,False,1,0,True,TEMPORAL_SEQUENCE_VALID,CORE_STRICT_COUNT,DIRECT_REPORTED_CHAIN_COMPLETE,True
61806851,8,True,True,True,True,False,7,0,True,TEMPORAL_SEQUENCE_VALID,CORE_STRICT_COUNT,MIXED_DIRECT_RBW_UNTIMED,False
61841601,4,True,True,True,True,False,3,0,True,TEMPORAL_SEQUENCE_VALID,CORE_STRICT_COUNT,DIRECT_REPORTED_CHAIN_COMPLETE,True
61854511,4,True,True,True,True,False,3,0,True,TEMPORAL_SEQUENCE_VALID,CORE_STRICT_COUNT,MIXED_DIRECT_RBW_UNTIMED,False
61908031,6,False,False,True,True,False,4,0,False,TIME_COMPONENT_MISSING,CORE_STRICT_COUNT,DIRECT_REPORTED_CHAIN_COMPLETE,False
62004501,2,True,True,True,True,False,1,0,True,TEMPORAL_SEQUENCE_VALID,CORE_STRICT_COUNT,DIRECT_REPORTED_CHAIN_COMPLETE,True
62381521,1,True,True,True,True,False,0,0,True,TEMPORAL_SEQUENCE_VALID,CORE_STRICT_COUNT,DIRECT_REPORTED_CHAIN_COMPLETE,True
62425511,1,True,True,True,True,False,0,0,True,TEMPORAL_SEQUENCE_VALID,CORE_STRICT_COUNT,DIRECT_REPORTED_CHAIN_COMPLETE,True
62559981,4,False,False,True,True,False,3,0,False,TIME_COMPONENT_MISSING,CORE_STRICT_COUNT,DIRECT_REPORTED_CHAIN_COMPLETE,False
62598021,5,True,True,True,True,False,4,0,True,TEMPORAL_SEQUENCE_VALID,CORE_STRICT_COUNT,DIRECT_REPORTED_CHAIN_COMPLETE,True
62598022,7,True,True,True,True,False,6,0,True,TEMPORAL_SEQUENCE_VALID,CORE_STRICT_COUNT,DIRECT_REPORTED_CHAIN_COMPLETE,True
62598023,2,True,True,True,True,False,1,0,True,TEMPORAL_SEQUENCE_VALID,CORE_STRICT_COUNT,DIRECT_REPORTED_CHAIN_COMPLETE,True
62661971,4,True,True,True,True,False,3,0,True,TEMPORAL_SEQUENCE_VALID,CORE_STRICT_COUNT,DIRECT_REPORTED_CHAIN_COMPLETE,True
62672321,4,True,True,True,True,False,3,0,True,TEMPORAL_SEQUENCE_VALID,CORE_STRICT_COUNT,DIRECT_REPORTED_CHAIN_COMPLETE,True
62684851,2,True,True,True,True,False,1,0,True,TEMPORAL_SEQUENCE_VALID,CORE_STRICT_COUNT,DIRECT_REPORTED_CHAIN_COMPLETE,True
62749241,2,True,True,True,True,False,1,0,True,TEMPORAL_SEQUENCE_VALID,CORE_STRICT_COUNT,DIRECT_REPORTED_CHAIN_COMPLETE,True
63228341,4,True,True,True,True,False,3,0,True,TEMPORAL_SEQUENCE_VALID,CORE_STRICT_COUNT,DIRECT_REPORTED_CHAIN_COMPLETE,True
63292391,6,True,True,True,True,False,5,0,True,TEMPORAL_SEQUENCE_VALID,CORE_STRICT_COUNT,DIRECT_REPORTED_CHAIN_COMPLETE,True
63308272,3,True,True,True,True,False,2,0,True,TEMPORAL_SEQUENCE_VALID,CORE_STRICT_COUNT,DIRECT_REPORTED_CHAIN_COMPLETE,True
63405571,7,True,True,True,True,False,6,0,True,TEMPORAL_SEQUENCE_VALID,CORE_STRICT_COUNT,DIRECT_REPORTED_CHAIN_COMPLETE,True
63675941,2,True,True,True,True,False,1,0,True,TEMPORAL_SEQUENCE_VALID,CORE_STRICT_COUNT,DIRECT_REPORTED_CHAIN_COMPLETE,True
63741641,3,True,True,True,True,False,2,0,True,TEMPORAL_SEQUENCE_VALID,CORE_STRICT_COUNT,DIRECT_REPORTED_CHAIN_COMPLETE,True
63866091,4,True,True,True,True,False,3,0,True,TEMPORAL_SEQUENCE_VALID,CORE_STRICT_COUNT,DIRECT_REPORTED_CHAIN_COMPLETE,True
63866092,4,True,True,True,True,False,3,0,True,TEMPORAL_SEQUENCE_VALID,CORE_STRICT_COUNT,DIRECT_REPORTED_CHAIN_COMPLETE,True
64356881,3,True,True,True,True,False,2,0,True,TEMPORAL_SEQUENCE_VALID,CORE_STRICT_COUNT,DIRECT_REPORTED_CHAIN_COMPLETE,True
64435131,4,True,True,True,True,False,3,0,True,TEMPORAL_SEQUENCE_VALID,CORE_STRICT_COUNT,DIRECT_REPORTED_CHAIN_COMPLETE,True
64666131,4,True,True,True,True,False,3,0,True,TEMPORAL_SEQUENCE_VALID,CORE_STRICT_COUNT,DIRECT_REPORTED_CHAIN_COMPLETE,True
64666132,4,True,True,True,True,False,3,0,True,TEMPORAL_SEQUENCE_VALID,CORE_STRICT_COUNT,DIRECT_REPORTED_CHAIN_COMPLETE,True
64666133,1,True,True,True,True,False,0,0,True,TEMPORAL_SEQUENCE_VALID,CORE_STRICT_COUNT,DIRECT_REPORTED_CHAIN_COMPLETE,True
64666134,2,True,True,True,True,False,1,0,True,TEMPORAL_SEQUENCE_VALID,CORE_STRICT_COUNT,DIRECT_REPORTED_CHAIN_COMPLETE,True
64843541,2,True,True,True,True,False,1,0,True,TEMPORAL_SEQUENCE_VALID,CORE_STRICT_COUNT,DIRECT_REPORTED_CHAIN_COMPLETE,True
64843542,2,True,True,True,True,False,1,0,True,TEMPORAL_SEQUENCE_VALID,CORE_STRICT_COUNT,DIRECT_REPORTED_CHAIN_COMPLETE,True
64940191,2,True,True,True,True,False,1,0,True,TEMPORAL_SEQUENCE_VALID,CORE_STRICT_COUNT,DIRECT_REPORTED_CHAIN_COMPLETE,True
64940192,2,True,True,True,True,False,1,0,True,TEMPORAL_SEQUENCE_VALID,CORE_STRICT_COUNT,DIRECT_REPORTED_CHAIN_COMPLETE,True
64947771,2,True,True,True,True,False,1,0,True,TEMPORAL_SEQUENCE_VALID,CORE_STRICT_COUNT,DIRECT_REPORTED_CHAIN_COMPLETE,True
64947772,2,True,True,True,True,False,1,0,True,TEMPORAL_SEQUENCE_VALID,CORE_STRICT_COUNT,DIRECT_REPORTED_CHAIN_COMPLETE,True
65007941,2,True,True,True,True,False,1,0,True,TEMPORAL_SEQUENCE_VALID,CORE_STRICT_COUNT,DIRECT_REPORTED_CHAIN_COMPLETE,True
65007942,4,True,True,True,True,False,3,0,True,TEMPORAL_SEQUENCE_VALID,CORE_STRICT_COUNT,DIRECT_REPORTED_CHAIN_COMPLETE,True
65054971,1,True,True,True,True,False,0,0,True,TEMPORAL_SEQUENCE_VALID,CORE_STRICT_COUNT,DIRECT_REPORTED_CHAIN_COMPLETE,True
65054972,1,True,True,True,True,False,0,0,True,TEMPORAL_SEQUENCE_VALID,CORE_STRICT_COUNT,DIRECT_REPORTED_CHAIN_COMPLETE,True
65054973,1,True,True,True,True,False,0,0,True,TEMPORAL_SEQUENCE_VALID,CORE_STRICT_COUNT,DIRECT_REPORTED_CHAIN_COMPLETE,True
65057931,5,True,True,True,True,False,4,0,True,TEMPORAL_SEQUENCE_VALID,CORE_STRICT_COUNT,DIRECT_REPORTED_CHAIN_COMPLETE,True
65057932,7,True,True,True,True,False,6,0,True,TEMPORAL_SEQUENCE_VALID,CORE_STRICT_COUNT,DIRECT_REPORTED_CHAIN_COMPLETE,True
65422721,3,True,True,True,True,False,2,0,True,TEMPORAL_SEQUENCE_VALID,CORE_STRICT_COUNT,DIRECT_REPORTED_CHAIN_COMPLETE,True
65422722,2,True,True,True,True,False,1,0,True,TEMPORAL_SEQUENCE_VALID,CORE_STRICT_COUNT,DIRECT_REPORTED_CHAIN_COMPLETE,True
65693051,4,True,True,True,True,False,3,0,True,TEMPORAL_SEQUENCE_VALID,CORE_STRICT_COUNT,DIRECT_REPORTED_CHAIN_COMPLETE,True
65861931,5,True,True,True,True,False,4,0,True,TEMPORAL_SEQUENCE_VALID,CORE_STRICT_COUNT,DIRECT_REPORTED_CHAIN_COMPLETE,True
65968641,3,True,True,True,True,False,2,0,True,TEMPORAL_SEQUENCE_VALID,CORE_STRICT_COUNT,MIXED_DIRECT_RBW_UNTIMED,False
65968642,5,True,True,True,True,False,4,0,True,TEMPORAL_SEQUENCE_VALID,CORE_STRICT_COUNT,DIRECT_REPORTED_CHAIN_COMPLETE,True
65968643,3,True,True,True,True,False,2,0,True,TEMPORAL_SEQUENCE_VALID,CORE_STRICT_COUNT,DIRECT_REPORTED_CHAIN_COMPLETE,True
66082881,3,True,True,True,True,False,2,0,True,TEMPORAL_SEQUENCE_VALID,CORE_STRICT_COUNT,DIRECT_REPORTED_CHAIN_COMPLETE,True
66082882,3,True,True,True,True,False,2,0,True,TEMPORAL_SEQUENCE_VALID,CORE_STRICT_COUNT,DIRECT_REPORTED_CHAIN_COMPLETE,True
67247951,3,True,False,True,True,False,2,0,False,INTRA_TRIP_DURATION_IMPLAUSIBLE,CORE_STRICT_COUNT,DIRECT_REPORTED_CHAIN_COMPLETE,False
67318951,5,True,True,True,True,False,4,0,True,TEMPORAL_SEQUENCE_VALID,CORE_STRICT_COUNT,DIRECT_REPORTED_CHAIN_COMPLETE,True
67572661,5,True,True,True,True,False,4,0,True,TEMPORAL_SEQUENCE_VALID,CORE_STRICT_COUNT,MIXED_DIRECT_RBW_UNTIMED,False
67585991,2,True,True,True,True,False,1,0,True,TEMPORAL_SEQUENCE_VALID,CORE_STRICT_COUNT,DIRECT_REPORTED_CHAIN_COMPLETE,True
68439591,3,True,True,True,True,False,2,0,True,TEMPORAL_SEQUENCE_VALID,CORE_STRICT_COUNT,DIRECT_REPORTED_CHAIN_COMPLETE,True
68459211,2,True,True,True,True,False,1,0,True,TEMPORAL_SEQUENCE_VALID,CORE_STRICT_COUNT,DIRECT_REPORTED_CHAIN_COMPLETE,True
68763942,4,True,True,True,True,False,3,0,True,TEMPORAL_SEQUENCE_VALID,CORE_STRICT_COUNT,DIRECT_REPORTED_CHAIN_COMPLETE,True
68763944,4,True,True,True,True,False,3,0,True,TEMPORAL_SEQUENCE_VALID,CORE_STRICT_COUNT,DIRECT_REPORTED_CHAIN_COMPLETE,True
69110301,3,True,True,True,True,False,2,0,True,TEMPORAL_SEQUENCE_VALID,CORE_STRICT_COUNT,DIRECT_REPORTED_CHAIN_COMPLETE,True
69160461,4,True,True,True,True,False,3,0,True,TEMPORAL_SEQUENCE_VALID,CORE_STRICT_COUNT,DIRECT_REPORTED_CHAIN_COMPLETE,True
69548641,2,True,True,True,True,False,1,0,True,TEMPORAL_SEQUENCE_VALID,CORE_STRICT_COUNT,DIRECT_REPORTED_CHAIN_COMPLETE,True
69548642,4,True,True,True,True,False,3,0,True,TEMPORAL_SEQUENCE_VALID,CORE_STRICT_COUNT,MIXED_DIRECT_RBW_UNTIMED,False
70030861,4,True,True,True,True,False,3,0,True,TEMPORAL_SEQUENCE_VALID,CORE_STRICT_COUNT,DIRECT_REPORTED_CHAIN_COMPLETE,True
70155271,2,True,True,True,True,False,1,0,True,TEMPORAL_SEQUENCE_VALID,CORE_STRICT_COUNT,MIXED_DIRECT_RBW_UNTIMED,False
70242911,1,True,True,True,True,False,0,0,True,TEMPORAL_SEQUENCE_VALID,CORE_STRICT_COUNT,DIRECT_REPORTED_CHAIN_COMPLETE,True
70340951,2,True,True,True,True,False,1,0,True,TEMPORAL_SEQUENCE_VALID,CORE_STRICT_COUNT,DIRECT_REPORTED_CHAIN_COMPLETE,True
70677151,2,True,True,True,True,False,1,0,True,TEMPORAL_SEQUENCE_VALID,CORE_STRICT_COUNT,DIRECT_REPORTED_CHAIN_COMPLETE,True
70709061,2,True,True,True,True,False,1,0,True,TEMPORAL_SEQUENCE_VALID,CORE_STRICT_COUNT,DIRECT_REPORTED_CHAIN_COMPLETE,True
70829541,4,True,True,True,True,False,3,0,True,TEMPORAL_SEQUENCE_VALID,CORE_STRICT_COUNT,MIXED_DIRECT_RBW_UNTIMED,False
70829542,6,True,True,True,True,False,5,0,True,TEMPORAL_SEQUENCE_VALID,CORE_STRICT_COUNT,DIRECT_REPORTED_CHAIN_COMPLETE,True
70936031,4,True,True,True,True,False,3,0,True,TEMPORAL_SEQUENCE_VALID,CORE_STRICT_COUNT,DIRECT_REPORTED_CHAIN_COMPLETE,True
71091571,9,True,True,True,True,False,8,0,True,TEMPORAL_SEQUENCE_VALID,CORE_STRICT_COUNT,DIRECT_REPORTED_CHAIN_COMPLETE,True
71758851,6,True,True,True,True,False,5,0,True,TEMPORAL_SEQUENCE_VALID,CORE_STRICT_COUNT,DIRECT_REPORTED_CHAIN_COMPLETE,True
72285711,2,True,True,True,True,False,1,0,True,TEMPORAL_SEQUENCE_VALID,CORE_STRICT_COUNT,DIRECT_REPORTED_CHAIN_COMPLETE,True
72285712,2,True,True,True,True,False,1,0,True,TEMPORAL_SEQUENCE_VALID,CORE_STRICT_COUNT,DIRECT_REPORTED_CHAIN_COMPLETE,True
72531301,2,True,True,True,True,False,1,0,True,TEMPORAL_SEQUENCE_VALID,CORE_STRICT_COUNT,DIRECT_REPORTED_CHAIN_COMPLETE,True
72531302,6,True,True,True,True,False,5,0,True,TEMPORAL_SEQUENCE_VALID,CORE_STRICT_COUNT,DIRECT_REPORTED_CHAIN_COMPLETE,True
72531303,2,True,True,True,True,False,1,0,True,TEMPORAL_SEQUENCE_VALID,CORE_STRICT_COUNT,DIRECT_REPORTED_CHAIN_COMPLETE,True
72531304,2,True,True,True,True,False,1,0,True,TEMPORAL_SEQUENCE_VALID,CORE_STRICT_COUNT,DIRECT_REPORTED_CHAIN_COMPLETE,True
72585141,2,True,True,True,True,False,1,0,True,TEMPORAL_SEQUENCE_VALID,CORE_STRICT_COUNT,DIRECT_REPORTED_CHAIN_COMPLETE,True
72585142,2,True,True,True,True,False,1,0,True,TEMPORAL_SEQUENCE_VALID,CORE_STRICT_COUNT,DIRECT_REPORTED_CHAIN_COMPLETE,True
72933492,1,True,True,True,True,False,0,0,True,TEMPORAL_SEQUENCE_VALID,CORE_STRICT_COUNT,DIRECT_REPORTED_CHAIN_COMPLETE,True
72992151,7,True,True,True,True,False,6,0,True,TEMPORAL_SEQUENCE_VALID,CORE_STRICT_COUNT,DIRECT_REPORTED_CHAIN_COMPLETE,True
72992153,1,True,True,True,True,False,0,0,True,TEMPORAL_SEQUENCE_VALID,CORE_STRICT_COUNT,DIRECT_REPORTED_CHAIN_COMPLETE,True
73027631,4,True,True,True,True,False,3,0,True,TEMPORAL_SEQUENCE_VALID,CORE_STRICT_COUNT,DIRECT_REPORTED_CHAIN_COMPLETE,True
73102031,3,True,True,True,True,False,2,0,True,TEMPORAL_SEQUENCE_VALID,CORE_STRICT_COUNT,DIRECT_REPORTED_CHAIN_COMPLETE,True
74168021,5,True,True,True,True,False,4,0,True,TEMPORAL_SEQUENCE_VALID,CORE_STRICT_COUNT,DIRECT_REPORTED_CHAIN_COMPLETE,True
74908381,2,True,True,True,True,False,1,0,True,TEMPORAL_SEQUENCE_VALID,CORE_STRICT_COUNT,MIXED_DIRECT_RBW_UNTIMED,False
75181821,2,True,True,True,True,False,1,0,True,TEMPORAL_SEQUENCE_VALID,CORE_STRICT_COUNT,DIRECT_REPORTED_CHAIN_COMPLETE,True
75181822,2,True,True,True,True,False,1,0,True,TEMPORAL_SEQUENCE_VALID,CORE_STRICT_COUNT,DIRECT_REPORTED_CHAIN_COMPLETE,True
75181823,2,True,True,True,True,False,1,0,True,TEMPORAL_SEQUENCE_VALID,CORE_STRICT_COUNT,DIRECT_REPORTED_CHAIN_COMPLETE,True
75181824,4,True,True,True,True,False,3,0,True,TEMPORAL_SEQUENCE_VALID,CORE_STRICT_COUNT,DIRECT_REPORTED_CHAIN_COMPLETE,True
75181825,2,True,True,True,True,False,1,0,True,TEMPORAL_SEQUENCE_VALID,CORE_STRICT_COUNT,DIRECT_REPORTED_CHAIN_COMPLETE,True
75181826,3,True,True,True,True,False,2,0,True,TEMPORAL_SEQUENCE_VALID,CORE_STRICT_COUNT,DIRECT_REPORTED_CHAIN_COMPLETE,True
75566901,7,True,True,True,True,False,6,0,True,TEMPORAL_SEQUENCE_VALID,CORE_STRICT_COUNT,DIRECT_REPORTED_CHAIN_COMPLETE,True
75566902,4,True,True,True,True,False,3,0,True,TEMPORAL_SEQUENCE_VALID,CORE_STRICT_COUNT,DIRECT_REPORTED_CHAIN_COMPLETE,True
75957811,2,True,True,True,True,False,1,0,True,TEMPORAL_SEQUENCE_VALID,CORE_STRICT_COUNT,DIRECT_REPORTED_CHAIN_COMPLETE,True
75957812,2,True,True,True,True,False,1,0,True,TEMPORAL_SEQUENCE_VALID,CORE_STRICT_COUNT,DIRECT_REPORTED_CHAIN_COMPLETE,True
76153071,5,True,True,True,True,False,4,0,True,TEMPORAL_SEQUENCE_VALID,CORE_STRICT_COUNT,DIRECT_REPORTED_CHAIN_COMPLETE,True
76153072,5,True,True,True,True,False,4,0,True,TEMPORAL_SEQUENCE_VALID,CORE_STRICT_COUNT,DIRECT_REPORTED_CHAIN_COMPLETE,True
76159741,3,True,True,True,True,False,2,0,True,TEMPORAL_SEQUENCE_VALID,CORE_STRICT_COUNT,DIRECT_REPORTED_CHAIN_COMPLETE,True
76799921,7,True,True,True,True,False,6,0,True,TEMPORAL_SEQUENCE_VALID,CORE_STRICT_COUNT,DIRECT_REPORTED_CHAIN_COMPLETE,True
76799922,3,True,True,True,True,False,2,0,True,TEMPORAL_SEQUENCE_VALID,CORE_STRICT_COUNT,DIRECT_REPORTED_CHAIN_COMPLETE,True
76799923,5,True,True,True,True,False,4,0,True,TEMPORAL_SEQUENCE_VALID,CORE_STRICT_COUNT,DIRECT_REPORTED_CHAIN_COMPLETE,True
76799924,4,True,True,True,True,False,3,0,True,TEMPORAL_SEQUENCE_VALID,CORE_STRICT_COUNT,DIRECT_REPORTED_CHAIN_COMPLETE,True
76815841,4,True,True,True,True,False,3,0,True,TEMPORAL_SEQUENCE_VALID,CORE_STRICT_COUNT,DIRECT_REPORTED_CHAIN_COMPLETE,True
76815842,2,True,True,True,True,False,1,0,True,TEMPORAL_SEQUENCE_VALID,CORE_STRICT_COUNT,DIRECT_REPORTED_CHAIN_COMPLETE,True
77188661,7,True,True,True,True,False,6,0,True,TEMPORAL_SEQUENCE_VALID,CORE_STRICT_COUNT,DIRECT_REPORTED_CHAIN_COMPLETE,True
77302451,2,True,True,True,True,False,1,0,True,TEMPORAL_SEQUENCE_VALID,CORE_STRICT_COUNT,DIRECT_REPORTED_CHAIN_COMPLETE,True
77302452,6,True,True,True,True,False,5,0,True,TEMPORAL_SEQUENCE_VALID,CORE_STRICT_COUNT,DIRECT_REPORTED_CHAIN_COMPLETE,True
77302453,2,True,True,True,True,False,1,0,True,TEMPORAL_SEQUENCE_VALID,CORE_STRICT_COUNT,DIRECT_REPORTED_CHAIN_COMPLETE,True
77802541,4,True,True,True,True,False,3,0,True,TEMPORAL_SEQUENCE_VALID,CORE_STRICT_COUNT,DIRECT_REPORTED_CHAIN_COMPLETE,True
78118181,4,True,True,True,True,False,3,0,True,TEMPORAL_SEQUENCE_VALID,CORE_STRICT_COUNT,DIRECT_REPORTED_CHAIN_COMPLETE,True
78118182,2,True,True,True,True,False,1,0,True,TEMPORAL_SEQUENCE_VALID,CORE_STRICT_COUNT,DIRECT_REPORTED_CHAIN_COMPLETE,True
78216331,2,True,True,True,True,False,1,0,True,TEMPORAL_SEQUENCE_VALID,CORE_STRICT_COUNT,MIXED_DIRECT_RBW_UNTIMED,False
78534231,4,True,True,True,True,False,3,0,True,TEMPORAL_SEQUENCE_VALID,CORE_STRICT_COUNT,DIRECT_REPORTED_CHAIN_COMPLETE,True
78534232,2,True,True,True,True,False,1,0,True,TEMPORAL_SEQUENCE_VALID,CORE_STRICT_COUNT,DIRECT_REPORTED_CHAIN_COMPLETE,True
78534233,1,True,False,True,True,False,0,0,False,INTRA_TRIP_DURATION_IMPLAUSIBLE,CORE_STRICT_COUNT,DIRECT_REPORTED_CHAIN_COMPLETE,False
78534234,4,True,True,True,True,False,3,0,True,TEMPORAL_SEQUENCE_VALID,CORE_STRICT_COUNT,DIRECT_REPORTED_CHAIN_COMPLETE,True
78632901,2,True,True,True,True,False,1,0,True,TEMPORAL_SEQUENCE_VALID,CORE_STRICT_COUNT,DIRECT_REPORTED_CHAIN_COMPLETE,True
78632902,2,True,True,True,True,False,1,0,True,TEMPORAL_SEQUENCE_VALID,CORE_STRICT_COUNT,DIRECT_REPORTED_CHAIN_COMPLETE,True
78632903,4,True,True,True,True,False,3,0,True,TEMPORAL_SEQUENCE_VALID,CORE_STRICT_COUNT,DIRECT_REPORTED_CHAIN_COMPLETE,True
78632905,2,True,True,True,True,False,1,0,True,TEMPORAL_SEQUENCE_VALID,CORE_STRICT_COUNT,DIRECT_REPORTED_CHAIN_COMPLETE,True
79066631,2,True,True,True,True,False,1,0,True,TEMPORAL_SEQUENCE_VALID,CORE_STRICT_COUNT,DIRECT_REPORTED_CHAIN_COMPLETE,True
79066632,2,True,True,True,True,False,1,0,True,TEMPORAL_SEQUENCE_VALID,CORE_STRICT_COUNT,DIRECT_REPORTED_CHAIN_COMPLETE,True
79514231,5,True,True,True,True,False,4,0,True,TEMPORAL_SEQUENCE_VALID,CORE_STRICT_COUNT,DIRECT_REPORTED_CHAIN_COMPLETE,True
79514232,3,True,True,True,True,False,2,0,True,TEMPORAL_SEQUENCE_VALID,CORE_STRICT_COUNT,DIRECT_REPORTED_CHAIN_COMPLETE,True
79847641,2,True,True,True,True,False,1,0,True,TEMPORAL_SEQUENCE_VALID,CORE_STRICT_COUNT,DIRECT_REPORTED_CHAIN_COMPLETE,True
79847642,4,True,True,True,True,False,3,0,True,TEMPORAL_SEQUENCE_VALID,CORE_STRICT_COUNT,MIXED_DIRECT_RBW_UNTIMED,False
79847643,1,True,True,True,True,False,0,0,True,TEMPORAL_SEQUENCE_VALID,CORE_STRICT_COUNT,DIRECT_REPORTED_CHAIN_COMPLETE,True
80076551,4,True,True,True,True,False,3,0,True,TEMPORAL_SEQUENCE_VALID,CORE_STRICT_COUNT,DIRECT_REPORTED_CHAIN_COMPLETE,True
80360381,1,True,True,True,True,False,0,0,True,TEMPORAL_SEQUENCE_VALID,CORE_STRICT_COUNT,DIRECT_REPORTED_CHAIN_COMPLETE,True
80360382,1,True,True,True,True,False,0,0,True,TEMPORAL_SEQUENCE_VALID,CORE_STRICT_COUNT,DIRECT_REPORTED_CHAIN_COMPLETE,True
80360383,1,True,True,True,True,False,0,0,True,TEMPORAL_SEQUENCE_VALID,CORE_STRICT_COUNT,DIRECT_REPORTED_CHAIN_COMPLETE,True
80360384,1,True,True,True,True,False,0,0,True,TEMPORAL_SEQUENCE_VALID,CORE_STRICT_COUNT,DIRECT_REPORTED_CHAIN_COMPLETE,True
81184831,12,True,True,True,True,False,11,0,True,TEMPORAL_SEQUENCE_VALID,CORE_STRICT_COUNT,MIXED_DIRECT_RBW_PLUS_UNDETAILED,False
81613021,7,True,True,True,True,False,6,0,True,TEMPORAL_SEQUENCE_VALID,CORE_STRICT_COUNT,DIRECT_REPORTED_CHAIN_COMPLETE,True
81613022,7,True,True,True,True,False,6,0,True,TEMPORAL_SEQUENCE_VALID,CORE_STRICT_COUNT,DIRECT_REPORTED_CHAIN_COMPLETE,True
82037271,2,True,True,True,True,False,1,0,True,TEMPORAL_SEQUENCE_VALID,CORE_STRICT_COUNT,DIRECT_REPORTED_CHAIN_COMPLETE,True
82037272,4,True,True,True,True,False,3,0,True,TEMPORAL_SEQUENCE_VALID,CORE_STRICT_COUNT,DIRECT_REPORTED_CHAIN_COMPLETE,True
82037273,2,True,True,True,True,False,1,0,True,TEMPORAL_SEQUENCE_VALID,CORE_STRICT_COUNT,DIRECT_REPORTED_CHAIN_COMPLETE,True
82037274,2,True,True,True,True,False,1,0,True,TEMPORAL_SEQUENCE_VALID,CORE_STRICT_COUNT,DIRECT_REPORTED_CHAIN_COMPLETE,True
82037275,4,True,True,True,True,False,3,0,True,TEMPORAL_SEQUENCE_VALID,CORE_STRICT_COUNT,DIRECT_REPORTED_CHAIN_COMPLETE,True
82050941,2,True,True,True,True,False,1,0,True,TEMPORAL_SEQUENCE_VALID,CORE_STRICT_COUNT,DIRECT_REPORTED_CHAIN_COMPLETE,True
82050942,2,True,True,True,True,False,1,0,True,TEMPORAL_SEQUENCE_VALID,CORE_STRICT_COUNT,DIRECT_REPORTED_CHAIN_COMPLETE,True
82086991,4,True,True,True,True,False,3,0,True,TEMPORAL_SEQUENCE_VALID,CORE_STRICT_COUNT,DIRECT_REPORTED_CHAIN_COMPLETE,True
82086992,2,True,True,True,True,False,1,0,True,TEMPORAL_SEQUENCE_VALID,CORE_STRICT_COUNT,DIRECT_REPORTED_CHAIN_COMPLETE,True
82086993,2,True,True,True,True,False,1,0,True,TEMPORAL_SEQUENCE_VALID,CORE_STRICT_COUNT,DIRECT_REPORTED_CHAIN_COMPLETE,True
82115501,5,True,True,True,True,False,4,0,True,TEMPORAL_SEQUENCE_VALID,CORE_STRICT_COUNT,DIRECT_REPORTED_CHAIN_COMPLETE,True
82141471,3,True,True,True,True,False,2,0,True,TEMPORAL_SEQUENCE_VALID,CORE_STRICT_COUNT,DIRECT_REPORTED_CHAIN_COMPLETE,True
82141472,4,True,True,True,True,False,3,0,True,TEMPORAL_SEQUENCE_VALID,CORE_STRICT_COUNT,DIRECT_REPORTED_CHAIN_COMPLETE,True
82141473,4,True,True,True,True,False,3,0,True,TEMPORAL_SEQUENCE_VALID,CORE_STRICT_COUNT,DIRECT_REPORTED_CHAIN_COMPLETE,True
82141474,2,True,True,True,True,False,1,0,True,TEMPORAL_SEQUENCE_VALID,CORE_STRICT_COUNT,DIRECT_REPORTED_CHAIN_COMPLETE,True
82221961,4,True,True,True,True,False,3,0,True,TEMPORAL_SEQUENCE_VALID,CORE_STRICT_COUNT,DIRECT_REPORTED_CHAIN_COMPLETE,True
82221962,2,True,True,True,True,False,1,0,True,TEMPORAL_SEQUENCE_VALID,CORE_STRICT_COUNT,DIRECT_REPORTED_CHAIN_COMPLETE,True
82227481,2,True,True,True,True,False,1,0,True,TEMPORAL_SEQUENCE_VALID,CORE_STRICT_COUNT,MIXED_DIRECT_RBW_UNTIMED,False
82227482,2,True,True,True,True,False,1,0,True,TEMPORAL_SEQUENCE_VALID,CORE_STRICT_COUNT,DIRECT_REPORTED_CHAIN_COMPLETE,True
82227483,2,True,True,True,True,False,1,0,True,TEMPORAL_SEQUENCE_VALID,CORE_STRICT_COUNT,DIRECT_REPORTED_CHAIN_COMPLETE,True
82227484,2,True,True,True,True,False,1,0,True,TEMPORAL_SEQUENCE_VALID,CORE_STRICT_COUNT,DIRECT_REPORTED_CHAIN_COMPLETE,True
82241901,3,True,True,True,True,False,2,0,True,TEMPORAL_SEQUENCE_VALID,CORE_STRICT_COUNT,DIRECT_REPORTED_CHAIN_COMPLETE,True
82305991,6,True,True,True,True,False,5,0,True,TEMPORAL_SEQUENCE_VALID,CORE_STRICT_COUNT,DIRECT_REPORTED_CHAIN_COMPLETE,True
82310842,5,True,True,True,True,False,4,0,True,TEMPORAL_SEQUENCE_VALID,CORE_STRICT_COUNT,DIRECT_REPORTED_CHAIN_COMPLETE,True
82333741,6,True,True,True,True,False,5,0,True,TEMPORAL_SEQUENCE_VALID,CORE_STRICT_COUNT,DIRECT_REPORTED_CHAIN_COMPLETE,True
82370241,4,True,True,True,True,False,3,0,True,TEMPORAL_SEQUENCE_VALID,CORE_STRICT_COUNT,DIRECT_REPORTED_CHAIN_COMPLETE,True
82400961,2,True,True,True,True,False,1,0,True,TEMPORAL_SEQUENCE_VALID,CORE_STRICT_COUNT,DIRECT_REPORTED_CHAIN_COMPLETE,True
82400962,4,True,True,True,True,False,3,0,True,TEMPORAL_SEQUENCE_VALID,CORE_STRICT_COUNT,DIRECT_REPORTED_CHAIN_COMPLETE,True
82432971,9,True,True,True,True,False,8,0,True,TEMPORAL_SEQUENCE_VALID,CORE_STRICT_COUNT,DIRECT_REPORTED_CHAIN_COMPLETE,True
82432972,5,True,True,True,True,False,4,0,True,TEMPORAL_SEQUENCE_VALID,CORE_STRICT_COUNT,DIRECT_REPORTED_CHAIN_COMPLETE,True
82455741,3,True,True,True,True,False,2,0,True,TEMPORAL_SEQUENCE_VALID,CORE_STRICT_COUNT,DIRECT_REPORTED_CHAIN_COMPLETE,True
82464641,1,True,True,True,True,False,0,0,True,TEMPORAL_SEQUENCE_VALID,CORE_STRICT_COUNT,DIRECT_REPORTED_CHAIN_COMPLETE,True
82510641,4,True,True,True,True,False,3,0,True,TEMPORAL_SEQUENCE_VALID,CORE_STRICT_COUNT,DIRECT_REPORTED_CHAIN_COMPLETE,True
82519501,6,True,True,True,True,False,5,0,True,TEMPORAL_SEQUENCE_VALID,CORE_STRICT_COUNT,DIRECT_REPORTED_CHAIN_COMPLETE,True
82534941,2,True,True,True,True,False,1,0,True,TEMPORAL_SEQUENCE_VALID,CORE_STRICT_COUNT,DIRECT_REPORTED_CHAIN_COMPLETE,True
82534942,4,True,True,True,True,False,3,0,True,TEMPORAL_SEQUENCE_VALID,CORE_STRICT_COUNT,DIRECT_REPORTED_CHAIN_COMPLETE,True
82534943,2,True,True,True,True,False,1,0,True,TEMPORAL_SEQUENCE_VALID,CORE_STRICT_COUNT,DIRECT_REPORTED_CHAIN_COMPLETE,True
82534944,2,True,True,True,True,False,1,0,True,TEMPORAL_SEQUENCE_VALID,CORE_STRICT_COUNT,DIRECT_REPORTED_CHAIN_COMPLETE,True
82590901,3,True,True,True,True,False,2,0,True,TEMPORAL_SEQUENCE_VALID,CORE_STRICT_COUNT,MIXED_DIRECT_RBW_UNTIMED,False
82591991,6,True,True,True,True,False,5,0,True,TEMPORAL_SEQUENCE_VALID,CORE_STRICT_COUNT,DIRECT_REPORTED_CHAIN_COMPLETE,True
82591992,8,True,True,True,True,False,7,0,True,TEMPORAL_SEQUENCE_VALID,CORE_STRICT_COUNT,DIRECT_REPORTED_CHAIN_COMPLETE,True
82591993,6,True,True,True,True,False,5,0,True,TEMPORAL_SEQUENCE_VALID,CORE_STRICT_COUNT,DIRECT_REPORTED_CHAIN_COMPLETE,True
82708291,1,True,True,True,True,False,0,0,True,TEMPORAL_SEQUENCE_VALID,CORE_STRICT_COUNT,DIRECT_REPORTED_CHAIN_COMPLETE,True
82708292,1,True,True,True,True,False,0,0,True,TEMPORAL_SEQUENCE_VALID,CORE_STRICT_COUNT,DIRECT_REPORTED_CHAIN_COMPLETE,True
82716051,1,True,True,True,True,False,0,0,True,TEMPORAL_SEQUENCE_VALID,CORE_STRICT_COUNT,DIRECT_REPORTED_CHAIN_COMPLETE,True
82716052,3,True,True,True,True,False,2,0,True,TEMPORAL_SEQUENCE_VALID,CORE_STRICT_COUNT,DIRECT_REPORTED_CHAIN_COMPLETE,True
82716053,2,True,True,True,True,False,1,0,True,TEMPORAL_SEQUENCE_VALID,CORE_STRICT_COUNT,DIRECT_REPORTED_CHAIN_COMPLETE,True
82735701,7,True,True,True,True,False,6,0,True,TEMPORAL_SEQUENCE_VALID,CORE_STRICT_COUNT,DIRECT_REPORTED_CHAIN_COMPLETE,True
82735702,2,True,True,True,True,False,1,0,True,TEMPORAL_SEQUENCE_VALID,CORE_STRICT_COUNT,DIRECT_REPORTED_CHAIN_COMPLETE,True
82735703,5,True,True,True,True,False,4,0,True,TEMPORAL_SEQUENCE_VALID,CORE_STRICT_COUNT,DIRECT_REPORTED_CHAIN_COMPLETE,True
82735704,2,True,True,True,True,False,1,0,True,TEMPORAL_SEQUENCE_VALID,CORE_STRICT_COUNT,DIRECT_REPORTED_CHAIN_COMPLETE,True
82755651,4,True,True,True,True,False,3,0,True,TEMPORAL_SEQUENCE_VALID,CORE_STRICT_COUNT,DIRECT_REPORTED_CHAIN_COMPLETE,True
82755652,4,True,True,True,True,False,3,0,True,TEMPORAL_SEQUENCE_VALID,CORE_STRICT_COUNT,DIRECT_REPORTED_CHAIN_COMPLETE,True
82755653,2,True,True,True,True,False,1,0,True,TEMPORAL_SEQUENCE_VALID,CORE_STRICT_COUNT,DIRECT_REPORTED_CHAIN_COMPLETE,True
82844551,2,True,True,True,True,False,1,0,True,TEMPORAL_SEQUENCE_VALID,CORE_STRICT_COUNT,DIRECT_REPORTED_CHAIN_COMPLETE,True
82848122,2,True,True,True,True,False,1,0,True,TEMPORAL_SEQUENCE_VALID,CORE_STRICT_COUNT,DIRECT_REPORTED_CHAIN_COMPLETE,True
82848831,6,True,True,True,True,False,5,0,True,TEMPORAL_SEQUENCE_VALID,CORE_STRICT_COUNT,DIRECT_REPORTED_CHAIN_COMPLETE,True
82852851,6,True,True,True,True,False,5,0,True,TEMPORAL_SEQUENCE_VALID,CORE_STRICT_COUNT,DIRECT_REPORTED_CHAIN_COMPLETE,True
82864081,6,True,True,True,True,False,5,0,True,TEMPORAL_SEQUENCE_VALID,CORE_STRICT_COUNT,DIRECT_REPORTED_CHAIN_COMPLETE,True
82864082,5,True,True,True,True,False,4,0,True,TEMPORAL_SEQUENCE_VALID,CORE_STRICT_COUNT,DIRECT_REPORTED_CHAIN_COMPLETE,True
82913541,2,True,True,True,True,False,1,0,True,TEMPORAL_SEQUENCE_VALID,CORE_STRICT_COUNT,DIRECT_REPORTED_CHAIN_COMPLETE,True
82913542,4,True,True,True,True,False,3,0,True,TEMPORAL_SEQUENCE_VALID,CORE_STRICT_COUNT,DIRECT_REPORTED_CHAIN_COMPLETE,True
82918631,1,True,True,True,True,False,0,0,True,TEMPORAL_SEQUENCE_VALID,CORE_STRICT_COUNT,DIRECT_REPORTED_CHAIN_COMPLETE,True
82951571,2,True,True,True,True,False,1,0,True,TEMPORAL_SEQUENCE_VALID,CORE_STRICT_COUNT,DIRECT_REPORTED_CHAIN_COMPLETE,True
82974811,2,True,True,True,True,False,1,0,True,TEMPORAL_SEQUENCE_VALID,CORE_STRICT_COUNT,DIRECT_REPORTED_CHAIN_COMPLETE,True
82974812,4,True,True,True,True,False,3,0,True,TEMPORAL_SEQUENCE_VALID,CORE_STRICT_COUNT,DIRECT_REPORTED_CHAIN_COMPLETE,True
82988631,7,True,True,True,True,False,6,0,True,TEMPORAL_SEQUENCE_VALID,CORE_STRICT_COUNT,DIRECT_REPORTED_CHAIN_COMPLETE,True
82988632,2,True,True,True,True,False,1,0,True,TEMPORAL_SEQUENCE_VALID,CORE_STRICT_COUNT,DIRECT_REPORTED_CHAIN_COMPLETE,True
82988633,4,True,True,True,True,False,3,0,True,TEMPORAL_SEQUENCE_VALID,CORE_STRICT_COUNT,DIRECT_REPORTED_CHAIN_COMPLETE,True
82988634,4,True,True,True,True,False,3,0,True,TEMPORAL_SEQUENCE_VALID,CORE_STRICT_COUNT,DIRECT_REPORTED_CHAIN_COMPLETE,True
83011191,5,True,False,True,True,False,4,0,False,INTRA_TRIP_DURATION_IMPLAUSIBLE,CORE_STRICT_COUNT,DIRECT_REPORTED_CHAIN_COMPLETE,False
83028951,2,True,True,True,True,False,1,0,True,TEMPORAL_SEQUENCE_VALID,CORE_STRICT_COUNT,DIRECT_REPORTED_CHAIN_COMPLETE,True
83028952,2,True,True,True,True,False,1,0,True,TEMPORAL_SEQUENCE_VALID,CORE_STRICT_COUNT,DIRECT_REPORTED_CHAIN_COMPLETE,True
83089601,4,True,True,True,True,False,3,0,True,TEMPORAL_SEQUENCE_VALID,CORE_STRICT_COUNT,DIRECT_REPORTED_CHAIN_COMPLETE,True
83114021,4,True,True,True,True,False,3,0,True,TEMPORAL_SEQUENCE_VALID,CORE_STRICT_COUNT,DIRECT_REPORTED_CHAIN_COMPLETE,True
83114242,2,True,True,True,True,False,1,0,True,TEMPORAL_SEQUENCE_VALID,CORE_STRICT_COUNT,DIRECT_REPORTED_CHAIN_COMPLETE,True
83128011,4,True,True,True,True,False,3,0,True,TEMPORAL_SEQUENCE_VALID,CORE_STRICT_COUNT,DIRECT_REPORTED_CHAIN_COMPLETE,True
83130831,1,True,True,True,True,False,0,0,True,TEMPORAL_SEQUENCE_VALID,CORE_STRICT_COUNT,DIRECT_REPORTED_CHAIN_COMPLETE,True
83211211,4,True,True,True,True,False,3,0,True,TEMPORAL_SEQUENCE_VALID,CORE_STRICT_COUNT,DIRECT_REPORTED_CHAIN_COMPLETE,True
83255901,2,True,True,True,True,False,1,0,True,TEMPORAL_SEQUENCE_VALID,CORE_STRICT_COUNT,DIRECT_REPORTED_CHAIN_COMPLETE,True
83255902,2,True,True,True,True,False,1,0,True,TEMPORAL_SEQUENCE_VALID,CORE_STRICT_COUNT,DIRECT_REPORTED_CHAIN_COMPLETE,True
83272271,2,True,True,True,True,False,1,0,True,TEMPORAL_SEQUENCE_VALID,CORE_STRICT_COUNT,DIRECT_REPORTED_CHAIN_COMPLETE,True
83304621,5,True,True,True,True,False,4,0,True,TEMPORAL_SEQUENCE_VALID,CORE_STRICT_COUNT,DIRECT_REPORTED_CHAIN_COMPLETE,True
83304622,2,True,True,True,True,False,1,0,True,TEMPORAL_SEQUENCE_VALID,CORE_STRICT_COUNT,DIRECT_REPORTED_CHAIN_COMPLETE,True
83308141,11,True,True,True,True,False,10,0,True,TEMPORAL_SEQUENCE_VALID,CORE_STRICT_COUNT,MIXED_DIRECT_RBW_UNTIMED,False
83308142,4,True,True,True,True,False,3,0,True,TEMPORAL_SEQUENCE_VALID,CORE_STRICT_COUNT,DIRECT_REPORTED_CHAIN_COMPLETE,True
83345291,4,True,True,True,True,False,3,0,True,TEMPORAL_SEQUENCE_VALID,CORE_STRICT_COUNT,DIRECT_REPORTED_CHAIN_COMPLETE,True
83345292,2,True,True,True,True,False,1,0,True,TEMPORAL_SEQUENCE_VALID,CORE_STRICT_COUNT,DIRECT_REPORTED_CHAIN_COMPLETE,True
83363331,2,True,True,True,True,False,1,0,True,TEMPORAL_SEQUENCE_VALID,CORE_STRICT_COUNT,DIRECT_REPORTED_CHAIN_COMPLETE,True
83366251,2,True,True,True,True,False,1,0,True,TEMPORAL_SEQUENCE_VALID,CORE_STRICT_COUNT,DIRECT_REPORTED_CHAIN_COMPLETE,True
83366451,2,True,True,True,True,False,1,0,True,TEMPORAL_SEQUENCE_VALID,CORE_STRICT_COUNT,DIRECT_REPORTED_CHAIN_COMPLETE,True
83383411,2,True,True,True,True,False,1,0,True,TEMPORAL_SEQUENCE_VALID,CORE_STRICT_COUNT,DIRECT_REPORTED_CHAIN_COMPLETE,True
83383412,3,True,True,True,True,False,2,0,True,TEMPORAL_SEQUENCE_VALID,CORE_STRICT_COUNT,DIRECT_REPORTED_CHAIN_COMPLETE,True
83383413,3,True,True,True,True,False,2,0,True,TEMPORAL_SEQUENCE_VALID,CORE_STRICT_COUNT,DIRECT_REPORTED_CHAIN_COMPLETE,True
83383414,3,True,True,True,True,False,2,0,True,TEMPORAL_SEQUENCE_VALID,CORE_STRICT_COUNT,DIRECT_REPORTED_CHAIN_COMPLETE,True
83411691,4,True,True,True,True,False,3,0,True,TEMPORAL_SEQUENCE_VALID,CORE_STRICT_COUNT,MIXED_DIRECT_RBW_UNTIMED,False
83453781,1,True,True,True,True,False,0,0,True,TEMPORAL_SEQUENCE_VALID,CORE_STRICT_COUNT,DIRECT_REPORTED_CHAIN_COMPLETE,True
83479291,2,True,True,True,True,False,1,0,True,TEMPORAL_SEQUENCE_VALID,CORE_STRICT_COUNT,DIRECT_REPORTED_CHAIN_COMPLETE,True
83481081,5,True,True,True,True,False,4,0,True,TEMPORAL_SEQUENCE_VALID,CORE_STRICT_COUNT,DIRECT_REPORTED_CHAIN_COMPLETE,True
83492632,12,True,True,True,True,False,11,0,True,TEMPORAL_SEQUENCE_VALID,ANALYTIC_WITH_COMPONENT_WARNING,DIRECT_ROWS_ADDITIONAL_COUNT_UNKNOWN,False
83508601,2,True,True,True,True,False,1,0,True,TEMPORAL_SEQUENCE_VALID,CORE_STRICT_COUNT,DIRECT_REPORTED_CHAIN_COMPLETE,True
83539251,7,True,True,True,True,False,6,0,True,TEMPORAL_SEQUENCE_VALID,CORE_STRICT_COUNT,DIRECT_REPORTED_CHAIN_COMPLETE,True
83539252,3,True,True,True,True,False,2,0,True,TEMPORAL_SEQUENCE_VALID,CORE_STRICT_COUNT,DIRECT_REPORTED_CHAIN_COMPLETE,True
83571361,4,True,True,True,True,False,3,0,True,TEMPORAL_SEQUENCE_VALID,CORE_STRICT_COUNT,DIRECT_REPORTED_CHAIN_COMPLETE,True
83596961,2,True,True,True,True,False,1,0,True,TEMPORAL_SEQUENCE_VALID,CORE_STRICT_COUNT,DIRECT_REPORTED_CHAIN_COMPLETE,True
83606701,4,True,True,True,True,False,3,0,True,TEMPORAL_SEQUENCE_VALID,CORE_STRICT_COUNT,DIRECT_REPORTED_CHAIN_COMPLETE,True
83606702,4,True,True,True,True,False,3,0,True,TEMPORAL_SEQUENCE_VALID,CORE_STRICT_COUNT,DIRECT_REPORTED_CHAIN_COMPLETE,True
83606703,3,True,True,True,True,False,2,0,True,TEMPORAL_SEQUENCE_VALID,CORE_STRICT_COUNT,DIRECT_REPORTED_CHAIN_COMPLETE,True
83608251,2,True,True,True,True,False,1,0,True,TEMPORAL_SEQUENCE_VALID,CORE_STRICT_COUNT,DIRECT_REPORTED_CHAIN_COMPLETE,True
83614231,7,True,True,True,True,False,6,0,True,TEMPORAL_SEQUENCE_VALID,CORE_STRICT_COUNT,DIRECT_REPORTED_CHAIN_COMPLETE,True
83614232,3,True,True,True,True,False,2,0,True,TEMPORAL_SEQUENCE_VALID,CORE_STRICT_COUNT,DIRECT_REPORTED_CHAIN_COMPLETE,True
83624631,4,True,True,True,True,False,3,0,True,TEMPORAL_SEQUENCE_VALID,CORE_STRICT_COUNT,DIRECT_REPORTED_CHAIN_COMPLETE,True
83624632,4,True,True,True,True,False,3,0,True,TEMPORAL_SEQUENCE_VALID,CORE_STRICT_COUNT,DIRECT_REPORTED_CHAIN_COMPLETE,True
83656521,3,True,True,True,True,False,2,0,True,TEMPORAL_SEQUENCE_VALID,CORE_STRICT_COUNT,DIRECT_REPORTED_CHAIN_COMPLETE,True
83660261,4,True,True,True,True,False,3,0,True,TEMPORAL_SEQUENCE_VALID,CORE_STRICT_COUNT,DIRECT_REPORTED_CHAIN_COMPLETE,True
83704501,7,True,True,True,True,False,6,0,True,TEMPORAL_SEQUENCE_VALID,CORE_STRICT_COUNT,DIRECT_REPORTED_CHAIN_COMPLETE,True
83704502,4,True,True,True,True,False,3,0,True,TEMPORAL_SEQUENCE_VALID,CORE_STRICT_COUNT,DIRECT_REPORTED_CHAIN_COMPLETE,True
83704503,2,True,True,True,True,False,1,0,True,TEMPORAL_SEQUENCE_VALID,CORE_STRICT_COUNT,DIRECT_REPORTED_CHAIN_COMPLETE,True
83704504,2,True,True,True,True,False,1,0,True,TEMPORAL_SEQUENCE_VALID,CORE_STRICT_COUNT,DIRECT_REPORTED_CHAIN_COMPLETE,True
83746181,3,True,True,True,True,False,2,0,True,TEMPORAL_SEQUENCE_VALID,CORE_STRICT_COUNT,DIRECT_REPORTED_CHAIN_COMPLETE,True
83748891,5,True,True,True,True,False,4,0,True,TEMPORAL_SEQUENCE_VALID,CORE_STRICT_COUNT,DIRECT_REPORTED_CHAIN_COMPLETE,True
83772071,2,True,True,True,True,False,1,0,True,TEMPORAL_SEQUENCE_VALID,CORE_STRICT_COUNT,DIRECT_REPORTED_CHAIN_COMPLETE,True
83803591,2,True,True,True,True,False,1,0,True,TEMPORAL_SEQUENCE_VALID,CORE_STRICT_COUNT,DIRECT_REPORTED_CHAIN_COMPLETE,True
83807841,2,True,True,True,True,False,1,0,True,TEMPORAL_SEQUENCE_VALID,CORE_STRICT_COUNT,MIXED_DIRECT_RBW_UNTIMED,False
83807842,4,True,True,True,True,False,3,0,True,TEMPORAL_SEQUENCE_VALID,CORE_STRICT_COUNT,DIRECT_REPORTED_CHAIN_COMPLETE,True
83807843,2,True,True,True,True,False,1,0,True,TEMPORAL_SEQUENCE_VALID,CORE_STRICT_COUNT,DIRECT_REPORTED_CHAIN_COMPLETE,True
83818831,1,True,True,True,True,False,0,0,True,TEMPORAL_SEQUENCE_VALID,CORE_STRICT_COUNT,DIRECT_REPORTED_CHAIN_COMPLETE,True
83818833,2,True,True,True,True,False,1,0,True,TEMPORAL_SEQUENCE_VALID,CORE_STRICT_COUNT,DIRECT_REPORTED_CHAIN_COMPLETE,True
83886601,4,True,True,True,True,False,3,0,True,TEMPORAL_SEQUENCE_VALID,CORE_STRICT_COUNT,DIRECT_REPORTED_CHAIN_COMPLETE,True
83886602,9,True,True,True,True,False,8,0,True,TEMPORAL_SEQUENCE_VALID,CORE_STRICT_COUNT,DIRECT_REPORTED_CHAIN_COMPLETE,True
83896271,2,True,True,True,True,False,1,0,True,TEMPORAL_SEQUENCE_VALID,CORE_STRICT_COUNT,DIRECT_REPORTED_CHAIN_COMPLETE,True
83907101,6,True,True,True,True,False,5,0,True,TEMPORAL_SEQUENCE_VALID,CORE_STRICT_COUNT,DIRECT_REPORTED_CHAIN_COMPLETE,True
83912171,1,True,True,True,True,False,0,0,True,TEMPORAL_SEQUENCE_VALID,CORE_STRICT_COUNT,DIRECT_REPORTED_CHAIN_COMPLETE,True
83938331,4,True,True,True,True,False,3,0,True,TEMPORAL_SEQUENCE_VALID,CORE_STRICT_COUNT,DIRECT_REPORTED_CHAIN_COMPLETE,True
83965971,7,True,True,True,True,False,6,0,True,TEMPORAL_SEQUENCE_VALID,CORE_STRICT_COUNT,DIRECT_REPORTED_CHAIN_COMPLETE,True
83965972,4,True,True,True,True,False,3,0,True,TEMPORAL_SEQUENCE_VALID,CORE_STRICT_COUNT,DIRECT_REPORTED_CHAIN_COMPLETE,True
83965973,2,True,True,True,True,False,1,0,True,TEMPORAL_SEQUENCE_VALID,CORE_STRICT_COUNT,DIRECT_REPORTED_CHAIN_COMPLETE,True
83990931,3,True,True,True,True,False,2,0,True,TEMPORAL_SEQUENCE_VALID,CORE_STRICT_COUNT,DIRECT_REPORTED_CHAIN_COMPLETE,True
83995761,2,True,True,True,True,False,1,0,True,TEMPORAL_SEQUENCE_VALID,CORE_STRICT_COUNT,DIRECT_REPORTED_CHAIN_COMPLETE,True
83995762,3,True,True,True,True,False,2,0,True,TEMPORAL_SEQUENCE_VALID,CORE_STRICT_COUNT,DIRECT_REPORTED_CHAIN_COMPLETE,True
84005001,2,True,True,True,True,False,1,0,True,TEMPORAL_SEQUENCE_VALID,CORE_STRICT_COUNT,MIXED_DIRECT_RBW_UNTIMED,False
84005003,3,False,False,True,True,False,1,0,False,TIME_COMPONENT_MISSING,CORE_STRICT_COUNT,MIXED_DIRECT_RBW_UNTIMED,False
84010661,6,True,True,True,True,False,5,0,True,TEMPORAL_SEQUENCE_VALID,CORE_STRICT_COUNT,DIRECT_REPORTED_CHAIN_COMPLETE,True
84016221,3,True,True,True,True,False,2,0,True,TEMPORAL_SEQUENCE_VALID,CORE_STRICT_COUNT,DIRECT_REPORTED_CHAIN_COMPLETE,True
84016222,4,True,True,True,True,False,3,0,True,TEMPORAL_SEQUENCE_VALID,CORE_STRICT_COUNT,DIRECT_REPORTED_CHAIN_COMPLETE,True
84063941,5,True,True,True,True,False,4,0,True,TEMPORAL_SEQUENCE_VALID,CORE_STRICT_COUNT,DIRECT_REPORTED_CHAIN_COMPLETE,True
84216921,3,True,True,True,True,False,2,0,True,TEMPORAL_SEQUENCE_VALID,CORE_STRICT_COUNT,DIRECT_REPORTED_CHAIN_COMPLETE,True
84216922,3,True,True,True,True,False,2,0,True,TEMPORAL_SEQUENCE_VALID,CORE_STRICT_COUNT,DIRECT_REPORTED_CHAIN_COMPLETE,True
84244441,2,True,True,True,True,False,1,0,True,TEMPORAL_SEQUENCE_VALID,CORE_STRICT_COUNT,DIRECT_REPORTED_CHAIN_COMPLETE,True
84244442,6,True,True,True,True,False,5,0,True,TEMPORAL_SEQUENCE_VALID,CORE_STRICT_COUNT,DIRECT_REPORTED_CHAIN_COMPLETE,True
84244443,2,True,True,True,True,False,1,0,True,TEMPORAL_SEQUENCE_VALID,CORE_STRICT_COUNT,DIRECT_REPORTED_CHAIN_COMPLETE,True
84244444,2,True,True,True,True,False,1,0,True,TEMPORAL_SEQUENCE_VALID,CORE_STRICT_COUNT,DIRECT_REPORTED_CHAIN_COMPLETE,True
84256941,4,True,True,True,True,False,3,0,True,TEMPORAL_SEQUENCE_VALID,CORE_STRICT_COUNT,DIRECT_REPORTED_CHAIN_COMPLETE,True
84256942,5,True,True,True,True,False,4,0,True,TEMPORAL_SEQUENCE_VALID,CORE_STRICT_COUNT,DIRECT_REPORTED_CHAIN_COMPLETE,True
84256943,2,True,True,True,True,False,1,0,True,TEMPORAL_SEQUENCE_VALID,CORE_STRICT_COUNT,DIRECT_REPORTED_CHAIN_COMPLETE,True
84256944,2,True,True,True,True,False,1,0,True,TEMPORAL_SEQUENCE_VALID,CORE_STRICT_COUNT,DIRECT_REPORTED_CHAIN_COMPLETE,True
84256945,2,True,True,True,True,False,1,0,True,TEMPORAL_SEQUENCE_VALID,CORE_STRICT_COUNT,DIRECT_REPORTED_CHAIN_COMPLETE,True
84308261,4,True,True,True,True,False,3,0,True,TEMPORAL_SEQUENCE_VALID,CORE_STRICT_COUNT,DIRECT_REPORTED_CHAIN_COMPLETE,True
84308871,5,True,True,True,True,False,4,0,True,TEMPORAL_SEQUENCE_VALID,CORE_STRICT_COUNT,DIRECT_REPORTED_CHAIN_COMPLETE,True
84308872,5,True,True,True,True,False,4,0,True,TEMPORAL_SEQUENCE_VALID,CORE_STRICT_COUNT,DIRECT_REPORTED_CHAIN_COMPLETE,True
84396841,4,True,True,True,True,False,3,0,True,TEMPORAL_SEQUENCE_VALID,CORE_STRICT_COUNT,DIRECT_REPORTED_CHAIN_COMPLETE,True
84428171,5,True,True,True,True,False,4,0,True,TEMPORAL_SEQUENCE_VALID,CORE_STRICT_COUNT,DIRECT_REPORTED_CHAIN_COMPLETE,True
84442631,1,True,True,True,True,False,0,0,True,TEMPORAL_SEQUENCE_VALID,CORE_STRICT_COUNT,DIRECT_REPORTED_CHAIN_COMPLETE,True
84452541,1,True,True,True,True,False,0,0,True,TEMPORAL_SEQUENCE_VALID,CORE_STRICT_COUNT,DIRECT_REPORTED_CHAIN_COMPLETE,True
84452542,1,True,True,True,True,False,0,0,True,TEMPORAL_SEQUENCE_VALID,CORE_STRICT_COUNT,DIRECT_REPORTED_CHAIN_COMPLETE,True
84518461,5,True,True,True,True,False,4,0,True,TEMPORAL_SEQUENCE_VALID,CORE_STRICT_COUNT,MIXED_DIRECT_RBW_UNTIMED,False
84543541,2,True,True,True,True,False,1,0,True,TEMPORAL_SEQUENCE_VALID,CORE_STRICT_COUNT,DIRECT_REPORTED_CHAIN_COMPLETE,True
84559081,3,True,True,True,True,False,2,0,True,TEMPORAL_SEQUENCE_VALID,CORE_STRICT_COUNT,DIRECT_REPORTED_CHAIN_COMPLETE,True
84618781,2,True,True,True,True,False,1,0,True,TEMPORAL_SEQUENCE_VALID,CORE_STRICT_COUNT,DIRECT_REPORTED_CHAIN_COMPLETE,True
84620091,2,True,True,True,True,False,1,0,True,TEMPORAL_SEQUENCE_VALID,CORE_STRICT_COUNT,DIRECT_REPORTED_CHAIN_COMPLETE,True
84648171,2,True,True,True,True,False,1,0,True,TEMPORAL_SEQUENCE_VALID,CORE_STRICT_COUNT,DIRECT_REPORTED_CHAIN_COMPLETE,True
84712271,2,True,True,True,True,False,1,0,True,TEMPORAL_SEQUENCE_VALID,CORE_STRICT_COUNT,DIRECT_REPORTED_CHAIN_COMPLETE,True
84712272,2,True,True,True,True,False,1,0,True,TEMPORAL_SEQUENCE_VALID,CORE_STRICT_COUNT,DIRECT_REPORTED_CHAIN_COMPLETE,True
84712273,4,True,True,True,True,False,3,0,True,TEMPORAL_SEQUENCE_VALID,CORE_STRICT_COUNT,DIRECT_REPORTED_CHAIN_COMPLETE,True
84712274,4,True,True,True,True,False,3,0,True,TEMPORAL_SEQUENCE_VALID,CORE_STRICT_COUNT,DIRECT_REPORTED_CHAIN_COMPLETE,True
84740161,4,True,True,True,True,False,3,0,True,TEMPORAL_SEQUENCE_VALID,CORE_STRICT_COUNT,DIRECT_REPORTED_CHAIN_COMPLETE,True
84834021,2,True,True,True,True,False,1,0,True,TEMPORAL_SEQUENCE_VALID,CORE_STRICT_COUNT,MIXED_DIRECT_RBW_UNTIMED,False
84862331,3,True,True,True,True,False,2,0,True,TEMPORAL_SEQUENCE_VALID,CORE_STRICT_COUNT,DIRECT_REPORTED_CHAIN_COMPLETE,True
84870271,5,True,True,True,True,False,4,0,True,TEMPORAL_SEQUENCE_VALID,CORE_STRICT_COUNT,DIRECT_REPORTED_CHAIN_COMPLETE,True
84883861,2,True,True,True,True,False,1,0,True,TEMPORAL_SEQUENCE_VALID,CORE_STRICT_COUNT,DIRECT_REPORTED_CHAIN_COMPLETE,True
84888031,4,True,True,True,True,False,3,0,True,TEMPORAL_SEQUENCE_VALID,CORE_STRICT_COUNT,DIRECT_REPORTED_CHAIN_COMPLETE,True
84891861,2,True,True,True,True,False,1,0,True,TEMPORAL_SEQUENCE_VALID,CORE_STRICT_COUNT,DIRECT_REPORTED_CHAIN_COMPLETE,True
84925701,4,True,True,True,True,False,3,0,True,TEMPORAL_SEQUENCE_VALID,CORE_STRICT_COUNT,MIXED_DIRECT_RBW_UNTIMED,False
84925702,4,True,True,True,True,False,3,0,True,TEMPORAL_SEQUENCE_VALID,CORE_STRICT_COUNT,DIRECT_REPORTED_CHAIN_COMPLETE,True
84956931,4,True,True,True,True,False,3,0,True,TEMPORAL_SEQUENCE_VALID,CORE_STRICT_COUNT,DIRECT_REPORTED_CHAIN_COMPLETE,True
84959431,11,True,True,True,True,False,10,0,True,TEMPORAL_SEQUENCE_VALID,CORE_STRICT_COUNT,DIRECT_REPORTED_CHAIN_COMPLETE,True
84983471,5,True,True,True,True,False,4,0,True,TEMPORAL_SEQUENCE_VALID,CORE_STRICT_COUNT,DIRECT_REPORTED_CHAIN_COMPLETE,True
85001981,3,True,True,True,True,False,2,0,True,TEMPORAL_SEQUENCE_VALID,CORE_STRICT_COUNT,DIRECT_REPORTED_CHAIN_COMPLETE,True
85006081,2,True,True,True,True,False,1,0,True,TEMPORAL_SEQUENCE_VALID,CORE_STRICT_COUNT,DIRECT_REPORTED_CHAIN_COMPLETE,True
85006082,2,True,True,True,True,False,1,0,True,TEMPORAL_SEQUENCE_VALID,CORE_STRICT_COUNT,DIRECT_REPORTED_CHAIN_COMPLETE,True
85066061,2,True,True,True,True,False,1,0,True,TEMPORAL_SEQUENCE_VALID,CORE_STRICT_COUNT,DIRECT_REPORTED_CHAIN_COMPLETE,True
85066062,6,True,True,True,True,False,5,0,True,TEMPORAL_SEQUENCE_VALID,CORE_STRICT_COUNT,DIRECT_REPORTED_CHAIN_COMPLETE,True
85066063,2,True,True,True,True,False,1,0,True,TEMPORAL_SEQUENCE_VALID,CORE_STRICT_COUNT,DIRECT_REPORTED_CHAIN_COMPLETE,True
85066064,2,True,True,True,True,False,1,0,True,TEMPORAL_SEQUENCE_VALID,CORE_STRICT_COUNT,DIRECT_REPORTED_CHAIN_COMPLETE,True
85105551,2,True,True,True,True,False,1,0,True,TEMPORAL_SEQUENCE_VALID,CORE_STRICT_COUNT,DIRECT_REPORTED_CHAIN_COMPLETE,True
85105552,3,True,True,True,True,False,2,0,True,TEMPORAL_SEQUENCE_VALID,CORE_STRICT_COUNT,DIRECT_REPORTED_CHAIN_COMPLETE,True
85124241,2,True,True,True,True,False,1,0,True,TEMPORAL_SEQUENCE_VALID,CORE_STRICT_COUNT,DIRECT_REPORTED_CHAIN_COMPLETE,True
85124242,2,True,True,True,True,False,1,0,True,TEMPORAL_SEQUENCE_VALID,CORE_STRICT_COUNT,DIRECT_REPORTED_CHAIN_COMPLETE,True
85124243,2,True,True,True,True,False,1,0,True,TEMPORAL_SEQUENCE_VALID,CORE_STRICT_COUNT,DIRECT_REPORTED_CHAIN_COMPLETE,True
85124244,2,True,True,True,True,False,1,0,True,TEMPORAL_SEQUENCE_VALID,CORE_STRICT_COUNT,DIRECT_REPORTED_CHAIN_COMPLETE,True
85124245,2,True,True,True,True,False,1,0,True,TEMPORAL_SEQUENCE_VALID,CORE_STRICT_COUNT,DIRECT_REPORTED_CHAIN_COMPLETE,True
85131751,2,True,True,True,True,False,1,0,True,TEMPORAL_SEQUENCE_VALID,CORE_STRICT_COUNT,DIRECT_REPORTED_CHAIN_COMPLETE,True
85150561,2,True,True,True,True,False,1,0,True,TEMPORAL_SEQUENCE_VALID,CORE_STRICT_COUNT,DIRECT_REPORTED_CHAIN_COMPLETE,True
85150562,2,True,True,True,True,False,1,0,True,TEMPORAL_SEQUENCE_VALID,CORE_STRICT_COUNT,DIRECT_REPORTED_CHAIN_COMPLETE,True
85152401,4,True,True,True,True,False,3,0,True,TEMPORAL_SEQUENCE_VALID,CORE_STRICT_COUNT,DIRECT_REPORTED_CHAIN_COMPLETE,True
85152402,5,True,True,True,True,False,4,0,True,TEMPORAL_SEQUENCE_VALID,CORE_STRICT_COUNT,DIRECT_REPORTED_CHAIN_COMPLETE,True
85159702,7,True,True,True,True,False,6,0,True,TEMPORAL_SEQUENCE_VALID,CORE_STRICT_COUNT,DIRECT_REPORTED_CHAIN_COMPLETE,True
85206261,3,True,True,True,True,False,2,0,True,TEMPORAL_SEQUENCE_VALID,CORE_STRICT_COUNT,DIRECT_REPORTED_CHAIN_COMPLETE,True
85209651,2,True,True,True,True,False,1,0,True,TEMPORAL_SEQUENCE_VALID,CORE_STRICT_COUNT,DIRECT_REPORTED_CHAIN_COMPLETE,True
85225961,2,True,True,True,True,False,1,0,True,TEMPORAL_SEQUENCE_VALID,CORE_STRICT_COUNT,DIRECT_REPORTED_CHAIN_COMPLETE,True
85242532,2,True,True,True,True,False,1,0,True,TEMPORAL_SEQUENCE_VALID,CORE_STRICT_COUNT,DIRECT_REPORTED_CHAIN_COMPLETE,True
85242533,4,True,True,True,True,False,3,0,True,TEMPORAL_SEQUENCE_VALID,CORE_STRICT_COUNT,DIRECT_REPORTED_CHAIN_COMPLETE,True
85242534,3,True,True,True,True,False,2,0,True,TEMPORAL_SEQUENCE_VALID,CORE_STRICT_COUNT,DIRECT_REPORTED_CHAIN_COMPLETE,True
85292111,2,True,True,True,True,False,1,0,True,TEMPORAL_SEQUENCE_VALID,CORE_STRICT_COUNT,DIRECT_REPORTED_CHAIN_COMPLETE,True
85316241,2,True,True,True,True,False,1,0,True,TEMPORAL_SEQUENCE_VALID,CORE_STRICT_COUNT,DIRECT_REPORTED_CHAIN_COMPLETE,True
85316243,2,True,True,True,True,False,1,0,True,TEMPORAL_SEQUENCE_VALID,CORE_STRICT_COUNT,DIRECT_REPORTED_CHAIN_COMPLETE,True
85316244,2,True,True,True,True,False,1,0,True,TEMPORAL_SEQUENCE_VALID,CORE_STRICT_COUNT,DIRECT_REPORTED_CHAIN_COMPLETE,True
85316245,2,True,True,True,True,False,1,0,True,TEMPORAL_SEQUENCE_VALID,CORE_STRICT_COUNT,DIRECT_REPORTED_CHAIN_COMPLETE,True
85437941,2,True,True,True,True,False,1,0,True,TEMPORAL_SEQUENCE_VALID,CORE_STRICT_COUNT,DIRECT_REPORTED_CHAIN_COMPLETE,True
85534551,4,True,True,True,True,False,3,0,True,TEMPORAL_SEQUENCE_VALID,CORE_STRICT_COUNT,DIRECT_REPORTED_CHAIN_COMPLETE,True
85534552,4,True,True,True,True,False,3,0,True,TEMPORAL_SEQUENCE_VALID,CORE_STRICT_COUNT,DIRECT_REPORTED_CHAIN_COMPLETE,True
85552141,4,True,True,True,True,False,3,0,True,TEMPORAL_SEQUENCE_VALID,CORE_STRICT_COUNT,DIRECT_REPORTED_CHAIN_COMPLETE,True
85552142,4,True,True,True,True,False,3,0,True,TEMPORAL_SEQUENCE_VALID,CORE_STRICT_COUNT,DIRECT_REPORTED_CHAIN_COMPLETE,True
85573081,2,True,True,True,True,False,1,0,True,TEMPORAL_SEQUENCE_VALID,CORE_STRICT_COUNT,DIRECT_REPORTED_CHAIN_COMPLETE,True
85653681,2,True,True,True,True,False,1,0,True,TEMPORAL_SEQUENCE_VALID,CORE_STRICT_COUNT,DIRECT_REPORTED_CHAIN_COMPLETE,True
85653682,3,True,True,True,True,False,2,0,True,TEMPORAL_SEQUENCE_VALID,CORE_STRICT_COUNT,DIRECT_REPORTED_CHAIN_COMPLETE,True
85690711,6,True,True,True,True,False,5,0,True,TEMPORAL_SEQUENCE_VALID,CORE_STRICT_COUNT,DIRECT_REPORTED_CHAIN_COMPLETE,True
85696231,2,True,True,True,True,False,1,0,True,TEMPORAL_SEQUENCE_VALID,CORE_STRICT_COUNT,DIRECT_REPORTED_CHAIN_COMPLETE,True
85745931,5,True,True,True,True,False,4,0,True,TEMPORAL_SEQUENCE_VALID,CORE_STRICT_COUNT,DIRECT_REPORTED_CHAIN_COMPLETE,True
85757231,4,True,True,True,True,False,3,0,True,TEMPORAL_SEQUENCE_VALID,CORE_STRICT_COUNT,DIRECT_REPORTED_CHAIN_COMPLETE,True
85757232,2,True,True,True,True,False,1,0,True,TEMPORAL_SEQUENCE_VALID,CORE_STRICT_COUNT,DIRECT_REPORTED_CHAIN_COMPLETE,True
85769021,2,True,True,True,True,False,1,0,True,TEMPORAL_SEQUENCE_VALID,CORE_STRICT_COUNT,DIRECT_REPORTED_CHAIN_COMPLETE,True
85779481,4,True,True,True,True,False,3,0,True,TEMPORAL_SEQUENCE_VALID,CORE_STRICT_COUNT,DIRECT_REPORTED_CHAIN_COMPLETE,True
85939581,2,True,True,True,True,False,1,0,True,TEMPORAL_SEQUENCE_VALID,CORE_STRICT_COUNT,DIRECT_REPORTED_CHAIN_COMPLETE,True
85939582,2,True,True,True,True,False,1,0,True,TEMPORAL_SEQUENCE_VALID,CORE_STRICT_COUNT,DIRECT_REPORTED_CHAIN_COMPLETE,True
85939583,2,True,True,True,True,False,1,0,True,TEMPORAL_SEQUENCE_VALID,CORE_STRICT_COUNT,DIRECT_REPORTED_CHAIN_COMPLETE,True
85970161,7,True,True,True,True,False,6,0,True,TEMPORAL_SEQUENCE_VALID,CORE_STRICT_COUNT,DIRECT_REPORTED_CHAIN_COMPLETE,True
85980181,3,True,True,True,True,False,2,0,True,TEMPORAL_SEQUENCE_VALID,CORE_STRICT_COUNT,DIRECT_REPORTED_CHAIN_COMPLETE,True
86006001,8,True,True,True,True,False,7,0,True,TEMPORAL_SEQUENCE_VALID,ANALYTIC_WITH_COMPONENT_WARNING,DIRECT_ROWS_UNDETAILED_PLUS_RBW_UNKNOWN,False
86006002,5,True,True,True,True,False,4,0,True,TEMPORAL_SEQUENCE_VALID,CORE_STRICT_COUNT,DIRECT_REPORTED_CHAIN_COMPLETE,True
86006003,4,True,True,True,True,False,3,0,True,TEMPORAL_SEQUENCE_VALID,CORE_STRICT_COUNT,DIRECT_REPORTED_CHAIN_COMPLETE,True
86006004,4,True,True,True,True,False,3,0,True,TEMPORAL_SEQUENCE_VALID,CORE_STRICT_COUNT,DIRECT_REPORTED_CHAIN_COMPLETE,True
86070681,4,True,True,True,True,False,3,0,True,TEMPORAL_SEQUENCE_VALID,CORE_STRICT_COUNT,DIRECT_REPORTED_CHAIN_COMPLETE,True
86073551,2,True,True,True,True,False,1,0,True,TEMPORAL_SEQUENCE_VALID,CORE_STRICT_COUNT,DIRECT_REPORTED_CHAIN_COMPLETE,True
86074431,4,True,True,True,True,False,3,0,True,TEMPORAL_SEQUENCE_VALID,CORE_STRICT_COUNT,DIRECT_REPORTED_CHAIN_COMPLETE,True
86103701,4,True,True,True,True,False,3,0,True,TEMPORAL_SEQUENCE_VALID,CORE_STRICT_COUNT,DIRECT_REPORTED_CHAIN_COMPLETE,True
86103702,2,True,True,True,True,False,1,0,True,TEMPORAL_SEQUENCE_VALID,CORE_STRICT_COUNT,DIRECT_REPORTED_CHAIN_COMPLETE,True
86103703,2,True,True,True,True,False,1,0,True,TEMPORAL_SEQUENCE_VALID,CORE_STRICT_COUNT,DIRECT_REPORTED_CHAIN_COMPLETE,True
86123731,4,True,True,True,True,False,3,0,True,TEMPORAL_SEQUENCE_VALID,CORE_STRICT_COUNT,DIRECT_REPORTED_CHAIN_COMPLETE,True
86145371,3,True,True,True,True,False,2,0,True,TEMPORAL_SEQUENCE_VALID,CORE_STRICT_COUNT,DIRECT_REPORTED_CHAIN_COMPLETE,True
86181811,2,True,True,True,True,False,1,0,True,TEMPORAL_SEQUENCE_VALID,CORE_STRICT_COUNT,DIRECT_REPORTED_CHAIN_COMPLETE,True
86223001,4,True,True,True,True,False,3,0,True,TEMPORAL_SEQUENCE_VALID,CORE_STRICT_COUNT,MIXED_DIRECT_RBW_UNTIMED,False
86419001,3,True,True,True,True,False,2,0,True,TEMPORAL_SEQUENCE_VALID,CORE_STRICT_COUNT,DIRECT_REPORTED_CHAIN_COMPLETE,True
86499251,2,True,True,True,True,False,1,0,True,TEMPORAL_SEQUENCE_VALID,CORE_STRICT_COUNT,MIXED_DIRECT_RBW_UNTIMED,False
86499252,4,True,True,True,True,False,3,0,True,TEMPORAL_SEQUENCE_VALID,CORE_STRICT_COUNT,DIRECT_REPORTED_CHAIN_COMPLETE,True
86499253,4,True,True,True,True,False,3,0,True,TEMPORAL_SEQUENCE_VALID,CORE_STRICT_COUNT,DIRECT_REPORTED_CHAIN_COMPLETE,True
86537401,7,True,True,True,True,False,6,0,True,TEMPORAL_SEQUENCE_VALID,CORE_STRICT_COUNT,DIRECT_REPORTED_CHAIN_COMPLETE,True
86550281,4,True,True,True,True,False,3,0,True,TEMPORAL_SEQUENCE_VALID,CORE_STRICT_COUNT,DIRECT_REPORTED_CHAIN_COMPLETE,True
86550282,4,True,True,True,True,False,3,0,True,TEMPORAL_SEQUENCE_VALID,CORE_STRICT_COUNT,DIRECT_REPORTED_CHAIN_COMPLETE,True
86565541,7,True,True,True,True,False,6,0,True,TEMPORAL_SEQUENCE_VALID,CORE_STRICT_COUNT,DIRECT_REPORTED_CHAIN_COMPLETE,True
86565542,3,True,True,True,True,False,2,0,True,TEMPORAL_SEQUENCE_VALID,CORE_STRICT_COUNT,DIRECT_REPORTED_CHAIN_COMPLETE,True
86565543,3,True,True,True,True,False,2,0,True,TEMPORAL_SEQUENCE_VALID,CORE_STRICT_COUNT,DIRECT_REPORTED_CHAIN_COMPLETE,True
86565544,3,True,True,True,True,False,2,0,True,TEMPORAL_SEQUENCE_VALID,CORE_STRICT_COUNT,DIRECT_REPORTED_CHAIN_COMPLETE,True
86565545,4,True,True,True,True,False,3,0,True,TEMPORAL_SEQUENCE_VALID,CORE_STRICT_COUNT,DIRECT_REPORTED_CHAIN_COMPLETE,True
86674331,4,True,True,True,True,False,3,0,True,TEMPORAL_SEQUENCE_VALID,CORE_STRICT_COUNT,DIRECT_REPORTED_CHAIN_COMPLETE,True
86674332,4,True,True,True,True,False,3,0,True,TEMPORAL_SEQUENCE_VALID,CORE_STRICT_COUNT,DIRECT_REPORTED_CHAIN_COMPLETE,True
86674333,2,True,True,True,True,False,1,0,True,TEMPORAL_SEQUENCE_VALID,CORE_STRICT_COUNT,DIRECT_REPORTED_CHAIN_COMPLETE,True
86675941,4,True,True,True,True,False,3,0,True,TEMPORAL_SEQUENCE_VALID,CORE_STRICT_COUNT,DIRECT_REPORTED_CHAIN_COMPLETE,True
86675942,4,True,True,True,True,False,3,0,True,TEMPORAL_SEQUENCE_VALID,CORE_STRICT_COUNT,DIRECT_REPORTED_CHAIN_COMPLETE,True
86675943,4,True,True,True,True,False,3,0,True,TEMPORAL_SEQUENCE_VALID,CORE_STRICT_COUNT,DIRECT_REPORTED_CHAIN_COMPLETE,True
86745951,11,True,True,True,True,False,10,0,True,TEMPORAL_SEQUENCE_VALID,CORE_STRICT_COUNT,DIRECT_REPORTED_CHAIN_COMPLETE,True
86895551,4,True,True,True,True,False,3,0,True,TEMPORAL_SEQUENCE_VALID,CORE_STRICT_COUNT,DIRECT_REPORTED_CHAIN_COMPLETE,True
86895552,4,True,True,True,True,False,3,0,True,TEMPORAL_SEQUENCE_VALID,CORE_STRICT_COUNT,DIRECT_REPORTED_CHAIN_COMPLETE,True
86912431,4,True,True,True,True,False,3,0,True,TEMPORAL_SEQUENCE_VALID,CORE_STRICT_COUNT,DIRECT_REPORTED_CHAIN_COMPLETE,True
86912432,4,True,True,True,True,False,3,0,True,TEMPORAL_SEQUENCE_VALID,CORE_STRICT_COUNT,DIRECT_REPORTED_CHAIN_COMPLETE,True
86912433,4,True,True,True,True,False,3,0,True,TEMPORAL_SEQUENCE_VALID,CORE_STRICT_COUNT,DIRECT_REPORTED_CHAIN_COMPLETE,True
86912434,4,True,True,True,True,False,3,0,True,TEMPORAL_SEQUENCE_VALID,CORE_STRICT_COUNT,DIRECT_REPORTED_CHAIN_COMPLETE,True
86947411,7,True,True,True,True,False,6,0,True,TEMPORAL_SEQUENCE_VALID,CORE_STRICT_COUNT,DIRECT_REPORTED_CHAIN_COMPLETE,True
86973861,5,True,True,True,True,False,4,0,True,TEMPORAL_SEQUENCE_VALID,CORE_STRICT_COUNT,DIRECT_REPORTED_CHAIN_COMPLETE,True
86986541,2,True,True,True,True,False,1,0,True,TEMPORAL_SEQUENCE_VALID,CORE_STRICT_COUNT,DIRECT_REPORTED_CHAIN_COMPLETE,True
86986542,2,True,True,True,True,False,1,0,True,TEMPORAL_SEQUENCE_VALID,CORE_STRICT_COUNT,DIRECT_REPORTED_CHAIN_COMPLETE,True
86986871,2,False,False,True,False,False,1,1,False,TIME_COMPONENT_MISSING,CORE_STRICT_COUNT,DIRECT_REPORTED_CHAIN_COMPLETE,False
86986872,2,False,False,True,False,False,1,1,False,TIME_COMPONENT_MISSING,CORE_STRICT_COUNT,DIRECT_REPORTED_CHAIN_COMPLETE,False
86986873,2,False,False,True,False,False,1,1,False,TIME_COMPONENT_MISSING,CORE_STRICT_COUNT,DIRECT_REPORTED_CHAIN_COMPLETE,False
86988301,4,True,True,True,True,False,3,0,True,TEMPORAL_SEQUENCE_VALID,CORE_STRICT_COUNT,DIRECT_REPORTED_CHAIN_COMPLETE,True
86994061,4,True,True,True,True,False,3,0,True,TEMPORAL_SEQUENCE_VALID,CORE_STRICT_COUNT,DIRECT_REPORTED_CHAIN_COMPLETE,True
87005931,3,True,True,True,True,False,2,0,True,TEMPORAL_SEQUENCE_VALID,CORE_STRICT_COUNT,DIRECT_REPORTED_CHAIN_COMPLETE,True
87007911,4,True,True,True,True,False,3,0,True,TEMPORAL_SEQUENCE_VALID,CORE_STRICT_COUNT,DIRECT_REPORTED_CHAIN_COMPLETE,True
87045021,2,True,True,True,True,False,1,0,True,TEMPORAL_SEQUENCE_VALID,CORE_STRICT_COUNT,DIRECT_REPORTED_CHAIN_COMPLETE,True
87045022,4,True,True,True,True,False,3,0,True,TEMPORAL_SEQUENCE_VALID,CORE_STRICT_COUNT,DIRECT_REPORTED_CHAIN_COMPLETE,True
87045023,5,True,True,True,True,False,4,0,True,TEMPORAL_SEQUENCE_VALID,CORE_STRICT_COUNT,DIRECT_REPORTED_CHAIN_COMPLETE,True
87046241,8,True,True,True,True,False,7,0,True,TEMPORAL_SEQUENCE_VALID,CORE_STRICT_COUNT,MIXED_DIRECT_RBW_UNTIMED,False
87116011,2,True,True,True,True,False,1,0,True,TEMPORAL_SEQUENCE_VALID,CORE_STRICT_COUNT,DIRECT_REPORTED_CHAIN_COMPLETE,True
87116013,2,True,True,True,True,False,1,0,True,TEMPORAL_SEQUENCE_VALID,CORE_STRICT_COUNT,DIRECT_REPORTED_CHAIN_COMPLETE,True
87153721,8,True,True,True,True,False,7,0,True,TEMPORAL_SEQUENCE_VALID,CORE_STRICT_COUNT,DIRECT_REPORTED_CHAIN_COMPLETE,True
87153722,6,True,True,True,True,False,5,0,True,TEMPORAL_SEQUENCE_VALID,CORE_STRICT_COUNT,DIRECT_REPORTED_CHAIN_COMPLETE,True
87170311,6,True,True,True,True,False,5,0,True,TEMPORAL_SEQUENCE_VALID,CORE_STRICT_COUNT,DIRECT_REPORTED_CHAIN_COMPLETE,True
87170312,4,True,True,True,True,False,3,0,True,TEMPORAL_SEQUENCE_VALID,CORE_STRICT_COUNT,DIRECT_REPORTED_CHAIN_COMPLETE,True
87170313,2,True,True,True,True,False,1,0,True,TEMPORAL_SEQUENCE_VALID,CORE_STRICT_COUNT,DIRECT_REPORTED_CHAIN_COMPLETE,True
87170314,4,True,True,True,True,False,3,0,True,TEMPORAL_SEQUENCE_VALID,CORE_STRICT_COUNT,DIRECT_REPORTED_CHAIN_COMPLETE,True
87193371,2,True,True,True,True,False,1,0,True,TEMPORAL_SEQUENCE_VALID,CORE_STRICT_COUNT,DIRECT_REPORTED_CHAIN_COMPLETE,True
87193372,1,True,True,True,True,False,0,0,True,TEMPORAL_SEQUENCE_VALID,CORE_STRICT_COUNT,DIRECT_REPORTED_CHAIN_COMPLETE,True
87226811,3,True,True,True,True,False,2,0,True,TEMPORAL_SEQUENCE_VALID,CORE_STRICT_COUNT,DIRECT_REPORTED_CHAIN_COMPLETE,True
87228881,1,True,True,True,True,False,0,0,True,TEMPORAL_SEQUENCE_VALID,CORE_STRICT_COUNT,DIRECT_REPORTED_CHAIN_COMPLETE,True
87228882,1,True,True,True,True,False,0,0,True,TEMPORAL_SEQUENCE_VALID,CORE_STRICT_COUNT,DIRECT_REPORTED_CHAIN_COMPLETE,True
87235491,2,True,True,True,True,False,1,0,True,TEMPORAL_SEQUENCE_VALID,CORE_STRICT_COUNT,MIXED_DIRECT_RBW_UNTIMED,False
87235492,6,True,True,True,True,False,5,0,True,TEMPORAL_SEQUENCE_VALID,CORE_STRICT_COUNT,DIRECT_REPORTED_CHAIN_COMPLETE,True
87255141,2,True,True,True,True,False,1,0,True,TEMPORAL_SEQUENCE_VALID,CORE_STRICT_COUNT,DIRECT_REPORTED_CHAIN_COMPLETE,True
87261521,2,True,True,True,True,False,1,0,True,TEMPORAL_SEQUENCE_VALID,CORE_STRICT_COUNT,DIRECT_REPORTED_CHAIN_COMPLETE,True
87261522,5,True,True,True,True,False,4,0,True,TEMPORAL_SEQUENCE_VALID,CORE_STRICT_COUNT,DIRECT_REPORTED_CHAIN_COMPLETE,True
87266991,3,True,True,True,True,False,2,0,True,TEMPORAL_SEQUENCE_VALID,CORE_STRICT_COUNT,DIRECT_REPORTED_CHAIN_COMPLETE,True
87363511,7,True,True,True,True,False,6,0,True,TEMPORAL_SEQUENCE_VALID,CORE_STRICT_COUNT,DIRECT_REPORTED_CHAIN_COMPLETE,True
87391761,3,True,True,True,True,False,2,0,True,TEMPORAL_SEQUENCE_VALID,CORE_STRICT_COUNT,DIRECT_REPORTED_CHAIN_COMPLETE,True
88345192,2,True,True,True,True,False,1,0,True,TEMPORAL_SEQUENCE_VALID,CORE_STRICT_COUNT,DIRECT_REPORTED_CHAIN_COMPLETE,True
88465511,4,True,True,True,True,False,3,0,True,TEMPORAL_SEQUENCE_VALID,CORE_STRICT_COUNT,DIRECT_REPORTED_CHAIN_COMPLETE,True
88465512,4,True,True,True,True,False,3,0,True,TEMPORAL_SEQUENCE_VALID,CORE_STRICT_COUNT,DIRECT_REPORTED_CHAIN_COMPLETE,True
88526571,3,True,True,True,True,False,2,0,True,TEMPORAL_SEQUENCE_VALID,CORE_STRICT_COUNT,DIRECT_REPORTED_CHAIN_COMPLETE,True
88526572,6,True,True,True,True,False,5,0,True,TEMPORAL_SEQUENCE_VALID,CORE_STRICT_COUNT,DIRECT_REPORTED_CHAIN_COMPLETE,True
88526573,6,True,True,True,True,False,5,0,True,TEMPORAL_SEQUENCE_VALID,CORE_STRICT_COUNT,DIRECT_REPORTED_CHAIN_COMPLETE,True
88604471,2,True,True,True,True,False,1,0,True,TEMPORAL_SEQUENCE_VALID,CORE_STRICT_COUNT,DIRECT_REPORTED_CHAIN_COMPLETE,True
88604472,1,True,True,True,True,False,0,0,True,TEMPORAL_SEQUENCE_VALID,CORE_STRICT_COUNT,DIRECT_REPORTED_CHAIN_COMPLETE,True
88604473,2,True,True,True,True,False,1,0,True,TEMPORAL_SEQUENCE_VALID,CORE_STRICT_COUNT,DIRECT_REPORTED_CHAIN_COMPLETE,True
88782101,5,True,True,True,True,False,4,0,True,TEMPORAL_SEQUENCE_VALID,CORE_STRICT_COUNT,DIRECT_REPORTED_CHAIN_COMPLETE,True
88782102,3,True,True,True,True,False,2,0,True,TEMPORAL_SEQUENCE_VALID,CORE_STRICT_COUNT,DIRECT_REPORTED_CHAIN_COMPLETE,True
88782103,5,True,True,True,True,False,4,0,True,TEMPORAL_SEQUENCE_VALID,CORE_STRICT_COUNT,DIRECT_REPORTED_CHAIN_COMPLETE,True
88782104,3,True,True,True,True,False,2,0,True,TEMPORAL_SEQUENCE_VALID,CORE_STRICT_COUNT,DIRECT_REPORTED_CHAIN_COMPLETE,True
88814681,2,True,True,True,True,False,1,0,True,TEMPORAL_SEQUENCE_VALID,CORE_STRICT_COUNT,DIRECT_REPORTED_CHAIN_COMPLETE,True
88814682,2,True,True,True,True,False,1,0,True,TEMPORAL_SEQUENCE_VALID,CORE_STRICT_COUNT,DIRECT_REPORTED_CHAIN_COMPLETE,True
88814683,2,True,True,True,True,False,1,0,True,TEMPORAL_SEQUENCE_VALID,CORE_STRICT_COUNT,DIRECT_REPORTED_CHAIN_COMPLETE,True
88912401,4,True,True,True,True,False,3,0,True,TEMPORAL_SEQUENCE_VALID,CORE_STRICT_COUNT,DIRECT_REPORTED_CHAIN_COMPLETE,True
88912402,4,True,True,True,True,False,3,0,True,TEMPORAL_SEQUENCE_VALID,CORE_STRICT_COUNT,DIRECT_REPORTED_CHAIN_COMPLETE,True
89150071,2,True,True,True,True,False,1,0,True,TEMPORAL_SEQUENCE_VALID,CORE_STRICT_COUNT,DIRECT_REPORTED_CHAIN_COMPLETE,True
89172031,2,True,True,True,True,False,1,0,True,TEMPORAL_SEQUENCE_VALID,CORE_STRICT_COUNT,DIRECT_REPORTED_CHAIN_COMPLETE,True
89794951,4,True,True,True,True,False,3,0,True,TEMPORAL_SEQUENCE_VALID,CORE_STRICT_COUNT,MIXED_DIRECT_RBW_UNTIMED,False
90058381,2,True,True,True,True,False,1,0,True,TEMPORAL_SEQUENCE_VALID,CORE_STRICT_COUNT,DIRECT_REPORTED_CHAIN_COMPLETE,True
90067951,2,True,True,True,True,False,1,0,True,TEMPORAL_SEQUENCE_VALID,CORE_STRICT_COUNT,DIRECT_REPORTED_CHAIN_COMPLETE,True
90067952,4,True,True,True,True,False,3,0,True,TEMPORAL_SEQUENCE_VALID,CORE_STRICT_COUNT,DIRECT_REPORTED_CHAIN_COMPLETE,True
90346571,4,True,True,True,True,False,3,0,True,TEMPORAL_SEQUENCE_VALID,CORE_STRICT_COUNT,DIRECT_REPORTED_CHAIN_COMPLETE,True
90654441,4,True,True,True,True,False,3,0,True,TEMPORAL_SEQUENCE_VALID,CORE_STRICT_COUNT,DIRECT_REPORTED_CHAIN_COMPLETE,True
90654442,8,True,True,True,True,False,7,0,True,TEMPORAL_SEQUENCE_VALID,CORE_STRICT_COUNT,DIRECT_REPORTED_CHAIN_COMPLETE,True
90776391,4,True,True,True,True,False,3,0,True,TEMPORAL_SEQUENCE_VALID,ANALYTIC_WITH_COMPONENT_WARNING,DIRECT_ROWS_RBW_COUNT_UNKNOWN,False
90776392,2,True,True,True,True,False,1,0,True,TEMPORAL_SEQUENCE_VALID,CORE_STRICT_COUNT,DIRECT_REPORTED_CHAIN_COMPLETE,True
91138361,8,True,True,True,True,False,7,0,True,TEMPORAL_SEQUENCE_VALID,CORE_STRICT_COUNT,MIXED_DIRECT_RBW_UNTIMED,False
91144321,2,True,True,True,True,False,1,0,True,TEMPORAL_SEQUENCE_VALID,CORE_STRICT_COUNT,DIRECT_REPORTED_CHAIN_COMPLETE,True
91144322,2,True,True,True,True,False,1,0,True,TEMPORAL_SEQUENCE_VALID,CORE_STRICT_COUNT,DIRECT_REPORTED_CHAIN_COMPLETE,True
91400761,5,True,True,True,True,False,4,0,True,TEMPORAL_SEQUENCE_VALID,CORE_STRICT_COUNT,DIRECT_REPORTED_CHAIN_COMPLETE,True
91579991,6,True,True,True,True,False,5,0,True,TEMPORAL_SEQUENCE_VALID,CORE_STRICT_COUNT,DIRECT_REPORTED_CHAIN_COMPLETE,True
91595421,3,True,True,True,True,False,2,0,True,TEMPORAL_SEQUENCE_VALID,CORE_STRICT_COUNT,DIRECT_REPORTED_CHAIN_COMPLETE,True
91595422,2,True,True,True,True,False,1,0,True,TEMPORAL_SEQUENCE_VALID,CORE_STRICT_COUNT,DIRECT_REPORTED_CHAIN_COMPLETE,True
91672531,6,True,True,True,True,False,5,0,True,TEMPORAL_SEQUENCE_VALID,ANALYTIC_WITH_COMPONENT_WARNING,DIRECT_ROWS_RBW_COUNT_UNKNOWN,False
91883651,2,True,True,True,True,False,1,0,True,TEMPORAL_SEQUENCE_VALID,CORE_STRICT_COUNT,DIRECT_REPORTED_CHAIN_COMPLETE,True
91883652,2,True,True,True,True,False,1,0,True,TEMPORAL_SEQUENCE_VALID,CORE_STRICT_COUNT,DIRECT_REPORTED_CHAIN_COMPLETE,True
91883653,2,True,True,True,True,False,1,0,True,TEMPORAL_SEQUENCE_VALID,CORE_STRICT_COUNT,DIRECT_REPORTED_CHAIN_COMPLETE,True
92024341,5,True,True,True,True,False,4,0,True,TEMPORAL_SEQUENCE_VALID,CORE_STRICT_COUNT,DIRECT_REPORTED_CHAIN_COMPLETE,True
92024342,4,True,True,True,True,False,3,0,True,TEMPORAL_SEQUENCE_VALID,CORE_STRICT_COUNT,DIRECT_REPORTED_CHAIN_COMPLETE,True
92817921,6,True,True,True,True,False,5,0,True,TEMPORAL_SEQUENCE_VALID,CORE_STRICT_COUNT,DIRECT_REPORTED_CHAIN_COMPLETE,True
92817922,2,True,True,True,True,False,1,0,True,TEMPORAL_SEQUENCE_VALID,CORE_STRICT_COUNT,DIRECT_REPORTED_CHAIN_COMPLETE,True
92818611,2,True,True,True,True,False,1,0,True,TEMPORAL_SEQUENCE_VALID,CORE_STRICT_COUNT,DIRECT_REPORTED_CHAIN_COMPLETE,True
92818612,5,True,True,True,True,False,4,0,True,TEMPORAL_SEQUENCE_VALID,CORE_STRICT_COUNT,DIRECT_REPORTED_CHAIN_COMPLETE,True
92818613,3,True,True,True,True,False,2,0,True,TEMPORAL_SEQUENCE_VALID,CORE_STRICT_COUNT,DIRECT_REPORTED_CHAIN_COMPLETE,True
92821161,1,True,True,True,True,False,0,0,True,TEMPORAL_SEQUENCE_VALID,CORE_STRICT_COUNT,DIRECT_REPORTED_CHAIN_COMPLETE,True
92821162,1,True,True,True,True,False,0,0,True,TEMPORAL_SEQUENCE_VALID,CORE_STRICT_COUNT,DIRECT_REPORTED_CHAIN_COMPLETE,True
92821771,2,True,True,True,True,False,1,0,True,TEMPORAL_SEQUENCE_VALID,CORE_STRICT_COUNT,DIRECT_REPORTED_CHAIN_COMPLETE,True
92822751,2,True,True,True,True,False,1,0,True,TEMPORAL_SEQUENCE_VALID,CORE_STRICT_COUNT,DIRECT_REPORTED_CHAIN_COMPLETE,True
92822752,3,True,True,True,False,False,2,1,False,INTER_TRIP_OVERLAP_OR_NEXTDAY_CONFLICT,CORE_STRICT_COUNT,DIRECT_REPORTED_CHAIN_COMPLETE,False
92822753,2,True,True,True,True,False,1,0,True,TEMPORAL_SEQUENCE_VALID,CORE_STRICT_COUNT,DIRECT_REPORTED_CHAIN_COMPLETE,True
92822901,4,True,True,True,True,False,3,0,True,TEMPORAL_SEQUENCE_VALID,CORE_STRICT_COUNT,DIRECT_REPORTED_CHAIN_COMPLETE,True
92822902,6,True,True,True,True,False,5,0,True,TEMPORAL_SEQUENCE_VALID,CORE_STRICT_COUNT,DIRECT_REPORTED_CHAIN_COMPLETE,True
92824521,5,True,True,True,True,False,4,0,True,TEMPORAL_SEQUENCE_VALID,CORE_STRICT_COUNT,DIRECT_REPORTED_CHAIN_COMPLETE,True
92826011,2,True,True,True,True,False,1,0,True,TEMPORAL_SEQUENCE_VALID,CORE_STRICT_COUNT,DIRECT_REPORTED_CHAIN_COMPLETE,True
92826012,4,True,True,True,True,False,3,0,True,TEMPORAL_SEQUENCE_VALID,CORE_STRICT_COUNT,DIRECT_REPORTED_CHAIN_COMPLETE,True
92826013,4,True,True,True,True,False,3,0,True,TEMPORAL_SEQUENCE_VALID,CORE_STRICT_COUNT,DIRECT_REPORTED_CHAIN_COMPLETE,True
92828421,2,True,True,True,True,False,1,0,True,TEMPORAL_SEQUENCE_VALID,CORE_STRICT_COUNT,DIRECT_REPORTED_CHAIN_COMPLETE,True
92829241,2,True,True,True,True,False,1,0,True,TEMPORAL_SEQUENCE_VALID,CORE_STRICT_COUNT,DIRECT_REPORTED_CHAIN_COMPLETE,True
92829242,5,True,True,True,True,False,4,0,True,TEMPORAL_SEQUENCE_VALID,CORE_STRICT_COUNT,DIRECT_REPORTED_CHAIN_COMPLETE,True
92829243,2,True,True,True,True,False,1,0,True,TEMPORAL_SEQUENCE_VALID,CORE_STRICT_COUNT,DIRECT_REPORTED_CHAIN_COMPLETE,True
92829244,2,True,True,True,True,False,1,0,True,TEMPORAL_SEQUENCE_VALID,CORE_STRICT_COUNT,DIRECT_REPORTED_CHAIN_COMPLETE,True
92833991,2,True,True,True,True,False,1,0,True,TEMPORAL_SEQUENCE_VALID,CORE_STRICT_COUNT,DIRECT_REPORTED_CHAIN_COMPLETE,True
92833992,4,True,True,True,True,False,3,0,True,TEMPORAL_SEQUENCE_VALID,CORE_STRICT_COUNT,DIRECT_REPORTED_CHAIN_COMPLETE,True
92834091,3,True,True,True,True,False,2,0,True,TEMPORAL_SEQUENCE_VALID,CORE_STRICT_COUNT,DIRECT_REPORTED_CHAIN_COMPLETE,True
92834092,3,True,True,True,True,False,2,0,True,TEMPORAL_SEQUENCE_VALID,CORE_STRICT_COUNT,DIRECT_REPORTED_CHAIN_COMPLETE,True
92834211,8,True,True,True,True,False,7,0,True,TEMPORAL_SEQUENCE_VALID,ANALYTIC_WITH_COMPONENT_WARNING,DIRECT_ROWS_RBW_COUNT_UNKNOWN,False
92834212,4,True,True,True,True,False,3,0,True,TEMPORAL_SEQUENCE_VALID,CORE_STRICT_COUNT,DIRECT_REPORTED_CHAIN_COMPLETE,True
92834213,3,True,True,True,True,False,2,0,True,TEMPORAL_SEQUENCE_VALID,CORE_STRICT_COUNT,DIRECT_REPORTED_CHAIN_COMPLETE,True
92834214,6,True,True,True,True,False,5,0,True,TEMPORAL_SEQUENCE_VALID,ANALYTIC_WITH_COMPONENT_WARNING,DIRECT_ROWS_RBW_COUNT_UNKNOWN,False
92836051,2,True,True,True,True,False,1,0,True,TEMPORAL_SEQUENCE_VALID,CORE_STRICT_COUNT,DIRECT_REPORTED_CHAIN_COMPLETE,True
92836052,3,True,True,True,True,False,2,0,True,TEMPORAL_SEQUENCE_VALID,CORE_STRICT_COUNT,MIXED_DIRECT_RBW_UNTIMED,False
92836701,3,True,True,True,True,False,2,0,True,TEMPORAL_SEQUENCE_VALID,CORE_STRICT_COUNT,DIRECT_REPORTED_CHAIN_COMPLETE,True
92837271,2,True,True,True,True,False,1,0,True,TEMPORAL_SEQUENCE_VALID,CORE_STRICT_COUNT,DIRECT_REPORTED_CHAIN_COMPLETE,True
92837481,4,False,False,True,True,False,2,0,False,TIME_COMPONENT_MISSING,CORE_STRICT_COUNT,DIRECT_REPORTED_CHAIN_COMPLETE,False
92838911,5,True,True,True,True,False,4,0,True,TEMPORAL_SEQUENCE_VALID,CORE_STRICT_COUNT,DIRECT_REPORTED_CHAIN_COMPLETE,True
92838912,4,True,True,True,True,False,3,0,True,TEMPORAL_SEQUENCE_VALID,CORE_STRICT_COUNT,DIRECT_REPORTED_CHAIN_COMPLETE,True
92839001,2,True,True,True,True,False,1,0,True,TEMPORAL_SEQUENCE_VALID,CORE_STRICT_COUNT,DIRECT_REPORTED_CHAIN_COMPLETE,True
92839002,2,True,True,True,True,False,1,0,True,TEMPORAL_SEQUENCE_VALID,CORE_STRICT_COUNT,DIRECT_REPORTED_CHAIN_COMPLETE,True
92839003,2,True,True,True,True,False,1,0,True,TEMPORAL_SEQUENCE_VALID,CORE_STRICT_COUNT,DIRECT_REPORTED_CHAIN_COMPLETE,True
92839004,2,True,True,True,True,False,1,0,True,TEMPORAL_SEQUENCE_VALID,CORE_STRICT_COUNT,DIRECT_REPORTED_CHAIN_COMPLETE,True
92839041,1,True,True,True,True,False,0,0,True,TEMPORAL_SEQUENCE_VALID,CORE_STRICT_COUNT,DIRECT_REPORTED_CHAIN_COMPLETE,True
92839042,3,True,True,True,True,False,2,0,True,TEMPORAL_SEQUENCE_VALID,CORE_STRICT_COUNT,DIRECT_REPORTED_CHAIN_COMPLETE,True
92839741,4,True,True,True,True,False,3,0,True,TEMPORAL_SEQUENCE_VALID,CORE_STRICT_COUNT,DIRECT_REPORTED_CHAIN_COMPLETE,True
92839742,3,True,True,True,True,False,2,0,True,TEMPORAL_SEQUENCE_VALID,CORE_STRICT_COUNT,DIRECT_REPORTED_CHAIN_COMPLETE,True
92840152,3,True,True,True,True,False,2,0,True,TEMPORAL_SEQUENCE_VALID,CORE_STRICT_COUNT,DIRECT_REPORTED_CHAIN_COMPLETE,True
92840511,4,True,True,True,True,False,3,0,True,TEMPORAL_SEQUENCE_VALID,CORE_STRICT_COUNT,MIXED_DIRECT_RBW_UNTIMED,False
92840512,2,True,True,True,True,False,1,0,True,TEMPORAL_SEQUENCE_VALID,CORE_STRICT_COUNT,DIRECT_REPORTED_CHAIN_COMPLETE,True
92840591,1,True,True,True,True,False,0,0,True,TEMPORAL_SEQUENCE_VALID,CORE_STRICT_COUNT,DIRECT_REPORTED_CHAIN_COMPLETE,True
92840592,1,True,True,True,True,False,0,0,True,TEMPORAL_SEQUENCE_VALID,CORE_STRICT_COUNT,DIRECT_REPORTED_CHAIN_COMPLETE,True
92843551,4,True,True,True,True,False,3,0,True,TEMPORAL_SEQUENCE_VALID,CORE_STRICT_COUNT,DIRECT_REPORTED_CHAIN_COMPLETE,True
92849871,6,True,True,True,True,False,5,0,True,TEMPORAL_SEQUENCE_VALID,CORE_STRICT_COUNT,DIRECT_REPORTED_CHAIN_COMPLETE,True
92853921,5,True,True,True,True,False,4,0,True,TEMPORAL_SEQUENCE_VALID,CORE_STRICT_COUNT,DIRECT_REPORTED_CHAIN_COMPLETE,True
92853922,3,True,True,True,True,False,2,0,True,TEMPORAL_SEQUENCE_VALID,CORE_STRICT_COUNT,DIRECT_REPORTED_CHAIN_COMPLETE,True
92854541,4,True,True,True,True,False,3,0,True,TEMPORAL_SEQUENCE_VALID,CORE_STRICT_COUNT,DIRECT_REPORTED_CHAIN_COMPLETE,True
92854542,5,True,True,True,True,False,4,0,True,TEMPORAL_SEQUENCE_VALID,CORE_STRICT_COUNT,DIRECT_REPORTED_CHAIN_COMPLETE,True
92854543,2,True,True,True,True,False,1,0,True,TEMPORAL_SEQUENCE_VALID,CORE_STRICT_COUNT,DIRECT_REPORTED_CHAIN_COMPLETE,True
92854544,3,True,True,True,True,False,2,0,True,TEMPORAL_SEQUENCE_VALID,CORE_STRICT_COUNT,DIRECT_REPORTED_CHAIN_COMPLETE,True
92855211,4,True,True,True,True,False,3,0,True,TEMPORAL_SEQUENCE_VALID,CORE_STRICT_COUNT,DIRECT_REPORTED_CHAIN_COMPLETE,True
92856881,5,True,True,True,True,False,4,0,True,TEMPORAL_SEQUENCE_VALID,CORE_STRICT_COUNT,DIRECT_REPORTED_CHAIN_COMPLETE,True
92856882,3,True,True,True,True,False,2,0,True,TEMPORAL_SEQUENCE_VALID,ANALYTIC_WITH_COMPONENT_WARNING,DIRECT_ROWS_RBW_COUNT_UNKNOWN,False
92856883,4,True,True,True,True,False,3,0,True,TEMPORAL_SEQUENCE_VALID,CORE_STRICT_COUNT,DIRECT_REPORTED_CHAIN_COMPLETE,True
92856884,5,True,True,True,True,False,4,0,True,TEMPORAL_SEQUENCE_VALID,CORE_STRICT_COUNT,DIRECT_REPORTED_CHAIN_COMPLETE,True
92858251,3,True,True,True,True,False,2,0,True,TEMPORAL_SEQUENCE_VALID,CORE_STRICT_COUNT,DIRECT_REPORTED_CHAIN_COMPLETE,True
92858441,4,True,True,True,True,False,3,0,True,TEMPORAL_SEQUENCE_VALID,CORE_STRICT_COUNT,DIRECT_REPORTED_CHAIN_COMPLETE,True
92858442,2,True,True,True,True,False,1,0,True,TEMPORAL_SEQUENCE_VALID,CORE_STRICT_COUNT,DIRECT_REPORTED_CHAIN_COMPLETE,True
92858443,4,True,True,True,True,False,3,0,True,TEMPORAL_SEQUENCE_VALID,CORE_STRICT_COUNT,DIRECT_REPORTED_CHAIN_COMPLETE,True
92858444,6,True,True,True,True,False,5,0,True,TEMPORAL_SEQUENCE_VALID,CORE_STRICT_COUNT,DIRECT_REPORTED_CHAIN_COMPLETE,True
92858501,3,True,True,True,True,False,2,0,True,TEMPORAL_SEQUENCE_VALID,CORE_STRICT_COUNT,DIRECT_REPORTED_CHAIN_COMPLETE,True
92859351,2,True,True,True,True,False,1,0,True,TEMPORAL_SEQUENCE_VALID,CORE_STRICT_COUNT,DIRECT_REPORTED_CHAIN_COMPLETE,True
92859401,3,True,True,True,True,False,2,0,True,TEMPORAL_SEQUENCE_VALID,CORE_STRICT_COUNT,DIRECT_REPORTED_CHAIN_COMPLETE,True
92859403,2,True,True,True,True,False,1,0,True,TEMPORAL_SEQUENCE_VALID,CORE_STRICT_COUNT,DIRECT_REPORTED_CHAIN_COMPLETE,True
92859404,2,True,True,True,True,False,1,0,True,TEMPORAL_SEQUENCE_VALID,CORE_STRICT_COUNT,DIRECT_REPORTED_CHAIN_COMPLETE,True
92861451,2,True,True,True,True,False,1,0,True,TEMPORAL_SEQUENCE_VALID,CORE_STRICT_COUNT,DIRECT_REPORTED_CHAIN_COMPLETE,True
92861452,1,True,False,True,True,False,0,0,False,INTRA_TRIP_DURATION_IMPLAUSIBLE,CORE_STRICT_COUNT,MIXED_DIRECT_RBW_UNTIMED,False
92861461,2,True,True,True,True,False,1,0,True,TEMPORAL_SEQUENCE_VALID,CORE_STRICT_COUNT,DIRECT_REPORTED_CHAIN_COMPLETE,True
92864481,4,True,False,True,True,False,3,0,False,INTRA_TRIP_DURATION_IMPLAUSIBLE,CORE_STRICT_COUNT,DIRECT_REPORTED_CHAIN_COMPLETE,False
92864482,2,True,True,True,True,False,1,0,True,TEMPORAL_SEQUENCE_VALID,CORE_STRICT_COUNT,DIRECT_REPORTED_CHAIN_COMPLETE,True
92865141,3,True,True,True,True,False,2,0,True,TEMPORAL_SEQUENCE_VALID,CORE_STRICT_COUNT,DIRECT_REPORTED_CHAIN_COMPLETE,True
92865201,6,True,True,True,True,False,5,0,True,TEMPORAL_SEQUENCE_VALID,CORE_STRICT_COUNT,DIRECT_REPORTED_CHAIN_COMPLETE,True
92865202,3,True,True,True,True,False,2,0,True,TEMPORAL_SEQUENCE_VALID,CORE_STRICT_COUNT,DIRECT_REPORTED_CHAIN_COMPLETE,True
92866061,1,True,True,True,True,False,0,0,True,TEMPORAL_SEQUENCE_VALID,CORE_STRICT_COUNT,DIRECT_REPORTED_CHAIN_COMPLETE,True
92866442,4,True,True,True,True,False,3,0,True,TEMPORAL_SEQUENCE_VALID,CORE_STRICT_COUNT,DIRECT_REPORTED_CHAIN_COMPLETE,True
92866461,4,True,True,True,True,False,3,0,True,TEMPORAL_SEQUENCE_VALID,CORE_STRICT_COUNT,DIRECT_REPORTED_CHAIN_COMPLETE,True
92867501,3,True,True,True,True,False,2,0,True,TEMPORAL_SEQUENCE_VALID,CORE_STRICT_COUNT,DIRECT_REPORTED_CHAIN_COMPLETE,True
92867502,3,True,True,True,True,False,2,0,True,TEMPORAL_SEQUENCE_VALID,CORE_STRICT_COUNT,DIRECT_REPORTED_CHAIN_COMPLETE,True
92867503,3,True,True,True,True,False,2,0,True,TEMPORAL_SEQUENCE_VALID,CORE_STRICT_COUNT,DIRECT_REPORTED_CHAIN_COMPLETE,True
92867504,3,True,True,True,True,False,2,0,True,TEMPORAL_SEQUENCE_VALID,CORE_STRICT_COUNT,DIRECT_REPORTED_CHAIN_COMPLETE,True
92868061,4,True,True,True,True,False,3,0,True,TEMPORAL_SEQUENCE_VALID,CORE_STRICT_COUNT,DIRECT_REPORTED_CHAIN_COMPLETE,True
92868311,4,True,True,True,True,False,3,0,True,TEMPORAL_SEQUENCE_VALID,CORE_STRICT_COUNT,DIRECT_REPORTED_CHAIN_COMPLETE,True
92868312,2,True,True,True,True,False,1,0,True,TEMPORAL_SEQUENCE_VALID,CORE_STRICT_COUNT,DIRECT_REPORTED_CHAIN_COMPLETE,True
92868313,3,True,True,True,True,False,2,0,True,TEMPORAL_SEQUENCE_VALID,CORE_STRICT_COUNT,DIRECT_REPORTED_CHAIN_COMPLETE,True
92869701,2,True,True,True,True,False,1,0,True,TEMPORAL_SEQUENCE_VALID,CORE_STRICT_COUNT,DIRECT_REPORTED_CHAIN_COMPLETE,True
92869702,2,True,True,True,True,False,1,0,True,TEMPORAL_SEQUENCE_VALID,CORE_STRICT_COUNT,DIRECT_REPORTED_CHAIN_COMPLETE,True
92871191,3,True,True,True,True,False,2,0,True,TEMPORAL_SEQUENCE_VALID,CORE_STRICT_COUNT,DIRECT_REPORTED_CHAIN_COMPLETE,True
92871331,3,True,True,True,True,False,2,0,True,TEMPORAL_SEQUENCE_VALID,CORE_STRICT_COUNT,DIRECT_REPORTED_CHAIN_COMPLETE,True
92871332,2,True,True,True,True,False,1,0,True,TEMPORAL_SEQUENCE_VALID,CORE_STRICT_COUNT,DIRECT_REPORTED_CHAIN_COMPLETE,True
92871951,4,True,True,True,True,False,3,0,True,TEMPORAL_SEQUENCE_VALID,CORE_STRICT_COUNT,MIXED_DIRECT_RBW_UNTIMED,False
92872401,2,True,True,True,True,False,1,0,True,TEMPORAL_SEQUENCE_VALID,CORE_STRICT_COUNT,DIRECT_REPORTED_CHAIN_COMPLETE,True
92872911,6,True,True,True,True,False,5,0,True,TEMPORAL_SEQUENCE_VALID,CORE_STRICT_COUNT,MIXED_DIRECT_RBW_UNTIMED,False
92872913,3,True,True,True,True,False,2,0,True,TEMPORAL_SEQUENCE_VALID,CORE_STRICT_COUNT,DIRECT_REPORTED_CHAIN_COMPLETE,True
92873801,4,True,True,True,True,False,3,0,True,TEMPORAL_SEQUENCE_VALID,CORE_STRICT_COUNT,DIRECT_REPORTED_CHAIN_COMPLETE,True
92876001,3,True,True,True,True,False,2,0,True,TEMPORAL_SEQUENCE_VALID,CORE_STRICT_COUNT,DIRECT_REPORTED_CHAIN_COMPLETE,True
92876961,3,True,True,True,True,False,2,0,True,TEMPORAL_SEQUENCE_VALID,CORE_STRICT_COUNT,DIRECT_REPORTED_CHAIN_COMPLETE,True
92877152,3,True,True,True,True,False,2,0,True,TEMPORAL_SEQUENCE_VALID,CORE_STRICT_COUNT,DIRECT_REPORTED_CHAIN_COMPLETE,True
92887201,6,False,False,True,True,False,5,0,False,TIME_COMPONENT_MISSING,CORE_STRICT_COUNT,DIRECT_REPORTED_CHAIN_COMPLETE,False
92887202,2,True,True,True,True,False,1,0,True,TEMPORAL_SEQUENCE_VALID,CORE_STRICT_COUNT,DIRECT_REPORTED_CHAIN_COMPLETE,True
92887203,3,True,True,True,True,False,2,0,True,TEMPORAL_SEQUENCE_VALID,CORE_STRICT_COUNT,DIRECT_REPORTED_CHAIN_COMPLETE,True
92891611,5,True,True,True,True,False,4,0,True,TEMPORAL_SEQUENCE_VALID,CORE_STRICT_COUNT,DIRECT_REPORTED_CHAIN_COMPLETE,True
92891613,2,True,False,True,True,False,1,0,False,INTRA_TRIP_DURATION_IMPLAUSIBLE,CORE_STRICT_COUNT,DIRECT_REPORTED_CHAIN_COMPLETE,False
92893521,2,True,True,True,True,False,1,0,True,TEMPORAL_SEQUENCE_VALID,CORE_STRICT_COUNT,DIRECT_REPORTED_CHAIN_COMPLETE,True
92893522,4,True,True,True,True,False,3,0,True,TEMPORAL_SEQUENCE_VALID,CORE_STRICT_COUNT,DIRECT_REPORTED_CHAIN_COMPLETE,True
92893523,2,True,True,True,True,False,1,0,True,TEMPORAL_SEQUENCE_VALID,CORE_STRICT_COUNT,DIRECT_REPORTED_CHAIN_COMPLETE,True
92893601,7,True,True,True,True,False,6,0,True,TEMPORAL_SEQUENCE_VALID,CORE_STRICT_COUNT,MIXED_DIRECT_RBW_UNTIMED,False
92893961,3,True,True,True,True,False,2,0,True,TEMPORAL_SEQUENCE_VALID,CORE_STRICT_COUNT,DIRECT_REPORTED_CHAIN_COMPLETE,True
92893962,1,True,True,True,True,False,0,0,True,TEMPORAL_SEQUENCE_VALID,CORE_STRICT_COUNT,DIRECT_REPORTED_CHAIN_COMPLETE,True
92894511,6,True,True,True,True,False,5,0,True,TEMPORAL_SEQUENCE_VALID,CORE_STRICT_COUNT,DIRECT_REPORTED_CHAIN_COMPLETE,True
92894512,4,True,True,True,True,False,3,0,True,TEMPORAL_SEQUENCE_VALID,CORE_STRICT_COUNT,DIRECT_REPORTED_CHAIN_COMPLETE,True
92894513,3,True,True,True,True,False,2,0,True,TEMPORAL_SEQUENCE_VALID,CORE_STRICT_COUNT,DIRECT_REPORTED_CHAIN_COMPLETE,True
92896861,4,True,True,True,True,False,3,0,True,TEMPORAL_SEQUENCE_VALID,CORE_STRICT_COUNT,DIRECT_REPORTED_CHAIN_COMPLETE,True
92896862,2,True,True,True,True,False,1,0,True,TEMPORAL_SEQUENCE_VALID,CORE_STRICT_COUNT,DIRECT_REPORTED_CHAIN_COMPLETE,True
92899281,5,True,True,True,True,False,4,0,True,TEMPORAL_SEQUENCE_VALID,CORE_STRICT_COUNT,DIRECT_REPORTED_CHAIN_COMPLETE,True
92899621,3,True,True,True,True,False,2,0,True,TEMPORAL_SEQUENCE_VALID,CORE_STRICT_COUNT,DIRECT_REPORTED_CHAIN_COMPLETE,True
92900191,2,True,True,True,True,False,1,0,True,TEMPORAL_SEQUENCE_VALID,CORE_STRICT_COUNT,MIXED_DIRECT_RBW_UNTIMED,False
92902441,1,True,True,True,True,False,0,0,True,TEMPORAL_SEQUENCE_VALID,CORE_STRICT_COUNT,DIRECT_REPORTED_CHAIN_COMPLETE,True
92905221,7,True,True,True,True,False,6,0,True,TEMPORAL_SEQUENCE_VALID,CORE_STRICT_COUNT,DIRECT_REPORTED_CHAIN_COMPLETE,True
92905222,2,True,True,True,True,False,1,0,True,TEMPORAL_SEQUENCE_VALID,CORE_STRICT_COUNT,DIRECT_REPORTED_CHAIN_COMPLETE,True
92905671,2,True,True,True,True,False,1,0,True,TEMPORAL_SEQUENCE_VALID,CORE_STRICT_COUNT,DIRECT_REPORTED_CHAIN_COMPLETE,True
92907641,2,True,True,True,True,False,1,0,True,TEMPORAL_SEQUENCE_VALID,CORE_STRICT_COUNT,DIRECT_REPORTED_CHAIN_COMPLETE,True
92907941,4,True,True,True,True,False,3,0,True,TEMPORAL_SEQUENCE_VALID,CORE_STRICT_COUNT,DIRECT_REPORTED_CHAIN_COMPLETE,True
92907942,4,True,True,True,True,False,3,0,True,TEMPORAL_SEQUENCE_VALID,CORE_STRICT_COUNT,DIRECT_REPORTED_CHAIN_COMPLETE,True
92908731,2,True,True,True,True,False,1,0,True,TEMPORAL_SEQUENCE_VALID,CORE_STRICT_COUNT,DIRECT_REPORTED_CHAIN_COMPLETE,True
92909631,1,True,True,True,True,False,0,0,True,TEMPORAL_SEQUENCE_VALID,CORE_STRICT_COUNT,DIRECT_REPORTED_CHAIN_COMPLETE,True
92909632,1,True,True,True,True,False,0,0,True,TEMPORAL_SEQUENCE_VALID,CORE_STRICT_COUNT,DIRECT_REPORTED_CHAIN_COMPLETE,True
92910921,3,True,True,True,True,False,2,0,True,TEMPORAL_SEQUENCE_VALID,CORE_STRICT_COUNT,DIRECT_REPORTED_CHAIN_COMPLETE,True
92911911,6,True,True,True,True,False,5,0,True,TEMPORAL_SEQUENCE_VALID,CORE_STRICT_COUNT,DIRECT_REPORTED_CHAIN_COMPLETE,True
92911912,2,True,True,True,True,False,1,0,True,TEMPORAL_SEQUENCE_VALID,CORE_STRICT_COUNT,DIRECT_REPORTED_CHAIN_COMPLETE,True
92912301,2,True,True,True,True,False,1,0,True,TEMPORAL_SEQUENCE_VALID,CORE_STRICT_COUNT,DIRECT_REPORTED_CHAIN_COMPLETE,True
92912302,2,True,True,True,True,False,1,0,True,TEMPORAL_SEQUENCE_VALID,CORE_STRICT_COUNT,DIRECT_REPORTED_CHAIN_COMPLETE,True
92913361,2,True,True,True,True,False,1,0,True,TEMPORAL_SEQUENCE_VALID,CORE_STRICT_COUNT,DIRECT_REPORTED_CHAIN_COMPLETE,True
92917701,6,True,True,True,True,False,5,0,True,TEMPORAL_SEQUENCE_VALID,CORE_STRICT_COUNT,DIRECT_REPORTED_CHAIN_COMPLETE,True
92917702,2,True,True,True,True,False,1,0,True,TEMPORAL_SEQUENCE_VALID,CORE_STRICT_COUNT,DIRECT_REPORTED_CHAIN_COMPLETE,True
92917891,2,True,True,True,True,False,1,0,True,TEMPORAL_SEQUENCE_VALID,CORE_STRICT_COUNT,DIRECT_REPORTED_CHAIN_COMPLETE,True
92917892,2,True,True,True,True,False,1,0,True,TEMPORAL_SEQUENCE_VALID,CORE_STRICT_COUNT,DIRECT_REPORTED_CHAIN_COMPLETE,True
92917893,2,True,True,True,True,False,1,0,True,TEMPORAL_SEQUENCE_VALID,CORE_STRICT_COUNT,DIRECT_REPORTED_CHAIN_COMPLETE,True
92918111,2,True,True,True,True,False,1,0,True,TEMPORAL_SEQUENCE_VALID,CORE_STRICT_COUNT,DIRECT_REPORTED_CHAIN_COMPLETE,True
92919011,3,True,True,True,True,False,2,0,True,TEMPORAL_SEQUENCE_VALID,CORE_STRICT_COUNT,DIRECT_REPORTED_CHAIN_COMPLETE,True
92919161,6,True,True,True,True,False,5,0,True,TEMPORAL_SEQUENCE_VALID,CORE_STRICT_COUNT,DIRECT_REPORTED_CHAIN_COMPLETE,True
92919691,2,True,True,True,True,False,1,0,True,TEMPORAL_SEQUENCE_VALID,CORE_STRICT_COUNT,DIRECT_REPORTED_CHAIN_COMPLETE,True
92919692,2,True,True,True,True,False,1,0,True,TEMPORAL_SEQUENCE_VALID,CORE_STRICT_COUNT,DIRECT_REPORTED_CHAIN_COMPLETE,True
92920291,4,True,True,True,True,False,3,0,True,TEMPORAL_SEQUENCE_VALID,CORE_STRICT_COUNT,DIRECT_REPORTED_CHAIN_COMPLETE,True
92920292,4,True,True,True,True,False,3,0,True,TEMPORAL_SEQUENCE_VALID,CORE_STRICT_COUNT,DIRECT_REPORTED_CHAIN_COMPLETE,True
92921651,4,True,True,True,True,False,3,0,True,TEMPORAL_SEQUENCE_VALID,CORE_STRICT_COUNT,DIRECT_REPORTED_CHAIN_COMPLETE,True
92921652,4,True,True,True,True,False,3,0,True,TEMPORAL_SEQUENCE_VALID,CORE_STRICT_COUNT,DIRECT_REPORTED_CHAIN_COMPLETE,True
92921653,3,True,True,True,True,False,2,0,True,TEMPORAL_SEQUENCE_VALID,CORE_STRICT_COUNT,DIRECT_REPORTED_CHAIN_COMPLETE,True
92923561,8,True,True,True,True,False,7,0,True,TEMPORAL_SEQUENCE_VALID,CORE_STRICT_COUNT,MIXED_DIRECT_RBW_PLUS_UNDETAILED,False
92923562,3,True,True,True,True,False,2,0,True,TEMPORAL_SEQUENCE_VALID,CORE_STRICT_COUNT,DIRECT_REPORTED_CHAIN_COMPLETE,True
92923971,8,True,True,True,True,False,7,0,True,TEMPORAL_SEQUENCE_VALID,CORE_STRICT_COUNT,DIRECT_REPORTED_CHAIN_COMPLETE,True
92924691,3,True,True,True,True,False,2,0,True,TEMPORAL_SEQUENCE_VALID,CORE_STRICT_COUNT,DIRECT_REPORTED_CHAIN_COMPLETE,True
92924692,3,True,True,True,True,False,2,0,True,TEMPORAL_SEQUENCE_VALID,CORE_STRICT_COUNT,DIRECT_REPORTED_CHAIN_COMPLETE,True
92927361,2,True,True,True,True,False,1,0,True,TEMPORAL_SEQUENCE_VALID,CORE_STRICT_COUNT,DIRECT_REPORTED_CHAIN_COMPLETE,True
92927861,2,True,True,True,True,False,1,0,True,TEMPORAL_SEQUENCE_VALID,CORE_STRICT_COUNT,DIRECT_REPORTED_CHAIN_COMPLETE,True
92928091,4,True,True,True,True,False,3,0,True,TEMPORAL_SEQUENCE_VALID,CORE_STRICT_COUNT,DIRECT_REPORTED_CHAIN_COMPLETE,True
92928092,2,True,True,True,True,False,1,0,True,TEMPORAL_SEQUENCE_VALID,CORE_STRICT_COUNT,DIRECT_REPORTED_CHAIN_COMPLETE,True
92929671,3,True,True,True,True,False,2,0,True,TEMPORAL_SEQUENCE_VALID,CORE_STRICT_COUNT,DIRECT_REPORTED_CHAIN_COMPLETE,True
92931081,2,True,True,True,True,False,1,0,True,TEMPORAL_SEQUENCE_VALID,CORE_STRICT_COUNT,DIRECT_REPORTED_CHAIN_COMPLETE,True
92931082,4,True,True,True,True,False,3,0,True,TEMPORAL_SEQUENCE_VALID,CORE_STRICT_COUNT,DIRECT_REPORTED_CHAIN_COMPLETE,True
92932671,2,True,True,True,True,False,1,0,True,TEMPORAL_SEQUENCE_VALID,CORE_STRICT_COUNT,DIRECT_REPORTED_CHAIN_COMPLETE,True
92933321,4,True,True,True,True,False,3,0,True,TEMPORAL_SEQUENCE_VALID,CORE_STRICT_COUNT,DIRECT_REPORTED_CHAIN_COMPLETE,True
92933322,2,True,True,True,True,False,1,0,True,TEMPORAL_SEQUENCE_VALID,CORE_STRICT_COUNT,DIRECT_REPORTED_CHAIN_COMPLETE,True
92935251,1,True,True,True,True,False,0,0,True,TEMPORAL_SEQUENCE_VALID,CORE_STRICT_COUNT,DIRECT_REPORTED_CHAIN_COMPLETE,True
92935252,1,True,True,True,True,False,0,0,True,TEMPORAL_SEQUENCE_VALID,CORE_STRICT_COUNT,DIRECT_REPORTED_CHAIN_COMPLETE,True
92935621,5,True,True,True,True,False,4,0,True,TEMPORAL_SEQUENCE_VALID,CORE_STRICT_COUNT,DIRECT_REPORTED_CHAIN_COMPLETE,True
92937761,3,True,True,True,True,False,2,0,True,TEMPORAL_SEQUENCE_VALID,CORE_STRICT_COUNT,DIRECT_REPORTED_CHAIN_COMPLETE,True
92938231,2,True,True,True,True,False,1,0,True,TEMPORAL_SEQUENCE_VALID,CORE_STRICT_COUNT,DIRECT_REPORTED_CHAIN_COMPLETE,True
92938232,2,True,True,True,True,False,1,0,True,TEMPORAL_SEQUENCE_VALID,CORE_STRICT_COUNT,DIRECT_REPORTED_CHAIN_COMPLETE,True
92939331,4,True,True,True,True,False,3,0,True,TEMPORAL_SEQUENCE_VALID,CORE_STRICT_COUNT,DIRECT_REPORTED_CHAIN_COMPLETE,True
92939332,3,True,True,True,True,False,2,0,True,TEMPORAL_SEQUENCE_VALID,CORE_STRICT_COUNT,DIRECT_REPORTED_CHAIN_COMPLETE,True
92939333,3,True,True,True,True,False,2,0,True,TEMPORAL_SEQUENCE_VALID,CORE_STRICT_COUNT,DIRECT_REPORTED_CHAIN_COMPLETE,True
92939334,3,True,True,True,True,False,2,0,True,TEMPORAL_SEQUENCE_VALID,CORE_STRICT_COUNT,DIRECT_REPORTED_CHAIN_COMPLETE,True
92939681,5,True,True,True,True,False,4,0,True,TEMPORAL_SEQUENCE_VALID,CORE_STRICT_COUNT,DIRECT_REPORTED_CHAIN_COMPLETE,True
92939682,1,False,False,True,True,False,0,0,False,TIME_COMPONENT_MISSING,ANALYTIC_WITH_COMPONENT_WARNING,DIRECT_ROWS_RBW_COUNT_UNKNOWN,False
92939683,2,True,True,True,True,False,1,0,True,TEMPORAL_SEQUENCE_VALID,CORE_STRICT_COUNT,DIRECT_REPORTED_CHAIN_COMPLETE,True
92939684,4,True,True,True,True,False,3,0,True,TEMPORAL_SEQUENCE_VALID,CORE_STRICT_COUNT,DIRECT_REPORTED_CHAIN_COMPLETE,True
92939685,3,True,True,True,True,False,2,0,True,TEMPORAL_SEQUENCE_VALID,CORE_STRICT_COUNT,DIRECT_REPORTED_CHAIN_COMPLETE,True
92940442,5,True,True,True,True,False,4,0,True,TEMPORAL_SEQUENCE_VALID,CORE_STRICT_COUNT,DIRECT_REPORTED_CHAIN_COMPLETE,True
92940631,5,True,True,True,True,False,4,0,True,TEMPORAL_SEQUENCE_VALID,CORE_STRICT_COUNT,DIRECT_REPORTED_CHAIN_COMPLETE,True
92941261,2,True,True,True,True,False,1,0,True,TEMPORAL_SEQUENCE_VALID,CORE_STRICT_COUNT,DIRECT_REPORTED_CHAIN_COMPLETE,True
92942251,3,True,True,True,True,False,2,0,True,TEMPORAL_SEQUENCE_VALID,CORE_STRICT_COUNT,DIRECT_REPORTED_CHAIN_COMPLETE,True
92942931,4,True,True,True,True,False,3,0,True,TEMPORAL_SEQUENCE_VALID,CORE_STRICT_COUNT,DIRECT_REPORTED_CHAIN_COMPLETE,True
92942932,5,True,True,True,True,False,4,0,True,TEMPORAL_SEQUENCE_VALID,CORE_STRICT_COUNT,DIRECT_REPORTED_CHAIN_COMPLETE,True
92943381,3,True,True,True,True,False,2,0,True,TEMPORAL_SEQUENCE_VALID,CORE_STRICT_COUNT,DIRECT_REPORTED_CHAIN_COMPLETE,True
92943382,3,True,True,True,True,False,2,0,True,TEMPORAL_SEQUENCE_VALID,CORE_STRICT_COUNT,DIRECT_REPORTED_CHAIN_COMPLETE,True
92944221,1,True,False,True,True,False,0,0,False,INTRA_TRIP_DURATION_IMPLAUSIBLE,CORE_STRICT_COUNT,DIRECT_REPORTED_CHAIN_COMPLETE,False
92945051,4,True,True,True,True,False,3,0,True,TEMPORAL_SEQUENCE_VALID,CORE_STRICT_COUNT,DIRECT_REPORTED_CHAIN_COMPLETE,True
92945891,3,True,True,True,True,False,2,0,True,TEMPORAL_SEQUENCE_VALID,CORE_STRICT_COUNT,DIRECT_REPORTED_CHAIN_COMPLETE,True
92947691,2,True,True,True,True,False,1,0,True,TEMPORAL_SEQUENCE_VALID,CORE_STRICT_COUNT,DIRECT_REPORTED_CHAIN_COMPLETE,True
92947692,5,True,True,True,True,False,4,0,True,TEMPORAL_SEQUENCE_VALID,CORE_STRICT_COUNT,DIRECT_REPORTED_CHAIN_COMPLETE,True
92947751,2,True,True,True,True,False,1,0,True,TEMPORAL_SEQUENCE_VALID,CORE_STRICT_COUNT,DIRECT_REPORTED_CHAIN_COMPLETE,True
92947752,1,True,True,True,True,False,0,0,True,TEMPORAL_SEQUENCE_VALID,CORE_STRICT_COUNT,DIRECT_REPORTED_CHAIN_COMPLETE,True
92948431,4,True,True,True,True,False,3,0,True,TEMPORAL_SEQUENCE_VALID,CORE_STRICT_COUNT,DIRECT_REPORTED_CHAIN_COMPLETE,True
92949871,2,True,True,True,True,False,1,0,True,TEMPORAL_SEQUENCE_VALID,CORE_STRICT_COUNT,DIRECT_REPORTED_CHAIN_COMPLETE,True
92949872,2,True,True,True,True,False,1,0,True,TEMPORAL_SEQUENCE_VALID,CORE_STRICT_COUNT,DIRECT_REPORTED_CHAIN_COMPLETE,True
92949873,3,True,True,True,True,False,2,0,True,TEMPORAL_SEQUENCE_VALID,CORE_STRICT_COUNT,DIRECT_REPORTED_CHAIN_COMPLETE,True
92950371,2,True,True,True,True,False,1,0,True,TEMPORAL_SEQUENCE_VALID,CORE_STRICT_COUNT,DIRECT_REPORTED_CHAIN_COMPLETE,True
92950441,7,True,True,True,True,False,6,0,True,TEMPORAL_SEQUENCE_VALID,CORE_STRICT_COUNT,DIRECT_REPORTED_CHAIN_COMPLETE,True
92950442,3,True,True,True,True,False,2,0,True,TEMPORAL_SEQUENCE_VALID,CORE_STRICT_COUNT,DIRECT_REPORTED_CHAIN_COMPLETE,True
92950443,4,True,True,True,True,False,3,0,True,TEMPORAL_SEQUENCE_VALID,CORE_STRICT_COUNT,DIRECT_REPORTED_CHAIN_COMPLETE,True
92950501,2,True,True,True,True,False,1,0,True,TEMPORAL_SEQUENCE_VALID,CORE_STRICT_COUNT,DIRECT_REPORTED_CHAIN_COMPLETE,True
92950502,2,True,True,True,True,False,1,0,True,TEMPORAL_SEQUENCE_VALID,CORE_STRICT_COUNT,DIRECT_REPORTED_CHAIN_COMPLETE,True
92950881,4,True,True,True,True,False,3,0,True,TEMPORAL_SEQUENCE_VALID,CORE_STRICT_COUNT,MIXED_DIRECT_RBW_UNTIMED,False
92955411,2,True,True,True,True,False,1,0,True,TEMPORAL_SEQUENCE_VALID,CORE_STRICT_COUNT,DIRECT_REPORTED_CHAIN_COMPLETE,True
92955901,2,True,True,True,True,False,1,0,True,TEMPORAL_SEQUENCE_VALID,CORE_STRICT_COUNT,DIRECT_REPORTED_CHAIN_COMPLETE,True
92956881,4,True,True,True,True,False,3,0,True,TEMPORAL_SEQUENCE_VALID,CORE_STRICT_COUNT,DIRECT_REPORTED_CHAIN_COMPLETE,True
92956882,2,True,True,True,True,False,1,0,True,TEMPORAL_SEQUENCE_VALID,CORE_STRICT_COUNT,DIRECT_REPORTED_CHAIN_COMPLETE,True
92957271,2,True,True,True,True,False,1,0,True,TEMPORAL_SEQUENCE_VALID,CORE_STRICT_COUNT,DIRECT_REPORTED_CHAIN_COMPLETE,True
92957272,2,True,True,True,True,False,1,0,True,TEMPORAL_SEQUENCE_VALID,CORE_STRICT_COUNT,DIRECT_REPORTED_CHAIN_COMPLETE,True
92957273,2,True,True,True,True,False,1,0,True,TEMPORAL_SEQUENCE_VALID,CORE_STRICT_COUNT,DIRECT_REPORTED_CHAIN_COMPLETE,True
92958031,2,True,True,True,True,False,1,0,True,TEMPORAL_SEQUENCE_VALID,CORE_STRICT_COUNT,DIRECT_REPORTED_CHAIN_COMPLETE,True
92962431,2,True,True,True,True,False,1,0,True,TEMPORAL_SEQUENCE_VALID,CORE_STRICT_COUNT,DIRECT_REPORTED_CHAIN_COMPLETE,True
92962432,1,True,True,True,True,False,0,0,True,TEMPORAL_SEQUENCE_VALID,CORE_STRICT_COUNT,DIRECT_REPORTED_CHAIN_COMPLETE,True
92966081,2,True,True,True,True,False,1,0,True,TEMPORAL_SEQUENCE_VALID,CORE_STRICT_COUNT,DIRECT_REPORTED_CHAIN_COMPLETE,True
92966091,4,True,True,True,True,False,3,0,True,TEMPORAL_SEQUENCE_VALID,CORE_STRICT_COUNT,DIRECT_REPORTED_CHAIN_COMPLETE,True
92967581,2,True,True,True,True,False,1,0,True,TEMPORAL_SEQUENCE_VALID,CORE_STRICT_COUNT,DIRECT_REPORTED_CHAIN_COMPLETE,True
92969701,4,True,True,True,True,False,3,0,True,TEMPORAL_SEQUENCE_VALID,CORE_STRICT_COUNT,DIRECT_REPORTED_CHAIN_COMPLETE,True
92970111,4,True,True,True,True,False,3,0,True,TEMPORAL_SEQUENCE_VALID,CORE_STRICT_COUNT,DIRECT_REPORTED_CHAIN_COMPLETE,True
92970131,2,True,True,True,True,False,1,0,True,TEMPORAL_SEQUENCE_VALID,CORE_STRICT_COUNT,DIRECT_REPORTED_CHAIN_COMPLETE,True
92970281,3,True,True,True,True,False,2,0,True,TEMPORAL_SEQUENCE_VALID,CORE_STRICT_COUNT,DIRECT_REPORTED_CHAIN_COMPLETE,True
92970282,2,True,True,True,True,False,1,0,True,TEMPORAL_SEQUENCE_VALID,CORE_STRICT_COUNT,MIXED_DIRECT_RBW_UNTIMED,False
92970283,2,True,True,True,True,False,1,0,True,TEMPORAL_SEQUENCE_VALID,CORE_STRICT_COUNT,DIRECT_REPORTED_CHAIN_COMPLETE,True
92970831,5,True,True,True,True,False,4,0,True,TEMPORAL_SEQUENCE_VALID,CORE_STRICT_COUNT,DIRECT_REPORTED_CHAIN_COMPLETE,True
92970833,2,True,True,True,True,False,1,0,True,TEMPORAL_SEQUENCE_VALID,CORE_STRICT_COUNT,DIRECT_REPORTED_CHAIN_COMPLETE,True
92971363,2,True,True,True,True,False,1,0,True,TEMPORAL_SEQUENCE_VALID,CORE_STRICT_COUNT,DIRECT_REPORTED_CHAIN_COMPLETE,True
92972081,4,True,True,True,True,False,3,0,True,TEMPORAL_SEQUENCE_VALID,CORE_STRICT_COUNT,MIXED_DIRECT_RBW_UNTIMED,False
92972082,5,True,True,True,True,False,4,0,True,TEMPORAL_SEQUENCE_VALID,CORE_STRICT_COUNT,DIRECT_REPORTED_CHAIN_COMPLETE,True
92972811,3,True,True,True,True,False,2,0,True,TEMPORAL_SEQUENCE_VALID,CORE_STRICT_COUNT,DIRECT_REPORTED_CHAIN_COMPLETE,True
92974312,2,True,True,True,True,False,1,0,True,TEMPORAL_SEQUENCE_VALID,CORE_STRICT_COUNT,DIRECT_REPORTED_CHAIN_COMPLETE,True
92976031,7,True,True,True,True,False,6,0,True,TEMPORAL_SEQUENCE_VALID,CORE_STRICT_COUNT,DIRECT_REPORTED_CHAIN_COMPLETE,True
92976181,3,True,True,True,True,False,2,0,True,TEMPORAL_SEQUENCE_VALID,CORE_STRICT_COUNT,DIRECT_REPORTED_CHAIN_COMPLETE,True
92976182,3,True,True,True,True,False,2,0,True,TEMPORAL_SEQUENCE_VALID,CORE_STRICT_COUNT,DIRECT_REPORTED_CHAIN_COMPLETE,True
92977721,3,True,True,True,True,False,2,0,True,TEMPORAL_SEQUENCE_VALID,CORE_STRICT_COUNT,DIRECT_REPORTED_CHAIN_COMPLETE,True
92977723,2,True,True,True,True,False,1,0,True,TEMPORAL_SEQUENCE_VALID,CORE_STRICT_COUNT,DIRECT_REPORTED_CHAIN_COMPLETE,True
92977725,2,True,True,True,True,False,1,0,True,TEMPORAL_SEQUENCE_VALID,CORE_STRICT_COUNT,DIRECT_REPORTED_CHAIN_COMPLETE,True
92977951,2,True,True,True,True,False,1,0,True,TEMPORAL_SEQUENCE_VALID,CORE_STRICT_COUNT,DIRECT_REPORTED_CHAIN_COMPLETE,True
92977952,3,True,True,True,True,False,2,0,True,TEMPORAL_SEQUENCE_VALID,CORE_STRICT_COUNT,DIRECT_REPORTED_CHAIN_COMPLETE,True
92978691,5,True,True,True,True,False,4,0,True,TEMPORAL_SEQUENCE_VALID,CORE_STRICT_COUNT,DIRECT_REPORTED_CHAIN_COMPLETE,True
92978692,6,True,True,True,True,False,5,0,True,TEMPORAL_SEQUENCE_VALID,CORE_STRICT_COUNT,MIXED_DIRECT_RBW_UNTIMED,False
92978693,4,True,True,True,True,False,3,0,True,TEMPORAL_SEQUENCE_VALID,CORE_STRICT_COUNT,DIRECT_REPORTED_CHAIN_COMPLETE,True
92978694,4,True,True,True,True,False,3,0,True,TEMPORAL_SEQUENCE_VALID,CORE_STRICT_COUNT,DIRECT_REPORTED_CHAIN_COMPLETE,True
92978841,1,True,True,True,True,False,0,0,True,TEMPORAL_SEQUENCE_VALID,CORE_STRICT_COUNT,DIRECT_REPORTED_CHAIN_COMPLETE,True
92979381,3,True,True,True,True,False,2,0,True,TEMPORAL_SEQUENCE_VALID,CORE_STRICT_COUNT,MIXED_DIRECT_RBW_UNTIMED,False
92979811,1,True,True,True,True,False,0,0,True,TEMPORAL_SEQUENCE_VALID,CORE_STRICT_COUNT,DIRECT_REPORTED_CHAIN_COMPLETE,True
92979812,3,True,True,True,True,False,2,0,True,TEMPORAL_SEQUENCE_VALID,CORE_STRICT_COUNT,DIRECT_REPORTED_CHAIN_COMPLETE,True
92981251,2,True,True,True,True,False,1,0,True,TEMPORAL_SEQUENCE_VALID,CORE_STRICT_COUNT,DIRECT_REPORTED_CHAIN_COMPLETE,True
92981252,2,True,True,True,True,False,1,0,True,TEMPORAL_SEQUENCE_VALID,CORE_STRICT_COUNT,DIRECT_REPORTED_CHAIN_COMPLETE,True
92981253,2,True,True,True,True,False,1,0,True,TEMPORAL_SEQUENCE_VALID,CORE_STRICT_COUNT,DIRECT_REPORTED_CHAIN_COMPLETE,True
92981441,2,True,True,True,True,False,1,0,True,TEMPORAL_SEQUENCE_VALID,CORE_STRICT_COUNT,DIRECT_REPORTED_CHAIN_COMPLETE,True
92981442,4,True,True,True,True,False,3,0,True,TEMPORAL_SEQUENCE_VALID,CORE_STRICT_COUNT,DIRECT_REPORTED_CHAIN_COMPLETE,True
92981443,2,True,True,True,True,False,1,0,True,TEMPORAL_SEQUENCE_VALID,CORE_STRICT_COUNT,DIRECT_REPORTED_CHAIN_COMPLETE,True
92982051,2,True,True,True,True,False,1,0,True,TEMPORAL_SEQUENCE_VALID,CORE_STRICT_COUNT,DIRECT_REPORTED_CHAIN_COMPLETE,True
92983841,4,True,True,True,True,False,3,0,True,TEMPORAL_SEQUENCE_VALID,CORE_STRICT_COUNT,DIRECT_REPORTED_CHAIN_COMPLETE,True
92985401,3,True,True,True,True,False,2,0,True,TEMPORAL_SEQUENCE_VALID,CORE_STRICT_COUNT,DIRECT_REPORTED_CHAIN_COMPLETE,True
92985402,3,True,True,True,True,False,2,0,True,TEMPORAL_SEQUENCE_VALID,CORE_STRICT_COUNT,DIRECT_REPORTED_CHAIN_COMPLETE,True
92987381,7,True,True,True,True,False,6,0,True,TEMPORAL_SEQUENCE_VALID,CORE_STRICT_COUNT,DIRECT_REPORTED_CHAIN_COMPLETE,True
92987382,6,True,True,True,True,False,5,0,True,TEMPORAL_SEQUENCE_VALID,CORE_STRICT_COUNT,DIRECT_REPORTED_CHAIN_COMPLETE,True
92988382,2,True,True,True,True,False,1,0,True,TEMPORAL_SEQUENCE_VALID,CORE_STRICT_COUNT,DIRECT_REPORTED_CHAIN_COMPLETE,True
92988511,4,True,True,True,True,False,3,0,True,TEMPORAL_SEQUENCE_VALID,CORE_STRICT_COUNT,DIRECT_REPORTED_CHAIN_COMPLETE,True
92988512,3,True,True,True,True,False,2,0,True,TEMPORAL_SEQUENCE_VALID,CORE_STRICT_COUNT,DIRECT_REPORTED_CHAIN_COMPLETE,True
92988981,1,True,True,True,True,False,0,0,True,TEMPORAL_SEQUENCE_VALID,CORE_STRICT_COUNT,DIRECT_REPORTED_CHAIN_COMPLETE,True
92989161,4,True,True,True,True,False,3,0,True,TEMPORAL_SEQUENCE_VALID,CORE_STRICT_COUNT,DIRECT_REPORTED_CHAIN_COMPLETE,True
92990401,5,True,True,True,False,False,4,1,False,INTER_TRIP_OVERLAP_OR_NEXTDAY_CONFLICT,CORE_STRICT_COUNT,DIRECT_REPORTED_CHAIN_COMPLETE,False
92990402,3,True,False,True,True,False,2,0,False,INTRA_TRIP_DURATION_IMPLAUSIBLE,CORE_STRICT_COUNT,MIXED_DIRECT_RBW_UNTIMED,False
92990404,4,True,True,True,True,False,3,0,True,TEMPORAL_SEQUENCE_VALID,CORE_STRICT_COUNT,DIRECT_REPORTED_CHAIN_COMPLETE,True
92991521,6,True,True,True,True,False,5,0,True,TEMPORAL_SEQUENCE_VALID,CORE_STRICT_COUNT,DIRECT_REPORTED_CHAIN_COMPLETE,True
92991522,2,True,True,True,True,False,1,0,True,TEMPORAL_SEQUENCE_VALID,CORE_STRICT_COUNT,DIRECT_REPORTED_CHAIN_COMPLETE,True
92991601,2,True,True,True,True,False,1,0,True,TEMPORAL_SEQUENCE_VALID,CORE_STRICT_COUNT,MIXED_DIRECT_RBW_UNTIMED,False
92992311,7,True,True,True,True,False,6,0,True,TEMPORAL_SEQUENCE_VALID,CORE_STRICT_COUNT,DIRECT_REPORTED_CHAIN_COMPLETE,True
92992312,1,True,True,True,True,False,0,0,True,TEMPORAL_SEQUENCE_VALID,CORE_STRICT_COUNT,DIRECT_REPORTED_CHAIN_COMPLETE,True
92992313,4,True,True,True,True,False,3,0,True,TEMPORAL_SEQUENCE_VALID,CORE_STRICT_COUNT,DIRECT_REPORTED_CHAIN_COMPLETE,True
92992314,3,True,True,True,True,False,2,0,True,TEMPORAL_SEQUENCE_VALID,CORE_STRICT_COUNT,DIRECT_REPORTED_CHAIN_COMPLETE,True
92994551,4,True,True,True,True,False,3,0,True,TEMPORAL_SEQUENCE_VALID,CORE_STRICT_COUNT,DIRECT_REPORTED_CHAIN_COMPLETE,True
92996551,2,True,True,True,True,False,1,0,True,TEMPORAL_SEQUENCE_VALID,CORE_STRICT_COUNT,DIRECT_REPORTED_CHAIN_COMPLETE,True
92996552,3,True,True,True,True,False,2,0,True,TEMPORAL_SEQUENCE_VALID,CORE_STRICT_COUNT,DIRECT_REPORTED_CHAIN_COMPLETE,True
92997751,7,True,True,True,True,False,6,0,True,TEMPORAL_SEQUENCE_VALID,CORE_STRICT_COUNT,MIXED_DIRECT_RBW_UNTIMED,False
92997752,2,True,True,True,True,False,1,0,True,TEMPORAL_SEQUENCE_VALID,CORE_STRICT_COUNT,DIRECT_REPORTED_CHAIN_COMPLETE,True
92999851,3,True,True,True,True,False,2,0,True,TEMPORAL_SEQUENCE_VALID,CORE_STRICT_COUNT,DIRECT_REPORTED_CHAIN_COMPLETE,True
93000701,2,True,True,True,True,False,1,0,True,TEMPORAL_SEQUENCE_VALID,CORE_STRICT_COUNT,DIRECT_REPORTED_CHAIN_COMPLETE,True
93000702,2,True,True,True,True,False,1,0,True,TEMPORAL_SEQUENCE_VALID,CORE_STRICT_COUNT,DIRECT_REPORTED_CHAIN_COMPLETE,True
93000703,2,True,True,True,True,False,1,0,True,TEMPORAL_SEQUENCE_VALID,CORE_STRICT_COUNT,DIRECT_REPORTED_CHAIN_COMPLETE,True
93002661,1,True,True,True,True,False,0,0,True,TEMPORAL_SEQUENCE_VALID,CORE_STRICT_COUNT,DIRECT_REPORTED_CHAIN_COMPLETE,True
93003931,2,True,True,True,True,False,1,0,True,TEMPORAL_SEQUENCE_VALID,CORE_STRICT_COUNT,DIRECT_REPORTED_CHAIN_COMPLETE,True
93003932,2,True,True,True,True,False,1,0,True,TEMPORAL_SEQUENCE_VALID,CORE_STRICT_COUNT,DIRECT_REPORTED_CHAIN_COMPLETE,True
93006061,4,True,True,True,True,False,3,0,True,TEMPORAL_SEQUENCE_VALID,CORE_STRICT_COUNT,DIRECT_REPORTED_CHAIN_COMPLETE,True
93006062,2,True,True,True,True,False,1,0,True,TEMPORAL_SEQUENCE_VALID,CORE_STRICT_COUNT,DIRECT_REPORTED_CHAIN_COMPLETE,True
93006541,5,True,True,True,True,False,4,0,True,TEMPORAL_SEQUENCE_VALID,CORE_STRICT_COUNT,MIXED_DIRECT_RBW_UNTIMED,False
93008311,2,True,True,True,True,False,1,0,True,TEMPORAL_SEQUENCE_VALID,CORE_STRICT_COUNT,DIRECT_REPORTED_CHAIN_COMPLETE,True
93008312,2,True,True,True,True,False,1,0,True,TEMPORAL_SEQUENCE_VALID,CORE_STRICT_COUNT,DIRECT_REPORTED_CHAIN_COMPLETE,True
93009011,3,True,True,True,True,False,2,0,True,TEMPORAL_SEQUENCE_VALID,CORE_STRICT_COUNT,DIRECT_REPORTED_CHAIN_COMPLETE,True
93009171,6,True,True,True,True,False,5,0,True,TEMPORAL_SEQUENCE_VALID,CORE_STRICT_COUNT,DIRECT_REPORTED_CHAIN_COMPLETE,True
93009172,3,True,True,True,True,False,2,0,True,TEMPORAL_SEQUENCE_VALID,CORE_STRICT_COUNT,DIRECT_REPORTED_CHAIN_COMPLETE,True
93009211,2,True,True,True,True,False,1,0,True,TEMPORAL_SEQUENCE_VALID,CORE_STRICT_COUNT,DIRECT_REPORTED_CHAIN_COMPLETE,True
93009851,3,True,True,True,True,False,2,0,True,TEMPORAL_SEQUENCE_VALID,CORE_STRICT_COUNT,DIRECT_REPORTED_CHAIN_COMPLETE,True
93010141,3,True,True,True,True,False,2,0,True,TEMPORAL_SEQUENCE_VALID,CORE_STRICT_COUNT,DIRECT_REPORTED_CHAIN_COMPLETE,True
93010231,4,True,True,True,True,False,3,0,True,TEMPORAL_SEQUENCE_VALID,CORE_STRICT_COUNT,DIRECT_REPORTED_CHAIN_COMPLETE,True
93010361,6,True,True,True,True,False,5,0,True,TEMPORAL_SEQUENCE_VALID,CORE_STRICT_COUNT,DIRECT_REPORTED_CHAIN_COMPLETE,True
93010362,5,True,True,True,True,False,4,0,True,TEMPORAL_SEQUENCE_VALID,CORE_STRICT_COUNT,DIRECT_REPORTED_CHAIN_COMPLETE,True
93010391,4,True,True,True,True,False,3,0,True,TEMPORAL_SEQUENCE_VALID,CORE_STRICT_COUNT,DIRECT_REPORTED_CHAIN_COMPLETE,True
93011211,4,True,True,True,True,False,3,0,True,TEMPORAL_SEQUENCE_VALID,CORE_STRICT_COUNT,DIRECT_REPORTED_CHAIN_COMPLETE,True
93011212,3,True,True,True,True,False,2,0,True,TEMPORAL_SEQUENCE_VALID,CORE_STRICT_COUNT,DIRECT_REPORTED_CHAIN_COMPLETE,True
93012191,3,True,True,True,True,False,2,0,True,TEMPORAL_SEQUENCE_VALID,CORE_STRICT_COUNT,DIRECT_REPORTED_CHAIN_COMPLETE,True
93014251,2,True,True,True,True,False,1,0,True,TEMPORAL_SEQUENCE_VALID,CORE_STRICT_COUNT,DIRECT_REPORTED_CHAIN_COMPLETE,True
93014252,2,True,True,True,True,False,1,0,True,TEMPORAL_SEQUENCE_VALID,CORE_STRICT_COUNT,DIRECT_REPORTED_CHAIN_COMPLETE,True
93014253,2,True,True,True,True,False,1,0,True,TEMPORAL_SEQUENCE_VALID,CORE_STRICT_COUNT,DIRECT_REPORTED_CHAIN_COMPLETE,True
93014451,3,False,False,True,True,False,2,0,False,TIME_COMPONENT_MISSING,CORE_STRICT_COUNT,DIRECT_REPORTED_CHAIN_COMPLETE,False
93014461,5,True,True,True,True,False,4,0,True,TEMPORAL_SEQUENCE_VALID,CORE_STRICT_COUNT,DIRECT_REPORTED_CHAIN_COMPLETE,True
93014462,5,True,True,True,True,False,4,0,True,TEMPORAL_SEQUENCE_VALID,CORE_STRICT_COUNT,DIRECT_REPORTED_CHAIN_COMPLETE,True
93014463,3,True,True,True,True,False,2,0,True,TEMPORAL_SEQUENCE_VALID,CORE_STRICT_COUNT,DIRECT_REPORTED_CHAIN_COMPLETE,True
93014464,3,True,True,True,True,False,2,0,True,TEMPORAL_SEQUENCE_VALID,CORE_STRICT_COUNT,DIRECT_REPORTED_CHAIN_COMPLETE,True
93014721,5,True,True,True,True,False,4,0,True,TEMPORAL_SEQUENCE_VALID,CORE_STRICT_COUNT,DIRECT_REPORTED_CHAIN_COMPLETE,True
93015531,4,True,True,True,True,False,3,0,True,TEMPORAL_SEQUENCE_VALID,CORE_STRICT_COUNT,DIRECT_REPORTED_CHAIN_COMPLETE,True
93018811,1,True,True,True,True,False,0,0,True,TEMPORAL_SEQUENCE_VALID,CORE_STRICT_COUNT,DIRECT_REPORTED_CHAIN_COMPLETE,True
93018812,3,True,True,True,True,False,2,0,True,TEMPORAL_SEQUENCE_VALID,CORE_STRICT_COUNT,DIRECT_REPORTED_CHAIN_COMPLETE,True
93020351,2,True,True,True,True,False,1,0,True,TEMPORAL_SEQUENCE_VALID,CORE_STRICT_COUNT,DIRECT_REPORTED_CHAIN_COMPLETE,True
93020821,1,True,True,True,True,False,0,0,True,TEMPORAL_SEQUENCE_VALID,CORE_STRICT_COUNT,DIRECT_REPORTED_CHAIN_COMPLETE,True
93021161,5,True,True,True,True,False,4,0,True,TEMPORAL_SEQUENCE_VALID,CORE_STRICT_COUNT,DIRECT_REPORTED_CHAIN_COMPLETE,True
93021162,9,True,True,True,True,False,8,0,True,TEMPORAL_SEQUENCE_VALID,CORE_STRICT_COUNT,DIRECT_REPORTED_CHAIN_COMPLETE,True
93021811,3,True,True,True,True,False,2,0,True,TEMPORAL_SEQUENCE_VALID,CORE_STRICT_COUNT,DIRECT_REPORTED_CHAIN_COMPLETE,True
93021812,3,True,True,True,True,False,2,0,True,TEMPORAL_SEQUENCE_VALID,CORE_STRICT_COUNT,DIRECT_REPORTED_CHAIN_COMPLETE,True
93021813,3,True,True,True,True,False,2,0,True,TEMPORAL_SEQUENCE_VALID,CORE_STRICT_COUNT,DIRECT_REPORTED_CHAIN_COMPLETE,True
93021814,3,True,True,True,True,False,2,0,True,TEMPORAL_SEQUENCE_VALID,CORE_STRICT_COUNT,DIRECT_REPORTED_CHAIN_COMPLETE,True
93021981,2,True,True,True,True,False,1,0,True,TEMPORAL_SEQUENCE_VALID,CORE_STRICT_COUNT,DIRECT_REPORTED_CHAIN_COMPLETE,True
93021982,2,True,True,True,True,False,1,0,True,TEMPORAL_SEQUENCE_VALID,CORE_STRICT_COUNT,DIRECT_REPORTED_CHAIN_COMPLETE,True
93022161,3,True,True,True,True,False,2,0,True,TEMPORAL_SEQUENCE_VALID,CORE_STRICT_COUNT,DIRECT_REPORTED_CHAIN_COMPLETE,True
93022521,4,True,True,True,True,False,3,0,True,TEMPORAL_SEQUENCE_VALID,CORE_STRICT_COUNT,DIRECT_REPORTED_CHAIN_COMPLETE,True
93023241,2,True,True,True,True,False,1,0,True,TEMPORAL_SEQUENCE_VALID,CORE_STRICT_COUNT,DIRECT_REPORTED_CHAIN_COMPLETE,True
93023242,2,True,True,True,True,False,1,0,True,TEMPORAL_SEQUENCE_VALID,CORE_STRICT_COUNT,DIRECT_REPORTED_CHAIN_COMPLETE,True
93024331,6,True,True,True,True,False,5,0,True,TEMPORAL_SEQUENCE_VALID,CORE_STRICT_COUNT,DIRECT_REPORTED_CHAIN_COMPLETE,True
93024333,4,True,True,True,True,False,3,0,True,TEMPORAL_SEQUENCE_VALID,CORE_STRICT_COUNT,DIRECT_REPORTED_CHAIN_COMPLETE,True
93024334,2,True,True,True,True,False,1,0,True,TEMPORAL_SEQUENCE_VALID,CORE_STRICT_COUNT,DIRECT_REPORTED_CHAIN_COMPLETE,True
93025984,2,True,True,True,True,False,1,0,True,TEMPORAL_SEQUENCE_VALID,CORE_STRICT_COUNT,DIRECT_REPORTED_CHAIN_COMPLETE,True
93026151,5,True,True,True,True,False,4,0,True,TEMPORAL_SEQUENCE_VALID,CORE_STRICT_COUNT,DIRECT_REPORTED_CHAIN_COMPLETE,True
93027112,2,True,True,True,True,False,1,0,True,TEMPORAL_SEQUENCE_VALID,CORE_STRICT_COUNT,DIRECT_REPORTED_CHAIN_COMPLETE,True
93028101,3,True,True,True,True,False,2,0,True,TEMPORAL_SEQUENCE_VALID,CORE_STRICT_COUNT,DIRECT_REPORTED_CHAIN_COMPLETE,True
93028102,2,False,False,True,True,False,1,0,False,TIME_COMPONENT_MISSING,CORE_STRICT_COUNT,DIRECT_REPORTED_CHAIN_COMPLETE,False
93028341,4,True,True,True,True,False,3,0,True,TEMPORAL_SEQUENCE_VALID,CORE_STRICT_COUNT,DIRECT_REPORTED_CHAIN_COMPLETE,True
93028342,2,True,True,True,True,False,1,0,True,TEMPORAL_SEQUENCE_VALID,CORE_STRICT_COUNT,DIRECT_REPORTED_CHAIN_COMPLETE,True
93028343,3,True,True,True,True,False,2,0,True,TEMPORAL_SEQUENCE_VALID,CORE_STRICT_COUNT,DIRECT_REPORTED_CHAIN_COMPLETE,True
93028344,2,True,True,True,True,False,1,0,True,TEMPORAL_SEQUENCE_VALID,CORE_STRICT_COUNT,DIRECT_REPORTED_CHAIN_COMPLETE,True
93028561,10,True,True,True,True,False,9,0,True,TEMPORAL_SEQUENCE_VALID,ANALYTIC_WITH_COMPONENT_WARNING,DIRECT_ROWS_RBW_COUNT_UNKNOWN,False
93029151,3,True,True,True,True,False,2,0,True,TEMPORAL_SEQUENCE_VALID,CORE_STRICT_COUNT,DIRECT_REPORTED_CHAIN_COMPLETE,True
93029231,4,True,True,True,True,False,3,0,True,TEMPORAL_SEQUENCE_VALID,CORE_STRICT_COUNT,DIRECT_REPORTED_CHAIN_COMPLETE,True
93030141,8,True,True,True,True,False,7,0,True,TEMPORAL_SEQUENCE_VALID,ANALYTIC_WITH_COMPONENT_WARNING,DIRECT_ROWS_RBW_COUNT_UNKNOWN,False
93030142,6,True,True,True,True,False,5,0,True,TEMPORAL_SEQUENCE_VALID,CORE_STRICT_COUNT,DIRECT_REPORTED_CHAIN_COMPLETE,True
93030143,3,True,True,True,True,False,2,0,True,TEMPORAL_SEQUENCE_VALID,CORE_STRICT_COUNT,DIRECT_REPORTED_CHAIN_COMPLETE,True
93030144,3,True,True,True,True,False,2,0,True,TEMPORAL_SEQUENCE_VALID,CORE_STRICT_COUNT,DIRECT_REPORTED_CHAIN_COMPLETE,True
93030151,12,True,True,True,True,False,11,0,True,TEMPORAL_SEQUENCE_VALID,CORE_STRICT_COUNT,MIXED_DIRECT_RBW_UNTIMED,False
93030152,4,True,True,True,True,False,3,0,True,TEMPORAL_SEQUENCE_VALID,CORE_STRICT_COUNT,DIRECT_REPORTED_CHAIN_COMPLETE,True
93030153,2,True,True,True,True,False,1,0,True,TEMPORAL_SEQUENCE_VALID,CORE_STRICT_COUNT,DIRECT_REPORTED_CHAIN_COMPLETE,True
93030154,2,True,True,True,True,False,1,0,True,TEMPORAL_SEQUENCE_VALID,CORE_STRICT_COUNT,DIRECT_REPORTED_CHAIN_COMPLETE,True
93030291,4,True,True,True,True,False,3,0,True,TEMPORAL_SEQUENCE_VALID,CORE_STRICT_COUNT,DIRECT_REPORTED_CHAIN_COMPLETE,True
93030751,8,True,True,True,True,False,7,0,True,TEMPORAL_SEQUENCE_VALID,CORE_STRICT_COUNT,DIRECT_REPORTED_CHAIN_COMPLETE,True
93030752,4,True,True,True,True,False,3,0,True,TEMPORAL_SEQUENCE_VALID,CORE_STRICT_COUNT,DIRECT_REPORTED_CHAIN_COMPLETE,True
93030821,4,True,True,True,True,False,3,0,True,TEMPORAL_SEQUENCE_VALID,CORE_STRICT_COUNT,DIRECT_REPORTED_CHAIN_COMPLETE,True
93033231,5,True,True,True,True,False,4,0,True,TEMPORAL_SEQUENCE_VALID,CORE_STRICT_COUNT,DIRECT_REPORTED_CHAIN_COMPLETE,True
93033271,7,True,True,True,True,False,6,0,True,TEMPORAL_SEQUENCE_VALID,CORE_STRICT_COUNT,DIRECT_REPORTED_CHAIN_COMPLETE,True
93033831,3,True,True,True,True,False,2,0,True,TEMPORAL_SEQUENCE_VALID,CORE_STRICT_COUNT,DIRECT_REPORTED_CHAIN_COMPLETE,True
93033941,2,True,True,True,True,False,1,0,True,TEMPORAL_SEQUENCE_VALID,CORE_STRICT_COUNT,DIRECT_REPORTED_CHAIN_COMPLETE,True
93033942,2,True,True,True,True,False,1,0,True,TEMPORAL_SEQUENCE_VALID,CORE_STRICT_COUNT,DIRECT_REPORTED_CHAIN_COMPLETE,True
93033943,2,True,True,True,True,False,1,0,True,TEMPORAL_SEQUENCE_VALID,CORE_STRICT_COUNT,DIRECT_REPORTED_CHAIN_COMPLETE,True
93033951,2,True,True,True,True,False,1,0,True,TEMPORAL_SEQUENCE_VALID,CORE_STRICT_COUNT,DIRECT_REPORTED_CHAIN_COMPLETE,True
93035591,5,True,True,True,True,False,4,0,True,TEMPORAL_SEQUENCE_VALID,CORE_STRICT_COUNT,MIXED_DIRECT_RBW_UNTIMED,False
93038751,2,True,True,True,True,False,1,0,True,TEMPORAL_SEQUENCE_VALID,CORE_STRICT_COUNT,DIRECT_REPORTED_CHAIN_COMPLETE,True
93038752,2,True,True,True,True,False,1,0,True,TEMPORAL_SEQUENCE_VALID,CORE_STRICT_COUNT,DIRECT_REPORTED_CHAIN_COMPLETE,True
93041311,3,True,True,True,True,False,2,0,True,TEMPORAL_SEQUENCE_VALID,CORE_STRICT_COUNT,DIRECT_REPORTED_CHAIN_COMPLETE,True
93042232,2,True,True,True,True,False,1,0,True,TEMPORAL_SEQUENCE_VALID,CORE_STRICT_COUNT,DIRECT_REPORTED_CHAIN_COMPLETE,True
93042551,2,True,True,True,True,False,1,0,True,TEMPORAL_SEQUENCE_VALID,CORE_STRICT_COUNT,DIRECT_REPORTED_CHAIN_COMPLETE,True
93042571,5,True,True,True,True,False,4,0,True,TEMPORAL_SEQUENCE_VALID,CORE_STRICT_COUNT,DIRECT_REPORTED_CHAIN_COMPLETE,True
93045811,5,True,True,True,True,False,4,0,True,TEMPORAL_SEQUENCE_VALID,CORE_STRICT_COUNT,DIRECT_REPORTED_CHAIN_COMPLETE,True
93045812,3,True,True,True,True,False,2,0,True,TEMPORAL_SEQUENCE_VALID,CORE_STRICT_COUNT,DIRECT_REPORTED_CHAIN_COMPLETE,True
93047141,3,True,True,True,True,False,2,0,True,TEMPORAL_SEQUENCE_VALID,CORE_STRICT_COUNT,DIRECT_REPORTED_CHAIN_COMPLETE,True
93047142,3,True,True,True,True,False,2,0,True,TEMPORAL_SEQUENCE_VALID,CORE_STRICT_COUNT,DIRECT_REPORTED_CHAIN_COMPLETE,True
93047581,2,True,True,True,True,False,1,0,True,TEMPORAL_SEQUENCE_VALID,CORE_STRICT_COUNT,DIRECT_REPORTED_CHAIN_COMPLETE,True
93049781,2,True,True,True,True,False,1,0,True,TEMPORAL_SEQUENCE_VALID,CORE_STRICT_COUNT,DIRECT_REPORTED_CHAIN_COMPLETE,True
93049782,2,True,True,True,True,False,1,0,True,TEMPORAL_SEQUENCE_VALID,CORE_STRICT_COUNT,DIRECT_REPORTED_CHAIN_COMPLETE,True
93052091,3,True,True,True,True,False,2,0,True,TEMPORAL_SEQUENCE_VALID,CORE_STRICT_COUNT,DIRECT_REPORTED_CHAIN_COMPLETE,True
93052092,3,True,True,True,True,False,2,0,True,TEMPORAL_SEQUENCE_VALID,CORE_STRICT_COUNT,DIRECT_REPORTED_CHAIN_COMPLETE,True
93052531,2,True,True,True,True,False,1,0,True,TEMPORAL_SEQUENCE_VALID,CORE_STRICT_COUNT,DIRECT_REPORTED_CHAIN_COMPLETE,True
93053461,4,True,True,True,True,False,3,0,True,TEMPORAL_SEQUENCE_VALID,CORE_STRICT_COUNT,DIRECT_REPORTED_CHAIN_COMPLETE,True
93053462,2,True,True,True,True,False,1,0,True,TEMPORAL_SEQUENCE_VALID,CORE_STRICT_COUNT,DIRECT_REPORTED_CHAIN_COMPLETE,True
93053463,3,True,True,True,True,False,2,0,True,TEMPORAL_SEQUENCE_VALID,CORE_STRICT_COUNT,DIRECT_REPORTED_CHAIN_COMPLETE,True
93053464,4,True,True,True,True,False,3,0,True,TEMPORAL_SEQUENCE_VALID,CORE_STRICT_COUNT,DIRECT_REPORTED_CHAIN_COMPLETE,True
93053931,4,True,True,True,True,False,3,0,True,TEMPORAL_SEQUENCE_VALID,CORE_STRICT_COUNT,DIRECT_REPORTED_CHAIN_COMPLETE,True
93053932,2,True,True,True,True,False,1,0,True,TEMPORAL_SEQUENCE_VALID,CORE_STRICT_COUNT,DIRECT_REPORTED_CHAIN_COMPLETE,True
93054662,3,True,True,True,True,False,2,0,True,TEMPORAL_SEQUENCE_VALID,CORE_STRICT_COUNT,DIRECT_REPORTED_CHAIN_COMPLETE,True
93057271,3,True,True,True,True,False,2,0,True,TEMPORAL_SEQUENCE_VALID,CORE_STRICT_COUNT,DIRECT_REPORTED_CHAIN_COMPLETE,True
93057272,3,True,True,True,True,False,2,0,True,TEMPORAL_SEQUENCE_VALID,CORE_STRICT_COUNT,DIRECT_REPORTED_CHAIN_COMPLETE,True
93057273,2,True,True,True,True,False,1,0,True,TEMPORAL_SEQUENCE_VALID,CORE_STRICT_COUNT,DIRECT_REPORTED_CHAIN_COMPLETE,True
93057331,4,True,True,True,True,False,3,0,True,TEMPORAL_SEQUENCE_VALID,CORE_STRICT_COUNT,DIRECT_REPORTED_CHAIN_COMPLETE,True
93057332,4,True,True,True,True,False,3,0,True,TEMPORAL_SEQUENCE_VALID,CORE_STRICT_COUNT,DIRECT_REPORTED_CHAIN_COMPLETE,True
93058871,6,True,True,True,True,False,5,0,True,TEMPORAL_SEQUENCE_VALID,CORE_STRICT_COUNT,DIRECT_REPORTED_CHAIN_COMPLETE,True
93058872,6,True,True,True,True,False,5,0,True,TEMPORAL_SEQUENCE_VALID,CORE_STRICT_COUNT,DIRECT_REPORTED_CHAIN_COMPLETE,True
93059761,1,True,True,True,True,False,0,0,True,TEMPORAL_SEQUENCE_VALID,CORE_STRICT_COUNT,DIRECT_REPORTED_CHAIN_COMPLETE,True
93059762,2,True,True,True,True,False,1,0,True,TEMPORAL_SEQUENCE_VALID,CORE_STRICT_COUNT,DIRECT_REPORTED_CHAIN_COMPLETE,True
93060391,3,True,True,True,True,False,2,0,True,TEMPORAL_SEQUENCE_VALID,CORE_STRICT_COUNT,DIRECT_REPORTED_CHAIN_COMPLETE,True
93061311,4,True,True,True,True,False,3,0,True,TEMPORAL_SEQUENCE_VALID,CORE_STRICT_COUNT,DIRECT_REPORTED_CHAIN_COMPLETE,True
93062211,5,True,True,True,True,False,4,0,True,TEMPORAL_SEQUENCE_VALID,CORE_STRICT_COUNT,DIRECT_REPORTED_CHAIN_COMPLETE,True
93062601,9,True,True,True,True,False,8,0,True,TEMPORAL_SEQUENCE_VALID,CORE_STRICT_COUNT,DIRECT_REPORTED_CHAIN_COMPLETE,True
93062602,5,True,True,True,True,False,4,0,True,TEMPORAL_SEQUENCE_VALID,CORE_STRICT_COUNT,DIRECT_REPORTED_CHAIN_COMPLETE,True
93063791,2,True,True,True,True,False,1,0,True,TEMPORAL_SEQUENCE_VALID,CORE_STRICT_COUNT,DIRECT_REPORTED_CHAIN_COMPLETE,True
93063792,2,True,True,True,True,False,1,0,True,TEMPORAL_SEQUENCE_VALID,CORE_STRICT_COUNT,DIRECT_REPORTED_CHAIN_COMPLETE,True
93063793,2,True,True,True,True,False,1,0,True,TEMPORAL_SEQUENCE_VALID,CORE_STRICT_COUNT,DIRECT_REPORTED_CHAIN_COMPLETE,True
93064101,4,True,True,True,True,False,3,0,True,TEMPORAL_SEQUENCE_VALID,CORE_STRICT_COUNT,DIRECT_REPORTED_CHAIN_COMPLETE,True
93064701,3,True,True,True,True,False,2,0,True,TEMPORAL_SEQUENCE_VALID,CORE_STRICT_COUNT,MIXED_DIRECT_RBW_UNTIMED,False
93065511,6,True,True,True,True,False,5,0,True,TEMPORAL_SEQUENCE_VALID,CORE_STRICT_COUNT,MIXED_DIRECT_RBW_UNTIMED,False
93069841,2,True,True,True,True,False,1,0,True,TEMPORAL_SEQUENCE_VALID,CORE_STRICT_COUNT,DIRECT_REPORTED_CHAIN_COMPLETE,True
93069842,2,True,True,True,True,False,1,0,True,TEMPORAL_SEQUENCE_VALID,CORE_STRICT_COUNT,DIRECT_REPORTED_CHAIN_COMPLETE,True
93069901,2,True,True,True,True,False,1,0,True,TEMPORAL_SEQUENCE_VALID,CORE_STRICT_COUNT,DIRECT_REPORTED_CHAIN_COMPLETE,True
93069921,2,True,True,True,True,False,1,0,True,TEMPORAL_SEQUENCE_VALID,CORE_STRICT_COUNT,DIRECT_REPORTED_CHAIN_COMPLETE,True
93069922,4,True,True,True,True,False,3,0,True,TEMPORAL_SEQUENCE_VALID,CORE_STRICT_COUNT,MIXED_DIRECT_RBW_UNTIMED,False
93070351,2,True,True,True,True,False,1,0,True,TEMPORAL_SEQUENCE_VALID,CORE_STRICT_COUNT,DIRECT_REPORTED_CHAIN_COMPLETE,True
93070352,2,False,False,True,True,False,0,0,False,TIME_COMPONENT_MISSING,CORE_STRICT_COUNT,DIRECT_REPORTED_CHAIN_COMPLETE,False
93070391,2,True,True,True,True,False,1,0,True,TEMPORAL_SEQUENCE_VALID,CORE_STRICT_COUNT,DIRECT_REPORTED_CHAIN_COMPLETE,True
93070392,1,True,True,True,True,False,0,0,True,TEMPORAL_SEQUENCE_VALID,CORE_STRICT_COUNT,DIRECT_REPORTED_CHAIN_COMPLETE,True
93070681,3,True,True,True,True,False,2,0,True,TEMPORAL_SEQUENCE_VALID,CORE_STRICT_COUNT,DIRECT_REPORTED_CHAIN_COMPLETE,True
93070682,3,True,True,True,True,False,2,0,True,TEMPORAL_SEQUENCE_VALID,CORE_STRICT_COUNT,DIRECT_REPORTED_CHAIN_COMPLETE,True
93072301,3,True,True,True,True,False,2,0,True,TEMPORAL_SEQUENCE_VALID,CORE_STRICT_COUNT,DIRECT_REPORTED_CHAIN_COMPLETE,True
93072302,8,True,True,True,True,False,7,0,True,TEMPORAL_SEQUENCE_VALID,CORE_STRICT_COUNT,DIRECT_REPORTED_CHAIN_COMPLETE,True
93072303,5,True,True,True,True,False,4,0,True,TEMPORAL_SEQUENCE_VALID,CORE_STRICT_COUNT,DIRECT_REPORTED_CHAIN_COMPLETE,True
93072304,2,True,True,True,True,False,1,0,True,TEMPORAL_SEQUENCE_VALID,CORE_STRICT_COUNT,DIRECT_REPORTED_CHAIN_COMPLETE,True
93072351,6,True,True,True,True,False,5,0,True,TEMPORAL_SEQUENCE_VALID,CORE_STRICT_COUNT,DIRECT_REPORTED_CHAIN_COMPLETE,True
93072401,1,True,True,True,True,False,0,0,True,TEMPORAL_SEQUENCE_VALID,CORE_STRICT_COUNT,DIRECT_REPORTED_CHAIN_COMPLETE,True
93073561,5,True,True,True,True,False,4,0,True,TEMPORAL_SEQUENCE_VALID,CORE_STRICT_COUNT,DIRECT_REPORTED_CHAIN_COMPLETE,True
93073562,3,True,True,True,True,False,2,0,True,TEMPORAL_SEQUENCE_VALID,CORE_STRICT_COUNT,DIRECT_REPORTED_CHAIN_COMPLETE,True
93074292,1,True,True,True,True,False,0,0,True,TEMPORAL_SEQUENCE_VALID,CORE_STRICT_COUNT,DIRECT_REPORTED_CHAIN_COMPLETE,True
93076921,2,True,True,True,True,False,1,0,True,TEMPORAL_SEQUENCE_VALID,CORE_STRICT_COUNT,DIRECT_REPORTED_CHAIN_COMPLETE,True
93076922,4,True,True,True,True,False,3,0,True,TEMPORAL_SEQUENCE_VALID,CORE_STRICT_COUNT,DIRECT_REPORTED_CHAIN_COMPLETE,True
93076923,2,True,True,True,True,False,1,0,True,TEMPORAL_SEQUENCE_VALID,CORE_STRICT_COUNT,DIRECT_REPORTED_CHAIN_COMPLETE,True
93076924,3,True,True,True,True,False,2,0,True,TEMPORAL_SEQUENCE_VALID,CORE_STRICT_COUNT,DIRECT_REPORTED_CHAIN_COMPLETE,True
93077061,2,True,True,True,True,False,1,0,True,TEMPORAL_SEQUENCE_VALID,CORE_STRICT_COUNT,DIRECT_REPORTED_CHAIN_COMPLETE,True
93077181,4,True,True,True,True,False,3,0,True,TEMPORAL_SEQUENCE_VALID,CORE_STRICT_COUNT,DIRECT_REPORTED_CHAIN_COMPLETE,True
93077182,2,True,True,True,True,False,1,0,True,TEMPORAL_SEQUENCE_VALID,CORE_STRICT_COUNT,DIRECT_REPORTED_CHAIN_COMPLETE,True
93077461,10,True,True,True,True,False,9,0,True,TEMPORAL_SEQUENCE_VALID,CORE_STRICT_COUNT,DIRECT_REPORTED_CHAIN_COMPLETE,True
93077462,3,True,True,True,True,False,2,0,True,TEMPORAL_SEQUENCE_VALID,CORE_STRICT_COUNT,DIRECT_REPORTED_CHAIN_COMPLETE,True
93079241,4,True,True,True,True,False,3,0,True,TEMPORAL_SEQUENCE_VALID,CORE_STRICT_COUNT,DIRECT_REPORTED_CHAIN_COMPLETE,True
93079242,4,True,True,True,True,False,3,0,True,TEMPORAL_SEQUENCE_VALID,CORE_STRICT_COUNT,DIRECT_REPORTED_CHAIN_COMPLETE,True
93079243,3,True,True,True,True,False,2,0,True,TEMPORAL_SEQUENCE_VALID,CORE_STRICT_COUNT,DIRECT_REPORTED_CHAIN_COMPLETE,True
93079244,2,True,True,True,True,False,1,0,True,TEMPORAL_SEQUENCE_VALID,CORE_STRICT_COUNT,DIRECT_REPORTED_CHAIN_COMPLETE,True
93079361,6,True,True,True,True,False,5,0,True,TEMPORAL_SEQUENCE_VALID,CORE_STRICT_COUNT,DIRECT_REPORTED_CHAIN_COMPLETE,True
93079362,3,True,True,True,True,False,2,0,True,TEMPORAL_SEQUENCE_VALID,CORE_STRICT_COUNT,DIRECT_REPORTED_CHAIN_COMPLETE,True
93079363,2,True,True,True,True,False,1,0,True,TEMPORAL_SEQUENCE_VALID,CORE_STRICT_COUNT,DIRECT_REPORTED_CHAIN_COMPLETE,True
93080411,3,True,True,True,True,False,2,0,True,TEMPORAL_SEQUENCE_VALID,CORE_STRICT_COUNT,DIRECT_REPORTED_CHAIN_COMPLETE,True
93080412,5,True,True,True,True,False,4,0,True,TEMPORAL_SEQUENCE_VALID,CORE_STRICT_COUNT,DIRECT_REPORTED_CHAIN_COMPLETE,True
93080413,5,True,True,True,True,False,4,0,True,TEMPORAL_SEQUENCE_VALID,CORE_STRICT_COUNT,DIRECT_REPORTED_CHAIN_COMPLETE,True
93080414,5,True,True,True,True,False,4,0,True,TEMPORAL_SEQUENCE_VALID,CORE_STRICT_COUNT,DIRECT_REPORTED_CHAIN_COMPLETE,True
93082241,3,True,True,True,True,False,2,0,True,TEMPORAL_SEQUENCE_VALID,CORE_STRICT_COUNT,DIRECT_REPORTED_CHAIN_COMPLETE,True
93082531,4,True,True,True,True,False,3,0,True,TEMPORAL_SEQUENCE_VALID,CORE_STRICT_COUNT,DIRECT_REPORTED_CHAIN_COMPLETE,True
93083121,2,True,True,True,True,False,1,0,True,TEMPORAL_SEQUENCE_VALID,CORE_STRICT_COUNT,MIXED_DIRECT_RBW_UNTIMED,False
93083122,2,True,True,True,True,False,1,0,True,TEMPORAL_SEQUENCE_VALID,CORE_STRICT_COUNT,DIRECT_REPORTED_CHAIN_COMPLETE,True
93083321,1,True,True,True,True,False,0,0,True,TEMPORAL_SEQUENCE_VALID,ANALYTIC_WITH_COMPONENT_WARNING,DIRECT_ROWS_RBW_COUNT_UNKNOWN,False
93083322,2,True,True,True,True,False,1,0,True,TEMPORAL_SEQUENCE_VALID,CORE_STRICT_COUNT,MIXED_DIRECT_RBW_UNTIMED,False
93083361,7,True,True,True,True,False,6,0,True,TEMPORAL_SEQUENCE_VALID,CORE_STRICT_COUNT,DIRECT_REPORTED_CHAIN_COMPLETE,True
93083521,2,True,True,True,True,False,1,0,True,TEMPORAL_SEQUENCE_VALID,CORE_STRICT_COUNT,DIRECT_REPORTED_CHAIN_COMPLETE,True
93083522,2,True,True,True,True,False,1,0,True,TEMPORAL_SEQUENCE_VALID,CORE_STRICT_COUNT,DIRECT_REPORTED_CHAIN_COMPLETE,True
93083523,3,True,True,True,True,False,2,0,True,TEMPORAL_SEQUENCE_VALID,CORE_STRICT_COUNT,DIRECT_REPORTED_CHAIN_COMPLETE,True
93083921,4,True,True,True,True,False,3,0,True,TEMPORAL_SEQUENCE_VALID,CORE_STRICT_COUNT,DIRECT_REPORTED_CHAIN_COMPLETE,True
93083922,4,True,True,True,True,False,3,0,True,TEMPORAL_SEQUENCE_VALID,CORE_STRICT_COUNT,DIRECT_REPORTED_CHAIN_COMPLETE,True
93084891,5,True,True,True,True,False,4,0,True,TEMPORAL_SEQUENCE_VALID,CORE_STRICT_COUNT,DIRECT_REPORTED_CHAIN_COMPLETE,True
93086361,4,True,True,True,True,False,3,0,True,TEMPORAL_SEQUENCE_VALID,CORE_STRICT_COUNT,DIRECT_REPORTED_CHAIN_COMPLETE,True
93086362,6,True,True,True,True,False,5,0,True,TEMPORAL_SEQUENCE_VALID,CORE_STRICT_COUNT,DIRECT_REPORTED_CHAIN_COMPLETE,True
93086441,2,True,True,True,True,False,1,0,True,TEMPORAL_SEQUENCE_VALID,CORE_STRICT_COUNT,DIRECT_REPORTED_CHAIN_COMPLETE,True
93086442,4,True,True,True,True,False,3,0,True,TEMPORAL_SEQUENCE_VALID,CORE_STRICT_COUNT,DIRECT_REPORTED_CHAIN_COMPLETE,True
93087881,3,True,True,True,True,False,2,0,True,TEMPORAL_SEQUENCE_VALID,CORE_STRICT_COUNT,DIRECT_REPORTED_CHAIN_COMPLETE,True
93089211,2,True,True,True,True,False,1,0,True,TEMPORAL_SEQUENCE_VALID,CORE_STRICT_COUNT,DIRECT_REPORTED_CHAIN_COMPLETE,True
93089501,4,True,True,True,True,False,3,0,True,TEMPORAL_SEQUENCE_VALID,CORE_STRICT_COUNT,DIRECT_REPORTED_CHAIN_COMPLETE,True
93089502,6,True,True,True,True,False,5,0,True,TEMPORAL_SEQUENCE_VALID,CORE_STRICT_COUNT,DIRECT_REPORTED_CHAIN_COMPLETE,True
93089503,6,True,True,True,True,False,5,0,True,TEMPORAL_SEQUENCE_VALID,CORE_STRICT_COUNT,DIRECT_REPORTED_CHAIN_COMPLETE,True
93089504,4,True,True,True,True,False,3,0,True,TEMPORAL_SEQUENCE_VALID,CORE_STRICT_COUNT,DIRECT_REPORTED_CHAIN_COMPLETE,True
93091231,2,True,True,True,True,False,1,0,True,TEMPORAL_SEQUENCE_VALID,CORE_STRICT_COUNT,DIRECT_REPORTED_CHAIN_COMPLETE,True
93091232,3,True,True,True,True,False,2,0,True,TEMPORAL_SEQUENCE_VALID,CORE_STRICT_COUNT,DIRECT_REPORTED_CHAIN_COMPLETE,True
93091301,2,True,True,True,True,False,1,0,True,TEMPORAL_SEQUENCE_VALID,CORE_STRICT_COUNT,DIRECT_REPORTED_CHAIN_COMPLETE,True
93091451,1,True,True,True,True,False,0,0,True,TEMPORAL_SEQUENCE_VALID,CORE_STRICT_COUNT,DIRECT_REPORTED_CHAIN_COMPLETE,True
93091452,1,True,True,True,True,False,0,0,True,TEMPORAL_SEQUENCE_VALID,CORE_STRICT_COUNT,DIRECT_REPORTED_CHAIN_COMPLETE,True
93092661,8,True,True,True,True,False,7,0,True,TEMPORAL_SEQUENCE_VALID,CORE_STRICT_COUNT,DIRECT_REPORTED_CHAIN_COMPLETE,True
93092662,6,True,True,True,True,False,5,0,True,TEMPORAL_SEQUENCE_VALID,CORE_STRICT_COUNT,DIRECT_REPORTED_CHAIN_COMPLETE,True
93092671,5,True,True,True,True,False,4,0,True,TEMPORAL_SEQUENCE_VALID,CORE_STRICT_COUNT,DIRECT_REPORTED_CHAIN_COMPLETE,True
93092672,7,True,True,True,True,False,6,0,True,TEMPORAL_SEQUENCE_VALID,CORE_STRICT_COUNT,DIRECT_REPORTED_CHAIN_COMPLETE,True
93092673,5,True,True,True,True,False,4,0,True,TEMPORAL_SEQUENCE_VALID,CORE_STRICT_COUNT,DIRECT_REPORTED_CHAIN_COMPLETE,True
93092891,5,True,True,True,True,False,4,0,True,TEMPORAL_SEQUENCE_VALID,CORE_STRICT_COUNT,MIXED_DIRECT_RBW_UNTIMED,False
93093711,6,True,True,True,True,False,5,0,True,TEMPORAL_SEQUENCE_VALID,CORE_STRICT_COUNT,DIRECT_REPORTED_CHAIN_COMPLETE,True
93093881,7,True,True,True,True,False,6,0,True,TEMPORAL_SEQUENCE_VALID,CORE_STRICT_COUNT,DIRECT_REPORTED_CHAIN_COMPLETE,True
93093882,5,True,True,True,True,False,4,0,True,TEMPORAL_SEQUENCE_VALID,CORE_STRICT_COUNT,DIRECT_REPORTED_CHAIN_COMPLETE,True
93094381,2,True,True,True,True,False,1,0,True,TEMPORAL_SEQUENCE_VALID,CORE_STRICT_COUNT,DIRECT_REPORTED_CHAIN_COMPLETE,True
93096041,4,True,True,True,True,False,3,0,True,TEMPORAL_SEQUENCE_VALID,CORE_STRICT_COUNT,DIRECT_REPORTED_CHAIN_COMPLETE,True
93096042,4,True,True,True,True,False,3,0,True,TEMPORAL_SEQUENCE_VALID,CORE_STRICT_COUNT,DIRECT_REPORTED_CHAIN_COMPLETE,True
93097552,2,True,True,True,True,False,1,0,True,TEMPORAL_SEQUENCE_VALID,CORE_STRICT_COUNT,DIRECT_REPORTED_CHAIN_COMPLETE,True
93097781,2,True,True,True,True,False,1,0,True,TEMPORAL_SEQUENCE_VALID,CORE_STRICT_COUNT,DIRECT_REPORTED_CHAIN_COMPLETE,True
93098991,4,True,True,True,True,False,3,0,True,TEMPORAL_SEQUENCE_VALID,CORE_STRICT_COUNT,DIRECT_REPORTED_CHAIN_COMPLETE,True
93099621,5,False,False,True,True,False,3,0,False,TIME_COMPONENT_MISSING,CORE_STRICT_COUNT,MIXED_DIRECT_RBW_UNTIMED,False
93101131,4,True,True,True,True,False,3,0,True,TEMPORAL_SEQUENCE_VALID,CORE_STRICT_COUNT,DIRECT_REPORTED_CHAIN_COMPLETE,True
93101761,3,True,True,True,True,False,2,0,True,TEMPORAL_SEQUENCE_VALID,CORE_STRICT_COUNT,DIRECT_REPORTED_CHAIN_COMPLETE,True
93102291,5,True,True,True,True,False,4,0,True,TEMPORAL_SEQUENCE_VALID,CORE_STRICT_COUNT,DIRECT_REPORTED_CHAIN_COMPLETE,True
93104571,2,True,True,True,True,False,1,0,True,TEMPORAL_SEQUENCE_VALID,CORE_STRICT_COUNT,DIRECT_REPORTED_CHAIN_COMPLETE,True
93104572,3,True,True,True,True,False,2,0,True,TEMPORAL_SEQUENCE_VALID,CORE_STRICT_COUNT,DIRECT_REPORTED_CHAIN_COMPLETE,True
93104573,5,True,True,True,True,False,4,0,True,TEMPORAL_SEQUENCE_VALID,CORE_STRICT_COUNT,DIRECT_REPORTED_CHAIN_COMPLETE,True
93104574,2,True,True,True,True,False,1,0,True,TEMPORAL_SEQUENCE_VALID,CORE_STRICT_COUNT,DIRECT_REPORTED_CHAIN_COMPLETE,True
93105611,2,True,True,True,True,False,1,0,True,TEMPORAL_SEQUENCE_VALID,CORE_STRICT_COUNT,DIRECT_REPORTED_CHAIN_COMPLETE,True
93105981,6,True,True,True,True,False,5,0,True,TEMPORAL_SEQUENCE_VALID,CORE_STRICT_COUNT,DIRECT_REPORTED_CHAIN_COMPLETE,True
93106201,4,True,True,True,True,False,3,0,True,TEMPORAL_SEQUENCE_VALID,CORE_STRICT_COUNT,DIRECT_REPORTED_CHAIN_COMPLETE,True
93106202,5,True,True,True,True,False,4,0,True,TEMPORAL_SEQUENCE_VALID,CORE_STRICT_COUNT,DIRECT_REPORTED_CHAIN_COMPLETE,True
93106701,3,True,True,True,True,False,2,0,True,TEMPORAL_SEQUENCE_VALID,CORE_STRICT_COUNT,DIRECT_REPORTED_CHAIN_COMPLETE,True
93107131,2,True,True,True,True,False,1,0,True,TEMPORAL_SEQUENCE_VALID,CORE_STRICT_COUNT,DIRECT_REPORTED_CHAIN_COMPLETE,True
93107132,1,True,True,True,True,False,0,0,True,TEMPORAL_SEQUENCE_VALID,CORE_STRICT_COUNT,DIRECT_REPORTED_CHAIN_COMPLETE,True
93107133,1,True,True,True,True,False,0,0,True,TEMPORAL_SEQUENCE_VALID,CORE_STRICT_COUNT,DIRECT_REPORTED_CHAIN_COMPLETE,True
93107771,5,True,True,True,True,False,4,0,True,TEMPORAL_SEQUENCE_VALID,CORE_STRICT_COUNT,DIRECT_REPORTED_CHAIN_COMPLETE,True
93110901,6,True,True,True,True,False,5,0,True,TEMPORAL_SEQUENCE_VALID,CORE_STRICT_COUNT,DIRECT_REPORTED_CHAIN_COMPLETE,True
93112971,3,True,True,True,True,False,2,0,True,TEMPORAL_SEQUENCE_VALID,CORE_STRICT_COUNT,DIRECT_REPORTED_CHAIN_COMPLETE,True
93113161,4,True,True,True,True,False,3,0,True,TEMPORAL_SEQUENCE_VALID,CORE_STRICT_COUNT,MIXED_DIRECT_RBW_UNTIMED,False
93113162,2,True,True,True,True,False,1,0,True,TEMPORAL_SEQUENCE_VALID,CORE_STRICT_COUNT,DIRECT_REPORTED_CHAIN_COMPLETE,True
93113163,1,True,True,True,True,False,0,0,True,TEMPORAL_SEQUENCE_VALID,CORE_STRICT_COUNT,DIRECT_REPORTED_CHAIN_COMPLETE,True
93113164,2,True,True,True,True,False,1,0,True,TEMPORAL_SEQUENCE_VALID,CORE_STRICT_COUNT,DIRECT_REPORTED_CHAIN_COMPLETE,True
93113601,2,True,True,True,True,False,1,0,True,TEMPORAL_SEQUENCE_VALID,CORE_STRICT_COUNT,DIRECT_REPORTED_CHAIN_COMPLETE,True
93113602,2,True,True,True,True,False,1,0,True,TEMPORAL_SEQUENCE_VALID,CORE_STRICT_COUNT,DIRECT_REPORTED_CHAIN_COMPLETE,True
93113603,1,True,True,True,True,False,0,0,True,TEMPORAL_SEQUENCE_VALID,CORE_STRICT_COUNT,DIRECT_REPORTED_CHAIN_COMPLETE,True
93114481,2,True,True,True,True,False,1,0,True,TEMPORAL_SEQUENCE_VALID,CORE_STRICT_COUNT,DIRECT_REPORTED_CHAIN_COMPLETE,True
93115232,2,True,True,True,True,False,1,0,True,TEMPORAL_SEQUENCE_VALID,CORE_STRICT_COUNT,DIRECT_REPORTED_CHAIN_COMPLETE,True
93115233,2,True,True,True,True,False,1,0,True,TEMPORAL_SEQUENCE_VALID,CORE_STRICT_COUNT,DIRECT_REPORTED_CHAIN_COMPLETE,True
93115234,2,True,True,True,True,False,1,0,True,TEMPORAL_SEQUENCE_VALID,CORE_STRICT_COUNT,DIRECT_REPORTED_CHAIN_COMPLETE,True
93117771,2,True,True,True,True,False,1,0,True,TEMPORAL_SEQUENCE_VALID,CORE_STRICT_COUNT,DIRECT_REPORTED_CHAIN_COMPLETE,True
93117991,7,True,True,True,True,False,6,0,True,TEMPORAL_SEQUENCE_VALID,CORE_STRICT_COUNT,DIRECT_REPORTED_CHAIN_COMPLETE,True
93117992,3,True,True,True,True,False,2,0,True,TEMPORAL_SEQUENCE_VALID,CORE_STRICT_COUNT,DIRECT_REPORTED_CHAIN_COMPLETE,True
93118171,3,True,True,True,True,False,2,0,True,TEMPORAL_SEQUENCE_VALID,CORE_STRICT_COUNT,DIRECT_REPORTED_CHAIN_COMPLETE,True
93122541,3,True,True,True,True,False,2,0,True,TEMPORAL_SEQUENCE_VALID,CORE_STRICT_COUNT,DIRECT_REPORTED_CHAIN_COMPLETE,True
93122543,2,True,True,True,True,False,1,0,True,TEMPORAL_SEQUENCE_VALID,CORE_STRICT_COUNT,DIRECT_REPORTED_CHAIN_COMPLETE,True
93122544,2,True,True,True,True,False,1,0,True,TEMPORAL_SEQUENCE_VALID,CORE_STRICT_COUNT,DIRECT_REPORTED_CHAIN_COMPLETE,True
93122721,2,True,True,True,True,False,1,0,True,TEMPORAL_SEQUENCE_VALID,CORE_STRICT_COUNT,DIRECT_REPORTED_CHAIN_COMPLETE,True
93122722,5,True,True,True,True,False,4,0,True,TEMPORAL_SEQUENCE_VALID,CORE_STRICT_COUNT,DIRECT_REPORTED_CHAIN_COMPLETE,True
93122723,2,True,True,True,True,False,1,0,True,TEMPORAL_SEQUENCE_VALID,CORE_STRICT_COUNT,DIRECT_REPORTED_CHAIN_COMPLETE,True
93122724,2,True,True,True,True,False,1,0,True,TEMPORAL_SEQUENCE_VALID,CORE_STRICT_COUNT,DIRECT_REPORTED_CHAIN_COMPLETE,True
93122725,2,True,True,True,True,False,1,0,True,TEMPORAL_SEQUENCE_VALID,CORE_STRICT_COUNT,DIRECT_REPORTED_CHAIN_COMPLETE,True
93122931,2,True,True,True,True,False,1,0,True,TEMPORAL_SEQUENCE_VALID,CORE_STRICT_COUNT,DIRECT_REPORTED_CHAIN_COMPLETE,True
93122932,4,True,True,True,True,False,3,0,True,TEMPORAL_SEQUENCE_VALID,CORE_STRICT_COUNT,DIRECT_REPORTED_CHAIN_COMPLETE,True
93123091,6,True,True,True,True,False,5,0,True,TEMPORAL_SEQUENCE_VALID,CORE_STRICT_COUNT,DIRECT_REPORTED_CHAIN_COMPLETE,True
93123491,3,True,True,True,True,False,2,0,True,TEMPORAL_SEQUENCE_VALID,CORE_STRICT_COUNT,DIRECT_REPORTED_CHAIN_COMPLETE,True
93123861,3,True,True,True,True,False,2,0,True,TEMPORAL_SEQUENCE_VALID,CORE_STRICT_COUNT,DIRECT_REPORTED_CHAIN_COMPLETE,True
93123971,2,True,True,True,True,False,1,0,True,TEMPORAL_SEQUENCE_VALID,CORE_STRICT_COUNT,DIRECT_REPORTED_CHAIN_COMPLETE,True
93123972,3,True,True,True,True,False,2,0,True,TEMPORAL_SEQUENCE_VALID,CORE_STRICT_COUNT,DIRECT_REPORTED_CHAIN_COMPLETE,True
93123973,1,True,True,True,True,False,0,0,True,TEMPORAL_SEQUENCE_VALID,CORE_STRICT_COUNT,DIRECT_REPORTED_CHAIN_COMPLETE,True
93124561,6,True,True,True,True,False,5,0,True,TEMPORAL_SEQUENCE_VALID,CORE_STRICT_COUNT,DIRECT_REPORTED_CHAIN_COMPLETE,True
93124562,3,True,True,True,True,False,2,0,True,TEMPORAL_SEQUENCE_VALID,ANALYTIC_WITH_COMPONENT_WARNING,DIRECT_ROWS_RBW_COUNT_UNKNOWN,False
93124851,2,True,True,True,True,False,1,0,True,TEMPORAL_SEQUENCE_VALID,CORE_STRICT_COUNT,MIXED_DIRECT_RBW_UNTIMED,False
93124852,2,True,True,True,True,False,1,0,True,TEMPORAL_SEQUENCE_VALID,CORE_STRICT_COUNT,DIRECT_REPORTED_CHAIN_COMPLETE,True
93124921,4,True,True,True,True,False,3,0,True,TEMPORAL_SEQUENCE_VALID,CORE_STRICT_COUNT,DIRECT_REPORTED_CHAIN_COMPLETE,True
93126151,3,True,True,True,True,False,2,0,True,TEMPORAL_SEQUENCE_VALID,CORE_STRICT_COUNT,MIXED_DIRECT_RBW_UNTIMED,False
93128152,2,True,True,True,True,False,1,0,True,TEMPORAL_SEQUENCE_VALID,CORE_STRICT_COUNT,DIRECT_REPORTED_CHAIN_COMPLETE,True
93129663,4,True,True,True,True,False,3,0,True,TEMPORAL_SEQUENCE_VALID,CORE_STRICT_COUNT,DIRECT_REPORTED_CHAIN_COMPLETE,True
93129793,2,True,True,True,True,False,1,0,True,TEMPORAL_SEQUENCE_VALID,CORE_STRICT_COUNT,DIRECT_REPORTED_CHAIN_COMPLETE,True
93131031,4,True,True,True,True,False,3,0,True,TEMPORAL_SEQUENCE_VALID,CORE_STRICT_COUNT,DIRECT_REPORTED_CHAIN_COMPLETE,True
93132021,8,True,True,True,True,False,7,0,True,TEMPORAL_SEQUENCE_VALID,CORE_STRICT_COUNT,DIRECT_REPORTED_CHAIN_COMPLETE,True
93132022,8,True,True,True,True,False,7,0,True,TEMPORAL_SEQUENCE_VALID,CORE_STRICT_COUNT,DIRECT_REPORTED_CHAIN_COMPLETE,True
93134531,2,True,True,True,True,False,1,0,True,TEMPORAL_SEQUENCE_VALID,CORE_STRICT_COUNT,DIRECT_REPORTED_CHAIN_COMPLETE,True
93134532,4,True,True,True,True,False,3,0,True,TEMPORAL_SEQUENCE_VALID,CORE_STRICT_COUNT,DIRECT_REPORTED_CHAIN_COMPLETE,True
93134791,2,True,True,True,True,False,1,0,True,TEMPORAL_SEQUENCE_VALID,CORE_STRICT_COUNT,DIRECT_REPORTED_CHAIN_COMPLETE,True
93134792,2,True,True,True,True,False,1,0,True,TEMPORAL_SEQUENCE_VALID,CORE_STRICT_COUNT,DIRECT_REPORTED_CHAIN_COMPLETE,True
93135791,4,True,True,True,True,False,3,0,True,TEMPORAL_SEQUENCE_VALID,CORE_STRICT_COUNT,DIRECT_REPORTED_CHAIN_COMPLETE,True
93136601,1,True,True,True,True,False,0,0,True,TEMPORAL_SEQUENCE_VALID,CORE_STRICT_COUNT,DIRECT_REPORTED_CHAIN_COMPLETE,True
93137281,2,True,True,True,True,False,1,0,True,TEMPORAL_SEQUENCE_VALID,CORE_STRICT_COUNT,DIRECT_REPORTED_CHAIN_COMPLETE,True
93137861,5,True,True,True,True,False,4,0,True,TEMPORAL_SEQUENCE_VALID,CORE_STRICT_COUNT,DIRECT_REPORTED_CHAIN_COMPLETE,True
93138041,4,True,True,True,True,False,3,0,True,TEMPORAL_SEQUENCE_VALID,CORE_STRICT_COUNT,DIRECT_REPORTED_CHAIN_COMPLETE,True
93138042,4,True,True,True,True,False,3,0,True,TEMPORAL_SEQUENCE_VALID,CORE_STRICT_COUNT,DIRECT_REPORTED_CHAIN_COMPLETE,True
93140341,5,True,True,True,True,False,4,0,True,TEMPORAL_SEQUENCE_VALID,CORE_STRICT_COUNT,DIRECT_REPORTED_CHAIN_COMPLETE,True
93140342,3,True,True,True,True,False,2,0,True,TEMPORAL_SEQUENCE_VALID,CORE_STRICT_COUNT,DIRECT_REPORTED_CHAIN_COMPLETE,True
93140751,4,False,False,True,True,False,2,0,False,TIME_COMPONENT_MISSING,CORE_STRICT_COUNT,DIRECT_REPORTED_CHAIN_COMPLETE,False
93142661,2,True,True,True,True,False,1,0,True,TEMPORAL_SEQUENCE_VALID,CORE_STRICT_COUNT,DIRECT_REPORTED_CHAIN_COMPLETE,True
93142911,2,True,True,True,True,False,1,0,True,TEMPORAL_SEQUENCE_VALID,CORE_STRICT_COUNT,DIRECT_REPORTED_CHAIN_COMPLETE,True
93142912,6,True,True,True,True,False,5,0,True,TEMPORAL_SEQUENCE_VALID,CORE_STRICT_COUNT,DIRECT_REPORTED_CHAIN_COMPLETE,True
93143901,2,True,True,True,True,False,1,0,True,TEMPORAL_SEQUENCE_VALID,CORE_STRICT_COUNT,DIRECT_REPORTED_CHAIN_COMPLETE,True
93144011,6,True,True,True,True,False,5,0,True,TEMPORAL_SEQUENCE_VALID,CORE_STRICT_COUNT,DIRECT_REPORTED_CHAIN_COMPLETE,True
93152371,2,True,True,True,True,False,1,0,True,TEMPORAL_SEQUENCE_VALID,CORE_STRICT_COUNT,DIRECT_REPORTED_CHAIN_COMPLETE,True
93152372,2,True,True,True,True,False,1,0,True,TEMPORAL_SEQUENCE_VALID,CORE_STRICT_COUNT,DIRECT_REPORTED_CHAIN_COMPLETE,True
93152461,6,True,True,True,True,False,5,0,True,TEMPORAL_SEQUENCE_VALID,CORE_STRICT_COUNT,DIRECT_REPORTED_CHAIN_COMPLETE,True
93152462,6,True,True,True,True,False,5,0,True,TEMPORAL_SEQUENCE_VALID,CORE_STRICT_COUNT,DIRECT_REPORTED_CHAIN_COMPLETE,True
93152531,3,True,True,True,True,False,2,0,True,TEMPORAL_SEQUENCE_VALID,CORE_STRICT_COUNT,DIRECT_REPORTED_CHAIN_COMPLETE,True
93153422,2,True,True,True,True,False,1,0,True,TEMPORAL_SEQUENCE_VALID,ANALYTIC_WITH_COMPONENT_WARNING,DIRECT_ROWS_RBW_COUNT_UNKNOWN,False
93154551,1,True,True,True,True,False,0,0,True,TEMPORAL_SEQUENCE_VALID,CORE_STRICT_COUNT,DIRECT_REPORTED_CHAIN_COMPLETE,True
93154552,1,True,True,True,True,False,0,0,True,TEMPORAL_SEQUENCE_VALID,CORE_STRICT_COUNT,DIRECT_REPORTED_CHAIN_COMPLETE,True
93154701,3,True,True,True,True,False,2,0,True,TEMPORAL_SEQUENCE_VALID,CORE_STRICT_COUNT,DIRECT_REPORTED_CHAIN_COMPLETE,True
93154702,3,True,True,True,True,False,2,0,True,TEMPORAL_SEQUENCE_VALID,CORE_STRICT_COUNT,DIRECT_REPORTED_CHAIN_COMPLETE,True
93154703,3,True,True,True,True,False,2,0,True,TEMPORAL_SEQUENCE_VALID,CORE_STRICT_COUNT,DIRECT_REPORTED_CHAIN_COMPLETE,True
93154704,3,True,True,True,True,False,2,0,True,TEMPORAL_SEQUENCE_VALID,CORE_STRICT_COUNT,DIRECT_REPORTED_CHAIN_COMPLETE,True
93158651,5,True,True,True,True,False,4,0,True,TEMPORAL_SEQUENCE_VALID,CORE_STRICT_COUNT,DIRECT_REPORTED_CHAIN_COMPLETE,True
93158721,2,True,True,True,True,False,1,0,True,TEMPORAL_SEQUENCE_VALID,CORE_STRICT_COUNT,DIRECT_REPORTED_CHAIN_COMPLETE,True
93158861,1,True,True,True,True,False,0,0,True,TEMPORAL_SEQUENCE_VALID,CORE_STRICT_COUNT,DIRECT_REPORTED_CHAIN_COMPLETE,True
93158862,3,True,True,True,False,True,2,1,False,INTER_TRIP_OVERLAP_OR_NEXTDAY_CONFLICT,CORE_STRICT_COUNT,DIRECT_REPORTED_CHAIN_COMPLETE,False
93158863,2,True,True,True,False,True,1,1,False,INTER_TRIP_OVERLAP_OR_NEXTDAY_CONFLICT,CORE_STRICT_COUNT,DIRECT_REPORTED_CHAIN_COMPLETE,False
93160071,2,True,True,True,True,False,1,0,True,TEMPORAL_SEQUENCE_VALID,CORE_STRICT_COUNT,DIRECT_REPORTED_CHAIN_COMPLETE,True
93160072,2,True,True,True,True,False,1,0,True,TEMPORAL_SEQUENCE_VALID,CORE_STRICT_COUNT,DIRECT_REPORTED_CHAIN_COMPLETE,True
93160651,7,True,True,True,True,False,6,0,True,TEMPORAL_SEQUENCE_VALID,CORE_STRICT_COUNT,DIRECT_REPORTED_CHAIN_COMPLETE,True
93160652,2,False,False,True,True,False,1,0,False,TIME_COMPONENT_MISSING,CORE_STRICT_COUNT,DIRECT_REPORTED_CHAIN_COMPLETE,False
93160653,2,True,True,True,True,False,1,0,True,TEMPORAL_SEQUENCE_VALID,CORE_STRICT_COUNT,DIRECT_REPORTED_CHAIN_COMPLETE,True
93160731,2,True,True,True,True,False,1,0,True,TEMPORAL_SEQUENCE_VALID,CORE_STRICT_COUNT,DIRECT_REPORTED_CHAIN_COMPLETE,True
93160732,2,True,True,True,True,False,1,0,True,TEMPORAL_SEQUENCE_VALID,CORE_STRICT_COUNT,DIRECT_REPORTED_CHAIN_COMPLETE,True
93160931,3,True,True,True,True,False,2,0,True,TEMPORAL_SEQUENCE_VALID,CORE_STRICT_COUNT,DIRECT_REPORTED_CHAIN_COMPLETE,True
93161021,3,True,True,True,True,False,2,0,True,TEMPORAL_SEQUENCE_VALID,ANALYTIC_WITH_COMPONENT_WARNING,DIRECT_ROWS_RBW_COUNT_UNKNOWN,False
93161022,2,True,True,True,True,False,1,0,True,TEMPORAL_SEQUENCE_VALID,CORE_STRICT_COUNT,DIRECT_REPORTED_CHAIN_COMPLETE,True
93161441,4,True,True,True,True,False,3,0,True,TEMPORAL_SEQUENCE_VALID,CORE_STRICT_COUNT,DIRECT_REPORTED_CHAIN_COMPLETE,True
93161751,2,True,True,True,True,False,1,0,True,TEMPORAL_SEQUENCE_VALID,CORE_STRICT_COUNT,DIRECT_REPORTED_CHAIN_COMPLETE,True
93161752,2,True,True,True,True,False,1,0,True,TEMPORAL_SEQUENCE_VALID,CORE_STRICT_COUNT,DIRECT_REPORTED_CHAIN_COMPLETE,True
93162121,3,True,True,True,True,False,2,0,True,TEMPORAL_SEQUENCE_VALID,CORE_STRICT_COUNT,DIRECT_REPORTED_CHAIN_COMPLETE,True
93162131,2,True,True,True,True,False,1,0,True,TEMPORAL_SEQUENCE_VALID,CORE_STRICT_COUNT,DIRECT_REPORTED_CHAIN_COMPLETE,True
93162132,2,True,True,True,True,False,1,0,True,TEMPORAL_SEQUENCE_VALID,CORE_STRICT_COUNT,DIRECT_REPORTED_CHAIN_COMPLETE,True
93162571,1,True,True,True,True,False,0,0,True,TEMPORAL_SEQUENCE_VALID,CORE_STRICT_COUNT,DIRECT_REPORTED_CHAIN_COMPLETE,True
93162572,2,True,True,True,True,False,1,0,True,TEMPORAL_SEQUENCE_VALID,CORE_STRICT_COUNT,DIRECT_REPORTED_CHAIN_COMPLETE,True
93163521,2,True,True,True,True,False,1,0,True,TEMPORAL_SEQUENCE_VALID,CORE_STRICT_COUNT,DIRECT_REPORTED_CHAIN_COMPLETE,True
93163522,5,True,True,True,True,False,4,0,True,TEMPORAL_SEQUENCE_VALID,CORE_STRICT_COUNT,DIRECT_REPORTED_CHAIN_COMPLETE,True
93163611,6,True,True,True,True,False,5,0,True,TEMPORAL_SEQUENCE_VALID,CORE_STRICT_COUNT,DIRECT_REPORTED_CHAIN_COMPLETE,True
93163612,4,True,True,True,True,False,3,0,True,TEMPORAL_SEQUENCE_VALID,CORE_STRICT_COUNT,DIRECT_REPORTED_CHAIN_COMPLETE,True
93163791,7,True,True,True,True,False,6,0,True,TEMPORAL_SEQUENCE_VALID,CORE_STRICT_COUNT,DIRECT_REPORTED_CHAIN_COMPLETE,True
93166391,2,True,True,True,True,False,1,0,True,TEMPORAL_SEQUENCE_VALID,CORE_STRICT_COUNT,DIRECT_REPORTED_CHAIN_COMPLETE,True
93166392,4,True,True,True,True,False,3,0,True,TEMPORAL_SEQUENCE_VALID,CORE_STRICT_COUNT,MIXED_DIRECT_RBW_UNTIMED,False
93166393,2,True,True,True,True,False,1,0,True,TEMPORAL_SEQUENCE_VALID,CORE_STRICT_COUNT,DIRECT_REPORTED_CHAIN_COMPLETE,True
93166394,3,True,False,True,True,False,2,0,False,INTRA_TRIP_DURATION_IMPLAUSIBLE,CORE_STRICT_COUNT,DIRECT_REPORTED_CHAIN_COMPLETE,False
93166641,2,True,False,True,True,False,1,0,False,INTRA_TRIP_DURATION_IMPLAUSIBLE,CORE_STRICT_COUNT,DIRECT_REPORTED_CHAIN_COMPLETE,False
93166831,2,True,True,True,True,False,1,0,True,TEMPORAL_SEQUENCE_VALID,CORE_STRICT_COUNT,DIRECT_REPORTED_CHAIN_COMPLETE,True
93167111,3,True,True,True,True,False,2,0,True,TEMPORAL_SEQUENCE_VALID,CORE_STRICT_COUNT,DIRECT_REPORTED_CHAIN_COMPLETE,True
93167112,3,True,True,True,True,False,2,0,True,TEMPORAL_SEQUENCE_VALID,CORE_STRICT_COUNT,DIRECT_REPORTED_CHAIN_COMPLETE,True
93168821,3,True,True,True,True,False,2,0,True,TEMPORAL_SEQUENCE_VALID,CORE_STRICT_COUNT,DIRECT_REPORTED_CHAIN_COMPLETE,True
93168822,4,True,True,True,True,False,3,0,True,TEMPORAL_SEQUENCE_VALID,CORE_STRICT_COUNT,DIRECT_REPORTED_CHAIN_COMPLETE,True
93169751,3,True,True,True,True,False,2,0,True,TEMPORAL_SEQUENCE_VALID,CORE_STRICT_COUNT,DIRECT_REPORTED_CHAIN_COMPLETE,True
93171031,3,True,True,True,True,False,2,0,True,TEMPORAL_SEQUENCE_VALID,CORE_STRICT_COUNT,DIRECT_REPORTED_CHAIN_COMPLETE,True
93171032,6,True,True,True,True,False,5,0,True,TEMPORAL_SEQUENCE_VALID,CORE_STRICT_COUNT,DIRECT_REPORTED_CHAIN_COMPLETE,True
93171562,2,True,True,True,True,False,1,0,True,TEMPORAL_SEQUENCE_VALID,CORE_STRICT_COUNT,DIRECT_REPORTED_CHAIN_COMPLETE,True
93172641,4,True,True,True,True,False,3,0,True,TEMPORAL_SEQUENCE_VALID,CORE_STRICT_COUNT,DIRECT_REPORTED_CHAIN_COMPLETE,True
93172642,4,True,True,True,True,False,3,0,True,TEMPORAL_SEQUENCE_VALID,CORE_STRICT_COUNT,DIRECT_REPORTED_CHAIN_COMPLETE,True
93172643,3,True,True,True,True,False,2,0,True,TEMPORAL_SEQUENCE_VALID,CORE_STRICT_COUNT,DIRECT_REPORTED_CHAIN_COMPLETE,True
93173831,2,True,True,True,True,False,1,0,True,TEMPORAL_SEQUENCE_VALID,CORE_STRICT_COUNT,MIXED_DIRECT_RBW_UNTIMED,False
93173832,2,True,True,True,True,False,1,0,True,TEMPORAL_SEQUENCE_VALID,CORE_STRICT_COUNT,DIRECT_REPORTED_CHAIN_COMPLETE,True
93174041,3,True,True,True,True,False,2,0,True,TEMPORAL_SEQUENCE_VALID,CORE_STRICT_COUNT,DIRECT_REPORTED_CHAIN_COMPLETE,True
93174042,4,True,True,True,True,False,3,0,True,TEMPORAL_SEQUENCE_VALID,CORE_STRICT_COUNT,DIRECT_REPORTED_CHAIN_COMPLETE,True
93178341,7,True,True,True,True,False,6,0,True,TEMPORAL_SEQUENCE_VALID,CORE_STRICT_COUNT,DIRECT_REPORTED_CHAIN_COMPLETE,True
93178491,2,True,True,True,True,False,1,0,True,TEMPORAL_SEQUENCE_VALID,CORE_STRICT_COUNT,DIRECT_REPORTED_CHAIN_COMPLETE,True
93178492,4,True,True,True,True,False,3,0,True,TEMPORAL_SEQUENCE_VALID,CORE_STRICT_COUNT,DIRECT_REPORTED_CHAIN_COMPLETE,True
93178493,2,True,True,True,True,False,1,0,True,TEMPORAL_SEQUENCE_VALID,CORE_STRICT_COUNT,DIRECT_REPORTED_CHAIN_COMPLETE,True
93178494,2,True,True,True,True,False,1,0,True,TEMPORAL_SEQUENCE_VALID,CORE_STRICT_COUNT,DIRECT_REPORTED_CHAIN_COMPLETE,True
93178495,4,True,True,True,True,False,3,0,True,TEMPORAL_SEQUENCE_VALID,CORE_STRICT_COUNT,DIRECT_REPORTED_CHAIN_COMPLETE,True
93180621,2,True,True,True,True,False,1,0,True,TEMPORAL_SEQUENCE_VALID,CORE_STRICT_COUNT,DIRECT_REPORTED_CHAIN_COMPLETE,True
93181361,1,True,True,True,True,False,0,0,True,TEMPORAL_SEQUENCE_VALID,ANALYTIC_WITH_COMPONENT_WARNING,DIRECT_ROWS_RBW_COUNT_UNKNOWN,False
93181362,4,True,True,True,True,False,3,0,True,TEMPORAL_SEQUENCE_VALID,CORE_STRICT_COUNT,DIRECT_REPORTED_CHAIN_COMPLETE,True
93181431,5,True,True,True,True,False,4,0,True,TEMPORAL_SEQUENCE_VALID,CORE_STRICT_COUNT,DIRECT_REPORTED_CHAIN_COMPLETE,True
93183681,5,True,True,True,True,False,4,0,True,TEMPORAL_SEQUENCE_VALID,CORE_STRICT_COUNT,DIRECT_REPORTED_CHAIN_COMPLETE,True
93184021,4,True,True,True,True,False,3,0,True,TEMPORAL_SEQUENCE_VALID,CORE_STRICT_COUNT,DIRECT_REPORTED_CHAIN_COMPLETE,True
93185391,6,True,True,True,True,False,5,0,True,TEMPORAL_SEQUENCE_VALID,CORE_STRICT_COUNT,DIRECT_REPORTED_CHAIN_COMPLETE,True
93185591,8,True,True,True,True,False,7,0,True,TEMPORAL_SEQUENCE_VALID,CORE_STRICT_COUNT,DIRECT_REPORTED_CHAIN_COMPLETE,True
93185592,6,True,True,True,True,False,5,0,True,TEMPORAL_SEQUENCE_VALID,CORE_STRICT_COUNT,MIXED_DIRECT_RBW_UNTIMED,False
93185593,4,True,True,True,True,False,3,0,True,TEMPORAL_SEQUENCE_VALID,CORE_STRICT_COUNT,DIRECT_REPORTED_CHAIN_COMPLETE,True
93185594,2,True,True,True,True,False,1,0,True,TEMPORAL_SEQUENCE_VALID,CORE_STRICT_COUNT,DIRECT_REPORTED_CHAIN_COMPLETE,True
93186641,7,True,True,True,True,False,6,0,True,TEMPORAL_SEQUENCE_VALID,CORE_STRICT_COUNT,DIRECT_REPORTED_CHAIN_COMPLETE,True
93187951,3,True,True,True,True,False,2,0,True,TEMPORAL_SEQUENCE_VALID,CORE_STRICT_COUNT,DIRECT_REPORTED_CHAIN_COMPLETE,True
93188471,4,True,True,True,True,False,3,0,True,TEMPORAL_SEQUENCE_VALID,CORE_STRICT_COUNT,DIRECT_REPORTED_CHAIN_COMPLETE,True
93188472,3,True,True,True,True,False,2,0,True,TEMPORAL_SEQUENCE_VALID,CORE_STRICT_COUNT,DIRECT_REPORTED_CHAIN_COMPLETE,True
93188473,4,True,True,True,True,False,3,0,True,TEMPORAL_SEQUENCE_VALID,CORE_STRICT_COUNT,DIRECT_REPORTED_CHAIN_COMPLETE,True
93189392,2,True,True,True,True,False,1,0,True,TEMPORAL_SEQUENCE_VALID,CORE_STRICT_COUNT,DIRECT_REPORTED_CHAIN_COMPLETE,True
93190211,4,True,True,True,True,False,3,0,True,TEMPORAL_SEQUENCE_VALID,CORE_STRICT_COUNT,DIRECT_REPORTED_CHAIN_COMPLETE,True
93190212,1,True,True,True,True,False,0,0,True,TEMPORAL_SEQUENCE_VALID,CORE_STRICT_COUNT,DIRECT_REPORTED_CHAIN_COMPLETE,True
93190213,2,True,True,True,True,False,1,0,True,TEMPORAL_SEQUENCE_VALID,CORE_STRICT_COUNT,DIRECT_REPORTED_CHAIN_COMPLETE,True
93190291,2,True,True,True,True,False,1,0,True,TEMPORAL_SEQUENCE_VALID,CORE_STRICT_COUNT,DIRECT_REPORTED_CHAIN_COMPLETE,True
93191931,3,True,True,True,True,False,2,0,True,TEMPORAL_SEQUENCE_VALID,CORE_STRICT_COUNT,DIRECT_REPORTED_CHAIN_COMPLETE,True
93191932,2,True,True,True,True,False,1,0,True,TEMPORAL_SEQUENCE_VALID,CORE_STRICT_COUNT,DIRECT_REPORTED_CHAIN_COMPLETE,True
93193811,2,True,True,True,True,False,1,0,True,TEMPORAL_SEQUENCE_VALID,CORE_STRICT_COUNT,DIRECT_REPORTED_CHAIN_COMPLETE,True
93194951,2,True,True,True,True,False,1,0,True,TEMPORAL_SEQUENCE_VALID,CORE_STRICT_COUNT,DIRECT_REPORTED_CHAIN_COMPLETE,True
93194952,4,True,True,True,True,False,3,0,True,TEMPORAL_SEQUENCE_VALID,CORE_STRICT_COUNT,DIRECT_REPORTED_CHAIN_COMPLETE,True
93195031,4,True,True,True,True,False,3,0,True,TEMPORAL_SEQUENCE_VALID,CORE_STRICT_COUNT,MIXED_DIRECT_RBW_UNTIMED,False
93195032,5,True,True,True,True,False,4,0,True,TEMPORAL_SEQUENCE_VALID,CORE_STRICT_COUNT,DIRECT_REPORTED_CHAIN_COMPLETE,True
93195033,6,True,True,True,True,False,5,0,True,TEMPORAL_SEQUENCE_VALID,CORE_STRICT_COUNT,MIXED_DIRECT_RBW_UNTIMED,False
93195034,2,True,True,True,True,False,1,0,True,TEMPORAL_SEQUENCE_VALID,CORE_STRICT_COUNT,DIRECT_REPORTED_CHAIN_COMPLETE,True
93195771,2,False,False,True,True,False,0,0,False,TIME_COMPONENT_MISSING,CORE_STRICT_COUNT,DIRECT_REPORTED_CHAIN_COMPLETE,False
93196561,2,True,True,True,True,False,1,0,True,TEMPORAL_SEQUENCE_VALID,CORE_STRICT_COUNT,DIRECT_REPORTED_CHAIN_COMPLETE,True
93196581,5,True,True,True,True,False,4,0,True,TEMPORAL_SEQUENCE_VALID,CORE_STRICT_COUNT,DIRECT_REPORTED_CHAIN_COMPLETE,True
93197991,4,False,False,True,True,False,2,0,False,TIME_COMPONENT_MISSING,CORE_STRICT_COUNT,DIRECT_REPORTED_CHAIN_COMPLETE,False
93197992,2,True,True,True,True,False,1,0,True,TEMPORAL_SEQUENCE_VALID,CORE_STRICT_COUNT,DIRECT_REPORTED_CHAIN_COMPLETE,True
93201661,2,True,True,True,True,False,1,0,True,TEMPORAL_SEQUENCE_VALID,CORE_STRICT_COUNT,DIRECT_REPORTED_CHAIN_COMPLETE,True
93201662,2,True,True,True,True,False,1,0,True,TEMPORAL_SEQUENCE_VALID,CORE_STRICT_COUNT,DIRECT_REPORTED_CHAIN_COMPLETE,True
93204981,2,True,True,True,True,False,1,0,True,TEMPORAL_SEQUENCE_VALID,CORE_STRICT_COUNT,DIRECT_REPORTED_CHAIN_COMPLETE,True
93205951,2,True,True,True,True,False,1,0,True,TEMPORAL_SEQUENCE_VALID,CORE_STRICT_COUNT,DIRECT_REPORTED_CHAIN_COMPLETE,True
93205952,4,True,True,True,True,False,3,0,True,TEMPORAL_SEQUENCE_VALID,CORE_STRICT_COUNT,DIRECT_REPORTED_CHAIN_COMPLETE,True
93205953,2,True,True,True,True,False,1,0,True,TEMPORAL_SEQUENCE_VALID,CORE_STRICT_COUNT,DIRECT_REPORTED_CHAIN_COMPLETE,True
93205954,2,True,True,True,True,False,1,0,True,TEMPORAL_SEQUENCE_VALID,CORE_STRICT_COUNT,DIRECT_REPORTED_CHAIN_COMPLETE,True
93206491,3,True,True,True,True,False,2,0,True,TEMPORAL_SEQUENCE_VALID,CORE_STRICT_COUNT,DIRECT_REPORTED_CHAIN_COMPLETE,True
93206641,3,True,True,True,True,False,2,0,True,TEMPORAL_SEQUENCE_VALID,CORE_STRICT_COUNT,DIRECT_REPORTED_CHAIN_COMPLETE,True
93210921,3,True,True,True,True,False,2,0,True,TEMPORAL_SEQUENCE_VALID,CORE_STRICT_COUNT,DIRECT_REPORTED_CHAIN_COMPLETE,True
93210922,1,False,False,True,True,False,0,0,False,TIME_COMPONENT_MISSING,CORE_STRICT_COUNT,DIRECT_REPORTED_CHAIN_COMPLETE,False
93210923,1,True,False,True,True,False,0,0,False,INTRA_TRIP_DURATION_IMPLAUSIBLE,CORE_STRICT_COUNT,DIRECT_REPORTED_CHAIN_COMPLETE,False
93210924,2,True,True,True,True,False,1,0,True,TEMPORAL_SEQUENCE_VALID,CORE_STRICT_COUNT,DIRECT_REPORTED_CHAIN_COMPLETE,True
93216031,5,True,True,True,True,False,4,0,True,TEMPORAL_SEQUENCE_VALID,CORE_STRICT_COUNT,DIRECT_REPORTED_CHAIN_COMPLETE,True
93216032,5,True,True,True,True,False,4,0,True,TEMPORAL_SEQUENCE_VALID,CORE_STRICT_COUNT,DIRECT_REPORTED_CHAIN_COMPLETE,True
93217752,3,True,True,True,True,False,2,0,True,TEMPORAL_SEQUENCE_VALID,CORE_STRICT_COUNT,DIRECT_REPORTED_CHAIN_COMPLETE,True
93218791,2,True,True,True,True,False,1,0,True,TEMPORAL_SEQUENCE_VALID,CORE_STRICT_COUNT,DIRECT_REPORTED_CHAIN_COMPLETE,True
93218792,2,True,True,True,True,False,1,0,True,TEMPORAL_SEQUENCE_VALID,CORE_STRICT_COUNT,DIRECT_REPORTED_CHAIN_COMPLETE,True
93220071,5,True,True,True,True,False,4,0,True,TEMPORAL_SEQUENCE_VALID,CORE_STRICT_COUNT,DIRECT_REPORTED_CHAIN_COMPLETE,True
93220072,2,True,True,True,True,False,1,0,True,TEMPORAL_SEQUENCE_VALID,CORE_STRICT_COUNT,DIRECT_REPORTED_CHAIN_COMPLETE,True
93220411,2,True,True,True,True,False,1,0,True,TEMPORAL_SEQUENCE_VALID,CORE_STRICT_COUNT,DIRECT_REPORTED_CHAIN_COMPLETE,True
93220412,2,True,True,True,True,False,1,0,True,TEMPORAL_SEQUENCE_VALID,CORE_STRICT_COUNT,DIRECT_REPORTED_CHAIN_COMPLETE,True
93220501,2,True,True,True,True,False,1,0,True,TEMPORAL_SEQUENCE_VALID,CORE_STRICT_COUNT,DIRECT_REPORTED_CHAIN_COMPLETE,True
93220502,2,True,True,True,True,False,1,0,True,TEMPORAL_SEQUENCE_VALID,CORE_STRICT_COUNT,DIRECT_REPORTED_CHAIN_COMPLETE,True
93220503,2,True,True,True,True,False,1,0,True,TEMPORAL_SEQUENCE_VALID,CORE_STRICT_COUNT,DIRECT_REPORTED_CHAIN_COMPLETE,True
93221351,3,True,True,True,True,False,2,0,True,TEMPORAL_SEQUENCE_VALID,CORE_STRICT_COUNT,DIRECT_REPORTED_CHAIN_COMPLETE,True
93222701,5,True,True,True,True,False,4,0,True,TEMPORAL_SEQUENCE_VALID,CORE_STRICT_COUNT,DIRECT_REPORTED_CHAIN_COMPLETE,True
93222921,4,True,False,True,True,False,3,0,False,INTRA_TRIP_DURATION_IMPLAUSIBLE,CORE_STRICT_COUNT,DIRECT_REPORTED_CHAIN_COMPLETE,False
93222922,6,True,True,True,True,False,5,0,True,TEMPORAL_SEQUENCE_VALID,CORE_STRICT_COUNT,DIRECT_REPORTED_CHAIN_COMPLETE,True
93222923,2,True,True,True,True,False,1,0,True,TEMPORAL_SEQUENCE_VALID,CORE_STRICT_COUNT,DIRECT_REPORTED_CHAIN_COMPLETE,True
93223321,5,True,True,True,True,False,4,0,True,TEMPORAL_SEQUENCE_VALID,CORE_STRICT_COUNT,DIRECT_REPORTED_CHAIN_COMPLETE,True
93223322,3,True,True,True,True,False,2,0,True,TEMPORAL_SEQUENCE_VALID,CORE_STRICT_COUNT,DIRECT_REPORTED_CHAIN_COMPLETE,True
93224181,2,True,True,True,True,False,1,0,True,TEMPORAL_SEQUENCE_VALID,CORE_STRICT_COUNT,DIRECT_REPORTED_CHAIN_COMPLETE,True
93224691,3,True,True,True,True,False,2,0,True,TEMPORAL_SEQUENCE_VALID,CORE_STRICT_COUNT,DIRECT_REPORTED_CHAIN_COMPLETE,True
93226121,4,True,True,True,True,False,3,0,True,TEMPORAL_SEQUENCE_VALID,CORE_STRICT_COUNT,DIRECT_REPORTED_CHAIN_COMPLETE,True
93226122,4,True,True,True,True,False,3,0,True,TEMPORAL_SEQUENCE_VALID,CORE_STRICT_COUNT,DIRECT_REPORTED_CHAIN_COMPLETE,True
93226123,4,True,True,True,True,False,3,0,True,TEMPORAL_SEQUENCE_VALID,CORE_STRICT_COUNT,DIRECT_REPORTED_CHAIN_COMPLETE,True
93226124,2,True,True,True,True,False,1,0,True,TEMPORAL_SEQUENCE_VALID,CORE_STRICT_COUNT,DIRECT_REPORTED_CHAIN_COMPLETE,True
93226125,2,True,True,True,True,False,1,0,True,TEMPORAL_SEQUENCE_VALID,CORE_STRICT_COUNT,DIRECT_REPORTED_CHAIN_COMPLETE,True
93226126,5,True,True,True,True,False,4,0,True,TEMPORAL_SEQUENCE_VALID,CORE_STRICT_COUNT,DIRECT_REPORTED_CHAIN_COMPLETE,True
93227701,2,True,True,True,True,False,1,0,True,TEMPORAL_SEQUENCE_VALID,CORE_STRICT_COUNT,DIRECT_REPORTED_CHAIN_COMPLETE,True
93228562,2,True,True,True,True,False,1,0,True,TEMPORAL_SEQUENCE_VALID,CORE_STRICT_COUNT,DIRECT_REPORTED_CHAIN_COMPLETE,True
93229811,4,True,True,True,True,False,3,0,True,TEMPORAL_SEQUENCE_VALID,ANALYTIC_WITH_COMPONENT_WARNING,DIRECT_ROWS_RBW_COUNT_UNKNOWN,False
93229812,4,False,False,True,True,False,2,0,False,TIME_COMPONENT_MISSING,CORE_STRICT_COUNT,DIRECT_REPORTED_CHAIN_COMPLETE,False
93234821,2,True,True,True,True,False,1,0,True,TEMPORAL_SEQUENCE_VALID,CORE_STRICT_COUNT,DIRECT_REPORTED_CHAIN_COMPLETE,True
93235271,4,True,True,True,True,False,3,0,True,TEMPORAL_SEQUENCE_VALID,CORE_STRICT_COUNT,DIRECT_REPORTED_CHAIN_COMPLETE,True
93235272,6,True,True,True,True,False,5,0,True,TEMPORAL_SEQUENCE_VALID,CORE_STRICT_COUNT,DIRECT_REPORTED_CHAIN_COMPLETE,True
93235711,5,True,True,True,True,False,4,0,True,TEMPORAL_SEQUENCE_VALID,CORE_STRICT_COUNT,DIRECT_REPORTED_CHAIN_COMPLETE,True
93238071,4,True,True,True,True,False,3,0,True,TEMPORAL_SEQUENCE_VALID,CORE_STRICT_COUNT,DIRECT_REPORTED_CHAIN_COMPLETE,True
93238072,5,True,True,True,True,False,4,0,True,TEMPORAL_SEQUENCE_VALID,CORE_STRICT_COUNT,DIRECT_REPORTED_CHAIN_COMPLETE,True
93238281,5,True,True,True,True,False,4,0,True,TEMPORAL_SEQUENCE_VALID,CORE_STRICT_COUNT,DIRECT_REPORTED_CHAIN_COMPLETE,True
93238282,4,True,True,True,True,False,3,0,True,TEMPORAL_SEQUENCE_VALID,CORE_STRICT_COUNT,DIRECT_REPORTED_CHAIN_COMPLETE,True
93238283,4,True,True,True,True,False,3,0,True,TEMPORAL_SEQUENCE_VALID,CORE_STRICT_COUNT,DIRECT_REPORTED_CHAIN_COMPLETE,True
93238761,2,True,True,True,True,False,1,0,True,TEMPORAL_SEQUENCE_VALID,CORE_STRICT_COUNT,DIRECT_REPORTED_CHAIN_COMPLETE,True
93239641,7,True,True,True,True,False,6,0,True,TEMPORAL_SEQUENCE_VALID,CORE_STRICT_COUNT,DIRECT_REPORTED_CHAIN_COMPLETE,True
93239642,3,True,True,True,True,False,2,0,True,TEMPORAL_SEQUENCE_VALID,CORE_STRICT_COUNT,DIRECT_REPORTED_CHAIN_COMPLETE,True
93239643,4,True,True,True,True,False,3,0,True,TEMPORAL_SEQUENCE_VALID,CORE_STRICT_COUNT,DIRECT_REPORTED_CHAIN_COMPLETE,True
93239644,7,True,True,True,True,False,6,0,True,TEMPORAL_SEQUENCE_VALID,CORE_STRICT_COUNT,DIRECT_REPORTED_CHAIN_COMPLETE,True
93240751,2,True,True,True,True,False,1,0,True,TEMPORAL_SEQUENCE_VALID,CORE_STRICT_COUNT,DIRECT_REPORTED_CHAIN_COMPLETE,True
93240752,4,True,True,True,True,False,3,0,True,TEMPORAL_SEQUENCE_VALID,CORE_STRICT_COUNT,DIRECT_REPORTED_CHAIN_COMPLETE,True
93240801,4,True,True,True,True,False,3,0,True,TEMPORAL_SEQUENCE_VALID,CORE_STRICT_COUNT,DIRECT_REPORTED_CHAIN_COMPLETE,True
93242431,3,True,True,True,True,False,2,0,True,TEMPORAL_SEQUENCE_VALID,CORE_STRICT_COUNT,DIRECT_REPORTED_CHAIN_COMPLETE,True
93242691,3,True,True,True,True,False,2,0,True,TEMPORAL_SEQUENCE_VALID,CORE_STRICT_COUNT,DIRECT_REPORTED_CHAIN_COMPLETE,True
93243001,2,True,True,True,True,False,1,0,True,TEMPORAL_SEQUENCE_VALID,CORE_STRICT_COUNT,DIRECT_REPORTED_CHAIN_COMPLETE,True
93243002,5,True,True,True,True,False,4,0,True,TEMPORAL_SEQUENCE_VALID,CORE_STRICT_COUNT,DIRECT_REPORTED_CHAIN_COMPLETE,True
93243003,5,True,True,True,True,False,4,0,True,TEMPORAL_SEQUENCE_VALID,CORE_STRICT_COUNT,DIRECT_REPORTED_CHAIN_COMPLETE,True
93243811,4,True,True,True,True,False,3,0,True,TEMPORAL_SEQUENCE_VALID,CORE_STRICT_COUNT,DIRECT_REPORTED_CHAIN_COMPLETE,True
93244581,6,True,True,True,True,False,5,0,True,TEMPORAL_SEQUENCE_VALID,CORE_STRICT_COUNT,DIRECT_REPORTED_CHAIN_COMPLETE,True
93244582,8,True,True,True,True,False,7,0,True,TEMPORAL_SEQUENCE_VALID,CORE_STRICT_COUNT,DIRECT_REPORTED_CHAIN_COMPLETE,True
93246811,2,True,True,True,True,False,1,0,True,TEMPORAL_SEQUENCE_VALID,CORE_STRICT_COUNT,DIRECT_REPORTED_CHAIN_COMPLETE,True
93246812,3,True,True,True,True,False,2,0,True,TEMPORAL_SEQUENCE_VALID,CORE_STRICT_COUNT,DIRECT_REPORTED_CHAIN_COMPLETE,True
93246814,4,True,True,True,True,False,3,0,True,TEMPORAL_SEQUENCE_VALID,CORE_STRICT_COUNT,DIRECT_REPORTED_CHAIN_COMPLETE,True
93248331,6,True,True,True,True,False,5,0,True,TEMPORAL_SEQUENCE_VALID,CORE_STRICT_COUNT,DIRECT_REPORTED_CHAIN_COMPLETE,True
93248611,4,True,True,True,True,False,3,0,True,TEMPORAL_SEQUENCE_VALID,CORE_STRICT_COUNT,DIRECT_REPORTED_CHAIN_COMPLETE,True
93248612,4,True,True,True,True,False,3,0,True,TEMPORAL_SEQUENCE_VALID,CORE_STRICT_COUNT,DIRECT_REPORTED_CHAIN_COMPLETE,True
93249772,2,True,True,True,True,False,1,0,True,TEMPORAL_SEQUENCE_VALID,CORE_STRICT_COUNT,DIRECT_REPORTED_CHAIN_COMPLETE,True
93250271,3,True,True,True,True,False,2,0,True,TEMPORAL_SEQUENCE_VALID,CORE_STRICT_COUNT,DIRECT_REPORTED_CHAIN_COMPLETE,True
93250272,3,True,True,True,True,False,2,0,True,TEMPORAL_SEQUENCE_VALID,CORE_STRICT_COUNT,DIRECT_REPORTED_CHAIN_COMPLETE,True
93250781,3,True,True,True,True,False,2,0,True,TEMPORAL_SEQUENCE_VALID,CORE_STRICT_COUNT,DIRECT_REPORTED_CHAIN_COMPLETE,True
93250911,5,True,True,True,True,False,4,0,True,TEMPORAL_SEQUENCE_VALID,CORE_STRICT_COUNT,DIRECT_REPORTED_CHAIN_COMPLETE,True
93251711,2,True,True,True,True,False,1,0,True,TEMPORAL_SEQUENCE_VALID,CORE_STRICT_COUNT,DIRECT_REPORTED_CHAIN_COMPLETE,True
93251712,3,True,True,True,True,False,2,0,True,TEMPORAL_SEQUENCE_VALID,CORE_STRICT_COUNT,MIXED_DIRECT_RBW_UNTIMED,False
93253891,5,True,True,True,True,False,4,0,True,TEMPORAL_SEQUENCE_VALID,CORE_STRICT_COUNT,DIRECT_REPORTED_CHAIN_COMPLETE,True
93254621,3,True,True,True,True,False,2,0,True,TEMPORAL_SEQUENCE_VALID,CORE_STRICT_COUNT,MIXED_DIRECT_RBW_UNTIMED,False
93254622,3,True,True,True,True,False,2,0,True,TEMPORAL_SEQUENCE_VALID,CORE_STRICT_COUNT,DIRECT_REPORTED_CHAIN_COMPLETE,True
93254851,1,True,True,True,True,False,0,0,True,TEMPORAL_SEQUENCE_VALID,CORE_STRICT_COUNT,DIRECT_REPORTED_CHAIN_COMPLETE,True
93258551,2,True,True,True,True,False,1,0,True,TEMPORAL_SEQUENCE_VALID,CORE_STRICT_COUNT,DIRECT_REPORTED_CHAIN_COMPLETE,True
93259101,2,True,True,True,True,False,1,0,True,TEMPORAL_SEQUENCE_VALID,CORE_STRICT_COUNT,DIRECT_REPORTED_CHAIN_COMPLETE,True
93261401,2,True,True,True,True,False,1,0,True,TEMPORAL_SEQUENCE_VALID,CORE_STRICT_COUNT,DIRECT_REPORTED_CHAIN_COMPLETE,True
93261402,2,True,True,True,True,False,1,0,True,TEMPORAL_SEQUENCE_VALID,CORE_STRICT_COUNT,DIRECT_REPORTED_CHAIN_COMPLETE,True
93261403,2,True,True,True,True,False,1,0,True,TEMPORAL_SEQUENCE_VALID,CORE_STRICT_COUNT,DIRECT_REPORTED_CHAIN_COMPLETE,True
93261404,2,True,True,True,True,False,1,0,True,TEMPORAL_SEQUENCE_VALID,CORE_STRICT_COUNT,DIRECT_REPORTED_CHAIN_COMPLETE,True
93261771,6,True,True,True,True,False,5,0,True,TEMPORAL_SEQUENCE_VALID,CORE_STRICT_COUNT,DIRECT_REPORTED_CHAIN_COMPLETE,True
93261772,5,True,True,True,True,False,4,0,True,TEMPORAL_SEQUENCE_VALID,CORE_STRICT_COUNT,DIRECT_REPORTED_CHAIN_COMPLETE,True
93261773,4,True,True,True,True,False,3,0,True,TEMPORAL_SEQUENCE_VALID,CORE_STRICT_COUNT,DIRECT_REPORTED_CHAIN_COMPLETE,True
93263101,2,True,True,True,True,False,1,0,True,TEMPORAL_SEQUENCE_VALID,CORE_STRICT_COUNT,DIRECT_REPORTED_CHAIN_COMPLETE,True
93263102,2,True,True,True,True,False,1,0,True,TEMPORAL_SEQUENCE_VALID,CORE_STRICT_COUNT,DIRECT_REPORTED_CHAIN_COMPLETE,True
93263103,2,True,True,True,True,False,1,0,True,TEMPORAL_SEQUENCE_VALID,CORE_STRICT_COUNT,DIRECT_REPORTED_CHAIN_COMPLETE,True
93263202,4,True,True,True,True,False,3,0,True,TEMPORAL_SEQUENCE_VALID,CORE_STRICT_COUNT,MIXED_DIRECT_RBW_UNTIMED,False
93263671,1,True,True,True,True,False,0,0,True,TEMPORAL_SEQUENCE_VALID,CORE_STRICT_COUNT,DIRECT_REPORTED_CHAIN_COMPLETE,True
93263672,1,True,True,True,True,False,0,0,True,TEMPORAL_SEQUENCE_VALID,CORE_STRICT_COUNT,DIRECT_REPORTED_CHAIN_COMPLETE,True
93264651,4,False,False,True,True,False,2,0,False,TIME_COMPONENT_MISSING,CORE_STRICT_COUNT,DIRECT_REPORTED_CHAIN_COMPLETE,False
93265101,6,True,True,True,True,False,5,0,True,TEMPORAL_SEQUENCE_VALID,CORE_STRICT_COUNT,DIRECT_REPORTED_CHAIN_COMPLETE,True
93265102,9,True,True,True,True,False,8,0,True,TEMPORAL_SEQUENCE_VALID,CORE_STRICT_COUNT,DIRECT_REPORTED_CHAIN_COMPLETE,True
93265103,6,True,True,True,True,False,5,0,True,TEMPORAL_SEQUENCE_VALID,CORE_STRICT_COUNT,DIRECT_REPORTED_CHAIN_COMPLETE,True
93265191,3,True,True,True,True,False,2,0,True,TEMPORAL_SEQUENCE_VALID,CORE_STRICT_COUNT,DIRECT_REPORTED_CHAIN_COMPLETE,True
93266041,2,False,False,True,True,False,0,0,False,TIME_COMPONENT_MISSING,CORE_STRICT_COUNT,DIRECT_REPORTED_CHAIN_COMPLETE,False
93266811,4,True,True,True,True,False,3,0,True,TEMPORAL_SEQUENCE_VALID,CORE_STRICT_COUNT,DIRECT_REPORTED_CHAIN_COMPLETE,True
93266812,4,True,True,True,True,False,3,0,True,TEMPORAL_SEQUENCE_VALID,CORE_STRICT_COUNT,DIRECT_REPORTED_CHAIN_COMPLETE,True
93267481,4,True,True,True,True,False,3,0,True,TEMPORAL_SEQUENCE_VALID,CORE_STRICT_COUNT,DIRECT_REPORTED_CHAIN_COMPLETE,True
93267482,2,True,True,True,True,False,1,0,True,TEMPORAL_SEQUENCE_VALID,CORE_STRICT_COUNT,DIRECT_REPORTED_CHAIN_COMPLETE,True
93267581,3,True,True,True,True,False,2,0,True,TEMPORAL_SEQUENCE_VALID,CORE_STRICT_COUNT,DIRECT_REPORTED_CHAIN_COMPLETE,True
93267582,3,True,True,True,True,False,2,0,True,TEMPORAL_SEQUENCE_VALID,CORE_STRICT_COUNT,DIRECT_REPORTED_CHAIN_COMPLETE,True
93268711,2,True,True,True,True,False,1,0,True,TEMPORAL_SEQUENCE_VALID,CORE_STRICT_COUNT,DIRECT_REPORTED_CHAIN_COMPLETE,True
93269241,8,True,True,True,True,False,7,0,True,TEMPORAL_SEQUENCE_VALID,CORE_STRICT_COUNT,DIRECT_ROWS_PLUS_UNDETAILED_TRIPS,False
93269243,3,True,True,True,True,False,2,0,True,TEMPORAL_SEQUENCE_VALID,CORE_STRICT_COUNT,DIRECT_REPORTED_CHAIN_COMPLETE,True
93269244,8,True,True,True,True,False,7,0,True,TEMPORAL_SEQUENCE_VALID,CORE_STRICT_COUNT,DIRECT_ROWS_PLUS_UNDETAILED_TRIPS,False
93271221,8,True,True,True,True,False,7,0,True,TEMPORAL_SEQUENCE_VALID,CORE_STRICT_COUNT,DIRECT_REPORTED_CHAIN_COMPLETE,True
93271272,10,True,True,True,True,False,9,0,True,TEMPORAL_SEQUENCE_VALID,CORE_STRICT_COUNT,DIRECT_REPORTED_CHAIN_COMPLETE,True
93271273,2,True,True,True,True,False,1,0,True,TEMPORAL_SEQUENCE_VALID,CORE_STRICT_COUNT,DIRECT_REPORTED_CHAIN_COMPLETE,True
93271274,5,True,True,True,True,False,4,0,True,TEMPORAL_SEQUENCE_VALID,CORE_STRICT_COUNT,DIRECT_REPORTED_CHAIN_COMPLETE,True
93272341,4,True,True,True,True,False,3,0,True,TEMPORAL_SEQUENCE_VALID,CORE_STRICT_COUNT,DIRECT_REPORTED_CHAIN_COMPLETE,True
93274721,2,True,True,True,True,False,1,0,True,TEMPORAL_SEQUENCE_VALID,CORE_STRICT_COUNT,DIRECT_REPORTED_CHAIN_COMPLETE,True
93274722,5,True,True,True,True,False,4,0,True,TEMPORAL_SEQUENCE_VALID,CORE_STRICT_COUNT,DIRECT_REPORTED_CHAIN_COMPLETE,True
93275051,2,True,True,True,True,False,1,0,True,TEMPORAL_SEQUENCE_VALID,CORE_STRICT_COUNT,DIRECT_REPORTED_CHAIN_COMPLETE,True
93275052,2,True,True,True,True,False,1,0,True,TEMPORAL_SEQUENCE_VALID,CORE_STRICT_COUNT,DIRECT_REPORTED_CHAIN_COMPLETE,True
93276561,4,True,True,True,True,False,3,0,True,TEMPORAL_SEQUENCE_VALID,CORE_STRICT_COUNT,DIRECT_REPORTED_CHAIN_COMPLETE,True
93276601,1,True,True,True,True,False,0,0,True,TEMPORAL_SEQUENCE_VALID,CORE_STRICT_COUNT,DIRECT_REPORTED_CHAIN_COMPLETE,True
93276771,2,True,True,True,True,False,1,0,True,TEMPORAL_SEQUENCE_VALID,CORE_STRICT_COUNT,MIXED_DIRECT_RBW_UNTIMED,False
93277291,3,True,True,True,True,False,2,0,True,TEMPORAL_SEQUENCE_VALID,CORE_STRICT_COUNT,DIRECT_REPORTED_CHAIN_COMPLETE,True
93277292,3,True,True,True,True,False,2,0,True,TEMPORAL_SEQUENCE_VALID,CORE_STRICT_COUNT,DIRECT_REPORTED_CHAIN_COMPLETE,True
93277691,2,True,True,True,True,False,1,0,True,TEMPORAL_SEQUENCE_VALID,CORE_STRICT_COUNT,DIRECT_REPORTED_CHAIN_COMPLETE,True
93277692,2,True,True,True,True,False,1,0,True,TEMPORAL_SEQUENCE_VALID,CORE_STRICT_COUNT,DIRECT_REPORTED_CHAIN_COMPLETE,True
93277693,2,True,True,True,True,False,1,0,True,TEMPORAL_SEQUENCE_VALID,CORE_STRICT_COUNT,DIRECT_REPORTED_CHAIN_COMPLETE,True
93277713,2,True,True,True,True,False,1,0,True,TEMPORAL_SEQUENCE_VALID,CORE_STRICT_COUNT,DIRECT_REPORTED_CHAIN_COMPLETE,True
93277714,2,True,True,True,True,False,1,0,True,TEMPORAL_SEQUENCE_VALID,CORE_STRICT_COUNT,DIRECT_REPORTED_CHAIN_COMPLETE,True
93278001,3,True,True,True,True,False,2,0,True,TEMPORAL_SEQUENCE_VALID,CORE_STRICT_COUNT,DIRECT_REPORTED_CHAIN_COMPLETE,True
93278002,6,True,True,True,True,False,5,0,True,TEMPORAL_SEQUENCE_VALID,CORE_STRICT_COUNT,DIRECT_REPORTED_CHAIN_COMPLETE,True
93278121,2,True,True,True,True,False,1,0,True,TEMPORAL_SEQUENCE_VALID,CORE_STRICT_COUNT,DIRECT_REPORTED_CHAIN_COMPLETE,True
93278122,2,True,True,True,True,False,1,0,True,TEMPORAL_SEQUENCE_VALID,CORE_STRICT_COUNT,DIRECT_REPORTED_CHAIN_COMPLETE,True
93278531,4,True,True,True,True,False,3,0,True,TEMPORAL_SEQUENCE_VALID,CORE_STRICT_COUNT,DIRECT_REPORTED_CHAIN_COMPLETE,True
93278861,2,True,True,True,True,False,1,0,True,TEMPORAL_SEQUENCE_VALID,CORE_STRICT_COUNT,DIRECT_REPORTED_CHAIN_COMPLETE,True
93279451,5,True,True,True,True,False,4,0,True,TEMPORAL_SEQUENCE_VALID,CORE_STRICT_COUNT,DIRECT_REPORTED_CHAIN_COMPLETE,True
93279452,8,True,True,True,True,False,7,0,True,TEMPORAL_SEQUENCE_VALID,CORE_STRICT_COUNT,DIRECT_REPORTED_CHAIN_COMPLETE,True
93279453,5,True,True,True,True,False,4,0,True,TEMPORAL_SEQUENCE_VALID,CORE_STRICT_COUNT,DIRECT_REPORTED_CHAIN_COMPLETE,True
93279581,8,True,True,True,True,False,7,0,True,TEMPORAL_SEQUENCE_VALID,CORE_STRICT_COUNT,DIRECT_REPORTED_CHAIN_COMPLETE,True
93279582,7,True,True,True,True,False,6,0,True,TEMPORAL_SEQUENCE_VALID,CORE_STRICT_COUNT,DIRECT_REPORTED_CHAIN_COMPLETE,True
93280031,4,True,True,True,True,False,3,0,True,TEMPORAL_SEQUENCE_VALID,CORE_STRICT_COUNT,DIRECT_REPORTED_CHAIN_COMPLETE,True
93280032,4,True,True,True,True,False,3,0,True,TEMPORAL_SEQUENCE_VALID,CORE_STRICT_COUNT,DIRECT_REPORTED_CHAIN_COMPLETE,True
93280911,3,True,True,True,True,False,2,0,True,TEMPORAL_SEQUENCE_VALID,CORE_STRICT_COUNT,DIRECT_REPORTED_CHAIN_COMPLETE,True
93280912,2,True,True,True,True,False,1,0,True,TEMPORAL_SEQUENCE_VALID,CORE_STRICT_COUNT,DIRECT_REPORTED_CHAIN_COMPLETE,True
93281401,6,True,True,True,True,False,5,0,True,TEMPORAL_SEQUENCE_VALID,CORE_STRICT_COUNT,DIRECT_REPORTED_CHAIN_COMPLETE,True
93281402,6,True,True,True,True,False,5,0,True,TEMPORAL_SEQUENCE_VALID,CORE_STRICT_COUNT,DIRECT_REPORTED_CHAIN_COMPLETE,True
93281403,2,True,True,True,True,False,1,0,True,TEMPORAL_SEQUENCE_VALID,CORE_STRICT_COUNT,DIRECT_REPORTED_CHAIN_COMPLETE,True
93282301,2,True,True,True,True,False,1,0,True,TEMPORAL_SEQUENCE_VALID,CORE_STRICT_COUNT,DIRECT_REPORTED_CHAIN_COMPLETE,True
93282361,2,True,True,True,True,False,1,0,True,TEMPORAL_SEQUENCE_VALID,CORE_STRICT_COUNT,DIRECT_REPORTED_CHAIN_COMPLETE,True
93282362,5,True,True,True,True,False,4,0,True,TEMPORAL_SEQUENCE_VALID,CORE_STRICT_COUNT,DIRECT_REPORTED_CHAIN_COMPLETE,True
93282791,5,True,True,True,True,False,4,0,True,TEMPORAL_SEQUENCE_VALID,CORE_STRICT_COUNT,DIRECT_REPORTED_CHAIN_COMPLETE,True
93283381,1,True,True,True,True,False,0,0,True,TEMPORAL_SEQUENCE_VALID,CORE_STRICT_COUNT,DIRECT_REPORTED_CHAIN_COMPLETE,True
93283382,1,True,True,True,True,False,0,0,True,TEMPORAL_SEQUENCE_VALID,CORE_STRICT_COUNT,DIRECT_REPORTED_CHAIN_COMPLETE,True
93283383,1,True,True,True,True,False,0,0,True,TEMPORAL_SEQUENCE_VALID,CORE_STRICT_COUNT,DIRECT_REPORTED_CHAIN_COMPLETE,True
93284571,2,True,True,True,True,False,1,0,True,TEMPORAL_SEQUENCE_VALID,CORE_STRICT_COUNT,DIRECT_REPORTED_CHAIN_COMPLETE,True
93284572,2,True,True,True,True,False,1,0,True,TEMPORAL_SEQUENCE_VALID,CORE_STRICT_COUNT,DIRECT_REPORTED_CHAIN_COMPLETE,True
93285621,6,True,True,True,True,False,5,0,True,TEMPORAL_SEQUENCE_VALID,CORE_STRICT_COUNT,DIRECT_REPORTED_CHAIN_COMPLETE,True
93285861,2,True,True,True,True,False,1,0,True,TEMPORAL_SEQUENCE_VALID,CORE_STRICT_COUNT,DIRECT_REPORTED_CHAIN_COMPLETE,True
93286991,4,True,True,True,True,False,3,0,True,TEMPORAL_SEQUENCE_VALID,CORE_STRICT_COUNT,MIXED_DIRECT_RBW_UNTIMED,False
93287791,2,True,True,True,True,False,1,0,True,TEMPORAL_SEQUENCE_VALID,CORE_STRICT_COUNT,DIRECT_REPORTED_CHAIN_COMPLETE,True
93288051,3,True,True,True,True,False,2,0,True,TEMPORAL_SEQUENCE_VALID,CORE_STRICT_COUNT,MIXED_DIRECT_RBW_UNTIMED,False
93288052,5,True,True,True,True,False,4,0,True,TEMPORAL_SEQUENCE_VALID,CORE_STRICT_COUNT,DIRECT_REPORTED_CHAIN_COMPLETE,True
93288941,4,True,True,True,True,False,3,0,True,TEMPORAL_SEQUENCE_VALID,CORE_STRICT_COUNT,DIRECT_REPORTED_CHAIN_COMPLETE,True
93289671,4,True,True,True,True,False,3,0,True,TEMPORAL_SEQUENCE_VALID,CORE_STRICT_COUNT,DIRECT_REPORTED_CHAIN_COMPLETE,True
93289672,2,True,True,True,True,False,1,0,True,TEMPORAL_SEQUENCE_VALID,CORE_STRICT_COUNT,DIRECT_REPORTED_CHAIN_COMPLETE,True
93290971,7,True,True,True,True,False,6,0,True,TEMPORAL_SEQUENCE_VALID,CORE_STRICT_COUNT,DIRECT_REPORTED_CHAIN_COMPLETE,True
93291681,4,True,True,True,True,False,3,0,True,TEMPORAL_SEQUENCE_VALID,CORE_STRICT_COUNT,DIRECT_REPORTED_CHAIN_COMPLETE,True
93291682,2,True,True,True,True,False,1,0,True,TEMPORAL_SEQUENCE_VALID,CORE_STRICT_COUNT,DIRECT_REPORTED_CHAIN_COMPLETE,True
93292011,4,True,True,True,True,False,3,0,True,TEMPORAL_SEQUENCE_VALID,CORE_STRICT_COUNT,DIRECT_REPORTED_CHAIN_COMPLETE,True
93292012,1,True,True,True,True,False,0,0,True,TEMPORAL_SEQUENCE_VALID,CORE_STRICT_COUNT,DIRECT_REPORTED_CHAIN_COMPLETE,True
93292261,4,True,True,True,True,False,3,0,True,TEMPORAL_SEQUENCE_VALID,CORE_STRICT_COUNT,DIRECT_REPORTED_CHAIN_COMPLETE,True
93292581,5,True,True,True,True,False,4,0,True,TEMPORAL_SEQUENCE_VALID,CORE_STRICT_COUNT,DIRECT_REPORTED_CHAIN_COMPLETE,True
93293081,6,True,True,True,True,False,5,0,True,TEMPORAL_SEQUENCE_VALID,CORE_STRICT_COUNT,DIRECT_REPORTED_CHAIN_COMPLETE,True
93293481,2,True,True,True,True,False,1,0,True,TEMPORAL_SEQUENCE_VALID,CORE_STRICT_COUNT,MIXED_DIRECT_RBW_UNTIMED,False
93293482,5,True,False,True,True,False,4,0,False,INTRA_TRIP_DURATION_IMPLAUSIBLE,CORE_STRICT_COUNT,DIRECT_REPORTED_CHAIN_COMPLETE,False
93293484,5,True,False,True,True,False,4,0,False,INTRA_TRIP_DURATION_IMPLAUSIBLE,CORE_STRICT_COUNT,DIRECT_REPORTED_CHAIN_COMPLETE,False
93293631,6,True,True,True,True,False,5,0,True,TEMPORAL_SEQUENCE_VALID,CORE_STRICT_COUNT,DIRECT_REPORTED_CHAIN_COMPLETE,True
93297601,4,True,True,True,True,False,3,0,True,TEMPORAL_SEQUENCE_VALID,CORE_STRICT_COUNT,DIRECT_REPORTED_CHAIN_COMPLETE,True
93297602,2,True,True,True,True,False,1,0,True,TEMPORAL_SEQUENCE_VALID,CORE_STRICT_COUNT,DIRECT_REPORTED_CHAIN_COMPLETE,True
93297603,2,True,True,True,True,False,1,0,True,TEMPORAL_SEQUENCE_VALID,CORE_STRICT_COUNT,DIRECT_REPORTED_CHAIN_COMPLETE,True
93297604,2,True,True,True,True,False,1,0,True,TEMPORAL_SEQUENCE_VALID,CORE_STRICT_COUNT,DIRECT_REPORTED_CHAIN_COMPLETE,True
93298231,2,True,True,True,True,False,1,0,True,TEMPORAL_SEQUENCE_VALID,CORE_STRICT_COUNT,DIRECT_REPORTED_CHAIN_COMPLETE,True
93302251,3,True,True,True,True,False,2,0,True,TEMPORAL_SEQUENCE_VALID,CORE_STRICT_COUNT,DIRECT_REPORTED_CHAIN_COMPLETE,True
93302411,5,True,True,True,True,False,4,0,True,TEMPORAL_SEQUENCE_VALID,CORE_STRICT_COUNT,DIRECT_REPORTED_CHAIN_COMPLETE,True
93303391,2,True,True,True,True,False,1,0,True,TEMPORAL_SEQUENCE_VALID,CORE_STRICT_COUNT,DIRECT_REPORTED_CHAIN_COMPLETE,True
93304291,6,True,True,True,True,False,5,0,True,TEMPORAL_SEQUENCE_VALID,CORE_STRICT_COUNT,DIRECT_REPORTED_CHAIN_COMPLETE,True
93304292,4,True,True,True,True,False,3,0,True,TEMPORAL_SEQUENCE_VALID,CORE_STRICT_COUNT,DIRECT_REPORTED_CHAIN_COMPLETE,True
93305381,8,True,True,True,True,False,7,0,True,TEMPORAL_SEQUENCE_VALID,CORE_STRICT_COUNT,DIRECT_REPORTED_CHAIN_COMPLETE,True
93305382,4,True,True,True,True,False,3,0,True,TEMPORAL_SEQUENCE_VALID,CORE_STRICT_COUNT,DIRECT_REPORTED_CHAIN_COMPLETE,True
93306681,3,True,True,True,True,False,2,0,True,TEMPORAL_SEQUENCE_VALID,CORE_STRICT_COUNT,DIRECT_REPORTED_CHAIN_COMPLETE,True
93306682,6,True,True,True,True,False,5,0,True,TEMPORAL_SEQUENCE_VALID,CORE_STRICT_COUNT,DIRECT_REPORTED_CHAIN_COMPLETE,True
93306683,2,True,True,True,True,False,1,0,True,TEMPORAL_SEQUENCE_VALID,CORE_STRICT_COUNT,DIRECT_REPORTED_CHAIN_COMPLETE,True
93306684,4,True,True,True,True,False,3,0,True,TEMPORAL_SEQUENCE_VALID,CORE_STRICT_COUNT,DIRECT_REPORTED_CHAIN_COMPLETE,True
93307631,6,True,True,True,True,False,5,0,True,TEMPORAL_SEQUENCE_VALID,CORE_STRICT_COUNT,MIXED_DIRECT_RBW_UNTIMED,False
93307632,4,True,True,True,True,False,3,0,True,TEMPORAL_SEQUENCE_VALID,CORE_STRICT_COUNT,MIXED_DIRECT_RBW_UNTIMED,False
93308091,3,True,True,True,True,False,2,0,True,TEMPORAL_SEQUENCE_VALID,CORE_STRICT_COUNT,DIRECT_REPORTED_CHAIN_COMPLETE,True
93308092,2,True,True,True,True,False,1,0,True,TEMPORAL_SEQUENCE_VALID,CORE_STRICT_COUNT,DIRECT_REPORTED_CHAIN_COMPLETE,True
93308351,2,True,True,True,True,False,1,0,True,TEMPORAL_SEQUENCE_VALID,CORE_STRICT_COUNT,DIRECT_REPORTED_CHAIN_COMPLETE,True
93308352,2,True,True,True,True,False,1,0,True,TEMPORAL_SEQUENCE_VALID,CORE_STRICT_COUNT,DIRECT_REPORTED_CHAIN_COMPLETE,True
93310031,4,True,True,True,True,False,3,0,True,TEMPORAL_SEQUENCE_VALID,CORE_STRICT_COUNT,DIRECT_REPORTED_CHAIN_COMPLETE,True
93310161,8,True,True,True,True,False,7,0,True,TEMPORAL_SEQUENCE_VALID,CORE_STRICT_COUNT,DIRECT_REPORTED_CHAIN_COMPLETE,True
93310162,2,True,True,True,True,False,1,0,True,TEMPORAL_SEQUENCE_VALID,CORE_STRICT_COUNT,DIRECT_REPORTED_CHAIN_COMPLETE,True
93310891,8,True,True,True,True,False,7,0,True,TEMPORAL_SEQUENCE_VALID,CORE_STRICT_COUNT,DIRECT_ROWS_PLUS_UNDETAILED_TRIPS,False
93313561,7,True,True,True,True,False,6,0,True,TEMPORAL_SEQUENCE_VALID,CORE_STRICT_COUNT,DIRECT_REPORTED_CHAIN_COMPLETE,True
93313562,4,True,True,True,True,False,3,0,True,TEMPORAL_SEQUENCE_VALID,CORE_STRICT_COUNT,DIRECT_REPORTED_CHAIN_COMPLETE,True
93313631,4,True,True,True,True,False,3,0,True,TEMPORAL_SEQUENCE_VALID,CORE_STRICT_COUNT,DIRECT_REPORTED_CHAIN_COMPLETE,True
93313632,4,True,True,True,True,False,3,0,True,TEMPORAL_SEQUENCE_VALID,CORE_STRICT_COUNT,DIRECT_REPORTED_CHAIN_COMPLETE,True
93313634,4,True,True,True,True,False,3,0,True,TEMPORAL_SEQUENCE_VALID,CORE_STRICT_COUNT,DIRECT_REPORTED_CHAIN_COMPLETE,True
93315041,3,True,True,True,True,False,2,0,True,TEMPORAL_SEQUENCE_VALID,CORE_STRICT_COUNT,DIRECT_REPORTED_CHAIN_COMPLETE,True
93315042,4,True,True,True,True,False,3,0,True,TEMPORAL_SEQUENCE_VALID,CORE_STRICT_COUNT,DIRECT_REPORTED_CHAIN_COMPLETE,True
93315043,3,True,True,True,True,False,2,0,True,TEMPORAL_SEQUENCE_VALID,CORE_STRICT_COUNT,DIRECT_REPORTED_CHAIN_COMPLETE,True
93315161,5,True,True,True,True,False,4,0,True,TEMPORAL_SEQUENCE_VALID,CORE_STRICT_COUNT,DIRECT_REPORTED_CHAIN_COMPLETE,True
93315162,5,True,True,True,True,False,4,0,True,TEMPORAL_SEQUENCE_VALID,CORE_STRICT_COUNT,DIRECT_REPORTED_CHAIN_COMPLETE,True
93315163,5,True,True,True,True,False,4,0,True,TEMPORAL_SEQUENCE_VALID,CORE_STRICT_COUNT,DIRECT_REPORTED_CHAIN_COMPLETE,True
93316482,1,True,True,True,True,False,0,0,True,TEMPORAL_SEQUENCE_VALID,CORE_STRICT_COUNT,DIRECT_REPORTED_CHAIN_COMPLETE,True
93319302,2,True,True,True,True,False,1,0,True,TEMPORAL_SEQUENCE_VALID,CORE_STRICT_COUNT,DIRECT_REPORTED_CHAIN_COMPLETE,True
93319651,1,True,True,True,True,False,0,0,True,TEMPORAL_SEQUENCE_VALID,CORE_STRICT_COUNT,DIRECT_REPORTED_CHAIN_COMPLETE,True
93319671,1,True,True,True,True,False,0,0,True,TEMPORAL_SEQUENCE_VALID,CORE_STRICT_COUNT,MIXED_DIRECT_RBW_UNTIMED,False
93319691,5,True,True,True,True,False,4,0,True,TEMPORAL_SEQUENCE_VALID,CORE_STRICT_COUNT,DIRECT_REPORTED_CHAIN_COMPLETE,True
93319692,4,True,True,True,True,False,3,0,True,TEMPORAL_SEQUENCE_VALID,CORE_STRICT_COUNT,DIRECT_REPORTED_CHAIN_COMPLETE,True
93319821,2,True,True,True,True,False,1,0,True,TEMPORAL_SEQUENCE_VALID,CORE_STRICT_COUNT,DIRECT_REPORTED_CHAIN_COMPLETE,True
93319822,4,True,True,True,True,False,3,0,True,TEMPORAL_SEQUENCE_VALID,CORE_STRICT_COUNT,DIRECT_REPORTED_CHAIN_COMPLETE,True
93320751,4,True,True,True,True,False,3,0,True,TEMPORAL_SEQUENCE_VALID,CORE_STRICT_COUNT,DIRECT_REPORTED_CHAIN_COMPLETE,True
93321341,4,True,True,True,True,False,3,0,True,TEMPORAL_SEQUENCE_VALID,CORE_STRICT_COUNT,DIRECT_REPORTED_CHAIN_COMPLETE,True
93321342,2,True,True,True,True,False,1,0,True,TEMPORAL_SEQUENCE_VALID,CORE_STRICT_COUNT,DIRECT_REPORTED_CHAIN_COMPLETE,True
93322341,2,True,True,True,True,False,1,0,True,TEMPORAL_SEQUENCE_VALID,CORE_STRICT_COUNT,DIRECT_REPORTED_CHAIN_COMPLETE,True
93323611,2,True,True,True,True,False,1,0,True,TEMPORAL_SEQUENCE_VALID,CORE_STRICT_COUNT,DIRECT_REPORTED_CHAIN_COMPLETE,True
93323612,4,True,True,True,True,False,3,0,True,TEMPORAL_SEQUENCE_VALID,CORE_STRICT_COUNT,DIRECT_REPORTED_CHAIN_COMPLETE,True
93323613,4,True,True,True,True,False,3,0,True,TEMPORAL_SEQUENCE_VALID,CORE_STRICT_COUNT,DIRECT_REPORTED_CHAIN_COMPLETE,True
93323614,2,True,True,True,True,False,1,0,True,TEMPORAL_SEQUENCE_VALID,CORE_STRICT_COUNT,DIRECT_REPORTED_CHAIN_COMPLETE,True
93323711,4,True,True,True,True,False,3,0,True,TEMPORAL_SEQUENCE_VALID,CORE_STRICT_COUNT,DIRECT_REPORTED_CHAIN_COMPLETE,True
93324761,2,True,True,True,True,False,1,0,True,TEMPORAL_SEQUENCE_VALID,CORE_STRICT_COUNT,DIRECT_REPORTED_CHAIN_COMPLETE,True
93324762,4,True,True,True,True,False,3,0,True,TEMPORAL_SEQUENCE_VALID,CORE_STRICT_COUNT,DIRECT_REPORTED_CHAIN_COMPLETE,True
93326061,2,True,True,True,True,False,1,0,True,TEMPORAL_SEQUENCE_VALID,CORE_STRICT_COUNT,DIRECT_REPORTED_CHAIN_COMPLETE,True
93326881,4,True,True,True,True,False,3,0,True,TEMPORAL_SEQUENCE_VALID,CORE_STRICT_COUNT,DIRECT_REPORTED_CHAIN_COMPLETE,True
93331631,4,True,True,True,True,False,3,0,True,TEMPORAL_SEQUENCE_VALID,CORE_STRICT_COUNT,DIRECT_REPORTED_CHAIN_COMPLETE,True
93333141,3,False,False,True,True,False,2,0,False,TIME_COMPONENT_MISSING,CORE_STRICT_COUNT,DIRECT_REPORTED_CHAIN_COMPLETE,False
93333142,3,True,True,True,True,False,2,0,True,TEMPORAL_SEQUENCE_VALID,CORE_STRICT_COUNT,DIRECT_REPORTED_CHAIN_COMPLETE,True
93333143,3,True,True,True,True,False,2,0,True,TEMPORAL_SEQUENCE_VALID,CORE_STRICT_COUNT,DIRECT_REPORTED_CHAIN_COMPLETE,True
93333451,5,True,True,True,True,False,4,0,True,TEMPORAL_SEQUENCE_VALID,CORE_STRICT_COUNT,DIRECT_REPORTED_CHAIN_COMPLETE,True
93333581,2,True,True,True,True,False,1,0,True,TEMPORAL_SEQUENCE_VALID,CORE_STRICT_COUNT,DIRECT_REPORTED_CHAIN_COMPLETE,True
93336551,2,True,True,True,True,False,1,0,True,TEMPORAL_SEQUENCE_VALID,CORE_STRICT_COUNT,DIRECT_REPORTED_CHAIN_COMPLETE,True
93336652,2,True,True,True,True,False,1,0,True,TEMPORAL_SEQUENCE_VALID,CORE_STRICT_COUNT,DIRECT_REPORTED_CHAIN_COMPLETE,True
93336731,4,True,True,True,True,False,3,0,True,TEMPORAL_SEQUENCE_VALID,CORE_STRICT_COUNT,DIRECT_REPORTED_CHAIN_COMPLETE,True
93336732,4,True,True,True,True,False,3,0,True,TEMPORAL_SEQUENCE_VALID,CORE_STRICT_COUNT,DIRECT_REPORTED_CHAIN_COMPLETE,True
93339071,3,True,True,True,True,False,2,0,True,TEMPORAL_SEQUENCE_VALID,CORE_STRICT_COUNT,DIRECT_REPORTED_CHAIN_COMPLETE,True
93339072,3,True,True,True,True,False,2,0,True,TEMPORAL_SEQUENCE_VALID,CORE_STRICT_COUNT,DIRECT_REPORTED_CHAIN_COMPLETE,True
93339451,2,True,True,True,True,False,1,0,True,TEMPORAL_SEQUENCE_VALID,CORE_STRICT_COUNT,DIRECT_REPORTED_CHAIN_COMPLETE,True
93340571,3,True,True,True,True,False,2,0,True,TEMPORAL_SEQUENCE_VALID,CORE_STRICT_COUNT,DIRECT_REPORTED_CHAIN_COMPLETE,True
93340572,4,True,True,True,True,False,3,0,True,TEMPORAL_SEQUENCE_VALID,CORE_STRICT_COUNT,DIRECT_REPORTED_CHAIN_COMPLETE,True
93341641,2,True,True,True,True,False,1,0,True,TEMPORAL_SEQUENCE_VALID,CORE_STRICT_COUNT,DIRECT_REPORTED_CHAIN_COMPLETE,True
93342851,2,True,True,True,True,False,1,0,True,TEMPORAL_SEQUENCE_VALID,CORE_STRICT_COUNT,DIRECT_REPORTED_CHAIN_COMPLETE,True
93342911,4,True,True,True,True,False,3,0,True,TEMPORAL_SEQUENCE_VALID,CORE_STRICT_COUNT,DIRECT_REPORTED_CHAIN_COMPLETE,True
93342912,4,True,True,True,True,False,3,0,True,TEMPORAL_SEQUENCE_VALID,CORE_STRICT_COUNT,DIRECT_REPORTED_CHAIN_COMPLETE,True
93343091,2,True,True,True,True,False,1,0,True,TEMPORAL_SEQUENCE_VALID,CORE_STRICT_COUNT,DIRECT_REPORTED_CHAIN_COMPLETE,True
93343771,6,True,True,True,True,False,5,0,True,TEMPORAL_SEQUENCE_VALID,CORE_STRICT_COUNT,DIRECT_REPORTED_CHAIN_COMPLETE,True
93344121,3,True,True,True,True,False,2,0,True,TEMPORAL_SEQUENCE_VALID,CORE_STRICT_COUNT,DIRECT_REPORTED_CHAIN_COMPLETE,True
93345332,4,True,True,True,True,False,3,0,True,TEMPORAL_SEQUENCE_VALID,CORE_STRICT_COUNT,DIRECT_REPORTED_CHAIN_COMPLETE,True
93347381,5,True,True,True,True,False,4,0,True,TEMPORAL_SEQUENCE_VALID,CORE_STRICT_COUNT,DIRECT_REPORTED_CHAIN_COMPLETE,True
93348901,1,True,True,True,True,False,0,0,True,TEMPORAL_SEQUENCE_VALID,CORE_STRICT_COUNT,DIRECT_REPORTED_CHAIN_COMPLETE,True
93350041,2,True,True,True,True,False,1,0,True,TEMPORAL_SEQUENCE_VALID,CORE_STRICT_COUNT,DIRECT_REPORTED_CHAIN_COMPLETE,True
93350042,2,True,True,True,True,False,1,0,True,TEMPORAL_SEQUENCE_VALID,CORE_STRICT_COUNT,DIRECT_REPORTED_CHAIN_COMPLETE,True
93350043,2,True,True,True,True,False,1,0,True,TEMPORAL_SEQUENCE_VALID,CORE_STRICT_COUNT,DIRECT_REPORTED_CHAIN_COMPLETE,True
93350044,4,True,True,True,True,False,3,0,True,TEMPORAL_SEQUENCE_VALID,CORE_STRICT_COUNT,DIRECT_REPORTED_CHAIN_COMPLETE,True
93350212,2,True,True,True,True,False,1,0,True,TEMPORAL_SEQUENCE_VALID,CORE_STRICT_COUNT,DIRECT_REPORTED_CHAIN_COMPLETE,True
93351271,5,True,True,True,True,False,4,0,True,TEMPORAL_SEQUENCE_VALID,CORE_STRICT_COUNT,DIRECT_REPORTED_CHAIN_COMPLETE,True
93351272,3,True,True,True,True,False,2,0,True,TEMPORAL_SEQUENCE_VALID,CORE_STRICT_COUNT,DIRECT_REPORTED_CHAIN_COMPLETE,True
93351273,3,True,True,True,True,False,2,0,True,TEMPORAL_SEQUENCE_VALID,CORE_STRICT_COUNT,MIXED_DIRECT_RBW_UNTIMED,False
93351942,2,True,True,True,True,False,1,0,True,TEMPORAL_SEQUENCE_VALID,CORE_STRICT_COUNT,DIRECT_REPORTED_CHAIN_COMPLETE,True
93353741,4,True,True,True,True,False,3,0,True,TEMPORAL_SEQUENCE_VALID,CORE_STRICT_COUNT,DIRECT_REPORTED_CHAIN_COMPLETE,True
93353742,3,True,True,True,False,False,2,1,False,INTER_TRIP_OVERLAP_OR_NEXTDAY_CONFLICT,CORE_STRICT_COUNT,DIRECT_REPORTED_CHAIN_COMPLETE,False
93353861,5,True,True,True,True,False,4,0,True,TEMPORAL_SEQUENCE_VALID,CORE_STRICT_COUNT,DIRECT_REPORTED_CHAIN_COMPLETE,True
93354461,4,True,True,True,True,False,3,0,True,TEMPORAL_SEQUENCE_VALID,CORE_STRICT_COUNT,DIRECT_REPORTED_CHAIN_COMPLETE,True
93358331,3,True,True,True,True,False,2,0,True,TEMPORAL_SEQUENCE_VALID,CORE_STRICT_COUNT,DIRECT_REPORTED_CHAIN_COMPLETE,True
93358332,3,True,True,True,True,False,2,0,True,TEMPORAL_SEQUENCE_VALID,CORE_STRICT_COUNT,DIRECT_REPORTED_CHAIN_COMPLETE,True
93358333,2,True,True,True,True,False,1,0,True,TEMPORAL_SEQUENCE_VALID,CORE_STRICT_COUNT,DIRECT_REPORTED_CHAIN_COMPLETE,True
93358334,3,True,True,True,True,False,2,0,True,TEMPORAL_SEQUENCE_VALID,CORE_STRICT_COUNT,DIRECT_REPORTED_CHAIN_COMPLETE,True
93360411,4,True,True,True,True,False,3,0,True,TEMPORAL_SEQUENCE_VALID,CORE_STRICT_COUNT,DIRECT_REPORTED_CHAIN_COMPLETE,True
93360412,2,True,True,True,True,False,1,0,True,TEMPORAL_SEQUENCE_VALID,CORE_STRICT_COUNT,DIRECT_REPORTED_CHAIN_COMPLETE,True
93360413,2,True,True,True,True,False,1,0,True,TEMPORAL_SEQUENCE_VALID,CORE_STRICT_COUNT,DIRECT_REPORTED_CHAIN_COMPLETE,True
93361271,4,True,True,True,True,False,3,0,True,TEMPORAL_SEQUENCE_VALID,CORE_STRICT_COUNT,DIRECT_REPORTED_CHAIN_COMPLETE,True
93361272,4,True,True,True,True,False,3,0,True,TEMPORAL_SEQUENCE_VALID,CORE_STRICT_COUNT,DIRECT_REPORTED_CHAIN_COMPLETE,True
93361273,4,True,True,True,True,False,3,0,True,TEMPORAL_SEQUENCE_VALID,CORE_STRICT_COUNT,DIRECT_REPORTED_CHAIN_COMPLETE,True
93362421,2,True,True,True,True,False,1,0,True,TEMPORAL_SEQUENCE_VALID,CORE_STRICT_COUNT,DIRECT_REPORTED_CHAIN_COMPLETE,True
93362911,2,True,True,True,True,False,1,0,True,TEMPORAL_SEQUENCE_VALID,CORE_STRICT_COUNT,DIRECT_REPORTED_CHAIN_COMPLETE,True
93362912,4,False,False,True,True,False,2,0,False,TIME_COMPONENT_MISSING,CORE_STRICT_COUNT,DIRECT_REPORTED_CHAIN_COMPLETE,False
93362913,4,True,True,True,True,False,3,0,True,TEMPORAL_SEQUENCE_VALID,CORE_STRICT_COUNT,DIRECT_REPORTED_CHAIN_COMPLETE,True
93362914,2,True,True,True,True,False,1,0,True,TEMPORAL_SEQUENCE_VALID,CORE_STRICT_COUNT,DIRECT_REPORTED_CHAIN_COMPLETE,True
93363171,8,True,True,True,True,False,7,0,True,TEMPORAL_SEQUENCE_VALID,ANALYTIC_WITH_COMPONENT_WARNING,DIRECT_ROWS_UNDETAILED_PLUS_RBW_UNKNOWN,False
93363172,2,True,True,True,True,False,1,0,True,TEMPORAL_SEQUENCE_VALID,CORE_STRICT_COUNT,DIRECT_REPORTED_CHAIN_COMPLETE,True
93363551,4,False,False,True,True,False,3,0,False,TIME_COMPONENT_MISSING,CORE_STRICT_COUNT,DIRECT_REPORTED_CHAIN_COMPLETE,False
93363552,3,True,True,True,True,False,2,0,True,TEMPORAL_SEQUENCE_VALID,CORE_STRICT_COUNT,DIRECT_REPORTED_CHAIN_COMPLETE,True
93363871,5,True,True,True,False,False,4,2,False,INTER_TRIP_OVERLAP_OR_NEXTDAY_CONFLICT,CORE_STRICT_COUNT,DIRECT_REPORTED_CHAIN_COMPLETE,False
93363872,4,True,True,True,True,False,3,0,True,TEMPORAL_SEQUENCE_VALID,ANALYTIC_WITH_COMPONENT_WARNING,DIRECT_ROWS_RBW_COUNT_UNKNOWN,False
93363873,3,True,True,True,True,False,2,0,True,TEMPORAL_SEQUENCE_VALID,ANALYTIC_WITH_COMPONENT_WARNING,DIRECT_ROWS_RBW_COUNT_UNKNOWN,False
93363874,3,True,True,True,True,False,2,0,True,TEMPORAL_SEQUENCE_VALID,CORE_STRICT_COUNT,DIRECT_REPORTED_CHAIN_COMPLETE,True
93363875,7,True,True,True,True,False,6,0,True,TEMPORAL_SEQUENCE_VALID,CORE_STRICT_COUNT,DIRECT_REPORTED_CHAIN_COMPLETE,True
93363876,4,True,True,True,True,False,3,0,True,TEMPORAL_SEQUENCE_VALID,CORE_STRICT_COUNT,DIRECT_REPORTED_CHAIN_COMPLETE,True
93366221,6,True,True,True,True,False,5,0,True,TEMPORAL_SEQUENCE_VALID,CORE_STRICT_COUNT,MIXED_DIRECT_RBW_UNTIMED,False
93366222,2,True,True,True,True,False,1,0,True,TEMPORAL_SEQUENCE_VALID,CORE_STRICT_COUNT,DIRECT_REPORTED_CHAIN_COMPLETE,True
93366223,2,True,True,True,True,False,1,0,True,TEMPORAL_SEQUENCE_VALID,CORE_STRICT_COUNT,DIRECT_REPORTED_CHAIN_COMPLETE,True
93366561,1,True,True,True,True,False,0,0,True,TEMPORAL_SEQUENCE_VALID,CORE_STRICT_COUNT,DIRECT_REPORTED_CHAIN_COMPLETE,True
93367001,4,True,True,True,True,False,3,0,True,TEMPORAL_SEQUENCE_VALID,CORE_STRICT_COUNT,DIRECT_REPORTED_CHAIN_COMPLETE,True
93367101,2,True,True,True,True,False,1,0,True,TEMPORAL_SEQUENCE_VALID,CORE_STRICT_COUNT,DIRECT_REPORTED_CHAIN_COMPLETE,True
93367102,2,True,True,True,True,False,1,0,True,TEMPORAL_SEQUENCE_VALID,CORE_STRICT_COUNT,DIRECT_REPORTED_CHAIN_COMPLETE,True
93367103,2,True,True,True,True,False,1,0,True,TEMPORAL_SEQUENCE_VALID,CORE_STRICT_COUNT,DIRECT_REPORTED_CHAIN_COMPLETE,True
93367341,5,True,True,True,True,False,4,0,True,TEMPORAL_SEQUENCE_VALID,CORE_STRICT_COUNT,DIRECT_REPORTED_CHAIN_COMPLETE,True
93367342,4,True,True,True,True,False,3,0,True,TEMPORAL_SEQUENCE_VALID,CORE_STRICT_COUNT,DIRECT_REPORTED_CHAIN_COMPLETE,True
93369511,3,True,True,True,True,False,2,0,True,TEMPORAL_SEQUENCE_VALID,CORE_STRICT_COUNT,DIRECT_REPORTED_CHAIN_COMPLETE,True
93369512,3,True,True,True,True,False,2,0,True,TEMPORAL_SEQUENCE_VALID,CORE_STRICT_COUNT,DIRECT_REPORTED_CHAIN_COMPLETE,True
93369513,3,True,True,True,True,False,2,0,True,TEMPORAL_SEQUENCE_VALID,CORE_STRICT_COUNT,DIRECT_REPORTED_CHAIN_COMPLETE,True
93369514,3,True,True,True,True,False,2,0,True,TEMPORAL_SEQUENCE_VALID,CORE_STRICT_COUNT,DIRECT_REPORTED_CHAIN_COMPLETE,True
93369621,1,True,True,True,True,False,0,0,True,TEMPORAL_SEQUENCE_VALID,CORE_STRICT_COUNT,DIRECT_REPORTED_CHAIN_COMPLETE,True
93370991,2,True,True,True,True,False,1,0,True,TEMPORAL_SEQUENCE_VALID,CORE_STRICT_COUNT,DIRECT_REPORTED_CHAIN_COMPLETE,True
93370992,2,True,True,True,True,False,1,0,True,TEMPORAL_SEQUENCE_VALID,CORE_STRICT_COUNT,DIRECT_REPORTED_CHAIN_COMPLETE,True
93370993,2,True,True,True,True,False,1,0,True,TEMPORAL_SEQUENCE_VALID,CORE_STRICT_COUNT,DIRECT_REPORTED_CHAIN_COMPLETE,True
93373371,5,True,True,True,True,False,4,0,True,TEMPORAL_SEQUENCE_VALID,CORE_STRICT_COUNT,DIRECT_REPORTED_CHAIN_COMPLETE,True
93373372,3,True,True,True,True,False,2,0,True,TEMPORAL_SEQUENCE_VALID,CORE_STRICT_COUNT,DIRECT_REPORTED_CHAIN_COMPLETE,True
93373471,2,True,True,True,True,False,1,0,True,TEMPORAL_SEQUENCE_VALID,CORE_STRICT_COUNT,DIRECT_REPORTED_CHAIN_COMPLETE,True
93373472,2,True,True,True,True,False,1,0,True,TEMPORAL_SEQUENCE_VALID,CORE_STRICT_COUNT,DIRECT_REPORTED_CHAIN_COMPLETE,True
93374851,4,True,True,True,True,False,3,0,True,TEMPORAL_SEQUENCE_VALID,CORE_STRICT_COUNT,DIRECT_REPORTED_CHAIN_COMPLETE,True
93374852,6,True,True,True,True,False,5,0,True,TEMPORAL_SEQUENCE_VALID,CORE_STRICT_COUNT,DIRECT_REPORTED_CHAIN_COMPLETE,True
93375001,3,True,True,True,True,False,2,0,True,TEMPORAL_SEQUENCE_VALID,CORE_STRICT_COUNT,DIRECT_REPORTED_CHAIN_COMPLETE,True
93375571,3,True,True,True,True,False,2,0,True,TEMPORAL_SEQUENCE_VALID,CORE_STRICT_COUNT,DIRECT_REPORTED_CHAIN_COMPLETE,True
93375572,3,True,True,True,True,False,2,0,True,TEMPORAL_SEQUENCE_VALID,CORE_STRICT_COUNT,DIRECT_REPORTED_CHAIN_COMPLETE,True
93375573,2,True,True,True,True,False,1,0,True,TEMPORAL_SEQUENCE_VALID,CORE_STRICT_COUNT,DIRECT_REPORTED_CHAIN_COMPLETE,True
93376521,4,True,True,True,True,False,3,0,True,TEMPORAL_SEQUENCE_VALID,CORE_STRICT_COUNT,DIRECT_REPORTED_CHAIN_COMPLETE,True
93376522,4,True,True,True,True,False,3,0,True,TEMPORAL_SEQUENCE_VALID,CORE_STRICT_COUNT,DIRECT_REPORTED_CHAIN_COMPLETE,True
93380341,2,True,True,True,True,False,1,0,True,TEMPORAL_SEQUENCE_VALID,CORE_STRICT_COUNT,DIRECT_REPORTED_CHAIN_COMPLETE,True
93380342,2,True,True,True,True,False,1,0,True,TEMPORAL_SEQUENCE_VALID,CORE_STRICT_COUNT,DIRECT_REPORTED_CHAIN_COMPLETE,True
93380881,8,True,True,True,True,False,7,0,True,TEMPORAL_SEQUENCE_VALID,CORE_STRICT_COUNT,DIRECT_REPORTED_CHAIN_COMPLETE,True
93380882,5,True,True,True,True,False,4,0,True,TEMPORAL_SEQUENCE_VALID,CORE_STRICT_COUNT,DIRECT_REPORTED_CHAIN_COMPLETE,True
93382171,5,True,True,True,True,False,4,0,True,TEMPORAL_SEQUENCE_VALID,CORE_STRICT_COUNT,DIRECT_REPORTED_CHAIN_COMPLETE,True
93382172,6,True,True,True,True,False,5,0,True,TEMPORAL_SEQUENCE_VALID,CORE_STRICT_COUNT,DIRECT_REPORTED_CHAIN_COMPLETE,True
93382173,2,True,True,True,True,False,1,0,True,TEMPORAL_SEQUENCE_VALID,CORE_STRICT_COUNT,DIRECT_REPORTED_CHAIN_COMPLETE,True
93382174,2,True,True,True,True,False,1,0,True,TEMPORAL_SEQUENCE_VALID,CORE_STRICT_COUNT,DIRECT_REPORTED_CHAIN_COMPLETE,True
93383831,3,True,True,True,True,False,2,0,True,TEMPORAL_SEQUENCE_VALID,CORE_STRICT_COUNT,DIRECT_REPORTED_CHAIN_COMPLETE,True
93383832,3,True,True,True,True,False,2,0,True,TEMPORAL_SEQUENCE_VALID,CORE_STRICT_COUNT,DIRECT_REPORTED_CHAIN_COMPLETE,True
93384831,2,True,True,True,True,False,1,0,True,TEMPORAL_SEQUENCE_VALID,CORE_STRICT_COUNT,DIRECT_REPORTED_CHAIN_COMPLETE,True
93385321,6,True,True,True,True,False,5,0,True,TEMPORAL_SEQUENCE_VALID,CORE_STRICT_COUNT,DIRECT_REPORTED_CHAIN_COMPLETE,True
93385931,1,True,True,True,True,False,0,0,True,TEMPORAL_SEQUENCE_VALID,CORE_STRICT_COUNT,DIRECT_REPORTED_CHAIN_COMPLETE,True
93386541,3,True,True,True,True,False,2,0,True,TEMPORAL_SEQUENCE_VALID,CORE_STRICT_COUNT,DIRECT_REPORTED_CHAIN_COMPLETE,True
93389601,3,True,True,True,True,False,2,0,True,TEMPORAL_SEQUENCE_VALID,CORE_STRICT_COUNT,DIRECT_REPORTED_CHAIN_COMPLETE,True
93389602,3,True,True,True,True,False,2,0,True,TEMPORAL_SEQUENCE_VALID,CORE_STRICT_COUNT,DIRECT_REPORTED_CHAIN_COMPLETE,True
93394281,3,True,True,True,True,False,2,0,True,TEMPORAL_SEQUENCE_VALID,CORE_STRICT_COUNT,MIXED_DIRECT_RBW_UNTIMED,False
93397621,5,True,True,True,True,False,4,0,True,TEMPORAL_SEQUENCE_VALID,CORE_STRICT_COUNT,DIRECT_REPORTED_CHAIN_COMPLETE,True
93398371,4,True,True,True,True,False,3,0,True,TEMPORAL_SEQUENCE_VALID,CORE_STRICT_COUNT,DIRECT_REPORTED_CHAIN_COMPLETE,True
93398372,4,True,True,True,True,False,3,0,True,TEMPORAL_SEQUENCE_VALID,CORE_STRICT_COUNT,DIRECT_REPORTED_CHAIN_COMPLETE,True
93398671,4,True,True,True,True,False,3,0,True,TEMPORAL_SEQUENCE_VALID,CORE_STRICT_COUNT,DIRECT_REPORTED_CHAIN_COMPLETE,True
93399141,8,True,True,True,True,False,7,0,True,TEMPORAL_SEQUENCE_VALID,CORE_STRICT_COUNT,DIRECT_REPORTED_CHAIN_COMPLETE,True
93399142,2,True,True,True,True,False,1,0,True,TEMPORAL_SEQUENCE_VALID,CORE_STRICT_COUNT,DIRECT_REPORTED_CHAIN_COMPLETE,True
93399143,4,True,True,True,True,False,3,0,True,TEMPORAL_SEQUENCE_VALID,CORE_STRICT_COUNT,DIRECT_REPORTED_CHAIN_COMPLETE,True
93399144,6,True,True,True,True,False,5,0,True,TEMPORAL_SEQUENCE_VALID,CORE_STRICT_COUNT,DIRECT_REPORTED_CHAIN_COMPLETE,True
93399511,4,True,True,True,True,False,3,0,True,TEMPORAL_SEQUENCE_VALID,CORE_STRICT_COUNT,DIRECT_REPORTED_CHAIN_COMPLETE,True
93401291,2,True,True,True,True,False,1,0,True,TEMPORAL_SEQUENCE_VALID,CORE_STRICT_COUNT,DIRECT_REPORTED_CHAIN_COMPLETE,True
93401292,2,True,True,True,True,False,1,0,True,TEMPORAL_SEQUENCE_VALID,CORE_STRICT_COUNT,DIRECT_REPORTED_CHAIN_COMPLETE,True
93401293,2,True,True,True,True,False,1,0,True,TEMPORAL_SEQUENCE_VALID,CORE_STRICT_COUNT,DIRECT_REPORTED_CHAIN_COMPLETE,True
93401294,2,True,True,True,True,False,1,0,True,TEMPORAL_SEQUENCE_VALID,CORE_STRICT_COUNT,DIRECT_REPORTED_CHAIN_COMPLETE,True
93404811,2,True,True,True,True,False,1,0,True,TEMPORAL_SEQUENCE_VALID,CORE_STRICT_COUNT,DIRECT_REPORTED_CHAIN_COMPLETE,True
93404972,3,True,True,True,True,False,2,0,True,TEMPORAL_SEQUENCE_VALID,CORE_STRICT_COUNT,DIRECT_REPORTED_CHAIN_COMPLETE,True
93404973,2,True,True,True,True,False,1,0,True,TEMPORAL_SEQUENCE_VALID,CORE_STRICT_COUNT,DIRECT_REPORTED_CHAIN_COMPLETE,True
93404974,2,True,False,True,True,False,1,0,False,INTRA_TRIP_DURATION_IMPLAUSIBLE,CORE_STRICT_COUNT,DIRECT_REPORTED_CHAIN_COMPLETE,False
93406101,5,True,True,True,True,False,4,0,True,TEMPORAL_SEQUENCE_VALID,CORE_STRICT_COUNT,MIXED_DIRECT_RBW_UNTIMED,False
93406431,5,True,True,True,True,False,4,0,True,TEMPORAL_SEQUENCE_VALID,CORE_STRICT_COUNT,DIRECT_REPORTED_CHAIN_COMPLETE,True
93407682,2,True,True,True,True,False,1,0,True,TEMPORAL_SEQUENCE_VALID,CORE_STRICT_COUNT,DIRECT_REPORTED_CHAIN_COMPLETE,True
93407683,1,True,True,True,True,False,0,0,True,TEMPORAL_SEQUENCE_VALID,CORE_STRICT_COUNT,DIRECT_REPORTED_CHAIN_COMPLETE,True
93407791,4,True,True,True,True,False,3,0,True,TEMPORAL_SEQUENCE_VALID,CORE_STRICT_COUNT,DIRECT_REPORTED_CHAIN_COMPLETE,True
93407792,3,True,True,True,True,False,2,0,True,TEMPORAL_SEQUENCE_VALID,CORE_STRICT_COUNT,DIRECT_REPORTED_CHAIN_COMPLETE,True
93408631,1,True,True,True,True,False,0,0,True,TEMPORAL_SEQUENCE_VALID,CORE_STRICT_COUNT,DIRECT_REPORTED_CHAIN_COMPLETE,True
93408632,3,True,True,True,True,False,2,0,True,TEMPORAL_SEQUENCE_VALID,CORE_STRICT_COUNT,DIRECT_REPORTED_CHAIN_COMPLETE,True
93409141,2,True,True,True,True,False,1,0,True,TEMPORAL_SEQUENCE_VALID,CORE_STRICT_COUNT,DIRECT_REPORTED_CHAIN_COMPLETE,True
93409142,2,True,True,True,True,False,1,0,True,TEMPORAL_SEQUENCE_VALID,CORE_STRICT_COUNT,DIRECT_REPORTED_CHAIN_COMPLETE,True
93409581,7,True,True,True,True,False,6,0,True,TEMPORAL_SEQUENCE_VALID,CORE_STRICT_COUNT,DIRECT_REPORTED_CHAIN_COMPLETE,True
93409582,2,True,True,True,True,False,1,0,True,TEMPORAL_SEQUENCE_VALID,CORE_STRICT_COUNT,DIRECT_REPORTED_CHAIN_COMPLETE,True
93410471,6,True,True,True,True,False,5,0,True,TEMPORAL_SEQUENCE_VALID,CORE_STRICT_COUNT,DIRECT_REPORTED_CHAIN_COMPLETE,True
93411331,4,True,True,True,True,False,3,0,True,TEMPORAL_SEQUENCE_VALID,CORE_STRICT_COUNT,DIRECT_REPORTED_CHAIN_COMPLETE,True
93412551,2,True,True,True,True,False,1,0,True,TEMPORAL_SEQUENCE_VALID,CORE_STRICT_COUNT,DIRECT_REPORTED_CHAIN_COMPLETE,True
93412552,2,True,False,True,True,False,1,0,False,INTRA_TRIP_DURATION_IMPLAUSIBLE,CORE_STRICT_COUNT,DIRECT_REPORTED_CHAIN_COMPLETE,False
93412781,4,True,True,True,True,False,3,0,True,TEMPORAL_SEQUENCE_VALID,CORE_STRICT_COUNT,DIRECT_REPORTED_CHAIN_COMPLETE,True
93413041,3,True,True,True,True,False,2,0,True,TEMPORAL_SEQUENCE_VALID,CORE_STRICT_COUNT,DIRECT_REPORTED_CHAIN_COMPLETE,True
93413042,1,True,True,True,True,False,0,0,True,TEMPORAL_SEQUENCE_VALID,CORE_STRICT_COUNT,DIRECT_REPORTED_CHAIN_COMPLETE,True
93413211,4,True,True,True,True,False,3,0,True,TEMPORAL_SEQUENCE_VALID,CORE_STRICT_COUNT,DIRECT_REPORTED_CHAIN_COMPLETE,True
93413212,6,True,True,True,True,False,5,0,True,TEMPORAL_SEQUENCE_VALID,CORE_STRICT_COUNT,DIRECT_REPORTED_CHAIN_COMPLETE,True
93413481,1,True,True,True,True,False,0,0,True,TEMPORAL_SEQUENCE_VALID,CORE_STRICT_COUNT,DIRECT_REPORTED_CHAIN_COMPLETE,True
93413482,3,True,True,True,True,False,2,0,True,TEMPORAL_SEQUENCE_VALID,CORE_STRICT_COUNT,DIRECT_REPORTED_CHAIN_COMPLETE,True
93413781,1,True,True,True,True,False,0,0,True,TEMPORAL_SEQUENCE_VALID,CORE_STRICT_COUNT,DIRECT_REPORTED_CHAIN_COMPLETE,True
93413801,6,True,True,True,True,False,5,0,True,TEMPORAL_SEQUENCE_VALID,CORE_STRICT_COUNT,DIRECT_REPORTED_CHAIN_COMPLETE,True
93414001,3,True,True,True,True,False,2,0,True,TEMPORAL_SEQUENCE_VALID,CORE_STRICT_COUNT,DIRECT_REPORTED_CHAIN_COMPLETE,True
93414002,4,True,True,True,True,False,3,0,True,TEMPORAL_SEQUENCE_VALID,CORE_STRICT_COUNT,DIRECT_REPORTED_CHAIN_COMPLETE,True
93415831,1,True,True,True,True,False,0,0,True,TEMPORAL_SEQUENCE_VALID,CORE_STRICT_COUNT,DIRECT_REPORTED_CHAIN_COMPLETE,True
93415832,1,True,True,True,True,False,0,0,True,TEMPORAL_SEQUENCE_VALID,CORE_STRICT_COUNT,DIRECT_REPORTED_CHAIN_COMPLETE,True
93417111,2,True,True,True,True,False,1,0,True,TEMPORAL_SEQUENCE_VALID,CORE_STRICT_COUNT,DIRECT_REPORTED_CHAIN_COMPLETE,True
93417112,1,True,True,True,True,False,0,0,True,TEMPORAL_SEQUENCE_VALID,CORE_STRICT_COUNT,DIRECT_REPORTED_CHAIN_COMPLETE,True
93418071,3,True,True,True,True,False,2,0,True,TEMPORAL_SEQUENCE_VALID,ANALYTIC_WITH_COMPONENT_WARNING,DIRECT_ROWS_RBW_COUNT_UNKNOWN,False
93418072,2,True,True,True,True,False,1,0,True,TEMPORAL_SEQUENCE_VALID,CORE_STRICT_COUNT,DIRECT_REPORTED_CHAIN_COMPLETE,True
93419161,2,True,True,True,True,False,1,0,True,TEMPORAL_SEQUENCE_VALID,CORE_STRICT_COUNT,DIRECT_REPORTED_CHAIN_COMPLETE,True
93419341,3,True,True,True,True,False,2,0,True,TEMPORAL_SEQUENCE_VALID,CORE_STRICT_COUNT,DIRECT_REPORTED_CHAIN_COMPLETE,True
93419342,2,True,True,True,True,False,1,0,True,TEMPORAL_SEQUENCE_VALID,CORE_STRICT_COUNT,DIRECT_REPORTED_CHAIN_COMPLETE,True
93420141,5,True,True,True,True,False,4,0,True,TEMPORAL_SEQUENCE_VALID,CORE_STRICT_COUNT,DIRECT_REPORTED_CHAIN_COMPLETE,True
93420631,2,True,True,True,True,False,1,0,True,TEMPORAL_SEQUENCE_VALID,CORE_STRICT_COUNT,DIRECT_REPORTED_CHAIN_COMPLETE,True
93420791,4,True,True,True,True,False,3,0,True,TEMPORAL_SEQUENCE_VALID,CORE_STRICT_COUNT,MIXED_DIRECT_RBW_UNTIMED,False
93422191,6,True,True,True,True,False,5,0,True,TEMPORAL_SEQUENCE_VALID,CORE_STRICT_COUNT,DIRECT_REPORTED_CHAIN_COMPLETE,True
93422192,2,True,True,True,True,False,1,0,True,TEMPORAL_SEQUENCE_VALID,CORE_STRICT_COUNT,DIRECT_REPORTED_CHAIN_COMPLETE,True
93422193,3,True,True,True,True,False,2,0,True,TEMPORAL_SEQUENCE_VALID,CORE_STRICT_COUNT,DIRECT_REPORTED_CHAIN_COMPLETE,True
93422194,4,True,True,True,True,False,3,0,True,TEMPORAL_SEQUENCE_VALID,CORE_STRICT_COUNT,DIRECT_REPORTED_CHAIN_COMPLETE,True
93423331,2,True,True,True,True,False,1,0,True,TEMPORAL_SEQUENCE_VALID,CORE_STRICT_COUNT,DIRECT_REPORTED_CHAIN_COMPLETE,True
93423332,2,True,True,True,True,False,1,0,True,TEMPORAL_SEQUENCE_VALID,CORE_STRICT_COUNT,DIRECT_REPORTED_CHAIN_COMPLETE,True
93424341,7,True,True,True,True,False,6,0,True,TEMPORAL_SEQUENCE_VALID,CORE_STRICT_COUNT,DIRECT_REPORTED_CHAIN_COMPLETE,True
93424342,2,True,True,True,True,False,1,0,True,TEMPORAL_SEQUENCE_VALID,CORE_STRICT_COUNT,DIRECT_REPORTED_CHAIN_COMPLETE,True
93424351,4,True,True,True,True,False,3,0,True,TEMPORAL_SEQUENCE_VALID,CORE_STRICT_COUNT,DIRECT_REPORTED_CHAIN_COMPLETE,True
93424353,3,True,False,True,True,False,2,0,False,INTRA_TRIP_DURATION_IMPLAUSIBLE,CORE_STRICT_COUNT,DIRECT_REPORTED_CHAIN_COMPLETE,False
93424354,3,True,True,True,True,False,2,0,True,TEMPORAL_SEQUENCE_VALID,CORE_STRICT_COUNT,DIRECT_REPORTED_CHAIN_COMPLETE,True
93426681,4,True,True,True,True,False,3,0,True,TEMPORAL_SEQUENCE_VALID,CORE_STRICT_COUNT,DIRECT_REPORTED_CHAIN_COMPLETE,True
93426682,4,True,True,True,True,False,3,0,True,TEMPORAL_SEQUENCE_VALID,CORE_STRICT_COUNT,DIRECT_REPORTED_CHAIN_COMPLETE,True
93427411,4,True,True,True,True,False,3,0,True,TEMPORAL_SEQUENCE_VALID,CORE_STRICT_COUNT,MIXED_DIRECT_RBW_UNTIMED,False
93427511,2,True,True,True,True,False,1,0,True,TEMPORAL_SEQUENCE_VALID,CORE_STRICT_COUNT,DIRECT_REPORTED_CHAIN_COMPLETE,True
93427512,5,True,True,True,True,False,4,0,True,TEMPORAL_SEQUENCE_VALID,CORE_STRICT_COUNT,DIRECT_REPORTED_CHAIN_COMPLETE,True
93428501,4,True,True,True,True,False,3,0,True,TEMPORAL_SEQUENCE_VALID,CORE_STRICT_COUNT,DIRECT_REPORTED_CHAIN_COMPLETE,True
93428502,1,True,False,True,True,False,0,0,False,INTRA_TRIP_DURATION_IMPLAUSIBLE,CORE_STRICT_COUNT,DIRECT_REPORTED_CHAIN_COMPLETE,False
93428881,2,True,True,True,True,False,1,0,True,TEMPORAL_SEQUENCE_VALID,CORE_STRICT_COUNT,DIRECT_REPORTED_CHAIN_COMPLETE,True
93428882,2,True,True,True,True,False,1,0,True,TEMPORAL_SEQUENCE_VALID,CORE_STRICT_COUNT,DIRECT_REPORTED_CHAIN_COMPLETE,True
93428883,2,True,True,True,True,False,1,0,True,TEMPORAL_SEQUENCE_VALID,CORE_STRICT_COUNT,DIRECT_REPORTED_CHAIN_COMPLETE,True
93429511,2,True,True,True,True,False,1,0,True,TEMPORAL_SEQUENCE_VALID,CORE_STRICT_COUNT,DIRECT_REPORTED_CHAIN_COMPLETE,True
93430291,5,True,True,True,True,False,4,0,True,TEMPORAL_SEQUENCE_VALID,ANALYTIC_WITH_COMPONENT_WARNING,DIRECT_ROWS_RBW_COUNT_UNKNOWN,False
93430292,2,True,True,True,True,False,1,0,True,TEMPORAL_SEQUENCE_VALID,CORE_STRICT_COUNT,DIRECT_REPORTED_CHAIN_COMPLETE,True
93430293,3,True,True,True,True,False,2,0,True,TEMPORAL_SEQUENCE_VALID,CORE_STRICT_COUNT,DIRECT_REPORTED_CHAIN_COMPLETE,True
93430294,5,True,True,True,True,False,4,0,True,TEMPORAL_SEQUENCE_VALID,CORE_STRICT_COUNT,DIRECT_REPORTED_CHAIN_COMPLETE,True
93430295,3,True,True,True,True,False,2,0,True,TEMPORAL_SEQUENCE_VALID,CORE_STRICT_COUNT,DIRECT_REPORTED_CHAIN_COMPLETE,True
93430371,6,True,True,True,True,False,5,0,True,TEMPORAL_SEQUENCE_VALID,CORE_STRICT_COUNT,DIRECT_REPORTED_CHAIN_COMPLETE,True
93430372,4,True,True,True,True,False,3,0,True,TEMPORAL_SEQUENCE_VALID,CORE_STRICT_COUNT,DIRECT_REPORTED_CHAIN_COMPLETE,True
93430373,2,True,True,True,True,False,1,0,True,TEMPORAL_SEQUENCE_VALID,CORE_STRICT_COUNT,DIRECT_REPORTED_CHAIN_COMPLETE,True
93430391,5,True,True,True,True,False,4,0,True,TEMPORAL_SEQUENCE_VALID,CORE_STRICT_COUNT,DIRECT_REPORTED_CHAIN_COMPLETE,True
93430393,2,True,True,True,True,False,1,0,True,TEMPORAL_SEQUENCE_VALID,CORE_STRICT_COUNT,DIRECT_REPORTED_CHAIN_COMPLETE,True
93430394,2,True,True,True,True,False,1,0,True,TEMPORAL_SEQUENCE_VALID,CORE_STRICT_COUNT,DIRECT_REPORTED_CHAIN_COMPLETE,True
93435051,1,True,True,True,True,False,0,0,True,TEMPORAL_SEQUENCE_VALID,CORE_STRICT_COUNT,DIRECT_REPORTED_CHAIN_COMPLETE,True
93435231,2,True,True,True,True,False,1,0,True,TEMPORAL_SEQUENCE_VALID,CORE_STRICT_COUNT,DIRECT_REPORTED_CHAIN_COMPLETE,True
93435232,2,True,True,True,True,False,1,0,True,TEMPORAL_SEQUENCE_VALID,CORE_STRICT_COUNT,DIRECT_REPORTED_CHAIN_COMPLETE,True
93435971,3,True,True,True,True,False,2,0,True,TEMPORAL_SEQUENCE_VALID,CORE_STRICT_COUNT,DIRECT_REPORTED_CHAIN_COMPLETE,True
93435972,4,True,True,True,True,False,3,0,True,TEMPORAL_SEQUENCE_VALID,CORE_STRICT_COUNT,DIRECT_REPORTED_CHAIN_COMPLETE,True
93439091,2,True,True,True,True,False,1,0,True,TEMPORAL_SEQUENCE_VALID,CORE_STRICT_COUNT,DIRECT_REPORTED_CHAIN_COMPLETE,True
93440001,1,True,True,True,True,False,0,0,True,TEMPORAL_SEQUENCE_VALID,CORE_STRICT_COUNT,DIRECT_REPORTED_CHAIN_COMPLETE,True
93441641,4,True,True,True,True,False,3,0,True,TEMPORAL_SEQUENCE_VALID,CORE_STRICT_COUNT,DIRECT_REPORTED_CHAIN_COMPLETE,True
93441981,2,True,True,True,True,False,1,0,True,TEMPORAL_SEQUENCE_VALID,CORE_STRICT_COUNT,DIRECT_REPORTED_CHAIN_COMPLETE,True
93441982,2,True,True,True,True,False,1,0,True,TEMPORAL_SEQUENCE_VALID,CORE_STRICT_COUNT,DIRECT_REPORTED_CHAIN_COMPLETE,True
93443642,4,True,True,True,True,False,3,0,True,TEMPORAL_SEQUENCE_VALID,CORE_STRICT_COUNT,DIRECT_REPORTED_CHAIN_COMPLETE,True
93443643,3,True,True,True,True,False,2,0,True,TEMPORAL_SEQUENCE_VALID,CORE_STRICT_COUNT,DIRECT_REPORTED_CHAIN_COMPLETE,True
93445401,5,True,True,True,True,False,4,0,True,TEMPORAL_SEQUENCE_VALID,CORE_STRICT_COUNT,DIRECT_REPORTED_CHAIN_COMPLETE,True
93445402,5,True,True,True,True,False,4,0,True,TEMPORAL_SEQUENCE_VALID,CORE_STRICT_COUNT,DIRECT_REPORTED_CHAIN_COMPLETE,True
93445403,2,True,True,True,True,False,1,0,True,TEMPORAL_SEQUENCE_VALID,CORE_STRICT_COUNT,DIRECT_REPORTED_CHAIN_COMPLETE,True
93446381,3,True,True,True,True,False,2,0,True,TEMPORAL_SEQUENCE_VALID,CORE_STRICT_COUNT,DIRECT_REPORTED_CHAIN_COMPLETE,True
93446382,5,True,True,True,True,False,4,0,True,TEMPORAL_SEQUENCE_VALID,CORE_STRICT_COUNT,DIRECT_REPORTED_CHAIN_COMPLETE,True
93446383,3,True,True,True,True,False,2,0,True,TEMPORAL_SEQUENCE_VALID,CORE_STRICT_COUNT,DIRECT_REPORTED_CHAIN_COMPLETE,True
93446641,1,True,True,True,True,False,0,0,True,TEMPORAL_SEQUENCE_VALID,CORE_STRICT_COUNT,DIRECT_REPORTED_CHAIN_COMPLETE,True
93448411,2,True,True,True,True,False,1,0,True,TEMPORAL_SEQUENCE_VALID,CORE_STRICT_COUNT,DIRECT_REPORTED_CHAIN_COMPLETE,True
93449111,2,True,True,True,True,False,1,0,True,TEMPORAL_SEQUENCE_VALID,CORE_STRICT_COUNT,DIRECT_REPORTED_CHAIN_COMPLETE,True
93449251,4,True,True,True,True,False,3,0,True,TEMPORAL_SEQUENCE_VALID,CORE_STRICT_COUNT,MIXED_DIRECT_RBW_UNTIMED,False
93450121,5,True,True,True,True,False,4,0,True,TEMPORAL_SEQUENCE_VALID,CORE_STRICT_COUNT,DIRECT_REPORTED_CHAIN_COMPLETE,True
93450122,5,True,True,True,True,False,4,0,True,TEMPORAL_SEQUENCE_VALID,CORE_STRICT_COUNT,DIRECT_REPORTED_CHAIN_COMPLETE,True
93450271,6,True,True,True,True,False,5,0,True,TEMPORAL_SEQUENCE_VALID,CORE_STRICT_COUNT,DIRECT_REPORTED_CHAIN_COMPLETE,True
93450273,3,True,True,True,True,False,2,0,True,TEMPORAL_SEQUENCE_VALID,CORE_STRICT_COUNT,DIRECT_REPORTED_CHAIN_COMPLETE,True
93450274,4,True,True,True,True,False,3,0,True,TEMPORAL_SEQUENCE_VALID,CORE_STRICT_COUNT,DIRECT_REPORTED_CHAIN_COMPLETE,True
93452451,2,True,True,True,True,False,1,0,True,TEMPORAL_SEQUENCE_VALID,CORE_STRICT_COUNT,DIRECT_REPORTED_CHAIN_COMPLETE,True
93452452,2,True,True,True,True,False,1,0,True,TEMPORAL_SEQUENCE_VALID,CORE_STRICT_COUNT,DIRECT_REPORTED_CHAIN_COMPLETE,True
93452671,4,True,True,True,True,False,3,0,True,TEMPORAL_SEQUENCE_VALID,CORE_STRICT_COUNT,DIRECT_REPORTED_CHAIN_COMPLETE,True
93452672,4,True,True,True,True,False,3,0,True,TEMPORAL_SEQUENCE_VALID,CORE_STRICT_COUNT,DIRECT_REPORTED_CHAIN_COMPLETE,True
93453921,3,True,True,True,True,False,2,0,True,TEMPORAL_SEQUENCE_VALID,CORE_STRICT_COUNT,DIRECT_REPORTED_CHAIN_COMPLETE,True
93453922,6,True,True,True,True,False,5,0,True,TEMPORAL_SEQUENCE_VALID,CORE_STRICT_COUNT,DIRECT_REPORTED_CHAIN_COMPLETE,True
93453923,4,True,True,True,True,False,3,0,True,TEMPORAL_SEQUENCE_VALID,CORE_STRICT_COUNT,DIRECT_REPORTED_CHAIN_COMPLETE,True
93453924,4,True,True,True,True,False,3,0,True,TEMPORAL_SEQUENCE_VALID,CORE_STRICT_COUNT,DIRECT_REPORTED_CHAIN_COMPLETE,True
93453925,4,True,True,True,True,False,3,0,True,TEMPORAL_SEQUENCE_VALID,CORE_STRICT_COUNT,DIRECT_REPORTED_CHAIN_COMPLETE,True
93453931,2,True,True,True,True,False,1,0,True,TEMPORAL_SEQUENCE_VALID,CORE_STRICT_COUNT,DIRECT_REPORTED_CHAIN_COMPLETE,True
93453932,4,True,True,True,True,False,3,0,True,TEMPORAL_SEQUENCE_VALID,CORE_STRICT_COUNT,DIRECT_REPORTED_CHAIN_COMPLETE,True
93455421,4,True,True,True,True,False,3,0,True,TEMPORAL_SEQUENCE_VALID,CORE_STRICT_COUNT,DIRECT_REPORTED_CHAIN_COMPLETE,True
93455671,4,True,True,True,True,False,3,0,True,TEMPORAL_SEQUENCE_VALID,CORE_STRICT_COUNT,DIRECT_REPORTED_CHAIN_COMPLETE,True
93455672,2,True,True,True,True,False,1,0,True,TEMPORAL_SEQUENCE_VALID,CORE_STRICT_COUNT,DIRECT_REPORTED_CHAIN_COMPLETE,True
93457471,2,True,True,True,True,False,1,0,True,TEMPORAL_SEQUENCE_VALID,CORE_STRICT_COUNT,DIRECT_REPORTED_CHAIN_COMPLETE,True
93457472,2,True,True,True,True,False,1,0,True,TEMPORAL_SEQUENCE_VALID,CORE_STRICT_COUNT,DIRECT_REPORTED_CHAIN_COMPLETE,True
93457781,1,True,True,True,True,False,0,0,True,TEMPORAL_SEQUENCE_VALID,CORE_STRICT_COUNT,DIRECT_REPORTED_CHAIN_COMPLETE,True
93459181,2,True,True,True,True,False,1,0,True,TEMPORAL_SEQUENCE_VALID,CORE_STRICT_COUNT,DIRECT_REPORTED_CHAIN_COMPLETE,True
93459411,4,True,True,True,True,False,3,0,True,TEMPORAL_SEQUENCE_VALID,CORE_STRICT_COUNT,DIRECT_REPORTED_CHAIN_COMPLETE,True
93459412,2,True,True,True,True,False,1,0,True,TEMPORAL_SEQUENCE_VALID,CORE_STRICT_COUNT,DIRECT_REPORTED_CHAIN_COMPLETE,True
93459413,2,True,True,True,True,False,1,0,True,TEMPORAL_SEQUENCE_VALID,CORE_STRICT_COUNT,DIRECT_REPORTED_CHAIN_COMPLETE,True
93459421,5,True,True,True,True,False,4,0,True,TEMPORAL_SEQUENCE_VALID,CORE_STRICT_COUNT,DIRECT_REPORTED_CHAIN_COMPLETE,True
93459422,2,True,True,True,True,False,1,0,True,TEMPORAL_SEQUENCE_VALID,CORE_STRICT_COUNT,DIRECT_REPORTED_CHAIN_COMPLETE,True
93461851,3,False,False,True,True,False,2,0,False,TIME_COMPONENT_MISSING,CORE_STRICT_COUNT,DIRECT_REPORTED_CHAIN_COMPLETE,False
93463171,2,True,True,True,True,False,1,0,True,TEMPORAL_SEQUENCE_VALID,CORE_STRICT_COUNT,DIRECT_REPORTED_CHAIN_COMPLETE,True
93463172,4,True,True,True,True,False,3,0,True,TEMPORAL_SEQUENCE_VALID,CORE_STRICT_COUNT,DIRECT_REPORTED_CHAIN_COMPLETE,True
93463174,2,True,True,True,True,False,1,0,True,TEMPORAL_SEQUENCE_VALID,CORE_STRICT_COUNT,DIRECT_REPORTED_CHAIN_COMPLETE,True
93467061,6,True,True,True,True,False,5,0,True,TEMPORAL_SEQUENCE_VALID,CORE_STRICT_COUNT,MIXED_DIRECT_RBW_UNTIMED,False
93467251,2,True,True,True,True,False,1,0,True,TEMPORAL_SEQUENCE_VALID,CORE_STRICT_COUNT,DIRECT_REPORTED_CHAIN_COMPLETE,True
93467253,2,True,True,True,True,False,1,0,True,TEMPORAL_SEQUENCE_VALID,CORE_STRICT_COUNT,DIRECT_REPORTED_CHAIN_COMPLETE,True
93467441,4,True,True,True,True,False,3,0,True,TEMPORAL_SEQUENCE_VALID,CORE_STRICT_COUNT,DIRECT_REPORTED_CHAIN_COMPLETE,True
93468271,3,True,True,True,True,False,2,0,True,TEMPORAL_SEQUENCE_VALID,CORE_STRICT_COUNT,DIRECT_REPORTED_CHAIN_COMPLETE,True
93469711,2,True,True,True,True,False,1,0,True,TEMPORAL_SEQUENCE_VALID,CORE_STRICT_COUNT,DIRECT_REPORTED_CHAIN_COMPLETE,True
93469712,2,True,True,True,True,False,1,0,True,TEMPORAL_SEQUENCE_VALID,CORE_STRICT_COUNT,DIRECT_REPORTED_CHAIN_COMPLETE,True
93470932,4,True,True,True,True,False,3,0,True,TEMPORAL_SEQUENCE_VALID,CORE_STRICT_COUNT,DIRECT_REPORTED_CHAIN_COMPLETE,True
93472471,4,True,True,True,True,False,3,0,True,TEMPORAL_SEQUENCE_VALID,CORE_STRICT_COUNT,DIRECT_REPORTED_CHAIN_COMPLETE,True
93472472,3,True,True,True,True,False,2,0,True,TEMPORAL_SEQUENCE_VALID,CORE_STRICT_COUNT,DIRECT_REPORTED_CHAIN_COMPLETE,True
93472911,6,True,True,True,True,False,5,0,True,TEMPORAL_SEQUENCE_VALID,CORE_STRICT_COUNT,DIRECT_REPORTED_CHAIN_COMPLETE,True
93473501,2,True,True,True,True,False,1,0,True,TEMPORAL_SEQUENCE_VALID,CORE_STRICT_COUNT,DIRECT_REPORTED_CHAIN_COMPLETE,True
93473502,1,True,True,True,True,False,0,0,True,TEMPORAL_SEQUENCE_VALID,CORE_STRICT_COUNT,DIRECT_REPORTED_CHAIN_COMPLETE,True
93474671,3,True,True,True,True,False,2,0,True,TEMPORAL_SEQUENCE_VALID,CORE_STRICT_COUNT,DIRECT_REPORTED_CHAIN_COMPLETE,True
93474672,2,True,True,True,True,False,1,0,True,TEMPORAL_SEQUENCE_VALID,CORE_STRICT_COUNT,DIRECT_REPORTED_CHAIN_COMPLETE,True
93478111,3,True,True,True,True,False,2,0,True,TEMPORAL_SEQUENCE_VALID,CORE_STRICT_COUNT,DIRECT_REPORTED_CHAIN_COMPLETE,True
93478112,5,True,True,True,True,False,4,0,True,TEMPORAL_SEQUENCE_VALID,CORE_STRICT_COUNT,MIXED_DIRECT_RBW_UNTIMED,False
93479861,6,True,True,True,True,False,5,0,True,TEMPORAL_SEQUENCE_VALID,CORE_STRICT_COUNT,DIRECT_REPORTED_CHAIN_COMPLETE,True
93481401,1,True,True,True,True,False,0,0,True,TEMPORAL_SEQUENCE_VALID,CORE_STRICT_COUNT,DIRECT_REPORTED_CHAIN_COMPLETE,True
93481402,3,True,True,True,True,False,2,0,True,TEMPORAL_SEQUENCE_VALID,CORE_STRICT_COUNT,DIRECT_REPORTED_CHAIN_COMPLETE,True
93481403,3,True,True,True,True,False,2,0,True,TEMPORAL_SEQUENCE_VALID,CORE_STRICT_COUNT,DIRECT_REPORTED_CHAIN_COMPLETE,True
93481404,1,True,True,True,True,False,0,0,True,TEMPORAL_SEQUENCE_VALID,CORE_STRICT_COUNT,DIRECT_REPORTED_CHAIN_COMPLETE,True
93483941,7,True,True,True,True,False,6,0,True,TEMPORAL_SEQUENCE_VALID,CORE_STRICT_COUNT,DIRECT_REPORTED_CHAIN_COMPLETE,True
93483943,7,True,True,True,True,False,6,0,True,TEMPORAL_SEQUENCE_VALID,CORE_STRICT_COUNT,DIRECT_REPORTED_CHAIN_COMPLETE,True
93484031,2,True,True,True,True,False,1,0,True,TEMPORAL_SEQUENCE_VALID,CORE_STRICT_COUNT,DIRECT_REPORTED_CHAIN_COMPLETE,True
93484032,5,True,True,True,True,False,4,0,True,TEMPORAL_SEQUENCE_VALID,CORE_STRICT_COUNT,DIRECT_REPORTED_CHAIN_COMPLETE,True
93484033,2,True,True,True,True,False,1,0,True,TEMPORAL_SEQUENCE_VALID,CORE_STRICT_COUNT,DIRECT_REPORTED_CHAIN_COMPLETE,True
93484034,2,True,True,True,True,False,1,0,True,TEMPORAL_SEQUENCE_VALID,CORE_STRICT_COUNT,DIRECT_REPORTED_CHAIN_COMPLETE,True
93484411,7,True,True,True,True,False,6,0,True,TEMPORAL_SEQUENCE_VALID,CORE_STRICT_COUNT,MIXED_DIRECT_RBW_UNTIMED,False
93484412,5,True,True,True,True,False,4,0,True,TEMPORAL_SEQUENCE_VALID,CORE_STRICT_COUNT,DIRECT_REPORTED_CHAIN_COMPLETE,True
93485381,9,True,True,True,True,False,8,0,True,TEMPORAL_SEQUENCE_VALID,CORE_STRICT_COUNT,DIRECT_REPORTED_CHAIN_COMPLETE,True
93485711,6,True,True,True,True,False,5,0,True,TEMPORAL_SEQUENCE_VALID,CORE_STRICT_COUNT,DIRECT_REPORTED_CHAIN_COMPLETE,True
93485712,6,True,True,True,True,False,5,0,True,TEMPORAL_SEQUENCE_VALID,CORE_STRICT_COUNT,DIRECT_REPORTED_CHAIN_COMPLETE,True
93487591,3,True,True,True,True,False,2,0,True,TEMPORAL_SEQUENCE_VALID,CORE_STRICT_COUNT,DIRECT_REPORTED_CHAIN_COMPLETE,True
93487592,2,True,True,True,True,False,1,0,True,TEMPORAL_SEQUENCE_VALID,CORE_STRICT_COUNT,DIRECT_REPORTED_CHAIN_COMPLETE,True
93487711,8,True,True,True,True,False,7,0,True,TEMPORAL_SEQUENCE_VALID,CORE_STRICT_COUNT,DIRECT_REPORTED_CHAIN_COMPLETE,True
93487712,4,True,True,True,False,False,3,1,False,INTER_TRIP_OVERLAP_OR_NEXTDAY_CONFLICT,CORE_STRICT_COUNT,DIRECT_REPORTED_CHAIN_COMPLETE,False
93488181,6,True,True,True,True,False,5,0,True,TEMPORAL_SEQUENCE_VALID,CORE_STRICT_COUNT,DIRECT_REPORTED_CHAIN_COMPLETE,True
93488182,8,True,True,True,True,False,7,0,True,TEMPORAL_SEQUENCE_VALID,CORE_STRICT_COUNT,DIRECT_REPORTED_CHAIN_COMPLETE,True
93488183,8,True,True,True,True,False,7,0,True,TEMPORAL_SEQUENCE_VALID,CORE_STRICT_COUNT,DIRECT_REPORTED_CHAIN_COMPLETE,True
93489771,6,True,True,True,True,False,5,0,True,TEMPORAL_SEQUENCE_VALID,CORE_STRICT_COUNT,DIRECT_REPORTED_CHAIN_COMPLETE,True
93489773,3,True,True,True,True,False,2,0,True,TEMPORAL_SEQUENCE_VALID,CORE_STRICT_COUNT,DIRECT_REPORTED_CHAIN_COMPLETE,True
93489774,5,True,True,True,True,False,4,0,True,TEMPORAL_SEQUENCE_VALID,CORE_STRICT_COUNT,DIRECT_REPORTED_CHAIN_COMPLETE,True
93489775,5,True,True,True,True,False,4,0,True,TEMPORAL_SEQUENCE_VALID,CORE_STRICT_COUNT,DIRECT_REPORTED_CHAIN_COMPLETE,True
93489871,4,True,True,True,True,False,3,0,True,TEMPORAL_SEQUENCE_VALID,CORE_STRICT_COUNT,DIRECT_REPORTED_CHAIN_COMPLETE,True
93491121,1,True,True,True,True,False,0,0,True,TEMPORAL_SEQUENCE_VALID,CORE_STRICT_COUNT,DIRECT_REPORTED_CHAIN_COMPLETE,True
93492381,5,True,True,True,True,False,4,0,True,TEMPORAL_SEQUENCE_VALID,CORE_STRICT_COUNT,DIRECT_REPORTED_CHAIN_COMPLETE,True
93492382,3,True,False,True,True,False,2,0,False,INTRA_TRIP_DURATION_IMPLAUSIBLE,CORE_STRICT_COUNT,MIXED_DIRECT_RBW_UNTIMED,False
93492383,4,True,True,True,True,False,3,0,True,TEMPORAL_SEQUENCE_VALID,CORE_STRICT_COUNT,DIRECT_REPORTED_CHAIN_COMPLETE,True
93494131,2,True,True,True,True,False,1,0,True,TEMPORAL_SEQUENCE_VALID,CORE_STRICT_COUNT,DIRECT_REPORTED_CHAIN_COMPLETE,True
93496361,2,True,True,True,True,False,1,0,True,TEMPORAL_SEQUENCE_VALID,CORE_STRICT_COUNT,DIRECT_REPORTED_CHAIN_COMPLETE,True
93496362,2,True,True,True,True,False,1,0,True,TEMPORAL_SEQUENCE_VALID,CORE_STRICT_COUNT,DIRECT_REPORTED_CHAIN_COMPLETE,True
93496363,4,True,True,True,True,False,3,0,True,TEMPORAL_SEQUENCE_VALID,CORE_STRICT_COUNT,DIRECT_REPORTED_CHAIN_COMPLETE,True
93499391,6,True,True,True,True,False,5,0,True,TEMPORAL_SEQUENCE_VALID,CORE_STRICT_COUNT,DIRECT_REPORTED_CHAIN_COMPLETE,True
93499392,7,True,True,True,True,False,6,0,True,TEMPORAL_SEQUENCE_VALID,CORE_STRICT_COUNT,DIRECT_REPORTED_CHAIN_COMPLETE,True
93499421,6,True,True,True,True,False,5,0,True,TEMPORAL_SEQUENCE_VALID,CORE_STRICT_COUNT,MIXED_DIRECT_RBW_UNTIMED,False
93502271,4,True,True,True,True,False,3,0,True,TEMPORAL_SEQUENCE_VALID,CORE_STRICT_COUNT,DIRECT_REPORTED_CHAIN_COMPLETE,True
93502272,2,True,True,True,True,False,1,0,True,TEMPORAL_SEQUENCE_VALID,CORE_STRICT_COUNT,DIRECT_REPORTED_CHAIN_COMPLETE,True
93502631,8,True,True,True,True,False,7,0,True,TEMPORAL_SEQUENCE_VALID,CORE_STRICT_COUNT,DIRECT_REPORTED_CHAIN_COMPLETE,True
93502721,2,True,True,True,True,False,1,0,True,TEMPORAL_SEQUENCE_VALID,CORE_STRICT_COUNT,DIRECT_REPORTED_CHAIN_COMPLETE,True
93502722,2,True,True,True,True,False,1,0,True,TEMPORAL_SEQUENCE_VALID,CORE_STRICT_COUNT,DIRECT_REPORTED_CHAIN_COMPLETE,True
93502723,2,True,True,True,True,False,1,0,True,TEMPORAL_SEQUENCE_VALID,CORE_STRICT_COUNT,MIXED_DIRECT_RBW_UNTIMED,False
93503281,3,True,True,True,True,False,2,0,True,TEMPORAL_SEQUENCE_VALID,CORE_STRICT_COUNT,DIRECT_REPORTED_CHAIN_COMPLETE,True
93503471,3,True,True,True,True,False,2,0,True,TEMPORAL_SEQUENCE_VALID,CORE_STRICT_COUNT,DIRECT_REPORTED_CHAIN_COMPLETE,True
93503472,4,True,True,True,True,False,3,0,True,TEMPORAL_SEQUENCE_VALID,CORE_STRICT_COUNT,DIRECT_REPORTED_CHAIN_COMPLETE,True
93503473,2,True,True,True,True,False,1,0,True,TEMPORAL_SEQUENCE_VALID,CORE_STRICT_COUNT,DIRECT_REPORTED_CHAIN_COMPLETE,True
93503731,4,True,True,True,True,False,3,0,True,TEMPORAL_SEQUENCE_VALID,CORE_STRICT_COUNT,DIRECT_REPORTED_CHAIN_COMPLETE,True
93503881,6,True,True,True,True,False,5,0,True,TEMPORAL_SEQUENCE_VALID,CORE_STRICT_COUNT,DIRECT_REPORTED_CHAIN_COMPLETE,True
93503882,6,True,True,True,True,False,5,0,True,TEMPORAL_SEQUENCE_VALID,CORE_STRICT_COUNT,DIRECT_REPORTED_CHAIN_COMPLETE,True
93504001,4,True,True,True,True,False,3,0,True,TEMPORAL_SEQUENCE_VALID,CORE_STRICT_COUNT,DIRECT_REPORTED_CHAIN_COMPLETE,True
93505071,3,True,True,True,True,False,2,0,True,TEMPORAL_SEQUENCE_VALID,CORE_STRICT_COUNT,DIRECT_REPORTED_CHAIN_COMPLETE,True
93505072,2,True,True,True,True,False,1,0,True,TEMPORAL_SEQUENCE_VALID,CORE_STRICT_COUNT,DIRECT_REPORTED_CHAIN_COMPLETE,True
93505073,2,True,True,True,True,False,1,0,True,TEMPORAL_SEQUENCE_VALID,CORE_STRICT_COUNT,DIRECT_REPORTED_CHAIN_COMPLETE,True
93505181,4,True,True,True,True,False,3,0,True,TEMPORAL_SEQUENCE_VALID,CORE_STRICT_COUNT,DIRECT_REPORTED_CHAIN_COMPLETE,True
93505182,4,True,True,True,True,False,3,0,True,TEMPORAL_SEQUENCE_VALID,CORE_STRICT_COUNT,DIRECT_REPORTED_CHAIN_COMPLETE,True
93505551,2,True,True,True,True,False,1,0,True,TEMPORAL_SEQUENCE_VALID,CORE_STRICT_COUNT,DIRECT_REPORTED_CHAIN_COMPLETE,True
93505611,2,True,True,True,True,False,1,0,True,TEMPORAL_SEQUENCE_VALID,CORE_STRICT_COUNT,DIRECT_REPORTED_CHAIN_COMPLETE,True
93505612,3,True,True,True,True,False,2,0,True,TEMPORAL_SEQUENCE_VALID,CORE_STRICT_COUNT,DIRECT_REPORTED_CHAIN_COMPLETE,True
93506551,2,True,True,True,True,False,1,0,True,TEMPORAL_SEQUENCE_VALID,CORE_STRICT_COUNT,DIRECT_REPORTED_CHAIN_COMPLETE,True
93506552,4,True,True,True,True,False,3,0,True,TEMPORAL_SEQUENCE_VALID,CORE_STRICT_COUNT,DIRECT_REPORTED_CHAIN_COMPLETE,True
93506553,2,True,True,True,True,False,1,0,True,TEMPORAL_SEQUENCE_VALID,CORE_STRICT_COUNT,DIRECT_REPORTED_CHAIN_COMPLETE,True
93506631,1,True,True,True,True,False,0,0,True,TEMPORAL_SEQUENCE_VALID,CORE_STRICT_COUNT,DIRECT_REPORTED_CHAIN_COMPLETE,True
93508901,2,True,True,True,True,False,1,0,True,TEMPORAL_SEQUENCE_VALID,CORE_STRICT_COUNT,DIRECT_REPORTED_CHAIN_COMPLETE,True
93509311,2,True,True,True,True,False,1,0,True,TEMPORAL_SEQUENCE_VALID,CORE_STRICT_COUNT,DIRECT_REPORTED_CHAIN_COMPLETE,True
93509312,3,True,True,True,True,False,2,0,True,TEMPORAL_SEQUENCE_VALID,CORE_STRICT_COUNT,DIRECT_REPORTED_CHAIN_COMPLETE,True
93509371,2,True,True,True,True,False,1,0,True,TEMPORAL_SEQUENCE_VALID,CORE_STRICT_COUNT,DIRECT_REPORTED_CHAIN_COMPLETE,True
93512683,2,True,True,True,True,False,1,0,True,TEMPORAL_SEQUENCE_VALID,CORE_STRICT_COUNT,DIRECT_REPORTED_CHAIN_COMPLETE,True
93512684,4,True,True,True,True,False,3,0,True,TEMPORAL_SEQUENCE_VALID,CORE_STRICT_COUNT,DIRECT_REPORTED_CHAIN_COMPLETE,True
93512686,2,True,True,True,True,False,1,0,True,TEMPORAL_SEQUENCE_VALID,CORE_STRICT_COUNT,DIRECT_REPORTED_CHAIN_COMPLETE,True
93514151,2,True,True,True,True,False,1,0,True,TEMPORAL_SEQUENCE_VALID,CORE_STRICT_COUNT,DIRECT_REPORTED_CHAIN_COMPLETE,True
93515011,4,True,True,True,True,False,3,0,True,TEMPORAL_SEQUENCE_VALID,CORE_STRICT_COUNT,DIRECT_REPORTED_CHAIN_COMPLETE,True
93515012,3,True,True,True,True,False,2,0,True,TEMPORAL_SEQUENCE_VALID,CORE_STRICT_COUNT,DIRECT_REPORTED_CHAIN_COMPLETE,True
93516611,6,True,True,True,True,False,5,0,True,TEMPORAL_SEQUENCE_VALID,CORE_STRICT_COUNT,DIRECT_REPORTED_CHAIN_COMPLETE,True
93516612,2,True,True,True,True,False,1,0,True,TEMPORAL_SEQUENCE_VALID,CORE_STRICT_COUNT,DIRECT_REPORTED_CHAIN_COMPLETE,True
93516891,4,True,True,True,True,False,3,0,True,TEMPORAL_SEQUENCE_VALID,CORE_STRICT_COUNT,DIRECT_REPORTED_CHAIN_COMPLETE,True
93516892,4,True,True,True,True,False,3,0,True,TEMPORAL_SEQUENCE_VALID,CORE_STRICT_COUNT,DIRECT_REPORTED_CHAIN_COMPLETE,True
93517691,4,True,True,True,True,False,3,0,True,TEMPORAL_SEQUENCE_VALID,CORE_STRICT_COUNT,DIRECT_REPORTED_CHAIN_COMPLETE,True
93517692,4,True,True,True,True,False,3,0,True,TEMPORAL_SEQUENCE_VALID,CORE_STRICT_COUNT,DIRECT_REPORTED_CHAIN_COMPLETE,True
93517693,4,True,True,True,True,False,3,0,True,TEMPORAL_SEQUENCE_VALID,CORE_STRICT_COUNT,DIRECT_REPORTED_CHAIN_COMPLETE,True
93517694,4,True,True,True,True,False,3,0,True,TEMPORAL_SEQUENCE_VALID,CORE_STRICT_COUNT,DIRECT_REPORTED_CHAIN_COMPLETE,True
93518671,4,True,True,True,True,False,3,0,True,TEMPORAL_SEQUENCE_VALID,CORE_STRICT_COUNT,DIRECT_REPORTED_CHAIN_COMPLETE,True
93518672,3,True,True,True,True,False,2,0,True,TEMPORAL_SEQUENCE_VALID,CORE_STRICT_COUNT,DIRECT_REPORTED_CHAIN_COMPLETE,True
93518673,2,True,True,True,True,False,1,0,True,TEMPORAL_SEQUENCE_VALID,CORE_STRICT_COUNT,DIRECT_REPORTED_CHAIN_COMPLETE,True
93518811,6,True,True,True,True,False,5,0,True,TEMPORAL_SEQUENCE_VALID,CORE_STRICT_COUNT,DIRECT_REPORTED_CHAIN_COMPLETE,True
93518812,4,True,True,True,True,False,3,0,True,TEMPORAL_SEQUENCE_VALID,CORE_STRICT_COUNT,DIRECT_REPORTED_CHAIN_COMPLETE,True
93518813,4,True,True,True,True,False,3,0,True,TEMPORAL_SEQUENCE_VALID,CORE_STRICT_COUNT,DIRECT_REPORTED_CHAIN_COMPLETE,True
93518814,6,True,True,True,True,False,5,0,True,TEMPORAL_SEQUENCE_VALID,CORE_STRICT_COUNT,DIRECT_REPORTED_CHAIN_COMPLETE,True
93519231,5,True,True,True,True,False,4,0,True,TEMPORAL_SEQUENCE_VALID,CORE_STRICT_COUNT,DIRECT_REPORTED_CHAIN_COMPLETE,True
93519232,5,True,True,True,True,False,4,0,True,TEMPORAL_SEQUENCE_VALID,CORE_STRICT_COUNT,DIRECT_REPORTED_CHAIN_COMPLETE,True
93520781,5,True,True,True,True,False,4,0,True,TEMPORAL_SEQUENCE_VALID,CORE_STRICT_COUNT,DIRECT_REPORTED_CHAIN_COMPLETE,True
93522511,2,True,True,True,True,False,1,0,True,TEMPORAL_SEQUENCE_VALID,CORE_STRICT_COUNT,DIRECT_REPORTED_CHAIN_COMPLETE,True
93522581,2,True,True,True,True,False,1,0,True,TEMPORAL_SEQUENCE_VALID,CORE_STRICT_COUNT,DIRECT_REPORTED_CHAIN_COMPLETE,True
93522582,2,True,True,True,True,False,1,0,True,TEMPORAL_SEQUENCE_VALID,CORE_STRICT_COUNT,DIRECT_REPORTED_CHAIN_COMPLETE,True
93523901,2,True,True,True,True,False,1,0,True,TEMPORAL_SEQUENCE_VALID,CORE_STRICT_COUNT,DIRECT_REPORTED_CHAIN_COMPLETE,True
93523902,1,True,True,True,True,False,0,0,True,TEMPORAL_SEQUENCE_VALID,CORE_STRICT_COUNT,DIRECT_REPORTED_CHAIN_COMPLETE,True
93524401,2,True,True,True,True,False,1,0,True,TEMPORAL_SEQUENCE_VALID,CORE_STRICT_COUNT,DIRECT_REPORTED_CHAIN_COMPLETE,True
93524402,3,True,True,True,True,False,2,0,True,TEMPORAL_SEQUENCE_VALID,CORE_STRICT_COUNT,DIRECT_REPORTED_CHAIN_COMPLETE,True
93526211,2,True,True,True,True,False,1,0,True,TEMPORAL_SEQUENCE_VALID,CORE_STRICT_COUNT,DIRECT_REPORTED_CHAIN_COMPLETE,True
93526482,4,True,True,True,True,False,3,0,True,TEMPORAL_SEQUENCE_VALID,CORE_STRICT_COUNT,DIRECT_REPORTED_CHAIN_COMPLETE,True
93526483,2,True,True,True,True,False,1,0,True,TEMPORAL_SEQUENCE_VALID,CORE_STRICT_COUNT,DIRECT_REPORTED_CHAIN_COMPLETE,True
93526761,2,True,True,True,True,False,1,0,True,TEMPORAL_SEQUENCE_VALID,CORE_STRICT_COUNT,DIRECT_REPORTED_CHAIN_COMPLETE,True
93527271,2,True,True,True,True,False,1,0,True,TEMPORAL_SEQUENCE_VALID,CORE_STRICT_COUNT,DIRECT_REPORTED_CHAIN_COMPLETE,True
93527272,2,True,True,True,True,False,1,0,True,TEMPORAL_SEQUENCE_VALID,CORE_STRICT_COUNT,DIRECT_REPORTED_CHAIN_COMPLETE,True
93528191,1,True,True,True,True,False,0,0,True,TEMPORAL_SEQUENCE_VALID,CORE_STRICT_COUNT,DIRECT_REPORTED_CHAIN_COMPLETE,True
93528251,3,True,True,True,True,False,2,0,True,TEMPORAL_SEQUENCE_VALID,CORE_STRICT_COUNT,DIRECT_REPORTED_CHAIN_COMPLETE,True
93528252,1,True,True,True,True,False,0,0,True,TEMPORAL_SEQUENCE_VALID,CORE_STRICT_COUNT,DIRECT_REPORTED_CHAIN_COMPLETE,True
93528253,4,True,True,True,True,False,3,0,True,TEMPORAL_SEQUENCE_VALID,CORE_STRICT_COUNT,DIRECT_REPORTED_CHAIN_COMPLETE,True
93528531,5,True,True,True,True,False,4,0,True,TEMPORAL_SEQUENCE_VALID,CORE_STRICT_COUNT,DIRECT_REPORTED_CHAIN_COMPLETE,True
93529251,5,True,True,True,True,False,4,0,True,TEMPORAL_SEQUENCE_VALID,CORE_STRICT_COUNT,MIXED_DIRECT_RBW_UNTIMED,False
93529621,2,True,True,True,True,False,1,0,True,TEMPORAL_SEQUENCE_VALID,CORE_STRICT_COUNT,DIRECT_REPORTED_CHAIN_COMPLETE,True
93529622,6,True,True,True,True,False,5,0,True,TEMPORAL_SEQUENCE_VALID,CORE_STRICT_COUNT,DIRECT_REPORTED_CHAIN_COMPLETE,True
93529631,3,False,False,True,True,False,2,0,False,TIME_COMPONENT_MISSING,CORE_STRICT_COUNT,DIRECT_REPORTED_CHAIN_COMPLETE,False
93529632,2,False,False,True,True,False,1,0,False,TIME_COMPONENT_MISSING,CORE_STRICT_COUNT,DIRECT_REPORTED_CHAIN_COMPLETE,False
93531251,7,True,True,True,True,False,6,0,True,TEMPORAL_SEQUENCE_VALID,CORE_STRICT_COUNT,DIRECT_REPORTED_CHAIN_COMPLETE,True
93531252,5,True,True,True,True,False,4,0,True,TEMPORAL_SEQUENCE_VALID,CORE_STRICT_COUNT,DIRECT_REPORTED_CHAIN_COMPLETE,True
93533641,1,False,False,True,True,False,0,0,False,TIME_COMPONENT_MISSING,CORE_STRICT_COUNT,DIRECT_REPORTED_CHAIN_COMPLETE,False
93534481,2,True,True,True,True,False,1,0,True,TEMPORAL_SEQUENCE_VALID,CORE_STRICT_COUNT,DIRECT_REPORTED_CHAIN_COMPLETE,True
93535261,2,True,True,True,True,False,1,0,True,TEMPORAL_SEQUENCE_VALID,CORE_STRICT_COUNT,DIRECT_REPORTED_CHAIN_COMPLETE,True
93535341,6,True,True,True,True,False,5,0,True,TEMPORAL_SEQUENCE_VALID,CORE_STRICT_COUNT,DIRECT_REPORTED_CHAIN_COMPLETE,True
93536441,4,True,True,True,True,False,3,0,True,TEMPORAL_SEQUENCE_VALID,CORE_STRICT_COUNT,DIRECT_REPORTED_CHAIN_COMPLETE,True
93536442,3,True,True,True,True,False,2,0,True,TEMPORAL_SEQUENCE_VALID,CORE_STRICT_COUNT,DIRECT_REPORTED_CHAIN_COMPLETE,True
93536443,5,True,True,True,True,False,4,0,True,TEMPORAL_SEQUENCE_VALID,CORE_STRICT_COUNT,DIRECT_REPORTED_CHAIN_COMPLETE,True
93537841,2,True,True,True,True,False,1,0,True,TEMPORAL_SEQUENCE_VALID,CORE_STRICT_COUNT,DIRECT_REPORTED_CHAIN_COMPLETE,True
93538401,4,True,True,True,True,False,3,0,True,TEMPORAL_SEQUENCE_VALID,CORE_STRICT_COUNT,DIRECT_REPORTED_CHAIN_COMPLETE,True
93539541,3,True,True,True,True,False,2,0,True,TEMPORAL_SEQUENCE_VALID,CORE_STRICT_COUNT,DIRECT_REPORTED_CHAIN_COMPLETE,True
93539542,2,True,True,True,True,False,1,0,True,TEMPORAL_SEQUENCE_VALID,CORE_STRICT_COUNT,DIRECT_REPORTED_CHAIN_COMPLETE,True
93539731,2,True,True,True,True,False,1,0,True,TEMPORAL_SEQUENCE_VALID,CORE_STRICT_COUNT,DIRECT_REPORTED_CHAIN_COMPLETE,True
93539732,2,True,True,True,True,False,1,0,True,TEMPORAL_SEQUENCE_VALID,CORE_STRICT_COUNT,DIRECT_REPORTED_CHAIN_COMPLETE,True
93539733,2,True,True,True,True,False,1,0,True,TEMPORAL_SEQUENCE_VALID,CORE_STRICT_COUNT,DIRECT_REPORTED_CHAIN_COMPLETE,True
93540191,6,True,True,True,True,False,5,0,True,TEMPORAL_SEQUENCE_VALID,CORE_STRICT_COUNT,DIRECT_REPORTED_CHAIN_COMPLETE,True
93542191,4,True,True,True,True,False,3,0,True,TEMPORAL_SEQUENCE_VALID,CORE_STRICT_COUNT,MIXED_DIRECT_RBW_UNTIMED,False
93542201,2,True,True,True,True,False,1,0,True,TEMPORAL_SEQUENCE_VALID,CORE_STRICT_COUNT,DIRECT_REPORTED_CHAIN_COMPLETE,True
93542202,2,True,True,True,True,False,1,0,True,TEMPORAL_SEQUENCE_VALID,CORE_STRICT_COUNT,DIRECT_REPORTED_CHAIN_COMPLETE,True
93544171,2,True,True,True,True,False,1,0,True,TEMPORAL_SEQUENCE_VALID,CORE_STRICT_COUNT,DIRECT_REPORTED_CHAIN_COMPLETE,True
93544172,4,True,True,True,True,False,3,0,True,TEMPORAL_SEQUENCE_VALID,CORE_STRICT_COUNT,DIRECT_REPORTED_CHAIN_COMPLETE,True
93544173,2,True,True,True,True,False,1,0,True,TEMPORAL_SEQUENCE_VALID,CORE_STRICT_COUNT,DIRECT_REPORTED_CHAIN_COMPLETE,True
93546331,5,True,True,True,True,False,4,0,True,TEMPORAL_SEQUENCE_VALID,CORE_STRICT_COUNT,DIRECT_REPORTED_CHAIN_COMPLETE,True
93546332,3,True,True,True,True,False,2,0,True,TEMPORAL_SEQUENCE_VALID,CORE_STRICT_COUNT,DIRECT_REPORTED_CHAIN_COMPLETE,True
93547811,2,True,True,True,True,False,1,0,True,TEMPORAL_SEQUENCE_VALID,CORE_STRICT_COUNT,DIRECT_REPORTED_CHAIN_COMPLETE,True
93547871,4,True,True,True,True,False,3,0,True,TEMPORAL_SEQUENCE_VALID,ANALYTIC_WITH_COMPONENT_WARNING,DIRECT_ROWS_RBW_COUNT_UNKNOWN,False
93548201,6,True,True,True,True,False,5,0,True,TEMPORAL_SEQUENCE_VALID,CORE_STRICT_COUNT,DIRECT_REPORTED_CHAIN_COMPLETE,True
93549141,2,True,True,True,True,False,1,0,True,TEMPORAL_SEQUENCE_VALID,CORE_STRICT_COUNT,DIRECT_REPORTED_CHAIN_COMPLETE,True
93549142,2,True,True,True,True,False,1,0,True,TEMPORAL_SEQUENCE_VALID,CORE_STRICT_COUNT,DIRECT_REPORTED_CHAIN_COMPLETE,True
93549143,4,True,True,True,True,False,3,0,True,TEMPORAL_SEQUENCE_VALID,CORE_STRICT_COUNT,DIRECT_REPORTED_CHAIN_COMPLETE,True
93549321,5,True,True,True,True,False,4,0,True,TEMPORAL_SEQUENCE_VALID,CORE_STRICT_COUNT,DIRECT_REPORTED_CHAIN_COMPLETE,True
93549322,3,True,True,True,True,False,2,0,True,TEMPORAL_SEQUENCE_VALID,CORE_STRICT_COUNT,DIRECT_REPORTED_CHAIN_COMPLETE,True
93549323,5,True,True,True,True,False,4,0,True,TEMPORAL_SEQUENCE_VALID,CORE_STRICT_COUNT,MIXED_DIRECT_RBW_UNTIMED,False
93549324,2,True,True,True,True,False,1,0,True,TEMPORAL_SEQUENCE_VALID,CORE_STRICT_COUNT,DIRECT_REPORTED_CHAIN_COMPLETE,True
93549961,2,True,True,True,True,False,1,0,True,TEMPORAL_SEQUENCE_VALID,CORE_STRICT_COUNT,DIRECT_REPORTED_CHAIN_COMPLETE,True
93552301,5,True,True,True,True,False,4,0,True,TEMPORAL_SEQUENCE_VALID,CORE_STRICT_COUNT,DIRECT_REPORTED_CHAIN_COMPLETE,True
93552302,4,True,True,True,True,False,3,0,True,TEMPORAL_SEQUENCE_VALID,CORE_STRICT_COUNT,DIRECT_REPORTED_CHAIN_COMPLETE,True
93552303,4,True,True,True,True,False,3,0,True,TEMPORAL_SEQUENCE_VALID,CORE_STRICT_COUNT,DIRECT_REPORTED_CHAIN_COMPLETE,True
93553321,4,True,True,True,True,False,3,0,True,TEMPORAL_SEQUENCE_VALID,CORE_STRICT_COUNT,DIRECT_REPORTED_CHAIN_COMPLETE,True
93553323,4,True,True,True,True,False,3,0,True,TEMPORAL_SEQUENCE_VALID,CORE_STRICT_COUNT,DIRECT_REPORTED_CHAIN_COMPLETE,True
93553324,4,True,True,True,True,False,3,0,True,TEMPORAL_SEQUENCE_VALID,CORE_STRICT_COUNT,DIRECT_REPORTED_CHAIN_COMPLETE,True
93553361,1,True,True,True,True,False,0,0,True,TEMPORAL_SEQUENCE_VALID,CORE_STRICT_COUNT,DIRECT_REPORTED_CHAIN_COMPLETE,True
93553362,1,True,True,True,True,False,0,0,True,TEMPORAL_SEQUENCE_VALID,CORE_STRICT_COUNT,DIRECT_REPORTED_CHAIN_COMPLETE,True
93555322,1,False,False,True,True,False,0,0,False,TIME_COMPONENT_MISSING,CORE_STRICT_COUNT,DIRECT_REPORTED_CHAIN_COMPLETE,False
93555881,8,True,True,True,True,False,7,0,True,TEMPORAL_SEQUENCE_VALID,CORE_STRICT_COUNT,DIRECT_REPORTED_CHAIN_COMPLETE,True
93556831,3,True,True,True,True,False,2,0,True,TEMPORAL_SEQUENCE_VALID,ANALYTIC_WITH_COMPONENT_WARNING,DIRECT_ROWS_RBW_COUNT_UNKNOWN,False
93557161,4,True,True,True,True,False,3,0,True,TEMPORAL_SEQUENCE_VALID,CORE_STRICT_COUNT,DIRECT_REPORTED_CHAIN_COMPLETE,True
93558111,4,True,True,True,True,False,3,0,True,TEMPORAL_SEQUENCE_VALID,CORE_STRICT_COUNT,DIRECT_REPORTED_CHAIN_COMPLETE,True
93558521,5,True,True,True,True,False,4,0,True,TEMPORAL_SEQUENCE_VALID,CORE_STRICT_COUNT,DIRECT_REPORTED_CHAIN_COMPLETE,True
93558641,5,True,True,True,True,False,4,0,True,TEMPORAL_SEQUENCE_VALID,CORE_STRICT_COUNT,MIXED_DIRECT_RBW_UNTIMED,False
93558642,6,True,True,True,True,False,5,0,True,TEMPORAL_SEQUENCE_VALID,CORE_STRICT_COUNT,DIRECT_REPORTED_CHAIN_COMPLETE,True
93560771,4,True,True,True,True,False,3,0,True,TEMPORAL_SEQUENCE_VALID,CORE_STRICT_COUNT,DIRECT_REPORTED_CHAIN_COMPLETE,True
93560772,2,True,True,True,True,False,1,0,True,TEMPORAL_SEQUENCE_VALID,CORE_STRICT_COUNT,DIRECT_REPORTED_CHAIN_COMPLETE,True
93561181,3,True,True,True,True,False,2,0,True,TEMPORAL_SEQUENCE_VALID,CORE_STRICT_COUNT,DIRECT_REPORTED_CHAIN_COMPLETE,True
93562311,3,True,True,True,True,False,2,0,True,TEMPORAL_SEQUENCE_VALID,CORE_STRICT_COUNT,DIRECT_REPORTED_CHAIN_COMPLETE,True
93562312,2,True,True,True,True,False,1,0,True,TEMPORAL_SEQUENCE_VALID,CORE_STRICT_COUNT,DIRECT_REPORTED_CHAIN_COMPLETE,True
93562351,2,True,True,True,True,False,1,0,True,TEMPORAL_SEQUENCE_VALID,CORE_STRICT_COUNT,DIRECT_REPORTED_CHAIN_COMPLETE,True
93562352,1,True,True,True,True,False,0,0,True,TEMPORAL_SEQUENCE_VALID,CORE_STRICT_COUNT,DIRECT_REPORTED_CHAIN_COMPLETE,True
93563361,3,True,True,True,True,False,2,0,True,TEMPORAL_SEQUENCE_VALID,CORE_STRICT_COUNT,DIRECT_REPORTED_CHAIN_COMPLETE,True
93563862,5,True,True,True,True,False,4,0,True,TEMPORAL_SEQUENCE_VALID,CORE_STRICT_COUNT,DIRECT_REPORTED_CHAIN_COMPLETE,True
93563863,6,True,True,True,True,False,5,0,True,TEMPORAL_SEQUENCE_VALID,CORE_STRICT_COUNT,DIRECT_REPORTED_CHAIN_COMPLETE,True
93565521,4,True,True,True,True,False,3,0,True,TEMPORAL_SEQUENCE_VALID,CORE_STRICT_COUNT,DIRECT_REPORTED_CHAIN_COMPLETE,True
93566151,3,True,True,True,True,False,2,0,True,TEMPORAL_SEQUENCE_VALID,CORE_STRICT_COUNT,MIXED_DIRECT_RBW_UNTIMED,False
93566152,2,True,True,True,True,False,1,0,True,TEMPORAL_SEQUENCE_VALID,CORE_STRICT_COUNT,DIRECT_REPORTED_CHAIN_COMPLETE,True
93566321,2,True,True,True,True,False,1,0,True,TEMPORAL_SEQUENCE_VALID,CORE_STRICT_COUNT,DIRECT_REPORTED_CHAIN_COMPLETE,True
93567981,5,True,True,True,True,False,4,0,True,TEMPORAL_SEQUENCE_VALID,CORE_STRICT_COUNT,DIRECT_REPORTED_CHAIN_COMPLETE,True
93568911,4,True,True,True,True,False,3,0,True,TEMPORAL_SEQUENCE_VALID,CORE_STRICT_COUNT,DIRECT_REPORTED_CHAIN_COMPLETE,True
93568912,6,True,True,True,True,False,5,0,True,TEMPORAL_SEQUENCE_VALID,CORE_STRICT_COUNT,DIRECT_REPORTED_CHAIN_COMPLETE,True
93569071,5,True,True,True,True,False,4,0,True,TEMPORAL_SEQUENCE_VALID,CORE_STRICT_COUNT,DIRECT_REPORTED_CHAIN_COMPLETE,True
93569072,5,True,True,True,True,False,4,0,True,TEMPORAL_SEQUENCE_VALID,CORE_STRICT_COUNT,DIRECT_REPORTED_CHAIN_COMPLETE,True
93569781,2,True,True,True,True,False,1,0,True,TEMPORAL_SEQUENCE_VALID,CORE_STRICT_COUNT,DIRECT_REPORTED_CHAIN_COMPLETE,True
93569801,3,True,True,True,True,False,2,0,True,TEMPORAL_SEQUENCE_VALID,CORE_STRICT_COUNT,DIRECT_REPORTED_CHAIN_COMPLETE,True
93569802,2,True,True,True,True,False,1,0,True,TEMPORAL_SEQUENCE_VALID,CORE_STRICT_COUNT,DIRECT_REPORTED_CHAIN_COMPLETE,True
93570311,5,True,True,True,True,False,4,0,True,TEMPORAL_SEQUENCE_VALID,CORE_STRICT_COUNT,DIRECT_REPORTED_CHAIN_COMPLETE,True
93570312,3,True,True,True,True,False,2,0,True,TEMPORAL_SEQUENCE_VALID,CORE_STRICT_COUNT,DIRECT_REPORTED_CHAIN_COMPLETE,True
93570313,5,True,True,True,True,False,4,0,True,TEMPORAL_SEQUENCE_VALID,CORE_STRICT_COUNT,DIRECT_REPORTED_CHAIN_COMPLETE,True
93570751,2,True,True,True,True,False,1,0,True,TEMPORAL_SEQUENCE_VALID,CORE_STRICT_COUNT,DIRECT_REPORTED_CHAIN_COMPLETE,True
93570752,2,True,True,True,True,False,1,0,True,TEMPORAL_SEQUENCE_VALID,CORE_STRICT_COUNT,DIRECT_REPORTED_CHAIN_COMPLETE,True
93570821,7,True,True,True,True,False,6,0,True,TEMPORAL_SEQUENCE_VALID,CORE_STRICT_COUNT,DIRECT_REPORTED_CHAIN_COMPLETE,True
93570822,5,True,True,True,True,False,4,0,True,TEMPORAL_SEQUENCE_VALID,CORE_STRICT_COUNT,DIRECT_REPORTED_CHAIN_COMPLETE,True
93572081,6,True,True,True,True,False,5,0,True,TEMPORAL_SEQUENCE_VALID,CORE_STRICT_COUNT,DIRECT_REPORTED_CHAIN_COMPLETE,True
93572082,3,True,True,True,True,False,2,0,True,TEMPORAL_SEQUENCE_VALID,CORE_STRICT_COUNT,DIRECT_REPORTED_CHAIN_COMPLETE,True
93573411,8,True,True,True,True,False,7,0,True,TEMPORAL_SEQUENCE_VALID,CORE_STRICT_COUNT,DIRECT_REPORTED_CHAIN_COMPLETE,True
93574081,4,True,True,True,True,False,3,0,True,TEMPORAL_SEQUENCE_VALID,CORE_STRICT_COUNT,DIRECT_REPORTED_CHAIN_COMPLETE,True
93574082,2,True,True,True,True,False,1,0,True,TEMPORAL_SEQUENCE_VALID,CORE_STRICT_COUNT,DIRECT_REPORTED_CHAIN_COMPLETE,True
93574951,5,True,True,True,True,False,4,0,True,TEMPORAL_SEQUENCE_VALID,CORE_STRICT_COUNT,DIRECT_REPORTED_CHAIN_COMPLETE,True
93577391,2,True,True,True,True,False,1,0,True,TEMPORAL_SEQUENCE_VALID,CORE_STRICT_COUNT,DIRECT_REPORTED_CHAIN_COMPLETE,True
93578951,1,True,True,True,True,False,0,0,True,TEMPORAL_SEQUENCE_VALID,CORE_STRICT_COUNT,DIRECT_REPORTED_CHAIN_COMPLETE,True
93579471,6,True,True,True,True,False,5,0,True,TEMPORAL_SEQUENCE_VALID,CORE_STRICT_COUNT,DIRECT_REPORTED_CHAIN_COMPLETE,True
93579831,6,True,True,True,True,False,5,0,True,TEMPORAL_SEQUENCE_VALID,CORE_STRICT_COUNT,DIRECT_REPORTED_CHAIN_COMPLETE,True
93579832,6,True,True,True,True,False,5,0,True,TEMPORAL_SEQUENCE_VALID,CORE_STRICT_COUNT,DIRECT_REPORTED_CHAIN_COMPLETE,True
93581681,4,True,True,True,True,False,3,0,True,TEMPORAL_SEQUENCE_VALID,CORE_STRICT_COUNT,DIRECT_REPORTED_CHAIN_COMPLETE,True
93581841,3,True,True,True,True,False,2,0,True,TEMPORAL_SEQUENCE_VALID,CORE_STRICT_COUNT,DIRECT_REPORTED_CHAIN_COMPLETE,True
93581843,4,True,True,True,True,False,3,0,True,TEMPORAL_SEQUENCE_VALID,CORE_STRICT_COUNT,DIRECT_REPORTED_CHAIN_COMPLETE,True
93581844,4,True,True,True,True,False,3,0,True,TEMPORAL_SEQUENCE_VALID,CORE_STRICT_COUNT,DIRECT_REPORTED_CHAIN_COMPLETE,True
93582281,2,True,True,True,True,False,1,0,True,TEMPORAL_SEQUENCE_VALID,CORE_STRICT_COUNT,DIRECT_REPORTED_CHAIN_COMPLETE,True
93584072,3,False,False,True,True,False,1,0,False,TIME_COMPONENT_MISSING,CORE_STRICT_COUNT,DIRECT_REPORTED_CHAIN_COMPLETE,False
93584331,2,True,True,True,True,False,1,0,True,TEMPORAL_SEQUENCE_VALID,CORE_STRICT_COUNT,DIRECT_REPORTED_CHAIN_COMPLETE,True
93584332,5,True,True,True,True,False,4,0,True,TEMPORAL_SEQUENCE_VALID,CORE_STRICT_COUNT,DIRECT_REPORTED_CHAIN_COMPLETE,True
93585021,1,False,False,True,True,False,0,0,False,TIME_COMPONENT_MISSING,CORE_STRICT_COUNT,DIRECT_REPORTED_CHAIN_COMPLETE,False
93586071,7,True,True,True,True,False,6,0,True,TEMPORAL_SEQUENCE_VALID,CORE_STRICT_COUNT,DIRECT_REPORTED_CHAIN_COMPLETE,True
93586141,4,True,True,True,True,False,3,0,True,TEMPORAL_SEQUENCE_VALID,CORE_STRICT_COUNT,DIRECT_REPORTED_CHAIN_COMPLETE,True
93586142,2,True,True,True,True,False,1,0,True,TEMPORAL_SEQUENCE_VALID,CORE_STRICT_COUNT,DIRECT_REPORTED_CHAIN_COMPLETE,True
93586151,3,False,False,True,True,False,2,0,False,TIME_COMPONENT_MISSING,CORE_STRICT_COUNT,DIRECT_REPORTED_CHAIN_COMPLETE,False
93587391,3,True,True,True,True,False,2,0,True,TEMPORAL_SEQUENCE_VALID,CORE_STRICT_COUNT,DIRECT_REPORTED_CHAIN_COMPLETE,True
93587392,2,True,True,True,True,False,1,0,True,TEMPORAL_SEQUENCE_VALID,CORE_STRICT_COUNT,DIRECT_REPORTED_CHAIN_COMPLETE,True
93589861,4,True,True,True,True,False,3,0,True,TEMPORAL_SEQUENCE_VALID,CORE_STRICT_COUNT,DIRECT_REPORTED_CHAIN_COMPLETE,True
93590241,4,True,True,True,True,False,3,0,True,TEMPORAL_SEQUENCE_VALID,CORE_STRICT_COUNT,DIRECT_REPORTED_CHAIN_COMPLETE,True
93590971,3,True,True,True,True,False,2,0,True,TEMPORAL_SEQUENCE_VALID,CORE_STRICT_COUNT,DIRECT_REPORTED_CHAIN_COMPLETE,True
93590972,2,True,True,True,True,False,1,0,True,TEMPORAL_SEQUENCE_VALID,CORE_STRICT_COUNT,DIRECT_REPORTED_CHAIN_COMPLETE,True
93590973,2,True,True,True,True,False,1,0,True,TEMPORAL_SEQUENCE_VALID,CORE_STRICT_COUNT,DIRECT_REPORTED_CHAIN_COMPLETE,True
93593061,2,True,True,True,True,False,1,0,True,TEMPORAL_SEQUENCE_VALID,CORE_STRICT_COUNT,DIRECT_REPORTED_CHAIN_COMPLETE,True
93593931,5,True,True,True,True,False,4,0,True,TEMPORAL_SEQUENCE_VALID,CORE_STRICT_COUNT,DIRECT_REPORTED_CHAIN_COMPLETE,True
93594641,8,True,True,True,True,False,7,0,True,TEMPORAL_SEQUENCE_VALID,CORE_STRICT_COUNT,DIRECT_REPORTED_CHAIN_COMPLETE,True
93594642,5,True,True,True,True,False,4,0,True,TEMPORAL_SEQUENCE_VALID,CORE_STRICT_COUNT,DIRECT_REPORTED_CHAIN_COMPLETE,True
93594961,1,True,True,True,True,False,0,0,True,TEMPORAL_SEQUENCE_VALID,CORE_STRICT_COUNT,DIRECT_REPORTED_CHAIN_COMPLETE,True
93595171,2,True,True,True,True,False,1,0,True,TEMPORAL_SEQUENCE_VALID,CORE_STRICT_COUNT,DIRECT_REPORTED_CHAIN_COMPLETE,True
93596641,7,True,True,True,True,False,6,0,True,TEMPORAL_SEQUENCE_VALID,CORE_STRICT_COUNT,DIRECT_REPORTED_CHAIN_COMPLETE,True
93596681,2,True,True,True,True,False,1,0,True,TEMPORAL_SEQUENCE_VALID,CORE_STRICT_COUNT,DIRECT_REPORTED_CHAIN_COMPLETE,True
93596682,2,True,True,True,True,False,1,0,True,TEMPORAL_SEQUENCE_VALID,CORE_STRICT_COUNT,DIRECT_REPORTED_CHAIN_COMPLETE,True
93598441,2,True,True,True,True,False,1,0,True,TEMPORAL_SEQUENCE_VALID,CORE_STRICT_COUNT,DIRECT_REPORTED_CHAIN_COMPLETE,True
93599881,3,True,True,True,True,False,2,0,True,TEMPORAL_SEQUENCE_VALID,CORE_STRICT_COUNT,DIRECT_REPORTED_CHAIN_COMPLETE,True
93602741,2,True,True,True,True,False,1,0,True,TEMPORAL_SEQUENCE_VALID,CORE_STRICT_COUNT,DIRECT_REPORTED_CHAIN_COMPLETE,True
93605121,2,True,True,True,True,False,1,0,True,TEMPORAL_SEQUENCE_VALID,CORE_STRICT_COUNT,DIRECT_REPORTED_CHAIN_COMPLETE,True
93605122,2,True,True,True,True,False,1,0,True,TEMPORAL_SEQUENCE_VALID,CORE_STRICT_COUNT,DIRECT_REPORTED_CHAIN_COMPLETE,True
93605872,7,True,True,True,True,False,6,0,True,TEMPORAL_SEQUENCE_VALID,CORE_STRICT_COUNT,DIRECT_REPORTED_CHAIN_COMPLETE,True
93605873,2,True,True,True,True,False,1,0,True,TEMPORAL_SEQUENCE_VALID,CORE_STRICT_COUNT,DIRECT_REPORTED_CHAIN_COMPLETE,True
93606411,4,True,True,True,True,False,3,0,True,TEMPORAL_SEQUENCE_VALID,CORE_STRICT_COUNT,MIXED_DIRECT_RBW_UNTIMED,False
93606412,4,True,True,True,True,False,3,0,True,TEMPORAL_SEQUENCE_VALID,CORE_STRICT_COUNT,DIRECT_REPORTED_CHAIN_COMPLETE,True
93606413,4,True,True,True,True,False,3,0,True,TEMPORAL_SEQUENCE_VALID,CORE_STRICT_COUNT,DIRECT_REPORTED_CHAIN_COMPLETE,True
93606531,4,True,True,True,True,False,3,0,True,TEMPORAL_SEQUENCE_VALID,CORE_STRICT_COUNT,DIRECT_REPORTED_CHAIN_COMPLETE,True
93606532,4,True,True,True,True,False,3,0,True,TEMPORAL_SEQUENCE_VALID,CORE_STRICT_COUNT,DIRECT_REPORTED_CHAIN_COMPLETE,True
93606962,2,True,True,True,True,False,1,0,True,TEMPORAL_SEQUENCE_VALID,CORE_STRICT_COUNT,DIRECT_REPORTED_CHAIN_COMPLETE,True
93606963,2,True,True,True,True,False,1,0,True,TEMPORAL_SEQUENCE_VALID,CORE_STRICT_COUNT,DIRECT_REPORTED_CHAIN_COMPLETE,True
93609361,3,True,True,True,True,False,2,0,True,TEMPORAL_SEQUENCE_VALID,CORE_STRICT_COUNT,DIRECT_REPORTED_CHAIN_COMPLETE,True
93609362,2,True,True,True,True,False,1,0,True,TEMPORAL_SEQUENCE_VALID,CORE_STRICT_COUNT,DIRECT_REPORTED_CHAIN_COMPLETE,True
93609891,6,True,True,True,True,False,5,0,True,TEMPORAL_SEQUENCE_VALID,CORE_STRICT_COUNT,DIRECT_REPORTED_CHAIN_COMPLETE,True
93611701,2,True,True,True,True,False,1,0,True,TEMPORAL_SEQUENCE_VALID,CORE_STRICT_COUNT,DIRECT_REPORTED_CHAIN_COMPLETE,True
93611702,3,True,True,True,True,False,2,0,True,TEMPORAL_SEQUENCE_VALID,CORE_STRICT_COUNT,DIRECT_REPORTED_CHAIN_COMPLETE,True
93612361,4,True,True,True,True,False,3,0,True,TEMPORAL_SEQUENCE_VALID,CORE_STRICT_COUNT,DIRECT_REPORTED_CHAIN_COMPLETE,True
93612362,4,True,True,True,True,False,3,0,True,TEMPORAL_SEQUENCE_VALID,CORE_STRICT_COUNT,DIRECT_REPORTED_CHAIN_COMPLETE,True
93612621,5,True,True,True,True,False,4,0,True,TEMPORAL_SEQUENCE_VALID,CORE_STRICT_COUNT,DIRECT_REPORTED_CHAIN_COMPLETE,True
93612622,3,True,True,True,True,False,2,0,True,TEMPORAL_SEQUENCE_VALID,CORE_STRICT_COUNT,DIRECT_REPORTED_CHAIN_COMPLETE,True
93614412,1,True,False,True,True,False,0,0,False,INTRA_TRIP_DURATION_IMPLAUSIBLE,CORE_STRICT_COUNT,DIRECT_REPORTED_CHAIN_COMPLETE,False
93615221,2,True,True,True,True,False,1,0,True,TEMPORAL_SEQUENCE_VALID,CORE_STRICT_COUNT,MIXED_DIRECT_RBW_UNTIMED,False
93615222,2,True,True,True,True,False,1,0,True,TEMPORAL_SEQUENCE_VALID,CORE_STRICT_COUNT,DIRECT_REPORTED_CHAIN_COMPLETE,True
93615491,5,True,True,True,True,False,4,0,True,TEMPORAL_SEQUENCE_VALID,CORE_STRICT_COUNT,DIRECT_REPORTED_CHAIN_COMPLETE,True
93615492,4,True,True,True,True,False,3,0,True,TEMPORAL_SEQUENCE_VALID,CORE_STRICT_COUNT,DIRECT_REPORTED_CHAIN_COMPLETE,True
93616221,5,True,True,True,True,False,4,0,True,TEMPORAL_SEQUENCE_VALID,CORE_STRICT_COUNT,DIRECT_REPORTED_CHAIN_COMPLETE,True
93616224,2,True,True,True,True,False,1,0,True,TEMPORAL_SEQUENCE_VALID,CORE_STRICT_COUNT,DIRECT_REPORTED_CHAIN_COMPLETE,True
93616501,4,True,True,True,True,False,3,0,True,TEMPORAL_SEQUENCE_VALID,CORE_STRICT_COUNT,DIRECT_REPORTED_CHAIN_COMPLETE,True
93616502,4,True,True,True,True,False,3,0,True,TEMPORAL_SEQUENCE_VALID,CORE_STRICT_COUNT,DIRECT_REPORTED_CHAIN_COMPLETE,True
93617371,2,True,True,True,True,False,1,0,True,TEMPORAL_SEQUENCE_VALID,CORE_STRICT_COUNT,DIRECT_REPORTED_CHAIN_COMPLETE,True
93618081,2,True,True,True,True,False,1,0,True,TEMPORAL_SEQUENCE_VALID,CORE_STRICT_COUNT,DIRECT_REPORTED_CHAIN_COMPLETE,True
93618082,2,True,True,True,True,False,1,0,True,TEMPORAL_SEQUENCE_VALID,CORE_STRICT_COUNT,DIRECT_REPORTED_CHAIN_COMPLETE,True
93619091,4,True,True,True,True,False,3,0,True,TEMPORAL_SEQUENCE_VALID,CORE_STRICT_COUNT,DIRECT_REPORTED_CHAIN_COMPLETE,True
93622121,1,True,True,True,True,False,0,0,True,TEMPORAL_SEQUENCE_VALID,CORE_STRICT_COUNT,DIRECT_REPORTED_CHAIN_COMPLETE,True
93626301,4,True,True,True,True,False,3,0,True,TEMPORAL_SEQUENCE_VALID,CORE_STRICT_COUNT,DIRECT_REPORTED_CHAIN_COMPLETE,True
93626421,4,True,True,True,True,False,3,0,True,TEMPORAL_SEQUENCE_VALID,CORE_STRICT_COUNT,MIXED_DIRECT_RBW_UNTIMED,False
93626422,4,True,True,True,True,False,3,0,True,TEMPORAL_SEQUENCE_VALID,CORE_STRICT_COUNT,DIRECT_REPORTED_CHAIN_COMPLETE,True
93626423,4,True,True,True,True,False,3,0,True,TEMPORAL_SEQUENCE_VALID,CORE_STRICT_COUNT,DIRECT_REPORTED_CHAIN_COMPLETE,True
93626481,4,True,True,True,True,False,3,0,True,TEMPORAL_SEQUENCE_VALID,CORE_STRICT_COUNT,DIRECT_REPORTED_CHAIN_COMPLETE,True
93626831,2,True,True,True,True,False,1,0,True,TEMPORAL_SEQUENCE_VALID,CORE_STRICT_COUNT,DIRECT_REPORTED_CHAIN_COMPLETE,True
93626832,2,True,True,True,True,False,1,0,True,TEMPORAL_SEQUENCE_VALID,CORE_STRICT_COUNT,DIRECT_REPORTED_CHAIN_COMPLETE,True
93627391,2,True,True,True,True,False,1,0,True,TEMPORAL_SEQUENCE_VALID,CORE_STRICT_COUNT,DIRECT_REPORTED_CHAIN_COMPLETE,True
93627392,2,True,True,True,True,False,1,0,True,TEMPORAL_SEQUENCE_VALID,CORE_STRICT_COUNT,DIRECT_REPORTED_CHAIN_COMPLETE,True
93627531,3,True,True,True,True,False,2,0,True,TEMPORAL_SEQUENCE_VALID,ANALYTIC_WITH_COMPONENT_WARNING,DIRECT_ROWS_RBW_COUNT_UNKNOWN,False
93627801,4,True,True,True,True,False,3,0,True,TEMPORAL_SEQUENCE_VALID,CORE_STRICT_COUNT,DIRECT_REPORTED_CHAIN_COMPLETE,True
93627802,4,True,True,True,True,False,3,0,True,TEMPORAL_SEQUENCE_VALID,CORE_STRICT_COUNT,DIRECT_REPORTED_CHAIN_COMPLETE,True
93627803,4,True,True,True,True,False,3,0,True,TEMPORAL_SEQUENCE_VALID,CORE_STRICT_COUNT,DIRECT_REPORTED_CHAIN_COMPLETE,True
93628131,2,True,True,True,True,False,1,0,True,TEMPORAL_SEQUENCE_VALID,CORE_STRICT_COUNT,DIRECT_REPORTED_CHAIN_COMPLETE,True
93630391,2,True,True,True,True,False,1,0,True,TEMPORAL_SEQUENCE_VALID,CORE_STRICT_COUNT,DIRECT_REPORTED_CHAIN_COMPLETE,True
93630392,1,True,False,True,True,False,0,0,False,INTRA_TRIP_DURATION_IMPLAUSIBLE,CORE_STRICT_COUNT,DIRECT_REPORTED_CHAIN_COMPLETE,False
93630911,4,True,True,True,True,False,3,0,True,TEMPORAL_SEQUENCE_VALID,CORE_STRICT_COUNT,MIXED_DIRECT_RBW_UNTIMED,False
93630912,2,True,True,True,True,False,1,0,True,TEMPORAL_SEQUENCE_VALID,CORE_STRICT_COUNT,MIXED_DIRECT_RBW_UNTIMED,False
93631811,5,True,True,True,False,False,4,1,False,INTER_TRIP_OVERLAP_OR_NEXTDAY_CONFLICT,CORE_STRICT_COUNT,DIRECT_REPORTED_CHAIN_COMPLETE,False
93631812,7,True,True,True,True,False,6,0,True,TEMPORAL_SEQUENCE_VALID,CORE_STRICT_COUNT,DIRECT_REPORTED_CHAIN_COMPLETE,True
93632161,3,True,True,True,True,False,2,0,True,TEMPORAL_SEQUENCE_VALID,CORE_STRICT_COUNT,DIRECT_REPORTED_CHAIN_COMPLETE,True
93632162,3,True,True,True,True,False,2,0,True,TEMPORAL_SEQUENCE_VALID,CORE_STRICT_COUNT,DIRECT_REPORTED_CHAIN_COMPLETE,True
93890861,3,True,True,True,True,False,2,0,True,TEMPORAL_SEQUENCE_VALID,CORE_STRICT_COUNT,DIRECT_REPORTED_CHAIN_COMPLETE,True
94490301,5,True,True,True,True,False,4,0,True,TEMPORAL_SEQUENCE_VALID,CORE_STRICT_COUNT,DIRECT_REPORTED_CHAIN_COMPLETE,True
95048841,4,True,True,True,True,False,3,0,True,TEMPORAL_SEQUENCE_VALID,CORE_STRICT_COUNT,DIRECT_REPORTED_CHAIN_COMPLETE,True
95048842,4,True,True,True,True,False,3,0,True,TEMPORAL_SEQUENCE_VALID,CORE_STRICT_COUNT,DIRECT_REPORTED_CHAIN_COMPLETE,True
95088941,7,True,True,True,True,False,6,0,True,TEMPORAL_SEQUENCE_VALID,CORE_STRICT_COUNT,DIRECT_REPORTED_CHAIN_COMPLETE,True
96558071,6,True,True,True,True,False,5,0,True,TEMPORAL_SEQUENCE_VALID,CORE_STRICT_COUNT,DIRECT_REPORTED_CHAIN_COMPLETE,True
96558072,8,True,True,True,True,False,7,0,True,TEMPORAL_SEQUENCE_VALID,CORE_STRICT_COUNT,DIRECT_REPORTED_CHAIN_COMPLETE,True
97470141,4,True,True,True,True,False,3,0,True,TEMPORAL_SEQUENCE_VALID,CORE_STRICT_COUNT,DIRECT_REPORTED_CHAIN_COMPLETE,True
97480291,3,True,True,True,True,False,2,0,True,TEMPORAL_SEQUENCE_VALID,CORE_STRICT_COUNT,DIRECT_REPORTED_CHAIN_COMPLETE,True
97589241,4,True,True,True,True,False,3,0,True,TEMPORAL_SEQUENCE_VALID,CORE_STRICT_COUNT,DIRECT_REPORTED_CHAIN_COMPLETE,True
98277761,2,True,True,True,True,False,1,0,True,TEMPORAL_SEQUENCE_VALID,CORE_STRICT_COUNT,DIRECT_REPORTED_CHAIN_COMPLETE,True
98534551,4,True,True,True,True,False,3,0,True,TEMPORAL_SEQUENCE_VALID,CORE_STRICT_COUNT,DIRECT_REPORTED_CHAIN_COMPLETE,True
98534552,2,True,True,True,True,False,1,0,True,TEMPORAL_SEQUENCE_VALID,CORE_STRICT_COUNT,DIRECT_REPORTED_CHAIN_COMPLETE,True
98534553,2,True,True,True,True,False,1,0,True,TEMPORAL_SEQUENCE_VALID,CORE_STRICT_COUNT,DIRECT_REPORTED_CHAIN_COMPLETE,True
98534554,5,True,True,True,True,False,4,0,True,TEMPORAL_SEQUENCE_VALID,CORE_STRICT_COUNT,DIRECT_REPORTED_CHAIN_COMPLETE,True
99078271,3,True,True,True,True,False,2,0,True,TEMPORAL_SEQUENCE_VALID,CORE_STRICT_COUNT,DIRECT_REPORTED_CHAIN_COMPLETE,True
99078272,2,True,True,True,True,False,1,0,True,TEMPORAL_SEQUENCE_VALID,CORE_STRICT_COUNT,DIRECT_REPORTED_CHAIN_COMPLETE,True
99078273,5,True,True,True,True,False,4,0,True,TEMPORAL_SEQUENCE_VALID,CORE_STRICT_COUNT,DIRECT_REPORTED_CHAIN_COMPLETE,True
